id,run_id,ifos,gps_start,gps_end,status,error,created_at
1,1,"H1,L1",1420881408.0,1420881920.0,processing,,1774534170.5445876
2,1,"H1,L1",1420881408.0,1420881920.0,done,,1774534171.2127857
3,1,"H1,L1",1420880896.0,1420881408.0,processing,,1774534171.2140205
4,1,"H1,L1",1420880896.0,1420881408.0,done,,1774534171.8456624
5,1,"H1,L1",1420880384.0,1420880896.0,processing,,1774534171.8715131
6,1,"H1,L1",1420880384.0,1420880896.0,done,,1774534172.5076845
7,1,"H1,L1",1420879872.0,1420880384.0,processing,,1774534172.5400634
8,1,"H1,L1",1420879872.0,1420880384.0,done,,1774534173.2082844
9,1,"H1,L1",1420879360.0,1420879872.0,processing,,1774534173.2390742
10,1,"H1,L1",1420879360.0,1420879872.0,done,,1774534174.0324907
11,1,"H1,L1",1420878848.0,1420879360.0,processing,,1774534174.0529277
12,1,"H1,L1",1420878848.0,1420879360.0,done,,1774534952.061049
13,1,"H1,L1",1420878336.0,1420878848.0,processing,,1774534952.0926278
14,1,"H1,L1",1420878336.0,1420878848.0,done,,1774535411.2587922
15,1,"H1,L1",1420877824.0,1420878336.0,processing,,1774535411.277355
16,1,"H1,L1",1420877824.0,1420878336.0,done,,1774535711.9936848
17,1,"H1,L1",1420877312.0,1420877824.0,gap,No GWOSC URLs found for H1 1420877312.0-1420877824.0,1774535716.8793995
18,1,"H1,L1",1415278080.0,1415278592.0,processing,,1774535872.888549
19,1,"H1,L1",1415278080.0,1415278592.0,done,,1774536297.8087554
20,1,"H1,L1",1415277568.0,1415278080.0,processing,,1774536297.8342986
21,1,"H1,L1",1415277568.0,1415278080.0,done,,1774536743.233124
22,1,"H1,L1",1415277056.0,1415277568.0,processing,,1774536743.26847
23,1,"H1,L1",1415277056.0,1415277568.0,done,,1774537160.309364
24,1,"H1,L1",1415276544.0,1415277056.0,processing,,1774537160.3249924
25,1,"H1,L1",1415276544.0,1415277056.0,done,,1774537630.515227
26,1,"H1,L1",1415276032.0,1415276544.0,processing,,1774537630.5232935
27,1,"H1,L1",1415276032.0,1415276544.0,done,,1774538180.4571235
28,1,"H1,L1",1415275520.0,1415276032.0,processing,,1774538180.4887824
29,1,"H1,L1",1415275520.0,1415276032.0,done,,1774538583.0761015
30,1,"H1,L1",1415275008.0,1415275520.0,processing,,1774538583.1052468
31,1,"H1,L1",1415275008.0,1415275520.0,done,,1774538879.7309701
32,1,"H1,L1",1415274496.0,1415275008.0,processing,,1774538879.756739
33,1,"H1,L1",1415274496.0,1415275008.0,done,,1774539464.3745651
34,1,"H1,L1",1415273984.0,1415274496.0,gap,No GWOSC URLs found for H1 1415273984.0-1415274496.0,1774539469.2164242
35,1,"H1,L1",1415273472.0,1415273984.0,gap,No GWOSC URLs found for H1 1415273472.0-1415273984.0,1774539475.251447
36,1,"H1,L1",1415272960.0,1415273472.0,gap,No GWOSC URLs found for H1 1415272960.0-1415273472.0,1774539480.1230023
37,1,"H1,L1",1415272448.0,1415272960.0,gap,No GWOSC URLs found for H1 1415272448.0-1415272960.0,1774539484.936069
38,1,"H1,L1",1415271936.0,1415272448.0,gap,No GWOSC URLs found for H1 1415271936.0-1415272448.0,1774539489.7747316
39,1,"H1,L1",1415271424.0,1415271936.0,gap,No GWOSC URLs found for H1 1415271424.0-1415271936.0,1774539494.5846484
40,1,"H1,L1",1415270912.0,1415271424.0,gap,No GWOSC URLs found for H1 1415270912.0-1415271424.0,1774539499.3637106
41,1,"H1,L1",1415270400.0,1415270912.0,gap,No GWOSC URLs found for H1 1415270400.0-1415270912.0,1774539504.194353
42,1,"H1,L1",1415269888.0,1415270400.0,gap,No GWOSC URLs found for H1 1415269888.0-1415270400.0,1774539509.0061493
43,1,"H1,L1",1415269376.0,1415269888.0,gap,No GWOSC URLs found for H1 1415269376.0-1415269888.0,1774539513.8503766
44,1,"H1,L1",1415268864.0,1415269376.0,gap,No GWOSC URLs found for H1 1415268864.0-1415269376.0,1774539518.745839
45,1,"H1,L1",1415268352.0,1415268864.0,gap,No GWOSC URLs found for H1 1415268352.0-1415268864.0,1774539523.5565445
46,1,"H1,L1",1415267840.0,1415268352.0,gap,No GWOSC URLs found for H1 1415267840.0-1415268352.0,1774539528.3837168
47,1,"H1,L1",1415267328.0,1415267840.0,gap,No GWOSC URLs found for H1 1415267328.0-1415267840.0,1774539533.2395768
48,1,"H1,L1",1415266816.0,1415267328.0,gap,No GWOSC URLs found for H1 1415266816.0-1415267328.0,1774539538.032743
49,1,"H1,L1",1415266304.0,1415266816.0,gap,No GWOSC URLs found for H1 1415266304.0-1415266816.0,1774539542.825317
50,1,"H1,L1",1415265792.0,1415266304.0,gap,No GWOSC URLs found for H1 1415265792.0-1415266304.0,1774539547.6160967
51,1,"H1,L1",1415265280.0,1415265792.0,gap,No GWOSC URLs found for H1 1415265280.0-1415265792.0,1774539552.4675283
52,1,"H1,L1",1415264768.0,1415265280.0,gap,No GWOSC URLs found for H1 1415264768.0-1415265280.0,1774539557.2067919
53,1,"H1,L1",1415264256.0,1415264768.0,gap,No GWOSC URLs found for H1 1415264256.0-1415264768.0,1774539561.9742377
54,1,"H1,L1",1415263744.0,1415264256.0,gap,No GWOSC URLs found for H1 1415263744.0-1415264256.0,1774539566.7390444
55,1,"H1,L1",1415263232.0,1415263744.0,gap,No GWOSC URLs found for H1 1415263232.0-1415263744.0,1774539571.5261383
56,1,"H1,L1",1415262720.0,1415263232.0,gap,No GWOSC URLs found for H1 1415262720.0-1415263232.0,1774539576.285076
57,1,"H1,L1",1415262208.0,1415262720.0,gap,No GWOSC URLs found for H1 1415262208.0-1415262720.0,1774539581.114347
58,1,"H1,L1",1415261696.0,1415262208.0,gap,No GWOSC URLs found for H1 1415261696.0-1415262208.0,1774539585.9074547
59,1,"H1,L1",1415261184.0,1415261696.0,gap,No GWOSC URLs found for H1 1415261184.0-1415261696.0,1774539590.6728425
60,1,"H1,L1",1415260672.0,1415261184.0,gap,No GWOSC URLs found for H1 1415260672.0-1415261184.0,1774539595.4204004
61,1,"H1,L1",1415260160.0,1415260672.0,gap,No GWOSC URLs found for H1 1415260160.0-1415260672.0,1774539600.3145392
62,1,"H1,L1",1415259648.0,1415260160.0,gap,No GWOSC URLs found for H1 1415259648.0-1415260160.0,1774539605.1695452
63,1,"H1,L1",1415259136.0,1415259648.0,gap,No GWOSC URLs found for H1 1415259136.0-1415259648.0,1774539609.9412334
64,1,"H1,L1",1415258624.0,1415259136.0,gap,No GWOSC URLs found for H1 1415258624.0-1415259136.0,1774539614.779545
65,1,"H1,L1",1415258112.0,1415258624.0,gap,No GWOSC URLs found for H1 1415258112.0-1415258624.0,1774539619.6115081
66,1,"H1,L1",1415257600.0,1415258112.0,gap,No GWOSC URLs found for H1 1415257600.0-1415258112.0,1774539624.3653703
67,1,"H1,L1",1415257088.0,1415257600.0,gap,No GWOSC URLs found for H1 1415257088.0-1415257600.0,1774539629.1217895
68,1,"H1,L1",1415256576.0,1415257088.0,gap,No GWOSC URLs found for H1 1415256576.0-1415257088.0,1774539633.9321454
69,1,"H1,L1",1415256064.0,1415256576.0,gap,No GWOSC URLs found for H1 1415256064.0-1415256576.0,1774539638.7411253
70,1,"H1,L1",1415255552.0,1415256064.0,gap,No GWOSC URLs found for H1 1415255552.0-1415256064.0,1774539643.4834766
71,1,"H1,L1",1415255040.0,1415255552.0,gap,No GWOSC URLs found for H1 1415255040.0-1415255552.0,1774539648.306988
72,1,"H1,L1",1415254528.0,1415255040.0,gap,No GWOSC URLs found for H1 1415254528.0-1415255040.0,1774539653.1616445
73,1,"H1,L1",1415254016.0,1415254528.0,gap,No GWOSC URLs found for H1 1415254016.0-1415254528.0,1774539657.9961007
74,1,"H1,L1",1415253504.0,1415254016.0,gap,No GWOSC URLs found for H1 1415253504.0-1415254016.0,1774539662.818759
75,1,"H1,L1",1415252992.0,1415253504.0,gap,No GWOSC URLs found for H1 1415252992.0-1415253504.0,1774539667.6301014
76,1,"H1,L1",1415252480.0,1415252992.0,gap,No GWOSC URLs found for H1 1415252480.0-1415252992.0,1774539672.5011399
77,1,"H1,L1",1415251968.0,1415252480.0,gap,No GWOSC URLs found for H1 1415251968.0-1415252480.0,1774539677.3184607
78,1,"H1,L1",1415251456.0,1415251968.0,gap,No GWOSC URLs found for H1 1415251456.0-1415251968.0,1774539682.1272688
79,1,"H1,L1",1415250944.0,1415251456.0,gap,No GWOSC URLs found for H1 1415250944.0-1415251456.0,1774539686.9388263
80,1,"H1,L1",1415250432.0,1415250944.0,gap,No GWOSC URLs found for H1 1415250432.0-1415250944.0,1774539691.754256
81,1,"H1,L1",1415249920.0,1415250432.0,gap,No GWOSC URLs found for H1 1415249920.0-1415250432.0,1774539696.570007
82,1,"H1,L1",1415249408.0,1415249920.0,gap,No GWOSC URLs found for H1 1415249408.0-1415249920.0,1774539701.4842286
83,1,"H1,L1",1415248896.0,1415249408.0,gap,No GWOSC URLs found for H1 1415248896.0-1415249408.0,1774539706.3852832
84,1,"H1,L1",1415248384.0,1415248896.0,gap,No GWOSC URLs found for H1 1415248384.0-1415248896.0,1774539711.255741
85,1,"H1,L1",1415247872.0,1415248384.0,gap,No GWOSC URLs found for H1 1415247872.0-1415248384.0,1774539716.1058614
86,1,"H1,L1",1415247360.0,1415247872.0,gap,No GWOSC URLs found for H1 1415247360.0-1415247872.0,1774539721.004257
87,1,"H1,L1",1415246848.0,1415247360.0,gap,No GWOSC URLs found for H1 1415246848.0-1415247360.0,1774539725.7951422
88,1,"H1,L1",1415246336.0,1415246848.0,gap,No GWOSC URLs found for H1 1415246336.0-1415246848.0,1774539730.6180642
89,1,"H1,L1",1415245824.0,1415246336.0,gap,No GWOSC URLs found for H1 1415245824.0-1415246336.0,1774539735.6237738
90,1,"H1,L1",1415245312.0,1415245824.0,gap,No GWOSC URLs found for H1 1415245312.0-1415245824.0,1774539740.4711146
91,1,"H1,L1",1415244800.0,1415245312.0,gap,No GWOSC URLs found for H1 1415244800.0-1415245312.0,1774539745.2926114
92,1,"H1,L1",1415244288.0,1415244800.0,gap,No GWOSC URLs found for H1 1415244288.0-1415244800.0,1774539750.0920594
93,1,"H1,L1",1415243776.0,1415244288.0,gap,No GWOSC URLs found for H1 1415243776.0-1415244288.0,1774539754.8831441
94,1,"H1,L1",1415243264.0,1415243776.0,gap,No GWOSC URLs found for H1 1415243264.0-1415243776.0,1774539759.6647742
95,1,"H1,L1",1415242752.0,1415243264.0,gap,No GWOSC URLs found for H1 1415242752.0-1415243264.0,1774539764.652598
96,1,"H1,L1",1415242240.0,1415242752.0,gap,No GWOSC URLs found for H1 1415242240.0-1415242752.0,1774539769.5027306
97,1,"H1,L1",1415241728.0,1415242240.0,gap,No GWOSC URLs found for H1 1415241728.0-1415242240.0,1774539774.301943
98,1,"H1,L1",1415241216.0,1415241728.0,gap,No GWOSC URLs found for H1 1415241216.0-1415241728.0,1774539779.1322896
99,1,"H1,L1",1415240704.0,1415241216.0,gap,No GWOSC URLs found for H1 1415240704.0-1415241216.0,1774539783.9352665
100,1,"H1,L1",1415240192.0,1415240704.0,gap,No GWOSC URLs found for H1 1415240192.0-1415240704.0,1774539788.7771628
101,1,"H1,L1",1415239680.0,1415240192.0,gap,No GWOSC URLs found for H1 1415239680.0-1415240192.0,1774539793.6148443
102,1,"H1,L1",1415239168.0,1415239680.0,gap,No GWOSC URLs found for H1 1415239168.0-1415239680.0,1774539798.4509218
103,1,"H1,L1",1415238656.0,1415239168.0,gap,No GWOSC URLs found for H1 1415238656.0-1415239168.0,1774539803.3288133
104,1,"H1,L1",1415238144.0,1415238656.0,gap,No GWOSC URLs found for H1 1415238144.0-1415238656.0,1774539808.1437922
105,1,"H1,L1",1415237632.0,1415238144.0,gap,No GWOSC URLs found for H1 1415237632.0-1415238144.0,1774539812.9507046
106,1,"H1,L1",1415237120.0,1415237632.0,gap,No GWOSC URLs found for H1 1415237120.0-1415237632.0,1774539817.762457
107,1,"H1,L1",1415236608.0,1415237120.0,gap,No GWOSC URLs found for H1 1415236608.0-1415237120.0,1774539822.586175
108,1,"H1,L1",1415236096.0,1415236608.0,gap,No GWOSC URLs found for H1 1415236096.0-1415236608.0,1774539827.4135063
109,1,"H1,L1",1415235584.0,1415236096.0,gap,No GWOSC URLs found for H1 1415235584.0-1415236096.0,1774539832.2114453
110,1,"H1,L1",1415235072.0,1415235584.0,gap,No GWOSC URLs found for H1 1415235072.0-1415235584.0,1774539837.0122206
111,1,"H1,L1",1415234560.0,1415235072.0,gap,No GWOSC URLs found for H1 1415234560.0-1415235072.0,1774539841.82898
112,1,"H1,L1",1415234048.0,1415234560.0,gap,No GWOSC URLs found for H1 1415234048.0-1415234560.0,1774539846.6727598
113,1,"H1,L1",1415233536.0,1415234048.0,gap,No GWOSC URLs found for H1 1415233536.0-1415234048.0,1774539851.5115724
114,1,"H1,L1",1415233024.0,1415233536.0,gap,No GWOSC URLs found for H1 1415233024.0-1415233536.0,1774539856.3303523
115,1,"H1,L1",1415232512.0,1415233024.0,gap,No GWOSC URLs found for H1 1415232512.0-1415233024.0,1774539861.212675
116,1,"H1,L1",1415232000.0,1415232512.0,gap,No GWOSC URLs found for H1 1415232000.0-1415232512.0,1774539866.0690084
117,1,"H1,L1",1415231488.0,1415232000.0,gap,No GWOSC URLs found for H1 1415231488.0-1415232000.0,1774539870.8959453
118,1,"H1,L1",1415230976.0,1415231488.0,gap,No GWOSC URLs found for H1 1415230976.0-1415231488.0,1774539875.6997113
119,1,"H1,L1",1415230464.0,1415230976.0,gap,No GWOSC URLs found for H1 1415230464.0-1415230976.0,1774539880.5914192
120,1,"H1,L1",1415229952.0,1415230464.0,gap,No GWOSC URLs found for H1 1415229952.0-1415230464.0,1774539885.3923063
121,1,"H1,L1",1415229440.0,1415229952.0,gap,No GWOSC URLs found for H1 1415229440.0-1415229952.0,1774539890.2286441
122,1,"H1,L1",1415228928.0,1415229440.0,gap,No GWOSC URLs found for H1 1415228928.0-1415229440.0,1774539895.0388267
123,1,"H1,L1",1415228416.0,1415228928.0,gap,No GWOSC URLs found for H1 1415228416.0-1415228928.0,1774539899.9067717
124,1,"H1,L1",1415227904.0,1415228416.0,gap,No GWOSC URLs found for H1 1415227904.0-1415228416.0,1774539904.7634022
125,1,"H1,L1",1415227392.0,1415227904.0,gap,No GWOSC URLs found for H1 1415227392.0-1415227904.0,1774539909.6229198
126,1,"H1,L1",1415226880.0,1415227392.0,gap,No GWOSC URLs found for H1 1415226880.0-1415227392.0,1774539914.426921
127,1,"H1,L1",1415226368.0,1415226880.0,gap,No GWOSC URLs found for H1 1415226368.0-1415226880.0,1774539919.3477693
128,1,"H1,L1",1415225856.0,1415226368.0,gap,No GWOSC URLs found for H1 1415225856.0-1415226368.0,1774539924.229632
129,1,"H1,L1",1415225344.0,1415225856.0,gap,No GWOSC URLs found for H1 1415225344.0-1415225856.0,1774539929.1277673
130,1,"H1,L1",1415224832.0,1415225344.0,gap,No GWOSC URLs found for H1 1415224832.0-1415225344.0,1774539933.9485047
131,1,"H1,L1",1415224320.0,1415224832.0,gap,No GWOSC URLs found for H1 1415224320.0-1415224832.0,1774539938.9679897
132,1,"H1,L1",1415223808.0,1415224320.0,gap,No GWOSC URLs found for H1 1415223808.0-1415224320.0,1774539943.8135886
133,1,"H1,L1",1415223296.0,1415223808.0,gap,No GWOSC URLs found for H1 1415223296.0-1415223808.0,1774539948.6093175
134,1,"H1,L1",1415222784.0,1415223296.0,gap,No GWOSC URLs found for H1 1415222784.0-1415223296.0,1774539953.4425266
135,1,"H1,L1",1415222272.0,1415222784.0,gap,No GWOSC URLs found for H1 1415222272.0-1415222784.0,1774539958.2614775
136,1,"H1,L1",1415221760.0,1415222272.0,gap,No GWOSC URLs found for H1 1415221760.0-1415222272.0,1774539963.0881584
137,1,"H1,L1",1415221248.0,1415221760.0,gap,No GWOSC URLs found for H1 1415221248.0-1415221760.0,1774539968.020685
138,1,"H1,L1",1415220736.0,1415221248.0,gap,No GWOSC URLs found for H1 1415220736.0-1415221248.0,1774539972.9415896
139,1,"H1,L1",1415220224.0,1415220736.0,gap,No GWOSC URLs found for H1 1415220224.0-1415220736.0,1774539977.8335006
140,1,"H1,L1",1415219712.0,1415220224.0,gap,No GWOSC URLs found for H1 1415219712.0-1415220224.0,1774539982.66797
141,1,"H1,L1",1415219200.0,1415219712.0,gap,No GWOSC URLs found for H1 1415219200.0-1415219712.0,1774539987.5286622
142,1,"H1,L1",1415218688.0,1415219200.0,gap,No GWOSC URLs found for H1 1415218688.0-1415219200.0,1774539992.3196552
143,1,"H1,L1",1415218176.0,1415218688.0,gap,No GWOSC URLs found for H1 1415218176.0-1415218688.0,1774539997.114901
144,1,"H1,L1",1415217664.0,1415218176.0,gap,No GWOSC URLs found for H1 1415217664.0-1415218176.0,1774540002.8800783
145,1,"H1,L1",1415217152.0,1415217664.0,gap,No GWOSC URLs found for H1 1415217152.0-1415217664.0,1774540007.724478
146,1,"H1,L1",1415216640.0,1415217152.0,gap,No GWOSC URLs found for H1 1415216640.0-1415217152.0,1774540012.5423162
147,1,"H1,L1",1415216128.0,1415216640.0,gap,No GWOSC URLs found for H1 1415216128.0-1415216640.0,1774540017.7545779
148,1,"H1,L1",1415215616.0,1415216128.0,gap,No GWOSC URLs found for H1 1415215616.0-1415216128.0,1774540022.6105378
149,1,"H1,L1",1415215104.0,1415215616.0,gap,No GWOSC URLs found for H1 1415215104.0-1415215616.0,1774540027.4584146
150,1,"H1,L1",1415214592.0,1415215104.0,gap,No GWOSC URLs found for H1 1415214592.0-1415215104.0,1774540032.331794
151,1,"H1,L1",1415214080.0,1415214592.0,gap,No GWOSC URLs found for H1 1415214080.0-1415214592.0,1774540037.1726232
152,1,"H1,L1",1415213568.0,1415214080.0,gap,No GWOSC URLs found for H1 1415213568.0-1415214080.0,1774540042.05586
153,1,"H1,L1",1415213056.0,1415213568.0,gap,No GWOSC URLs found for H1 1415213056.0-1415213568.0,1774540046.934584
154,1,"H1,L1",1415212544.0,1415213056.0,gap,No GWOSC URLs found for H1 1415212544.0-1415213056.0,1774540051.8080904
155,1,"H1,L1",1415212032.0,1415212544.0,gap,No GWOSC URLs found for H1 1415212032.0-1415212544.0,1774540056.6998649
156,1,"H1,L1",1415211520.0,1415212032.0,gap,No GWOSC URLs found for H1 1415211520.0-1415212032.0,1774540061.599237
157,1,"H1,L1",1415211008.0,1415211520.0,gap,No GWOSC URLs found for H1 1415211008.0-1415211520.0,1774540066.6079035
158,1,"H1,L1",1415210496.0,1415211008.0,gap,No GWOSC URLs found for H1 1415210496.0-1415211008.0,1774540071.4919345
159,1,"H1,L1",1415209984.0,1415210496.0,gap,No GWOSC URLs found for H1 1415209984.0-1415210496.0,1774540076.3505328
160,1,"H1,L1",1415209472.0,1415209984.0,gap,No GWOSC URLs found for H1 1415209472.0-1415209984.0,1774540081.2297268
161,1,"H1,L1",1415208960.0,1415209472.0,gap,No GWOSC URLs found for H1 1415208960.0-1415209472.0,1774540086.1294804
162,1,"H1,L1",1415208448.0,1415208960.0,gap,No GWOSC URLs found for H1 1415208448.0-1415208960.0,1774540090.968077
163,1,"H1,L1",1415207936.0,1415208448.0,gap,No GWOSC URLs found for H1 1415207936.0-1415208448.0,1774540095.8525236
164,1,"H1,L1",1415207424.0,1415207936.0,gap,No GWOSC URLs found for H1 1415207424.0-1415207936.0,1774540100.7034054
165,1,"H1,L1",1415206912.0,1415207424.0,gap,No GWOSC URLs found for H1 1415206912.0-1415207424.0,1774540105.5680885
166,1,"H1,L1",1415206400.0,1415206912.0,gap,No GWOSC URLs found for H1 1415206400.0-1415206912.0,1774540110.4563203
167,1,"H1,L1",1415205888.0,1415206400.0,gap,No GWOSC URLs found for H1 1415205888.0-1415206400.0,1774540115.2766292
168,1,"H1,L1",1415205376.0,1415205888.0,gap,No GWOSC URLs found for H1 1415205376.0-1415205888.0,1774540120.0766423
169,1,"H1,L1",1415204864.0,1415205376.0,gap,No GWOSC URLs found for H1 1415204864.0-1415205376.0,1774540125.0288258
170,1,"H1,L1",1415204352.0,1415204864.0,gap,No GWOSC URLs found for H1 1415204352.0-1415204864.0,1774540129.852206
171,1,"H1,L1",1415203840.0,1415204352.0,gap,No GWOSC URLs found for H1 1415203840.0-1415204352.0,1774540134.78164
172,2,"H1,L1",1415203328.0,1415203840.0,gap,No GWOSC URLs found for H1 1415203328.0-1415203840.0,1774540181.3063178
173,2,"H1,L1",1412726272.0,1412726784.0,gap,No GWOSC URLs found for L1 1412726272.0-1412726784.0,1774540306.1052465
174,2,"H1,L1",1389455506.0,1389456018.0,gap,No GWOSC URLs found for L1 1389455506.0-1389456018.0,1774540328.7565918
175,2,"H1,L1",1389428224.0,1389428736.0,processing,,1774540535.0643585
176,2,"H1,L1",1389428224.0,1389428736.0,done,,1774540684.879134
177,2,"H1,L1",1389427712.0,1389428224.0,processing,,1774540684.8981624
178,2,"H1,L1",1389427712.0,1389428224.0,done,,1774541142.85903
179,2,"H1,L1",1389427200.0,1389427712.0,processing,,1774541142.8837886
180,2,"H1,L1",1389427200.0,1389427712.0,done,,1774541408.282681
181,2,"H1,L1",1389426688.0,1389427200.0,processing,,1774541408.2889316
182,2,"H1,L1",1389426688.0,1389427200.0,done,,1774541743.7304626
183,2,"H1,L1",1389426176.0,1389426688.0,processing,,1774541743.755663
184,2,"H1,L1",1389426176.0,1389426688.0,done,,1774542034.4632285
185,2,"H1,L1",1389425664.0,1389426176.0,processing,,1774542034.4783745
186,2,"H1,L1",1389425664.0,1389426176.0,done,,1774542398.7465887
187,2,"H1,L1",1389425152.0,1389425664.0,processing,,1774542398.7655182
188,2,"H1,L1",1389425152.0,1389425664.0,done,,1774542771.637409
189,2,"H1,L1",1389424640.0,1389425152.0,processing,,1774542771.6707656
190,2,"H1,L1",1389424640.0,1389425152.0,done,,1774543087.5307984
191,2,"H1,L1",1389424128.0,1389424640.0,processing,,1774543315.7611241
192,2,"H1,L1",1389424128.0,1389424640.0,done,,1774543583.1720612
193,2,"H1,L1",1389423616.0,1389424128.0,processing,,1774543583.1991491
194,2,"H1,L1",1389423616.0,1389424128.0,done,,1774543949.5097442
195,2,"H1,L1",1389423104.0,1389423616.0,processing,,1774543949.5437825
196,2,"H1,L1",1389423104.0,1389423616.0,done,,1774544303.9035933
197,2,"H1,L1",1389422592.0,1389423104.0,processing,,1774544303.9201736
198,2,"H1,L1",1389422592.0,1389423104.0,done,,1774544599.610926
199,2,"H1,L1",1389422080.0,1389422592.0,processing,,1774544599.6464393
200,2,"H1,L1",1389422080.0,1389422592.0,done,,1774544946.0001714
201,2,"H1,L1",1389421568.0,1389422080.0,processing,,1774544946.0180717
202,2,"H1,L1",1389421568.0,1389422080.0,done,,1774545215.9686859
203,2,"H1,L1",1389421056.0,1389421568.0,processing,,1774545216.0019908
204,2,"H1,L1",1389421056.0,1389421568.0,done,,1774545547.5351434
205,2,"H1,L1",1389420544.0,1389421056.0,processing,,1774545547.5689147
206,2,"H1,L1",1389420544.0,1389421056.0,done,,1774545886.4966807
207,2,"H1,L1",1389420032.0,1389420544.0,processing,,1774546045.5247288
208,2,"H1,L1",1389420032.0,1389420544.0,done,,1774546460.1212525
209,2,"H1,L1",1389419520.0,1389420032.0,processing,,1774546460.139416
210,2,"H1,L1",1389419520.0,1389420032.0,done,,1774546987.2721682
211,2,"H1,L1",1389419008.0,1389419520.0,processing,,1774546987.2965305
212,2,"H1,L1",1389419008.0,1389419520.0,done,,1774547220.858459
213,2,"H1,L1",1389418496.0,1389419008.0,processing,,1774547220.8720264
214,2,"H1,L1",1389418496.0,1389419008.0,done,,1774547509.0003312
215,2,"H1,L1",1389417984.0,1389418496.0,processing,,1774547509.0470266
216,2,"H1,L1",1389417984.0,1389418496.0,done,,1774547748.6040025
217,2,"H1,L1",1389417472.0,1389417984.0,processing,,1774547748.6275723
218,2,"H1,L1",1389417472.0,1389417984.0,done,,1774548155.9083052
219,2,"H1,L1",1389416960.0,1389417472.0,processing,,1774548155.9374647
220,2,"H1,L1",1389416960.0,1389417472.0,done,,1774548442.8572927
221,2,"H1,L1",1389416448.0,1389416960.0,processing,,1774548442.8741963
222,2,"H1,L1",1389416448.0,1389416960.0,done,,1774548769.178051
223,2,"H1,L1",1389415936.0,1389416448.0,processing,,1774548910.2300382
224,2,"H1,L1",1389415936.0,1389416448.0,done,,1774549218.8990386
225,2,"H1,L1",1389415424.0,1389415936.0,processing,,1774549218.9310014
226,2,"H1,L1",1389415424.0,1389415936.0,done,,1774549576.4253805
227,2,"H1,L1",1389414912.0,1389415424.0,processing,,1774549576.4596128
228,2,"H1,L1",1389414912.0,1389415424.0,done,,1774549868.7260478
229,2,"H1,L1",1389414400.0,1389414912.0,processing,,1774549868.7447257
230,2,"H1,L1",1389414400.0,1389414912.0,done,,1774550122.8428712
231,2,"H1,L1",1389413888.0,1389414400.0,processing,,1774550122.8498292
232,2,"H1,L1",1389413888.0,1389414400.0,done,,1774550613.1112452
233,2,"H1,L1",1389413376.0,1389413888.0,processing,,1774550613.1171665
234,2,"H1,L1",1389413376.0,1389413888.0,done,,1774551160.059617
235,2,"H1,L1",1389412864.0,1389413376.0,processing,,1774551160.0842066
236,2,"H1,L1",1389412864.0,1389413376.0,done,,1774551467.550344
237,2,"H1,L1",1389412352.0,1389412864.0,processing,,1774551467.569015
238,2,"H1,L1",1389412352.0,1389412864.0,done,,1774551702.6197615
239,2,"H1,L1",1389411840.0,1389412352.0,processing,,1774551883.191812
240,2,"H1,L1",1389411840.0,1389412352.0,done,,1774552155.812415
241,2,"H1,L1",1389411328.0,1389411840.0,processing,,1774552155.844317
242,2,"H1,L1",1389411328.0,1389411840.0,done,,1774552510.892398
243,2,"H1,L1",1389410816.0,1389411328.0,processing,,1774552510.9109774
244,2,"H1,L1",1389410816.0,1389411328.0,done,,1774552894.0648093
245,2,"H1,L1",1389410304.0,1389410816.0,processing,,1774552894.0982215
246,2,"H1,L1",1389410304.0,1389410816.0,done,,1774553227.562753
247,2,"H1,L1",1389409792.0,1389410304.0,processing,,1774553227.596734
248,2,"H1,L1",1389409792.0,1389410304.0,done,,1774553505.9586844
249,2,"H1,L1",1389409280.0,1389409792.0,processing,,1774553505.9990444
250,2,"H1,L1",1389409280.0,1389409792.0,done,,1774553783.088382
251,2,"H1,L1",1389408768.0,1389409280.0,processing,,1774553783.1147132
252,2,"H1,L1",1389408768.0,1389409280.0,done,,1774554091.2384305
253,2,"H1,L1",1389408256.0,1389408768.0,processing,,1774554091.2633421
254,2,"H1,L1",1389408256.0,1389408768.0,done,,1774554310.5006273
255,2,"H1,L1",1389407744.0,1389408256.0,processing,,1774554491.829657
256,2,"H1,L1",1389407744.0,1389408256.0,done,,1774554765.852171
257,2,"H1,L1",1389407232.0,1389407744.0,processing,,1774554765.8862004
258,2,"H1,L1",1389407232.0,1389407744.0,done,,1774555091.8042076
259,2,"H1,L1",1389406720.0,1389407232.0,processing,,1774555091.8378053
260,2,"H1,L1",1389406720.0,1389407232.0,done,,1774555470.780856
261,2,"H1,L1",1389406208.0,1389406720.0,processing,,1774555470.7956417
262,2,"H1,L1",1389406208.0,1389406720.0,done,,1774555835.8499172
263,2,"H1,L1",1389405696.0,1389406208.0,processing,,1774555835.8832853
264,2,"H1,L1",1389405696.0,1389406208.0,done,,1774556158.4978142
265,2,"H1,L1",1389405184.0,1389405696.0,processing,,1774556158.5266097
266,2,"H1,L1",1389405184.0,1389405696.0,done,,1774556409.015487
267,2,"H1,L1",1389404672.0,1389405184.0,processing,,1774556409.0491164
268,2,"H1,L1",1389404672.0,1389405184.0,done,,1774556727.1934035
269,2,"H1,L1",1389404160.0,1389404672.0,processing,,1774556727.2266579
270,2,"H1,L1",1389404160.0,1389404672.0,done,,1774557025.1014333
271,2,"H1,L1",1389403648.0,1389404160.0,processing,,1774557153.1502833
272,2,"H1,L1",1389403648.0,1389404160.0,done,,1774557485.2727585
273,2,"H1,L1",1389403136.0,1389403648.0,processing,,1774557485.3064182
274,2,"H1,L1",1389403136.0,1389403648.0,done,,1774557823.2272878
275,2,"H1,L1",1389402624.0,1389403136.0,processing,,1774557823.2547438
276,2,"H1,L1",1389402624.0,1389403136.0,done,,1774558179.2935796
277,2,"H1,L1",1389402112.0,1389402624.0,processing,,1774558179.3254516
278,2,"H1,L1",1389402112.0,1389402624.0,done,,1774558575.4363322
279,2,"H1,L1",1389401600.0,1389402112.0,processing,,1774558575.46146
280,2,"H1,L1",1389401600.0,1389402112.0,done,,1774559044.0301936
281,2,"H1,L1",1389401088.0,1389401600.0,processing,,1774559044.0450404
282,2,"H1,L1",1389401088.0,1389401600.0,done,,1774559374.8466303
283,2,"H1,L1",1389400576.0,1389401088.0,processing,,1774559374.8766017
284,2,"H1,L1",1389400576.0,1389401088.0,done,,1774559615.70567
285,2,"H1,L1",1389400064.0,1389400576.0,processing,,1774559615.7392418
286,2,"H1,L1",1389400064.0,1389400576.0,done,,1774559764.6606462
287,2,"H1,L1",1389399552.0,1389400064.0,gap,No GWOSC URLs found for H1 1389399552.0-1389400064.0,1774559765.3201392
288,2,"H1,L1",1389391360.0,1389391872.0,processing,,1774559922.4334486
289,2,"H1,L1",1389391360.0,1389391872.0,done,,1774560288.8043454
290,2,"H1,L1",1389390848.0,1389391360.0,processing,,1774560288.8105552
291,2,"H1,L1",1389390848.0,1389391360.0,done,,1774560608.042384
292,2,"H1,L1",1389390336.0,1389390848.0,processing,,1774560608.0758953
293,2,"H1,L1",1389390336.0,1389390848.0,done,,1774560991.4637594
294,2,"H1,L1",1389389824.0,1389390336.0,processing,,1774560991.4717753
295,2,"H1,L1",1389389824.0,1389390336.0,done,,1774561400.7292047
296,2,"H1,L1",1389389312.0,1389389824.0,processing,,1774561400.7358747
297,2,"H1,L1",1389389312.0,1389389824.0,done,,1774561697.7229064
298,2,"H1,L1",1389388800.0,1389389312.0,processing,,1774561697.753177
299,2,"H1,L1",1389388800.0,1389389312.0,done,,1774562023.7881799
300,2,"H1,L1",1389388288.0,1389388800.0,processing,,1774562023.8022513
301,2,"H1,L1",1389388288.0,1389388800.0,done,,1774562253.9156795
302,2,"H1,L1",1389387776.0,1389388288.0,processing,,1774562253.941709
303,2,"H1,L1",1389387776.0,1389388288.0,done,,1774562486.9740992
304,2,"H1,L1",1389387264.0,1389387776.0,processing,,1774562606.6961544
305,2,"H1,L1",1389387264.0,1389387776.0,done,,1774562925.7384634
306,2,"H1,L1",1389386752.0,1389387264.0,processing,,1774562925.7670925
307,2,"H1,L1",1389386752.0,1389387264.0,done,,1774563243.8826644
308,2,"H1,L1",1389386240.0,1389386752.0,processing,,1774563243.8973832
309,2,"H1,L1",1389386240.0,1389386752.0,done,,1774563565.852114
310,2,"H1,L1",1389385728.0,1389386240.0,processing,,1774563565.8851264
311,2,"H1,L1",1389385728.0,1389386240.0,done,,1774563932.6055117
312,2,"H1,L1",1389385216.0,1389385728.0,processing,,1774563932.6389446
313,2,"H1,L1",1389385216.0,1389385728.0,done,,1774564370.1291409
314,2,"H1,L1",1389384704.0,1389385216.0,processing,,1774564370.161026
315,2,"H1,L1",1389384704.0,1389385216.0,done,,1774564807.4796112
316,2,"H1,L1",1389384192.0,1389384704.0,processing,,1774564807.5108309
317,2,"H1,L1",1389384192.0,1389384704.0,done,,1774565093.6015615
318,2,"H1,L1",1389383680.0,1389384192.0,processing,,1774565093.6287043
319,2,"H1,L1",1389383680.0,1389384192.0,done,,1774565428.9956744
320,2,"H1,L1",1389383168.0,1389383680.0,processing,,1774565578.8425329
321,2,"H1,L1",1389383168.0,1389383680.0,done,,1774565895.340665
322,2,"H1,L1",1389382656.0,1389383168.0,processing,,1774565895.3707426
323,2,"H1,L1",1389382656.0,1389383168.0,done,,1774566341.0533605
324,2,"H1,L1",1389382144.0,1389382656.0,processing,,1774566341.098766
325,2,"H1,L1",1389382144.0,1389382656.0,done,,1774566656.3591104
326,2,"H1,L1",1389381632.0,1389382144.0,processing,,1774566656.3775418
327,2,"H1,L1",1389381632.0,1389382144.0,done,,1774567016.9257903
328,2,"H1,L1",1389381120.0,1389381632.0,processing,,1774567016.9517007
329,2,"H1,L1",1389381120.0,1389381632.0,done,,1774567253.63293
330,2,"H1,L1",1389380608.0,1389381120.0,processing,,1774567253.665182
331,2,"H1,L1",1389380608.0,1389381120.0,done,,1774567598.802728
332,2,"H1,L1",1389380096.0,1389380608.0,processing,,1774567598.8168821
333,2,"H1,L1",1389380096.0,1389380608.0,done,,1774568073.214783
334,2,"H1,L1",1389379584.0,1389380096.0,processing,,1774568073.2399616
335,2,"H1,L1",1389379584.0,1389380096.0,done,,1774568530.127266
336,2,"H1,L1",1389379072.0,1389379584.0,processing,,1774568583.4168682
337,3,"H1,L1",1389379072.0,1389379584.0,processing,,1774569175.471996
338,3,"H1,L1",1389379072.0,1389379584.0,done,,1774569405.6440277
339,3,"H1,L1",1389378560.0,1389379072.0,processing,,1774569405.6718144
340,3,"H1,L1",1389378560.0,1389379072.0,done,,1774569956.881655
341,3,"H1,L1",1389378048.0,1389378560.0,processing,,1774569956.9067338
342,3,"H1,L1",1389378048.0,1389378560.0,done,,1774570623.445962
343,3,"H1,L1",1389377536.0,1389378048.0,processing,,1774570623.4605896
344,3,"H1,L1",1389377536.0,1389378048.0,done,,1774570641.070337
345,3,"H1,L1",1389377024.0,1389377536.0,processing,,1774570641.0948765
346,3,"H1,L1",1389377024.0,1389377536.0,done,,1774570641.817026
347,3,"H1,L1",1389376512.0,1389377024.0,processing,,1774570641.8401544
348,3,"H1,L1",1389376512.0,1389377024.0,done,,1774570642.5496476
349,3,"H1,L1",1389376000.0,1389376512.0,processing,,1774570642.5729475
350,3,"H1,L1",1389376000.0,1389376512.0,done,,1774570643.2921243
351,3,"H1,L1",1389375488.0,1389376000.0,processing,,1774570643.3035574
352,3,"H1,L1",1389375488.0,1389376000.0,done,,1774570644.1221075
353,3,"H1,L1",1389374976.0,1389375488.0,gap,No GWOSC URLs found for H1 1389374976.0-1389375488.0,1774570644.8249283
354,3,"H1,L1",1389366784.0,1389367296.0,processing,,1774570763.6731346
355,3,"H1,L1",1389366784.0,1389367296.0,done,,1774571225.1238334
356,3,"H1,L1",1389366272.0,1389366784.0,processing,,1774571225.1569293
357,3,"H1,L1",1389366272.0,1389366784.0,done,,1774571550.6223726
358,3,"H1,L1",1389365760.0,1389366272.0,processing,,1774571550.6474817
359,3,"H1,L1",1389365760.0,1389366272.0,done,,1774571954.3661115
360,3,"H1,L1",1389365248.0,1389365760.0,processing,,1774571954.3918447
361,3,"H1,L1",1389365248.0,1389365760.0,done,,1774572262.243572
362,3,"H1,L1",1389364736.0,1389365248.0,processing,,1774572262.2770958
363,3,"H1,L1",1389364736.0,1389365248.0,done,,1774572764.3001204
364,3,"H1,L1",1389364224.0,1389364736.0,processing,,1774572764.3339493
365,3,"H1,L1",1389364224.0,1389364736.0,done,,1774573139.824366
366,3,"H1,L1",1389363712.0,1389364224.0,processing,,1774573139.8505678
367,3,"H1,L1",1389363712.0,1389364224.0,done,,1774573392.2911105
368,3,"H1,L1",1389363200.0,1389363712.0,processing,,1774573392.330711
369,3,"H1,L1",1389363200.0,1389363712.0,done,,1774573851.0696929
370,3,"H1,L1",1389362688.0,1389363200.0,processing,,1774573913.0772457
371,3,"H1,L1",1389362688.0,1389363200.0,done,,1774574278.4358225
372,3,"H1,L1",1389362176.0,1389362688.0,processing,,1774574278.4672067
373,3,"H1,L1",1389362176.0,1389362688.0,done,,1774575006.0218823
374,3,"H1,L1",1389361664.0,1389362176.0,processing,,1774575006.046368
375,3,"H1,L1",1389361664.0,1389362176.0,done,,1774575283.8672614
376,3,"H1,L1",1389361152.0,1389361664.0,processing,,1774575283.895582
377,3,"H1,L1",1389361152.0,1389361664.0,done,,1774575458.1105545
378,3,"H1,L1",1389360640.0,1389361152.0,processing,,1774575458.1177137
379,3,"H1,L1",1389360640.0,1389361152.0,done,,1774575739.0195858
380,3,"H1,L1",1389360128.0,1389360640.0,processing,,1774575739.0570445
381,3,"H1,L1",1389360128.0,1389360640.0,done,,1774576027.5378864
382,3,"H1,L1",1389359616.0,1389360128.0,processing,,1774576027.5451627
383,3,"H1,L1",1389359616.0,1389360128.0,done,,1774576284.9715052
384,3,"H1,L1",1389359104.0,1389359616.0,processing,,1774576285.004947
385,3,"H1,L1",1389359104.0,1389359616.0,done,,1774576431.102822
386,3,"H1,L1",1389358592.0,1389359104.0,processing,,1774576472.249029
387,3,"H1,L1",1389358592.0,1389359104.0,done,,1774576613.6119475
388,3,"H1,L1",1389358080.0,1389358592.0,processing,,1774576613.6452675
389,3,"H1,L1",1389358080.0,1389358592.0,done,,1774576826.1964388
390,3,"H1,L1",1389357568.0,1389358080.0,processing,,1774576826.2326732
391,3,"H1,L1",1389357568.0,1389358080.0,done,,1774576977.466738
392,3,"H1,L1",1389357056.0,1389357568.0,processing,,1774576977.498405
393,3,"H1,L1",1389357056.0,1389357568.0,done,,1774577317.6796403
394,3,"H1,L1",1389356544.0,1389357056.0,processing,,1774577317.719917
395,3,"H1,L1",1389356544.0,1389357056.0,done,,1774577663.7823868
396,3,"H1,L1",1389356032.0,1389356544.0,processing,,1774577663.8070087
397,3,"H1,L1",1389356032.0,1389356544.0,done,,1774577802.499035
398,3,"H1,L1",1389355520.0,1389356032.0,processing,,1774577802.5150964
399,3,"H1,L1",1389355520.0,1389356032.0,done,,1774577948.9288602
400,3,"H1,L1",1389355008.0,1389355520.0,processing,,1774577948.9539616
401,3,"H1,L1",1389355008.0,1389355520.0,done,,1774578535.880665
402,3,"H1,L1",1389354496.0,1389355008.0,processing,,1774578662.0693772
403,3,"H1,L1",1389354496.0,1389355008.0,done,,1774578965.9014013
404,3,"H1,L1",1389353984.0,1389354496.0,processing,,1774578965.9358115
405,3,"H1,L1",1389353984.0,1389354496.0,done,,1774579418.4608643
406,3,"H1,L1",1389353472.0,1389353984.0,processing,,1774579418.4950845
407,3,"H1,L1",1389353472.0,1389353984.0,done,,1774579760.066266
408,3,"H1,L1",1389352960.0,1389353472.0,processing,,1774579760.0991888
409,3,"H1,L1",1389352960.0,1389353472.0,done,,1774580103.3185089
410,3,"H1,L1",1389352448.0,1389352960.0,processing,,1774580103.3587615
411,3,"H1,L1",1389352448.0,1389352960.0,done,,1774580471.9866266
412,3,"H1,L1",1389351936.0,1389352448.0,processing,,1774580471.999044
413,3,"H1,L1",1389351936.0,1389352448.0,done,,1774580937.2741382
414,3,"H1,L1",1389351424.0,1389351936.0,processing,,1774580937.2922697
415,3,"H1,L1",1389351424.0,1389351936.0,done,,1774581271.4792562
416,3,"H1,L1",1389350912.0,1389351424.0,processing,,1774581271.4942532
417,3,"H1,L1",1389350912.0,1389351424.0,done,,1774581682.938821
418,3,"H1,L1",1389350400.0,1389350912.0,processing,,1774581828.7162673
419,3,"H1,L1",1389350400.0,1389350912.0,done,,1774582069.4792948
420,3,"H1,L1",1389349888.0,1389350400.0,processing,,1774582069.513556
421,3,"H1,L1",1389349888.0,1389350400.0,done,,1774582310.5621579
422,3,"H1,L1",1389349376.0,1389349888.0,processing,,1774582310.5635433
423,3,"H1,L1",1389349376.0,1389349888.0,done,,1774582573.4703467
424,3,"H1,L1",1389348864.0,1389349376.0,processing,,1774582573.4854934
425,3,"H1,L1",1389348864.0,1389349376.0,done,,1774582891.9001794
426,3,"H1,L1",1389348352.0,1389348864.0,processing,,1774582891.927044
427,3,"H1,L1",1389348352.0,1389348864.0,done,,1774583247.3443358
428,3,"H1,L1",1389347840.0,1389348352.0,processing,,1774583247.3776734
429,3,"H1,L1",1389347840.0,1389348352.0,done,,1774583629.7261074
430,3,"H1,L1",1389347328.0,1389347840.0,processing,,1774583629.732496
431,3,"H1,L1",1389347328.0,1389347840.0,done,,1774583935.1235118
432,3,"H1,L1",1389346816.0,1389347328.0,processing,,1774583935.1550086
433,3,"H1,L1",1389346816.0,1389347328.0,done,,1774584269.8446338
434,3,"H1,L1",1389346304.0,1389346816.0,processing,,1774584401.9768398
435,3,"H1,L1",1389346304.0,1389346816.0,done,,1774584646.457522
436,3,"H1,L1",1389345792.0,1389346304.0,processing,,1774584646.491326
437,3,"H1,L1",1389345792.0,1389346304.0,done,,1774584917.5196667
438,3,"H1,L1",1389345280.0,1389345792.0,processing,,1774584917.5460916
439,3,"H1,L1",1389345280.0,1389345792.0,done,,1774585232.9968863
440,3,"H1,L1",1389344768.0,1389345280.0,processing,,1774585233.0116813
441,3,"H1,L1",1389344768.0,1389345280.0,done,,1774585585.7512023
442,3,"H1,L1",1389344256.0,1389344768.0,processing,,1774585585.776665
443,3,"H1,L1",1389344256.0,1389344768.0,done,,1774585782.3511665
444,3,"H1,L1",1389343744.0,1389344256.0,processing,,1774585782.3835006
445,3,"H1,L1",1389343744.0,1389344256.0,done,,1774586096.4832551
446,3,"H1,L1",1389343232.0,1389343744.0,processing,,1774586096.4921467
447,3,"H1,L1",1389343232.0,1389343744.0,done,,1774586344.9218287
448,3,"H1,L1",1389342720.0,1389343232.0,processing,,1774586344.9557984
449,3,"H1,L1",1389342720.0,1389343232.0,done,,1774586699.9612825
450,3,"H1,L1",1389342208.0,1389342720.0,processing,,1774586846.7441823
451,3,"H1,L1",1389342208.0,1389342720.0,done,,1774587082.8028867
452,3,"H1,L1",1389341696.0,1389342208.0,processing,,1774587082.8426313
453,3,"H1,L1",1389341696.0,1389342208.0,done,,1774587564.595564
454,3,"H1,L1",1389341184.0,1389341696.0,processing,,1774587564.6286793
455,3,"H1,L1",1389341184.0,1389341696.0,done,,1774587828.803086
456,3,"H1,L1",1389340672.0,1389341184.0,processing,,1774587828.8355896
457,3,"H1,L1",1389340672.0,1389341184.0,done,,1774588113.4430573
458,3,"H1,L1",1389340160.0,1389340672.0,processing,,1774588113.4617352
459,3,"H1,L1",1389340160.0,1389340672.0,done,,1774588363.0670707
460,3,"H1,L1",1389339648.0,1389340160.0,processing,,1774588363.1007574
461,3,"H1,L1",1389339648.0,1389340160.0,done,,1774588516.0794373
462,3,"H1,L1",1389339136.0,1389339648.0,processing,,1774588516.1121945
463,3,"H1,L1",1389339136.0,1389339648.0,done,,1774588683.7419858
464,3,"H1,L1",1389338624.0,1389339136.0,processing,,1774588683.7477412
465,3,"H1,L1",1389338624.0,1389339136.0,done,,1774588902.0015259
466,3,"H1,L1",1389338112.0,1389338624.0,gap,No GWOSC URLs found for H1 1389338112.0-1389338624.0,1774588902.692178
467,3,"H1,L1",1389329920.0,1389330432.0,processing,,1774588995.7443945
468,3,"H1,L1",1389329920.0,1389330432.0,done,,1774589326.8206227
469,3,"H1,L1",1389329408.0,1389329920.0,processing,,1774589326.8542354
470,3,"H1,L1",1389329408.0,1389329920.0,done,,1774589473.244234
471,3,"H1,L1",1389328896.0,1389329408.0,processing,,1774589473.2699473
472,3,"H1,L1",1389328896.0,1389329408.0,done,,1774589743.8893747
473,3,"H1,L1",1389328384.0,1389328896.0,processing,,1774589743.9149678
474,3,"H1,L1",1389328384.0,1389328896.0,done,,1774589986.8168852
475,3,"H1,L1",1389327872.0,1389328384.0,processing,,1774589986.8522358
476,3,"H1,L1",1389327872.0,1389328384.0,done,,1774590151.5560048
477,3,"H1,L1",1389327360.0,1389327872.0,processing,,1774590151.562082
478,3,"H1,L1",1389327360.0,1389327872.0,done,,1774590317.21736
479,3,"H1,L1",1389326848.0,1389327360.0,processing,,1774590317.2522297
480,3,"H1,L1",1389326848.0,1389327360.0,done,,1774590838.784075
481,3,"H1,L1",1389326336.0,1389326848.0,processing,,1774590838.8092465
482,3,"H1,L1",1389326336.0,1389326848.0,done,,1774591213.7898788
483,3,"H1,L1",1389325824.0,1389326336.0,processing,,1774591345.6324327
484,3,"H1,L1",1389325824.0,1389326336.0,done,,1774591627.6295385
485,3,"H1,L1",1389325312.0,1389325824.0,processing,,1774591627.6609042
486,3,"H1,L1",1389325312.0,1389325824.0,done,,1774592029.036494
487,3,"H1,L1",1389324800.0,1389325312.0,processing,,1774592029.0621855
488,3,"H1,L1",1389324800.0,1389325312.0,done,,1774592338.074193
489,3,"H1,L1",1389324288.0,1389324800.0,processing,,1774592338.100547
490,3,"H1,L1",1389324288.0,1389324800.0,done,,1774592702.5912018
491,3,"H1,L1",1389323776.0,1389324288.0,processing,,1774592702.6251094
492,3,"H1,L1",1389323776.0,1389324288.0,done,,1774593005.897245
493,3,"H1,L1",1389323264.0,1389323776.0,processing,,1774593005.9246588
494,3,"H1,L1",1389323264.0,1389323776.0,done,,1774593394.5791976
495,3,"H1,L1",1389322752.0,1389323264.0,processing,,1774593394.61314
496,3,"H1,L1",1389322752.0,1389323264.0,done,,1774593526.8367827
497,3,"H1,L1",1389322240.0,1389322752.0,processing,,1774593526.869761
498,3,"H1,L1",1389322240.0,1389322752.0,done,,1774593671.892212
499,3,"H1,L1",1389321728.0,1389322240.0,gap,No GWOSC URLs found for L1 1389321728.0-1389322240.0,1774593749.2469723
500,3,"H1,L1",1389317632.0,1389318144.0,processing,,1774593887.1344018
501,3,"H1,L1",1389317632.0,1389318144.0,done,,1774594085.3387375
502,3,"H1,L1",1389317120.0,1389317632.0,processing,,1774594085.3687437
503,3,"H1,L1",1389317120.0,1389317632.0,done,,1774594273.9324174
504,3,"H1,L1",1389316608.0,1389317120.0,processing,,1774594273.9698277
505,3,"H1,L1",1389316608.0,1389317120.0,done,,1774594417.0721843
506,3,"H1,L1",1389316096.0,1389316608.0,processing,,1774594417.0963783
507,3,"H1,L1",1389316096.0,1389316608.0,done,,1774594716.0066266
508,3,"H1,L1",1389315584.0,1389316096.0,processing,,1774594716.0200434
509,3,"H1,L1",1389315584.0,1389316096.0,done,,1774595087.9907026
510,3,"H1,L1",1389315072.0,1389315584.0,processing,,1774595088.016677
511,3,"H1,L1",1389315072.0,1389315584.0,done,,1774595557.8960423
512,3,"H1,L1",1389314560.0,1389315072.0,processing,,1774595557.9143634
513,3,"H1,L1",1389314560.0,1389315072.0,done,,1774595963.2509916
514,3,"H1,L1",1389314048.0,1389314560.0,processing,,1774595963.276285
515,3,"H1,L1",1389314048.0,1389314560.0,done,,1774596269.335478
516,3,"H1,L1",1389313536.0,1389314048.0,processing,,1774596348.4859712
517,3,"H1,L1",1389313536.0,1389314048.0,done,,1774596970.8338337
518,3,"H1,L1",1389313024.0,1389313536.0,processing,,1774596970.8614783
519,3,"H1,L1",1389313024.0,1389313536.0,done,,1774597214.1440454
520,3,"H1,L1",1389312512.0,1389313024.0,processing,,1774597214.1779308
521,3,"H1,L1",1389312512.0,1389313024.0,done,,1774597442.4234076
522,3,"H1,L1",1389312000.0,1389312512.0,processing,,1774597442.457078
523,3,"H1,L1",1389312000.0,1389312512.0,done,,1774597940.340559
524,3,"H1,L1",1389311488.0,1389312000.0,processing,,1774597940.3718872
525,3,"H1,L1",1389311488.0,1389312000.0,done,,1774598338.954259
526,3,"H1,L1",1389310976.0,1389311488.0,processing,,1774598338.9819415
527,3,"H1,L1",1389310976.0,1389311488.0,done,,1774598618.8147566
528,3,"H1,L1",1389310464.0,1389310976.0,processing,,1774598618.8405483
529,3,"H1,L1",1389310464.0,1389310976.0,done,,1774598861.3749137
530,3,"H1,L1",1389309952.0,1389310464.0,processing,,1774598861.4083326
531,3,"H1,L1",1389309952.0,1389310464.0,done,,1774599166.3460462
532,3,"H1,L1",1389309440.0,1389309952.0,processing,,1774599248.4996645
533,3,"H1,L1",1389309440.0,1389309952.0,done,,1774599601.5255082
534,3,"H1,L1",1389308928.0,1389309440.0,processing,,1774599601.5577123
535,3,"H1,L1",1389308928.0,1389309440.0,done,,1774599903.171485
536,3,"H1,L1",1389308416.0,1389308928.0,processing,,1774599903.2051394
537,3,"H1,L1",1389308416.0,1389308928.0,done,,1774600203.3747623
538,3,"H1,L1",1389307904.0,1389308416.0,processing,,1774600203.4039028
539,3,"H1,L1",1389307904.0,1389308416.0,done,,1774600439.8479247
540,3,"H1,L1",1389307392.0,1389307904.0,processing,,1774600439.8740623
541,3,"H1,L1",1389307392.0,1389307904.0,done,,1774600731.366008
542,3,"H1,L1",1389306880.0,1389307392.0,processing,,1774600731.3995237
543,3,"H1,L1",1389306880.0,1389307392.0,done,,1774601021.0328176
544,3,"H1,L1",1389306368.0,1389306880.0,processing,,1774601021.0632179
545,3,"H1,L1",1389306368.0,1389306880.0,done,,1774601486.4687927
546,3,"H1,L1",1389305856.0,1389306368.0,processing,,1774601486.508965
547,3,"H1,L1",1389305856.0,1389306368.0,done,,1774601836.0966833
548,3,"H1,L1",1389305344.0,1389305856.0,processing,,1774601894.2960513
549,3,"H1,L1",1389305344.0,1389305856.0,done,,1774602169.8631103
550,3,"H1,L1",1389304832.0,1389305344.0,processing,,1774602169.8962674
551,3,"H1,L1",1389304832.0,1389305344.0,done,,1774602523.314035
552,3,"H1,L1",1389304320.0,1389304832.0,processing,,1774602523.352813
553,3,"H1,L1",1389304320.0,1389304832.0,done,,1774602781.8797512
554,3,"H1,L1",1389303808.0,1389304320.0,processing,,1774602781.9057877
555,3,"H1,L1",1389303808.0,1389304320.0,done,,1774603124.2232506
556,3,"H1,L1",1389303296.0,1389303808.0,processing,,1774603124.2566714
557,3,"H1,L1",1389303296.0,1389303808.0,done,,1774603658.6913862
558,3,"H1,L1",1389302784.0,1389303296.0,processing,,1774603658.7245212
559,3,"H1,L1",1389302784.0,1389303296.0,done,,1774603972.4715617
560,3,"H1,L1",1389302272.0,1389302784.0,processing,,1774603972.4789052
561,3,"H1,L1",1389302272.0,1389302784.0,done,,1774604432.0726888
562,3,"H1,L1",1389301760.0,1389302272.0,processing,,1774604432.0873113
563,3,"H1,L1",1389301760.0,1389302272.0,done,,1774604745.511179
564,3,"H1,L1",1389301248.0,1389301760.0,processing,,1774604805.5776043
565,3,"H1,L1",1389301248.0,1389301760.0,done,,1774605142.8519015
566,3,"H1,L1",1389300736.0,1389301248.0,processing,,1774605142.8780472
567,3,"H1,L1",1389300736.0,1389301248.0,done,,1774605509.541368
568,3,"H1,L1",1389300224.0,1389300736.0,processing,,1774605509.5811846
569,3,"H1,L1",1389300224.0,1389300736.0,done,,1774605756.480059
570,3,"H1,L1",1389299712.0,1389300224.0,processing,,1774605756.5134199
571,3,"H1,L1",1389299712.0,1389300224.0,done,,1774606142.8402386
572,3,"H1,L1",1389299200.0,1389299712.0,processing,,1774606142.8739822
573,3,"H1,L1",1389299200.0,1389299712.0,done,,1774606325.317721
574,3,"H1,L1",1389298688.0,1389299200.0,processing,,1774606325.3447008
575,3,"H1,L1",1389298688.0,1389299200.0,done,,1774606887.2738965
576,3,"H1,L1",1389298176.0,1389298688.0,processing,,1774606887.2986794
577,3,"H1,L1",1389298176.0,1389298688.0,done,,1774607128.8923912
578,3,"H1,L1",1389297664.0,1389298176.0,processing,,1774607128.92614
579,3,"H1,L1",1389297664.0,1389298176.0,done,,1774607454.1378233
580,3,"H1,L1",1389297152.0,1389297664.0,processing,,1774607534.2820942
581,3,"H1,L1",1389297152.0,1389297664.0,done,,1774607940.276676
582,3,"H1,L1",1389296640.0,1389297152.0,processing,,1774607940.3020751
583,3,"H1,L1",1389296640.0,1389297152.0,done,,1774608393.473378
584,3,"H1,L1",1389296128.0,1389296640.0,processing,,1774608393.5077662
585,3,"H1,L1",1389296128.0,1389296640.0,done,,1774608712.9798183
586,3,"H1,L1",1389295616.0,1389296128.0,processing,,1774608712.994118
587,3,"H1,L1",1389295616.0,1389296128.0,done,,1774609047.3646793
588,3,"H1,L1",1389295104.0,1389295616.0,processing,,1774609047.3963008
589,3,"H1,L1",1389295104.0,1389295616.0,done,,1774609520.8914468
590,3,"H1,L1",1389294592.0,1389295104.0,processing,,1774609520.917456
591,3,"H1,L1",1389294592.0,1389295104.0,done,,1774609862.4905698
592,3,"H1,L1",1389294080.0,1389294592.0,processing,,1774609862.5158825
593,3,"H1,L1",1389294080.0,1389294592.0,done,,1774610132.4262958
594,3,"H1,L1",1389293568.0,1389294080.0,processing,,1774610132.4524684
595,3,"H1,L1",1389293568.0,1389294080.0,done,,1774610477.7930982
596,3,"H1,L1",1389293056.0,1389293568.0,processing,,1774610534.9461918
597,3,"H1,L1",1389293056.0,1389293568.0,done,,1774611064.102305
598,3,"H1,L1",1389292544.0,1389293056.0,processing,,1774611064.1330917
599,3,"H1,L1",1389292544.0,1389293056.0,done,,1774611309.7537942
600,3,"H1,L1",1389292032.0,1389292544.0,processing,,1774611309.7810972
601,3,"H1,L1",1389292032.0,1389292544.0,done,,1774611763.3284733
602,3,"H1,L1",1389291520.0,1389292032.0,processing,,1774611763.3535898
603,3,"H1,L1",1389291520.0,1389292032.0,done,,1774612267.1666787
604,3,"H1,L1",1389291008.0,1389291520.0,processing,,1774612267.2002678
605,3,"H1,L1",1389291008.0,1389291520.0,done,,1774612576.0876758
606,3,"H1,L1",1389290496.0,1389291008.0,processing,,1774612576.126758
607,3,"H1,L1",1389290496.0,1389291008.0,done,,1774612962.9317677
608,3,"H1,L1",1389289984.0,1389290496.0,processing,,1774612962.9652696
609,3,"H1,L1",1389289984.0,1389290496.0,done,,1774613287.1953845
610,3,"H1,L1",1389289472.0,1389289984.0,processing,,1774613287.229227
611,3,"H1,L1",1389289472.0,1389289984.0,done,,1774613580.0741622
612,3,"H1,L1",1389288960.0,1389289472.0,processing,,1774613675.9802065
613,4,"H1,L1",1389288960.0,1389289472.0,processing,,1774615115.7543528
614,5,"H1,L1",1389288960.0,1389289472.0,processing,,1774616559.2500741
615,5,"H1,L1",1389288960.0,1389289472.0,done,,1774616819.9826403
616,5,"H1,L1",1389288448.0,1389288960.0,processing,,1774616820.0085874
617,5,"H1,L1",1389288448.0,1389288960.0,done,,1774617194.3568141
618,5,"H1,L1",1389287936.0,1389288448.0,processing,,1774617194.3904479
619,5,"H1,L1",1389287936.0,1389288448.0,done,,1774617473.9815793
620,5,"H1,L1",1389287424.0,1389287936.0,processing,,1774617474.0010734
621,5,"H1,L1",1389287424.0,1389287936.0,done,,1774617894.5278444
622,5,"H1,L1",1389286912.0,1389287424.0,processing,,1774617894.5561104
623,5,"H1,L1",1389286912.0,1389287424.0,done,,1774618190.7751591
624,5,"H1,L1",1389286400.0,1389286912.0,processing,,1774618190.807353
625,5,"H1,L1",1389286400.0,1389286912.0,done,,1774618471.270717
626,5,"H1,L1",1389285888.0,1389286400.0,processing,,1774618471.2780724
627,5,"H1,L1",1389285888.0,1389286400.0,done,,1774618827.065989
628,5,"H1,L1",1389285376.0,1389285888.0,processing,,1774618827.0731575
629,5,"H1,L1",1389285376.0,1389285888.0,done,,1774619273.4515564
630,5,"H1,L1",1389284864.0,1389285376.0,processing,,1774619482.8685791
631,5,"H1,L1",1389284864.0,1389285376.0,done,,1774619816.9503918
632,5,"H1,L1",1389284352.0,1389284864.0,processing,,1774619816.9755807
633,5,"H1,L1",1389284352.0,1389284864.0,done,,1774620154.7980943
634,5,"H1,L1",1389283840.0,1389284352.0,processing,,1774620154.8043256
635,5,"H1,L1",1389283840.0,1389284352.0,done,,1774620472.4119432
636,5,"H1,L1",1389283328.0,1389283840.0,processing,,1774620472.4451773
637,5,"H1,L1",1389283328.0,1389283840.0,done,,1774620808.6998763
638,5,"H1,L1",1389282816.0,1389283328.0,processing,,1774620808.7333686
639,5,"H1,L1",1389282816.0,1389283328.0,done,,1774621134.6283984
640,5,"H1,L1",1389282304.0,1389282816.0,processing,,1774621134.6559281
641,5,"H1,L1",1389282304.0,1389282816.0,done,,1774621603.8015895
642,5,"H1,L1",1389281792.0,1389282304.0,processing,,1774621603.8162754
643,5,"H1,L1",1389281792.0,1389282304.0,done,,1774621935.2051756
644,5,"H1,L1",1389281280.0,1389281792.0,processing,,1774621935.237255
645,5,"H1,L1",1389281280.0,1389281792.0,done,,1774622239.557186
646,5,"H1,L1",1389280768.0,1389281280.0,processing,,1774622379.0734122
647,5,"H1,L1",1389280768.0,1389281280.0,done,,1774622759.186219
648,5,"H1,L1",1389280256.0,1389280768.0,processing,,1774622759.2200847
649,5,"H1,L1",1389280256.0,1389280768.0,done,,1774622936.4736001
650,5,"H1,L1",1389279744.0,1389280256.0,processing,,1774622936.5098267
651,5,"H1,L1",1389279744.0,1389280256.0,done,,1774623089.9337316
652,5,"H1,L1",1389279232.0,1389279744.0,processing,,1774623089.9675903
653,5,"H1,L1",1389279232.0,1389279744.0,done,,1774623304.3039799
654,5,"H1,L1",1389278720.0,1389279232.0,processing,,1774623304.3173072
655,5,"H1,L1",1389278720.0,1389279232.0,done,,1774623514.5138445
656,5,"H1,L1",1389278208.0,1389278720.0,processing,,1774623514.5293193
657,5,"H1,L1",1389278208.0,1389278720.0,done,,1774623618.7904763
658,5,"H1,L1",1389277696.0,1389278208.0,processing,,1774623618.8149085
659,5,"H1,L1",1389277696.0,1389278208.0,done,,1774623842.2028441
660,5,"H1,L1",1389277184.0,1389277696.0,processing,,1774623842.2186637
661,5,"H1,L1",1389277184.0,1389277696.0,done,,1774623968.98258
662,5,"H1,L1",1389276672.0,1389277184.0,processing,,1774624207.3082907
663,5,"H1,L1",1389276672.0,1389277184.0,done,,1774624349.1263826
664,5,"H1,L1",1389276160.0,1389276672.0,processing,,1774624349.1519966
665,5,"H1,L1",1389276160.0,1389276672.0,done,,1774624942.4772289
666,5,"H1,L1",1389275648.0,1389276160.0,processing,,1774624942.5097165
667,5,"H1,L1",1389275648.0,1389276160.0,done,,1774625281.308487
668,5,"H1,L1",1389275136.0,1389275648.0,processing,,1774625281.3473496
669,5,"H1,L1",1389275136.0,1389275648.0,done,,1774625714.8722258
670,5,"H1,L1",1389274624.0,1389275136.0,processing,,1774625714.9052908
671,5,"H1,L1",1389274624.0,1389275136.0,done,,1774625969.1659858
672,5,"H1,L1",1389274112.0,1389274624.0,processing,,1774625969.2053275
673,5,"H1,L1",1389274112.0,1389274624.0,done,,1774626284.0461307
674,5,"H1,L1",1389273600.0,1389274112.0,processing,,1774626284.0656846
675,5,"H1,L1",1389273600.0,1389274112.0,done,,1774626596.1729553
676,5,"H1,L1",1389273088.0,1389273600.0,processing,,1774626596.1815581
677,5,"H1,L1",1389273088.0,1389273600.0,done,,1774626937.338237
678,5,"H1,L1",1389272576.0,1389273088.0,processing,,1774627178.6530523
679,5,"H1,L1",1389272576.0,1389273088.0,done,,1774627558.4468389
680,5,"H1,L1",1389272064.0,1389272576.0,processing,,1774627558.4723496
681,5,"H1,L1",1389272064.0,1389272576.0,done,,1774627897.7581258
682,5,"H1,L1",1389271552.0,1389272064.0,processing,,1774627897.7907643
683,5,"H1,L1",1389271552.0,1389272064.0,done,,1774628229.1722095
684,5,"H1,L1",1389271040.0,1389271552.0,processing,,1774628229.1883242
685,6,"H1,L1",1389271040.0,1389271552.0,processing,,1774631061.535414
686,6,"H1,L1",1389271040.0,1389271552.0,done,,1774631344.0506332
687,6,"H1,L1",1389270528.0,1389271040.0,processing,,1774631344.0854247
688,6,"H1,L1",1389270528.0,1389271040.0,done,,1774631646.3044317
689,6,"H1,L1",1389270016.0,1389270528.0,processing,,1774631646.3197849
690,6,"H1,L1",1389270016.0,1389270528.0,done,,1774631995.2485423
691,6,"H1,L1",1389269504.0,1389270016.0,processing,,1774631995.2782683
692,6,"H1,L1",1389269504.0,1389270016.0,done,,1774632296.8144987
693,6,"H1,L1",1389268992.0,1389269504.0,processing,,1774632296.827134
694,6,"H1,L1",1389268992.0,1389269504.0,done,,1774632544.7988422
695,6,"H1,L1",1389268480.0,1389268992.0,gap,No GWOSC URLs found for H1 1389268480.0-1389268992.0,1774632545.4616323
696,6,"H1,L1",1389264384.0,1389264896.0,processing,,1774632750.6676714
697,6,"H1,L1",1389264384.0,1389264896.0,done,,1774632899.1681626
698,6,"H1,L1",1389263872.0,1389264384.0,processing,,1774632899.1825051
699,6,"H1,L1",1389263872.0,1389264384.0,done,,1774633110.4929783
700,6,"H1,L1",1389263360.0,1389263872.0,processing,,1774633110.4986005
701,6,"H1,L1",1389263360.0,1389263872.0,done,,1774633239.986034
702,6,"H1,L1",1389262848.0,1389263360.0,processing,,1774633240.0098412
703,6,"H1,L1",1389262848.0,1389263360.0,done,,1774633416.3056898
704,6,"H1,L1",1389262336.0,1389262848.0,processing,,1774633416.3230255
705,6,"H1,L1",1389262336.0,1389262848.0,done,,1774634090.1728415
706,6,"H1,L1",1389261824.0,1389262336.0,processing,,1774634090.2062125
707,6,"H1,L1",1389261824.0,1389262336.0,done,,1774634510.0374074
708,6,"H1,L1",1389261312.0,1389261824.0,processing,,1774634510.0564053
709,6,"H1,L1",1389261312.0,1389261824.0,done,,1774634832.2022033
710,6,"H1,L1",1389260800.0,1389261312.0,processing,,1774634832.227393
711,6,"H1,L1",1389260800.0,1389261312.0,done,,1774635268.94827
712,6,"H1,L1",1389260288.0,1389260800.0,processing,,1774635528.979791
713,6,"H1,L1",1389260288.0,1389260800.0,done,,1774635847.0272255
714,6,"H1,L1",1389259776.0,1389260288.0,processing,,1774635847.0608914
715,6,"H1,L1",1389259776.0,1389260288.0,done,,1774636158.8912528
716,6,"H1,L1",1389259264.0,1389259776.0,processing,,1774636158.917756
717,6,"H1,L1",1389259264.0,1389259776.0,done,,1774636543.5018172
718,6,"H1,L1",1389258752.0,1389259264.0,processing,,1774636543.5114796
719,6,"H1,L1",1389258752.0,1389259264.0,done,,1774636781.8909268
720,6,"H1,L1",1389258240.0,1389258752.0,processing,,1774636781.9176443
721,6,"H1,L1",1389258240.0,1389258752.0,done,,1774637074.0297987
722,6,"H1,L1",1389257728.0,1389258240.0,processing,,1774637074.0560727
723,7,"H1,L1",1389257728.0,1389258240.0,processing,,1774642262.9704835
724,7,"H1,L1",1389257728.0,1389258240.0,done,,1774642658.112188
725,7,"H1,L1",1389257216.0,1389257728.0,processing,,1774642658.1196642
726,7,"H1,L1",1389257216.0,1389257728.0,done,,1774643130.0715814
727,7,"H1,L1",1389256704.0,1389257216.0,processing,,1774643130.1103632
728,7,"H1,L1",1389256704.0,1389257216.0,done,,1774643292.3603692
729,7,"H1,L1",1389256192.0,1389256704.0,processing,,1774643438.607004
730,7,"H1,L1",1389256192.0,1389256704.0,done,,1774643600.2409608
731,7,"H1,L1",1389255680.0,1389256192.0,processing,,1774643600.274198
732,7,"H1,L1",1389255680.0,1389256192.0,done,,1774643848.091135
733,7,"H1,L1",1389255168.0,1389255680.0,processing,,1774643848.1300762
734,7,"H1,L1",1389255168.0,1389255680.0,done,,1774644158.5027578
735,7,"H1,L1",1389254656.0,1389255168.0,processing,,1774644158.5296738
736,7,"H1,L1",1389254656.0,1389255168.0,done,,1774644385.8210137
737,7,"H1,L1",1389254144.0,1389254656.0,processing,,1774644385.8376577
738,7,"H1,L1",1389254144.0,1389254656.0,done,,1774644540.877545
739,7,"H1,L1",1389253632.0,1389254144.0,processing,,1774644540.9102247
740,7,"H1,L1",1389253632.0,1389254144.0,done,,1774644692.270441
741,7,"H1,L1",1389253120.0,1389253632.0,processing,,1774644692.2964468
742,7,"H1,L1",1389253120.0,1389253632.0,done,,1774644976.4152591
743,7,"H1,L1",1389252608.0,1389253120.0,processing,,1774644976.4418454
744,7,"H1,L1",1389252608.0,1389253120.0,done,,1774645279.4870675
745,7,"H1,L1",1389252096.0,1389252608.0,gap,No GWOSC URLs found for H1 1389252096.0-1389252608.0,1774645280.1453052
746,7,"H1,L1",1389100544.0,1389101056.0,processing,,1774645471.1186855
747,7,"H1,L1",1389100544.0,1389101056.0,done,,1774645708.351854
748,7,"H1,L1",1389100032.0,1389100544.0,processing,,1774645708.3759468
749,7,"H1,L1",1389100032.0,1389100544.0,done,,1774645953.818393
750,7,"H1,L1",1389099520.0,1389100032.0,processing,,1774645953.848659
751,7,"H1,L1",1389099520.0,1389100032.0,done,,1774646269.8114443
752,7,"H1,L1",1389099008.0,1389099520.0,processing,,1774646269.8453934
753,7,"H1,L1",1389099008.0,1389099520.0,done,,1774646641.3959184
754,7,"H1,L1",1389098496.0,1389099008.0,processing,,1774646641.421347
755,7,"H1,L1",1389098496.0,1389099008.0,done,,1774646801.0725663
756,7,"H1,L1",1389097984.0,1389098496.0,processing,,1774646801.1036513
757,7,"H1,L1",1389097984.0,1389098496.0,done,,1774646932.095589
758,7,"H1,L1",1389097472.0,1389097984.0,processing,,1774646932.1219072
759,7,"H1,L1",1389097472.0,1389097984.0,done,,1774647078.6556857
760,7,"H1,L1",1389096960.0,1389097472.0,processing,,1774647078.674373
761,7,"H1,L1",1389096960.0,1389097472.0,done,,1774647320.3086715
762,7,"H1,L1",1389096448.0,1389096960.0,gap,No GWOSC URLs found for H1 1389096448.0-1389096960.0,1774647320.9606867
763,7,"H1,L1",1389084160.0,1389084672.0,processing,,1774647388.4652867
764,7,"H1,L1",1389084160.0,1389084672.0,done,,1774647388.9512737
765,7,"H1,L1",1389083648.0,1389084160.0,processing,,1774647388.9585812
766,7,"H1,L1",1389083648.0,1389084160.0,done,,1774647389.4230533
767,7,"H1,L1",1389083136.0,1389083648.0,processing,,1774647389.4413414
768,7,"H1,L1",1389083136.0,1389083648.0,done,,1774647389.916398
769,7,"H1,L1",1389082624.0,1389083136.0,processing,,1774647389.9348366
770,7,"H1,L1",1389082624.0,1389083136.0,done,,1774647390.43484
771,7,"H1,L1",1389082112.0,1389082624.0,processing,,1774647390.4534814
772,7,"H1,L1",1389082112.0,1389082624.0,done,,1774647391.0688374
773,7,"H1,L1",1389081600.0,1389082112.0,processing,,1774647391.0828102
774,7,"H1,L1",1389081600.0,1389082112.0,done,,1774647391.5646017
775,7,"H1,L1",1389081088.0,1389081600.0,processing,,1774647391.5792465
776,7,"H1,L1",1389081088.0,1389081600.0,done,,1774647915.655505
777,7,"H1,L1",1389080576.0,1389081088.0,processing,,1774647915.689114
778,7,"H1,L1",1389080576.0,1389081088.0,done,,1774648425.256275
779,7,"H1,L1",1389080064.0,1389080576.0,processing,,1774648611.9841208
780,7,"H1,L1",1389080064.0,1389080576.0,done,,1774649005.1343732
781,7,"H1,L1",1389079552.0,1389080064.0,processing,,1774649005.1680567
782,7,"H1,L1",1389079552.0,1389080064.0,done,,1774649396.9338574
783,7,"H1,L1",1389079040.0,1389079552.0,processing,,1774649396.9678442
784,7,"H1,L1",1389079040.0,1389079552.0,done,,1774649557.7658267
785,7,"H1,L1",1389078528.0,1389079040.0,processing,,1774649557.7980707
786,7,"H1,L1",1389078528.0,1389079040.0,done,,1774649894.6686165
787,7,"H1,L1",1389078016.0,1389078528.0,processing,,1774649894.7046163
788,7,"H1,L1",1389078016.0,1389078528.0,done,,1774650040.2806993
789,7,"H1,L1",1389077504.0,1389078016.0,processing,,1774650040.299429
790,7,"H1,L1",1389077504.0,1389078016.0,done,,1774650176.1066723
791,7,"H1,L1",1389076992.0,1389077504.0,processing,,1774650176.11839
792,7,"H1,L1",1389076992.0,1389077504.0,done,,1774650683.3886662
793,7,"H1,L1",1389076480.0,1389076992.0,processing,,1774650683.422653
794,7,"H1,L1",1389076480.0,1389076992.0,done,,1774650920.3124056
795,7,"H1,L1",1389075968.0,1389076480.0,processing,,1774651119.237982
796,7,"H1,L1",1389075968.0,1389076480.0,done,,1774651343.8966455
797,7,"H1,L1",1389075456.0,1389075968.0,processing,,1774651343.9078367
798,7,"H1,L1",1389075456.0,1389075968.0,done,,1774651460.3232183
799,7,"H1,L1",1389074944.0,1389075456.0,processing,,1774651460.3569238
800,7,"H1,L1",1389074944.0,1389075456.0,done,,1774651595.579738
801,7,"H1,L1",1389074432.0,1389074944.0,processing,,1774651595.613206
802,7,"H1,L1",1389074432.0,1389074944.0,done,,1774651763.9992955
803,7,"H1,L1",1389073920.0,1389074432.0,processing,,1774651764.0380776
804,7,"H1,L1",1389073920.0,1389074432.0,done,,1774651940.8229158
805,7,"H1,L1",1389073408.0,1389073920.0,processing,,1774651940.8554804
806,7,"H1,L1",1389073408.0,1389073920.0,done,,1774652339.7470891
807,7,"H1,L1",1389072896.0,1389073408.0,processing,,1774652339.779909
808,7,"H1,L1",1389072896.0,1389073408.0,done,,1774652696.343087
809,7,"H1,L1",1389072384.0,1389072896.0,processing,,1774652696.3606029
810,7,"H1,L1",1389072384.0,1389072896.0,done,,1774653085.4759545
811,7,"H1,L1",1389071872.0,1389072384.0,processing,,1774653342.174217
812,7,"H1,L1",1389071872.0,1389072384.0,done,,1774653571.2156813
813,7,"H1,L1",1389071360.0,1389071872.0,processing,,1774653571.2499356
814,7,"H1,L1",1389071360.0,1389071872.0,done,,1774654087.3934124
815,7,"H1,L1",1389070848.0,1389071360.0,processing,,1774654087.4286554
816,7,"H1,L1",1389070848.0,1389071360.0,done,,1774654334.567557
817,7,"H1,L1",1389070336.0,1389070848.0,processing,,1774654334.6073673
818,7,"H1,L1",1389070336.0,1389070848.0,done,,1774654687.1404185
819,7,"H1,L1",1389069824.0,1389070336.0,processing,,1774654687.166636
820,7,"H1,L1",1389069824.0,1389070336.0,done,,1774654965.6678886
821,7,"H1,L1",1389069312.0,1389069824.0,processing,,1774654965.7016015
822,7,"H1,L1",1389069312.0,1389069824.0,done,,1774655280.6098056
823,7,"H1,L1",1389068800.0,1389069312.0,processing,,1774655280.6385388
824,7,"H1,L1",1389068800.0,1389069312.0,done,,1774655695.8738718
825,7,"H1,L1",1389068288.0,1389068800.0,processing,,1774655695.9015486
826,7,"H1,L1",1389068288.0,1389068800.0,done,,1774655919.1968448
827,7,"H1,L1",1389067776.0,1389068288.0,processing,,1774656185.2030387
828,7,"H1,L1",1389067776.0,1389068288.0,done,,1774656587.7248073
829,7,"H1,L1",1389067264.0,1389067776.0,processing,,1774656587.7870317
830,7,"H1,L1",1389067264.0,1389067776.0,done,,1774656971.1586742
831,7,"H1,L1",1389066752.0,1389067264.0,processing,,1774656971.1871197
832,7,"H1,L1",1389066752.0,1389067264.0,done,,1774657293.5553746
833,7,"H1,L1",1389066240.0,1389066752.0,processing,,1774657293.587355
834,7,"H1,L1",1389066240.0,1389066752.0,done,,1774657622.0767534
835,7,"H1,L1",1389065728.0,1389066240.0,processing,,1774657622.0972621
836,7,"H1,L1",1389065728.0,1389066240.0,done,,1774657867.7732434
837,7,"H1,L1",1389065216.0,1389065728.0,processing,,1774657867.807659
838,7,"H1,L1",1389065216.0,1389065728.0,done,,1774658227.6064036
839,7,"H1,L1",1389064704.0,1389065216.0,processing,,1774658227.6325338
840,7,"H1,L1",1389064704.0,1389065216.0,done,,1774658593.9154153
841,7,"H1,L1",1389064192.0,1389064704.0,processing,,1774658593.9493072
842,7,"H1,L1",1389064192.0,1389064704.0,done,,1774658924.9867792
843,7,"H1,L1",1389063680.0,1389064192.0,processing,,1774659155.2230718
844,7,"H1,L1",1389063680.0,1389064192.0,done,,1774659603.6863008
845,7,"H1,L1",1389063168.0,1389063680.0,processing,,1774659603.7060912
846,7,"H1,L1",1389063168.0,1389063680.0,done,,1774659916.179355
847,7,"H1,L1",1389062656.0,1389063168.0,processing,,1774659916.204634
848,7,"H1,L1",1389062656.0,1389063168.0,done,,1774660410.753026
849,7,"H1,L1",1389062144.0,1389062656.0,processing,,1774660410.7821612
850,7,"H1,L1",1389062144.0,1389062656.0,done,,1774660754.9945414
851,7,"H1,L1",1389061632.0,1389062144.0,processing,,1774660755.02052
852,7,"H1,L1",1389061632.0,1389062144.0,done,,1774661008.1780577
853,7,"H1,L1",1389061120.0,1389061632.0,processing,,1774661008.1923351
854,7,"H1,L1",1389061120.0,1389061632.0,done,,1774661389.1176436
855,7,"H1,L1",1389060608.0,1389061120.0,processing,,1774661389.1248074
856,7,"H1,L1",1389060608.0,1389061120.0,done,,1774661780.2778132
857,7,"H1,L1",1389060096.0,1389060608.0,processing,,1774661780.30306
858,7,"H1,L1",1389060096.0,1389060608.0,done,,1774662124.5043006
859,7,"H1,L1",1389059584.0,1389060096.0,processing,,1774662379.0307024
860,8,"H1,L1",1389059584.0,1389060096.0,processing,,1774664577.0121121
861,8,"H1,L1",1389059584.0,1389060096.0,done,,1774664860.0180624
862,8,"H1,L1",1389059072.0,1389059584.0,processing,,1774664860.033574
863,8,"H1,L1",1389059072.0,1389059584.0,done,,1774665120.5686612
864,8,"H1,L1",1389058560.0,1389059072.0,processing,,1774665120.6035647
865,8,"H1,L1",1389058560.0,1389059072.0,done,,1774665485.9292333
866,8,"H1,L1",1389058048.0,1389058560.0,processing,,1774665485.9475698
867,8,"H1,L1",1389058048.0,1389058560.0,done,,1774665743.9507267
868,8,"H1,L1",1389057536.0,1389058048.0,processing,,1774665743.97204
869,8,"H1,L1",1389057536.0,1389058048.0,done,,1774666077.9015787
870,8,"H1,L1",1389057024.0,1389057536.0,processing,,1774666077.9347792
871,8,"H1,L1",1389057024.0,1389057536.0,done,,1774666472.7932549
872,8,"H1,L1",1389056512.0,1389057024.0,processing,,1774666472.8267856
873,8,"H1,L1",1389056512.0,1389057024.0,done,,1774666881.7266338
874,8,"H1,L1",1389056000.0,1389056512.0,processing,,1774666881.7599344
875,8,"H1,L1",1389056000.0,1389056512.0,done,,1774667119.9385104
876,8,"H1,L1",1389055488.0,1389056000.0,processing,,1774667380.388452
877,8,"H1,L1",1389055488.0,1389056000.0,done,,1774667636.0050108
878,8,"H1,L1",1389054976.0,1389055488.0,processing,,1774667636.0281956
879,8,"H1,L1",1389054976.0,1389055488.0,done,,1774667985.5536516
880,8,"H1,L1",1389054464.0,1389054976.0,processing,,1774667985.587069
881,8,"H1,L1",1389054464.0,1389054976.0,done,,1774668243.4572904
882,8,"H1,L1",1389053952.0,1389054464.0,processing,,1774668243.4869928
883,8,"H1,L1",1389053952.0,1389054464.0,done,,1774668519.1745222
884,8,"H1,L1",1389053440.0,1389053952.0,processing,,1774668519.2089393
885,8,"H1,L1",1389053440.0,1389053952.0,done,,1774668852.002457
886,8,"H1,L1",1389052928.0,1389053440.0,processing,,1774668852.028826
887,8,"H1,L1",1389052928.0,1389053440.0,done,,1774669093.2959917
888,8,"H1,L1",1389052416.0,1389052928.0,processing,,1774669093.310541
889,8,"H1,L1",1389052416.0,1389052928.0,done,,1774669508.2740757
890,8,"H1,L1",1389051904.0,1389052416.0,processing,,1774669508.307516
891,8,"H1,L1",1389051904.0,1389052416.0,done,,1774669910.2452006
892,8,"H1,L1",1389051392.0,1389051904.0,processing,,1774670195.1844893
893,8,"H1,L1",1389051392.0,1389051904.0,done,,1774670445.841632
894,8,"H1,L1",1389050880.0,1389051392.0,processing,,1774670445.8759158
895,8,"H1,L1",1389050880.0,1389051392.0,done,,1774670800.0472538
896,8,"H1,L1",1389050368.0,1389050880.0,processing,,1774670800.0868185
897,8,"H1,L1",1389050368.0,1389050880.0,done,,1774671082.9444325
898,8,"H1,L1",1389049856.0,1389050368.0,processing,,1774671082.9616275
899,8,"H1,L1",1389049856.0,1389050368.0,done,,1774671399.077622
900,8,"H1,L1",1389049344.0,1389049856.0,processing,,1774671399.1102905
901,8,"H1,L1",1389049344.0,1389049856.0,done,,1774671719.8542364
902,8,"H1,L1",1389048832.0,1389049344.0,processing,,1774671719.88009
903,8,"H1,L1",1389048832.0,1389049344.0,done,,1774671929.2322872
904,8,"H1,L1",1389048320.0,1389048832.0,processing,,1774671929.258434
905,8,"H1,L1",1389048320.0,1389048832.0,done,,1774672173.086417
906,8,"H1,L1",1389047808.0,1389048320.0,processing,,1774672173.1126156
907,8,"H1,L1",1389047808.0,1389048320.0,done,,1774672479.2148905
908,8,"H1,L1",1389047296.0,1389047808.0,processing,,1774672762.5267735
909,8,"H1,L1",1389047296.0,1389047808.0,done,,1774673072.8950512
910,8,"H1,L1",1389046784.0,1389047296.0,processing,,1774673072.928065
911,8,"H1,L1",1389046784.0,1389047296.0,done,,1774673401.1145084
912,8,"H1,L1",1389046272.0,1389046784.0,processing,,1774673401.1411266
913,8,"H1,L1",1389046272.0,1389046784.0,done,,1774673693.7864444
914,8,"H1,L1",1389045760.0,1389046272.0,processing,,1774673693.8179748
915,8,"H1,L1",1389045760.0,1389046272.0,done,,1774673947.094741
916,8,"H1,L1",1389045248.0,1389045760.0,processing,,1774673947.1300275
917,8,"H1,L1",1389045248.0,1389045760.0,done,,1774674278.1148674
918,8,"H1,L1",1389044736.0,1389045248.0,processing,,1774674278.1415746
919,8,"H1,L1",1389044736.0,1389045248.0,done,,1774674565.8162503
920,8,"H1,L1",1389044224.0,1389044736.0,processing,,1774674565.8509357
921,8,"H1,L1",1389044224.0,1389044736.0,done,,1774674978.896587
922,8,"H1,L1",1389043712.0,1389044224.0,processing,,1774674978.93022
923,8,"H1,L1",1389043712.0,1389044224.0,done,,1774675353.9022737
924,8,"H1,L1",1389043200.0,1389043712.0,processing,,1774675596.540748
925,8,"H1,L1",1389043200.0,1389043712.0,done,,1774675832.4029655
926,8,"H1,L1",1389042688.0,1389043200.0,processing,,1774675832.4197204
927,8,"H1,L1",1389042688.0,1389043200.0,done,,1774676192.946549
928,8,"H1,L1",1389042176.0,1389042688.0,processing,,1774676192.9731832
929,8,"H1,L1",1389042176.0,1389042688.0,done,,1774676611.0123065
930,8,"H1,L1",1389041664.0,1389042176.0,processing,,1774676611.0374792
931,8,"H1,L1",1389041664.0,1389042176.0,done,,1774676890.0212972
932,8,"H1,L1",1389041152.0,1389041664.0,processing,,1774676890.0526938
933,8,"H1,L1",1389041152.0,1389041664.0,done,,1774677218.39472
934,8,"H1,L1",1389040640.0,1389041152.0,processing,,1774677218.420875
935,8,"H1,L1",1389040640.0,1389041152.0,done,,1774677581.5494876
936,8,"H1,L1",1389040128.0,1389040640.0,processing,,1774677581.564774
937,8,"H1,L1",1389040128.0,1389040640.0,done,,1774678015.9595263
938,8,"H1,L1",1389039616.0,1389040128.0,processing,,1774678015.9707232
939,8,"H1,L1",1389039616.0,1389040128.0,done,,1774678442.394238
940,8,"H1,L1",1389039104.0,1389039616.0,processing,,1774678717.772731
941,8,"H1,L1",1389039104.0,1389039616.0,done,,1774679056.1115372
942,8,"H1,L1",1389038592.0,1389039104.0,processing,,1774679056.1443038
943,8,"H1,L1",1389038592.0,1389039104.0,done,,1774679488.14975
944,8,"H1,L1",1389038080.0,1389038592.0,processing,,1774679488.1566498
945,8,"H1,L1",1389038080.0,1389038592.0,done,,1774679754.0269794
946,8,"H1,L1",1389037568.0,1389038080.0,processing,,1774679754.0462482
947,8,"H1,L1",1389037568.0,1389038080.0,done,,1774680053.4846265
948,8,"H1,L1",1389037056.0,1389037568.0,processing,,1774680053.503991
949,8,"H1,L1",1389037056.0,1389037568.0,done,,1774680484.6427178
950,8,"H1,L1",1389036544.0,1389037056.0,processing,,1774680484.656549
951,8,"H1,L1",1389036544.0,1389037056.0,done,,1774680876.4133735
952,8,"H1,L1",1389036032.0,1389036544.0,processing,,1774680876.456346
953,8,"H1,L1",1389036032.0,1389036544.0,done,,1774681188.4760182
954,8,"H1,L1",1389035520.0,1389036032.0,processing,,1774681188.5016534
955,8,"H1,L1",1389035520.0,1389036032.0,done,,1774681527.6265056
956,8,"H1,L1",1389035008.0,1389035520.0,processing,,1774681807.526307
957,8,"H1,L1",1389035008.0,1389035520.0,done,,1774682034.7054114
958,8,"H1,L1",1389034496.0,1389035008.0,processing,,1774682034.7222457
959,8,"H1,L1",1389034496.0,1389035008.0,done,,1774682474.3900654
960,8,"H1,L1",1389033984.0,1389034496.0,processing,,1774682474.417748
961,8,"H1,L1",1389033984.0,1389034496.0,done,,1774682953.1050315
962,8,"H1,L1",1389033472.0,1389033984.0,processing,,1774682953.1314878
963,8,"H1,L1",1389033472.0,1389033984.0,done,,1774683415.1330445
964,8,"H1,L1",1389032960.0,1389033472.0,processing,,1774683415.1582403
965,8,"H1,L1",1389032960.0,1389033472.0,done,,1774683814.136899
966,8,"H1,L1",1389032448.0,1389032960.0,processing,,1774683814.1649725
967,8,"H1,L1",1389032448.0,1389032960.0,done,,1774684328.7572424
968,8,"H1,L1",1389031936.0,1389032448.0,processing,,1774684328.7895262
969,8,"H1,L1",1389031936.0,1389032448.0,done,,1774684729.1400483
970,8,"H1,L1",1389031424.0,1389031936.0,processing,,1774684729.1566505
971,8,"H1,L1",1389031424.0,1389031936.0,done,,1774684974.3582864
972,8,"H1,L1",1389030912.0,1389031424.0,processing,,1774685239.4837713
973,8,"H1,L1",1389030912.0,1389031424.0,done,,1774685606.2912693
974,8,"H1,L1",1389030400.0,1389030912.0,processing,,1774685606.316887
975,8,"H1,L1",1389030400.0,1389030912.0,done,,1774686027.673641
976,8,"H1,L1",1389029888.0,1389030400.0,processing,,1774686027.7073305
977,8,"H1,L1",1389029888.0,1389030400.0,done,,1774686379.6467586
978,8,"H1,L1",1389029376.0,1389029888.0,processing,,1774686379.6875107
979,8,"H1,L1",1389029376.0,1389029888.0,done,,1774686635.814018
980,8,"H1,L1",1389028864.0,1389029376.0,processing,,1774686635.828047
981,8,"H1,L1",1389028864.0,1389029376.0,done,,1774686938.5895243
982,8,"H1,L1",1389028352.0,1389028864.0,processing,,1774686938.6246066
983,8,"H1,L1",1389028352.0,1389028864.0,done,,1774687194.8722239
984,8,"H1,L1",1389027840.0,1389028352.0,processing,,1774687194.9065588
985,8,"H1,L1",1389027840.0,1389028352.0,done,,1774687632.4215462
986,8,"H1,L1",1389027328.0,1389027840.0,processing,,1774687632.4600666
987,8,"H1,L1",1389027328.0,1389027840.0,done,,1774687958.9018066
988,8,"H1,L1",1389026816.0,1389027328.0,processing,,1774688211.9733326
989,8,"H1,L1",1389026816.0,1389027328.0,done,,1774688582.2087297
990,8,"H1,L1",1389026304.0,1389026816.0,processing,,1774688582.2335742
991,8,"H1,L1",1389026304.0,1389026816.0,done,,1774688936.0251148
992,8,"H1,L1",1389025792.0,1389026304.0,processing,,1774688936.0533419
993,8,"H1,L1",1389025792.0,1389026304.0,done,,1774689194.8029222
994,8,"H1,L1",1389025280.0,1389025792.0,processing,,1774689194.8323157
995,8,"H1,L1",1389025280.0,1389025792.0,done,,1774689610.2614646
996,8,"H1,L1",1389024768.0,1389025280.0,processing,,1774689610.2864254
997,8,"H1,L1",1389024768.0,1389025280.0,done,,1774690079.653957
998,8,"H1,L1",1389024256.0,1389024768.0,processing,,1774690079.6827538
999,8,"H1,L1",1389024256.0,1389024768.0,done,,1774690575.9213607
1000,8,"H1,L1",1389023744.0,1389024256.0,processing,,1774690575.946215
1001,8,"H1,L1",1389023744.0,1389024256.0,done,,1774690931.6115265
1002,8,"H1,L1",1389023232.0,1389023744.0,processing,,1774690931.6215837
1003,8,"H1,L1",1389023232.0,1389023744.0,done,,1774691373.4471695
1004,8,"H1,L1",1389022720.0,1389023232.0,processing,,1774691600.096348
1005,8,"H1,L1",1389022720.0,1389023232.0,done,,1774691958.5297167
1006,8,"H1,L1",1389022208.0,1389022720.0,processing,,1774691958.5658667
1007,8,"H1,L1",1389022208.0,1389022720.0,done,,1774692355.6035886
1008,8,"H1,L1",1389021696.0,1389022208.0,processing,,1774692355.6367202
1009,8,"H1,L1",1389021696.0,1389022208.0,done,,1774692823.107358
1010,8,"H1,L1",1389021184.0,1389021696.0,processing,,1774692823.1097107
1011,8,"H1,L1",1389021184.0,1389021696.0,done,,1774693158.5701895
1012,8,"H1,L1",1389020672.0,1389021184.0,processing,,1774693158.5953367
1013,8,"H1,L1",1389020672.0,1389021184.0,done,,1774693454.0919094
1014,8,"H1,L1",1389020160.0,1389020672.0,processing,,1774693454.118562
1015,8,"H1,L1",1389020160.0,1389020672.0,done,,1774693870.0595713
1016,8,"H1,L1",1389019648.0,1389020160.0,processing,,1774693870.0928094
1017,8,"H1,L1",1389019648.0,1389020160.0,done,,1774694257.738966
1018,8,"H1,L1",1389019136.0,1389019648.0,processing,,1774694257.7741938
1019,8,"H1,L1",1389019136.0,1389019648.0,done,,1774694514.9161072
1020,8,"H1,L1",1389018624.0,1389019136.0,processing,,1774694809.1075215
1021,9,"H1,L1",1389018624.0,1389019136.0,processing,,1774698001.4955473
1022,9,"H1,L1",1389018624.0,1389019136.0,done,,1774698400.5456815
1023,9,"H1,L1",1389018112.0,1389018624.0,processing,,1774698400.572434
1024,9,"H1,L1",1389018112.0,1389018624.0,done,,1774698671.581983
1025,9,"H1,L1",1389017600.0,1389018112.0,processing,,1774698671.6131344
1026,9,"H1,L1",1389017600.0,1389018112.0,done,,1774699069.1673138
1027,9,"H1,L1",1389017088.0,1389017600.0,processing,,1774699069.1939805
1028,9,"H1,L1",1389017088.0,1389017600.0,done,,1774699460.1983073
1029,9,"H1,L1",1389016576.0,1389017088.0,processing,,1774699460.224062
1030,9,"H1,L1",1389016576.0,1389017088.0,done,,1774699936.0623028
1031,9,"H1,L1",1389016064.0,1389016576.0,processing,,1774699936.087875
1032,9,"H1,L1",1389016064.0,1389016576.0,done,,1774700268.1817253
1033,9,"H1,L1",1389015552.0,1389016064.0,processing,,1774700268.1977396
1034,9,"H1,L1",1389015552.0,1389016064.0,done,,1774700603.6208081
1035,9,"H1,L1",1389015040.0,1389015552.0,processing,,1774700603.646127
1036,9,"H1,L1",1389015040.0,1389015552.0,done,,1774700863.2268574
1037,9,"H1,L1",1389014528.0,1389015040.0,processing,,1774701116.3819919
1038,9,"H1,L1",1389014528.0,1389015040.0,done,,1774701548.6231341
1039,9,"H1,L1",1389014016.0,1389014528.0,processing,,1774701548.6579669
1040,9,"H1,L1",1389014016.0,1389014528.0,done,,1774701777.118702
1041,9,"H1,L1",1389013504.0,1389014016.0,processing,,1774701777.1560926
1042,9,"H1,L1",1389013504.0,1389014016.0,done,,1774702132.2022672
1043,9,"H1,L1",1389012992.0,1389013504.0,processing,,1774702132.215497
1044,9,"H1,L1",1389012992.0,1389013504.0,done,,1774702536.9554632
1045,9,"H1,L1",1389012480.0,1389012992.0,processing,,1774702536.9700382
1046,9,"H1,L1",1389012480.0,1389012992.0,done,,1774703013.016685
1047,9,"H1,L1",1389011968.0,1389012480.0,processing,,1774703013.0503402
1048,9,"H1,L1",1389011968.0,1389012480.0,done,,1774703246.7327485
1049,9,"H1,L1",1389011456.0,1389011968.0,processing,,1774703246.7594085
1050,9,"H1,L1",1389011456.0,1389011968.0,done,,1774703553.2302692
1051,9,"H1,L1",1389010944.0,1389011456.0,processing,,1774703553.2656891
1052,9,"H1,L1",1389010944.0,1389011456.0,done,,1774703815.7892714
1053,9,"H1,L1",1389010432.0,1389010944.0,processing,,1774704019.1371791
1054,9,"H1,L1",1389010432.0,1389010944.0,done,,1774704396.7074192
1055,9,"H1,L1",1389009920.0,1389010432.0,processing,,1774704396.7423081
1056,9,"H1,L1",1389009920.0,1389010432.0,done,,1774704745.131722
1057,9,"H1,L1",1389009408.0,1389009920.0,processing,,1774704745.1401544
1058,9,"H1,L1",1389009408.0,1389009920.0,done,,1774704880.105402
1059,9,"H1,L1",1389008896.0,1389009408.0,processing,,1774704880.1067762
1060,9,"H1,L1",1389008896.0,1389009408.0,done,,1774705057.1401668
1061,9,"H1,L1",1389008384.0,1389008896.0,processing,,1774705057.1727831
1062,9,"H1,L1",1389008384.0,1389008896.0,done,,1774705198.0937006
1063,9,"H1,L1",1389007872.0,1389008384.0,processing,,1774705198.1320488
1064,9,"H1,L1",1389007872.0,1389008384.0,done,,1774705342.4970245
1065,9,"H1,L1",1389007360.0,1389007872.0,processing,,1774705342.5068169
1066,9,"H1,L1",1389007360.0,1389007872.0,done,,1774705440.8287172
1067,9,"H1,L1",1389006848.0,1389007360.0,processing,,1774705440.8684819
1068,9,"H1,L1",1389006848.0,1389007360.0,done,,1774705636.874389
1069,9,"H1,L1",1389006336.0,1389006848.0,gap,No GWOSC URLs found for L1 1389006336.0-1389006848.0,1774705783.5755978
1070,9,"H1,L1",1389002240.0,1389002752.0,processing,,1774706012.1439319
1071,9,"H1,L1",1389002240.0,1389002752.0,done,,1774706222.037437
1072,9,"H1,L1",1389001728.0,1389002240.0,processing,,1774706222.062114
1073,9,"H1,L1",1389001728.0,1389002240.0,done,,1774706487.3492126
1074,9,"H1,L1",1389001216.0,1389001728.0,processing,,1774706487.3752158
1075,9,"H1,L1",1389001216.0,1389001728.0,done,,1774706951.0737917
1076,9,"H1,L1",1389000704.0,1389001216.0,processing,,1774706951.0949695
1077,9,"H1,L1",1389000704.0,1389001216.0,done,,1774707539.7460518
1078,9,"H1,L1",1389000192.0,1389000704.0,processing,,1774707539.7709563
1079,9,"H1,L1",1389000192.0,1389000704.0,done,,1774707939.445409
1080,9,"H1,L1",1388999680.0,1389000192.0,processing,,1774707939.4803941
1081,10,"H1,L1",1388999680.0,1389000192.0,processing,,1774711716.2209618
1082,10,"H1,L1",1388999680.0,1389000192.0,done,,1774712108.6959028
1083,10,"H1,L1",1388999168.0,1388999680.0,processing,,1774712108.7345195
1084,10,"H1,L1",1388999168.0,1388999680.0,done,,1774712340.953043
1085,10,"H1,L1",1388998656.0,1388999168.0,processing,,1774712340.9798276
1086,10,"H1,L1",1388998656.0,1388999168.0,done,,1774712578.4941707
1087,10,"H1,L1",1388998144.0,1388998656.0,processing,,1774712850.9126558
1088,10,"H1,L1",1388998144.0,1388998656.0,done,,1774713181.8267832
1089,10,"H1,L1",1388997632.0,1388998144.0,processing,,1774713181.8525941
1090,10,"H1,L1",1388997632.0,1388998144.0,done,,1774713501.9095938
1091,10,"H1,L1",1388997120.0,1388997632.0,processing,,1774713501.9330785
1092,11,"H1,L1",1388997120.0,1388997632.0,processing,,1774715719.471431
1093,11,"H1,L1",1388997120.0,1388997632.0,done,,1774716009.6130278
1094,11,"H1,L1",1388996608.0,1388997120.0,processing,,1774716009.6398306
1095,11,"H1,L1",1388996608.0,1388997120.0,done,,1774716248.4502294
1096,11,"H1,L1",1388996096.0,1388996608.0,processing,,1774716248.485153
1097,11,"H1,L1",1388996096.0,1388996608.0,done,,1774716496.0151973
1098,11,"H1,L1",1388995584.0,1388996096.0,processing,,1774716496.0440938
1099,11,"H1,L1",1388995584.0,1388996096.0,done,,1774716904.9309359
1100,11,"H1,L1",1388995072.0,1388995584.0,processing,,1774716904.9509351
1101,11,"H1,L1",1388995072.0,1388995584.0,done,,1774717185.4114149
1102,11,"H1,L1",1388994560.0,1388995072.0,processing,,1774717185.4247904
1103,11,"H1,L1",1388994560.0,1388995072.0,done,,1774717587.0150914
1104,11,"H1,L1",1388994048.0,1388994560.0,processing,,1774717856.1859236
1105,11,"H1,L1",1388994048.0,1388994560.0,done,,1774718200.1035132
1106,11,"H1,L1",1388993536.0,1388994048.0,processing,,1774718200.1106167
1107,11,"H1,L1",1388993536.0,1388994048.0,done,,1774718533.5853865
1108,11,"H1,L1",1388993024.0,1388993536.0,processing,,1774718533.6190035
1109,11,"H1,L1",1388993024.0,1388993536.0,done,,1774718871.5898938
1110,11,"H1,L1",1388992512.0,1388993024.0,processing,,1774718871.6241655
1111,11,"H1,L1",1388992512.0,1388993024.0,done,,1774719198.7477286
1112,11,"H1,L1",1388992000.0,1388992512.0,processing,,1774719198.7717133
1113,11,"H1,L1",1388992000.0,1388992512.0,done,,1774719603.3296833
1114,11,"H1,L1",1388991488.0,1388992000.0,processing,,1774719603.3625972
1115,11,"H1,L1",1388991488.0,1388992000.0,done,,1774719955.3477893
1116,11,"H1,L1",1388990976.0,1388991488.0,processing,,1774719955.373558
1117,11,"H1,L1",1388990976.0,1388991488.0,done,,1774720330.2421312
1118,11,"H1,L1",1388990464.0,1388990976.0,processing,,1774720330.2810194
1119,11,"H1,L1",1388990464.0,1388990976.0,done,,1774720520.12998
1120,11,"H1,L1",1388989952.0,1388990464.0,processing,,1774720758.160225
1121,11,"H1,L1",1388989952.0,1388990464.0,done,,1774721095.2643838
1122,11,"H1,L1",1388989440.0,1388989952.0,processing,,1774721095.2976506
1123,11,"H1,L1",1388989440.0,1388989952.0,done,,1774721369.3198156
1124,11,"H1,L1",1388988928.0,1388989440.0,processing,,1774721369.3544133
1125,11,"H1,L1",1388988928.0,1388989440.0,done,,1774721580.7638538
1126,11,"H1,L1",1388988416.0,1388988928.0,processing,,1774721580.8032718
1127,11,"H1,L1",1388988416.0,1388988928.0,done,,1774721886.9214482
1128,11,"H1,L1",1388987904.0,1388988416.0,processing,,1774721886.948011
1129,11,"H1,L1",1388987904.0,1388988416.0,done,,1774722245.3322058
1130,11,"H1,L1",1388987392.0,1388987904.0,processing,,1774722245.3716354
1131,11,"H1,L1",1388987392.0,1388987904.0,done,,1774722728.5984495
1132,11,"H1,L1",1388986880.0,1388987392.0,processing,,1774722728.624079
1133,11,"H1,L1",1388986880.0,1388987392.0,done,,1774723099.3685725
1134,11,"H1,L1",1388986368.0,1388986880.0,processing,,1774723099.3972816
1135,11,"H1,L1",1388986368.0,1388986880.0,done,,1774723650.042019
1136,11,"H1,L1",1388985856.0,1388986368.0,processing,,1774723777.5545032
1137,11,"H1,L1",1388985856.0,1388986368.0,done,,1774723883.9047098
1138,11,"H1,L1",1388985344.0,1388985856.0,processing,,1774723883.931757
1139,11,"H1,L1",1388985344.0,1388985856.0,done,,1774724028.131094
1140,11,"H1,L1",1388984832.0,1388985344.0,processing,,1774724028.1577172
1141,11,"H1,L1",1388984832.0,1388985344.0,done,,1774724185.270573
1142,11,"H1,L1",1388984320.0,1388984832.0,processing,,1774724185.30371
1143,11,"H1,L1",1388984320.0,1388984832.0,done,,1774724377.9777727
1144,11,"H1,L1",1388983808.0,1388984320.0,processing,,1774724377.9851346
1145,11,"H1,L1",1388983808.0,1388984320.0,done,,1774724502.317166
1146,11,"H1,L1",1388983296.0,1388983808.0,processing,,1774724502.3577838
1147,11,"H1,L1",1388983296.0,1388983808.0,done,,1774724656.9722664
1148,11,"H1,L1",1388982784.0,1388983296.0,processing,,1774724657.005478
1149,11,"H1,L1",1388982784.0,1388983296.0,done,,1774724936.245446
1150,11,"H1,L1",1388982272.0,1388982784.0,processing,,1774724936.2602973
1151,11,"H1,L1",1388982272.0,1388982784.0,done,,1774725511.6861067
1152,11,"H1,L1",1388981760.0,1388982272.0,processing,,1774725768.033869
1153,11,"H1,L1",1388981760.0,1388982272.0,done,,1774726176.8350358
1154,11,"H1,L1",1388981248.0,1388981760.0,processing,,1774726176.8681867
1155,11,"H1,L1",1388981248.0,1388981760.0,done,,1774726408.2275295
1156,11,"H1,L1",1388980736.0,1388981248.0,processing,,1774726408.2541077
1157,11,"H1,L1",1388980736.0,1388981248.0,done,,1774726670.6957884
1158,11,"H1,L1",1388980224.0,1388980736.0,processing,,1774726670.7105806
1159,11,"H1,L1",1388980224.0,1388980736.0,done,,1774726959.6855447
1160,11,"H1,L1",1388979712.0,1388980224.0,processing,,1774726959.727277
1161,11,"H1,L1",1388979712.0,1388980224.0,done,,1774727267.5892463
1162,11,"H1,L1",1388979200.0,1388979712.0,processing,,1774727267.6282248
1163,11,"H1,L1",1388979200.0,1388979712.0,done,,1774727501.8579967
1164,11,"H1,L1",1388978688.0,1388979200.0,processing,,1774727501.885654
1165,11,"H1,L1",1388978688.0,1388979200.0,done,,1774728071.4055505
1166,11,"H1,L1",1388978176.0,1388978688.0,processing,,1774728071.433518
1167,11,"H1,L1",1388978176.0,1388978688.0,done,,1774728310.180603
1168,11,"H1,L1",1388977664.0,1388978176.0,processing,,1774728448.2499492
1169,11,"H1,L1",1388977664.0,1388978176.0,done,,1774728979.0253518
1170,11,"H1,L1",1388977152.0,1388977664.0,processing,,1774728979.0615504
1171,11,"H1,L1",1388977152.0,1388977664.0,done,,1774729217.858487
1172,11,"H1,L1",1388976640.0,1388977152.0,processing,,1774729217.8920834
1173,11,"H1,L1",1388976640.0,1388977152.0,done,,1774729361.3137372
1174,11,"H1,L1",1388976128.0,1388976640.0,processing,,1774729361.3529541
1175,11,"H1,L1",1388976128.0,1388976640.0,done,,1774729510.79012
1176,11,"H1,L1",1388975616.0,1388976128.0,processing,,1774729510.8242948
1177,11,"H1,L1",1388975616.0,1388976128.0,done,,1774729636.9212952
1178,11,"H1,L1",1388975104.0,1388975616.0,processing,,1774729636.940109
1179,11,"H1,L1",1388975104.0,1388975616.0,done,,1774729789.7925365
1180,11,"H1,L1",1388974592.0,1388975104.0,processing,,1774729789.8307307
1181,11,"H1,L1",1388974592.0,1388975104.0,done,,1774729907.2873418
1182,11,"H1,L1",1388974080.0,1388974592.0,processing,,1774729907.321228
1183,11,"H1,L1",1388974080.0,1388974592.0,done,,1774730119.471831
1184,11,"H1,L1",1388973568.0,1388974080.0,gap,No GWOSC URLs found for L1 1388973568.0-1388974080.0,1774730252.7604704
1185,11,"H1,L1",1388695040.0,1388695552.0,processing,,1774730281.4340487
1186,11,"H1,L1",1388695040.0,1388695552.0,done,,1774730760.0461893
1187,11,"H1,L1",1388694528.0,1388695040.0,processing,,1774730760.0796783
1188,11,"H1,L1",1388694528.0,1388695040.0,done,,1774730760.5849595
1189,11,"H1,L1",1388694016.0,1388694528.0,processing,,1774730760.6043782
1190,11,"H1,L1",1388694016.0,1388694528.0,done,,1774730761.0457969
1191,11,"H1,L1",1388693504.0,1388694016.0,processing,,1774730761.052671
1192,11,"H1,L1",1388693504.0,1388694016.0,done,,1774730761.4798274
1193,11,"H1,L1",1388692992.0,1388693504.0,processing,,1774730761.4945958
1194,11,"H1,L1",1388692992.0,1388693504.0,done,,1774730761.917432
1195,11,"H1,L1",1388692480.0,1388692992.0,processing,,1774730761.9277139
1196,11,"H1,L1",1388692480.0,1388692992.0,done,,1774730762.355512
1197,11,"H1,L1",1388691968.0,1388692480.0,processing,,1774730762.365767
1198,11,"H1,L1",1388691968.0,1388692480.0,done,,1774730762.7866592
1199,11,"H1,L1",1388691456.0,1388691968.0,processing,,1774730762.7880201
1200,11,"H1,L1",1388691456.0,1388691968.0,done,,1774730850.0871773
1201,11,"H1,L1",1388690944.0,1388691456.0,processing,,1774731033.0087159
1202,11,"H1,L1",1388690944.0,1388691456.0,done,,1774731196.977693
1203,11,"H1,L1",1388690432.0,1388690944.0,processing,,1774731196.9955363
1204,11,"H1,L1",1388690432.0,1388690944.0,done,,1774731336.9356952
1205,11,"H1,L1",1388689920.0,1388690432.0,processing,,1774731336.9720497
1206,11,"H1,L1",1388689920.0,1388690432.0,done,,1774731561.2839231
1207,11,"H1,L1",1388689408.0,1388689920.0,processing,,1774731561.3169277
1208,11,"H1,L1",1388689408.0,1388689920.0,done,,1774731691.8120584
1209,11,"H1,L1",1388688896.0,1388689408.0,processing,,1774731691.8405616
1210,11,"H1,L1",1388688896.0,1388689408.0,done,,1774731952.774248
1211,11,"H1,L1",1388688384.0,1388688896.0,processing,,1774731952.780204
1212,11,"H1,L1",1388688384.0,1388688896.0,done,,1774732460.2694576
1213,11,"H1,L1",1388687872.0,1388688384.0,processing,,1774732460.2899117
1214,11,"H1,L1",1388687872.0,1388688384.0,done,,1774732822.7251344
1215,11,"H1,L1",1388687360.0,1388687872.0,processing,,1774732822.7387679
1216,11,"H1,L1",1388687360.0,1388687872.0,done,,1774733261.5599327
1217,11,"H1,L1",1388686848.0,1388687360.0,processing,,1774733535.7902532
1218,11,"H1,L1",1388686848.0,1388687360.0,done,,1774733886.515934
1219,11,"H1,L1",1388686336.0,1388686848.0,processing,,1774733886.540592
1220,11,"H1,L1",1388686336.0,1388686848.0,done,,1774734212.163203
1221,11,"H1,L1",1388685824.0,1388686336.0,processing,,1774734212.1965878
1222,11,"H1,L1",1388685824.0,1388686336.0,done,,1774734761.5634623
1223,11,"H1,L1",1388685312.0,1388685824.0,processing,,1774734761.5846221
1224,11,"H1,L1",1388685312.0,1388685824.0,done,,1774734997.6770139
1225,11,"H1,L1",1388684800.0,1388685312.0,processing,,1774734997.7104514
1226,11,"H1,L1",1388684800.0,1388685312.0,done,,1774735573.694514
1227,11,"H1,L1",1388684288.0,1388684800.0,processing,,1774735573.7320316
1228,11,"H1,L1",1388684288.0,1388684800.0,done,,1774735860.9702547
1229,11,"H1,L1",1388683776.0,1388684288.0,processing,,1774735861.0039284
1230,11,"H1,L1",1388683776.0,1388684288.0,done,,1774736098.146232
1231,11,"H1,L1",1388683264.0,1388683776.0,processing,,1774736098.1724687
1232,11,"H1,L1",1388683264.0,1388683776.0,done,,1774736519.8386245
1233,11,"H1,L1",1388682752.0,1388683264.0,processing,,1774736771.3067944
1234,11,"H1,L1",1388682752.0,1388683264.0,done,,1774737165.285234
1235,11,"H1,L1",1388682240.0,1388682752.0,processing,,1774737165.310451
1236,12,"H1,L1",1388682240.0,1388682752.0,processing,,1774739245.4436805
1237,12,"H1,L1",1388682240.0,1388682752.0,done,,1774739520.067583
1238,12,"H1,L1",1388681728.0,1388682240.0,processing,,1774739520.1026573
1239,12,"H1,L1",1388681728.0,1388682240.0,done,,1774739755.209871
1240,12,"H1,L1",1388681216.0,1388681728.0,processing,,1774739755.2361956
1241,12,"H1,L1",1388681216.0,1388681728.0,done,,1774740181.4109855
1242,12,"H1,L1",1388680704.0,1388681216.0,processing,,1774740181.4447784
1243,12,"H1,L1",1388680704.0,1388681216.0,done,,1774740478.165285
1244,12,"H1,L1",1388680192.0,1388680704.0,processing,,1774740478.1982353
1245,12,"H1,L1",1388680192.0,1388680704.0,done,,1774740758.2852495
1246,12,"H1,L1",1388679680.0,1388680192.0,processing,,1774740758.3112926
1247,12,"H1,L1",1388679680.0,1388680192.0,done,,1774741154.530368
1248,12,"H1,L1",1388679168.0,1388679680.0,processing,,1774741154.5635982
1249,12,"H1,L1",1388679168.0,1388679680.0,done,,1774741603.315155
1250,12,"H1,L1",1388678656.0,1388679168.0,processing,,1774741906.9945323
1251,12,"H1,L1",1388678656.0,1388679168.0,done,,1774742192.510252
1252,12,"H1,L1",1388678144.0,1388678656.0,processing,,1774742192.543804
1253,12,"H1,L1",1388678144.0,1388678656.0,done,,1774742486.417098
1254,12,"H1,L1",1388677632.0,1388678144.0,processing,,1774742486.4301555
1255,12,"H1,L1",1388677632.0,1388678144.0,done,,1774742849.417409
1256,12,"H1,L1",1388677120.0,1388677632.0,processing,,1774742849.4307876
1257,12,"H1,L1",1388677120.0,1388677632.0,done,,1774743194.6056917
1258,12,"H1,L1",1388676608.0,1388677120.0,processing,,1774743194.631869
1259,12,"H1,L1",1388676608.0,1388677120.0,done,,1774743596.5803974
1260,12,"H1,L1",1388676096.0,1388676608.0,processing,,1774743596.5997407
1261,12,"H1,L1",1388676096.0,1388676608.0,done,,1774743859.5030425
1262,12,"H1,L1",1388675584.0,1388676096.0,processing,,1774743859.522925
1263,12,"H1,L1",1388675584.0,1388676096.0,done,,1774744181.9114516
1264,12,"H1,L1",1388675072.0,1388675584.0,processing,,1774744181.9421766
1265,12,"H1,L1",1388675072.0,1388675584.0,done,,1774744426.9315443
1266,12,"H1,L1",1388674560.0,1388675072.0,processing,,1774744717.861396
1267,12,"H1,L1",1388674560.0,1388675072.0,done,,1774744986.7267542
1268,12,"H1,L1",1388674048.0,1388674560.0,processing,,1774744986.7520144
1269,12,"H1,L1",1388674048.0,1388674560.0,done,,1774745319.4893363
1270,12,"H1,L1",1388673536.0,1388674048.0,processing,,1774745319.5193653
1271,12,"H1,L1",1388673536.0,1388674048.0,done,,1774745571.8296978
1272,12,"H1,L1",1388673024.0,1388673536.0,processing,,1774745571.854862
1273,12,"H1,L1",1388673024.0,1388673536.0,done,,1774746001.891159
1274,12,"H1,L1",1388672512.0,1388673024.0,processing,,1774746001.917387
1275,12,"H1,L1",1388672512.0,1388673024.0,done,,1774746335.4526594
1276,12,"H1,L1",1388672000.0,1388672512.0,processing,,1774746335.4800353
1277,12,"H1,L1",1388672000.0,1388672512.0,done,,1774746704.4517195
1278,12,"H1,L1",1388671488.0,1388672000.0,processing,,1774746704.480696
1279,12,"H1,L1",1388671488.0,1388672000.0,done,,1774747074.2537715
1280,12,"H1,L1",1388670976.0,1388671488.0,processing,,1774747074.2796423
1281,12,"H1,L1",1388670976.0,1388671488.0,done,,1774747403.024502
1282,12,"H1,L1",1388670464.0,1388670976.0,processing,,1774747650.2154088
1283,12,"H1,L1",1388670464.0,1388670976.0,done,,1774748013.2324913
1284,12,"H1,L1",1388669952.0,1388670464.0,processing,,1774748013.258005
1285,12,"H1,L1",1388669952.0,1388670464.0,done,,1774748328.6937876
1286,12,"H1,L1",1388669440.0,1388669952.0,processing,,1774748328.7486758
1287,12,"H1,L1",1388669440.0,1388669952.0,done,,1774748650.3619707
1288,12,"H1,L1",1388668928.0,1388669440.0,processing,,1774748650.3879254
1289,12,"H1,L1",1388668928.0,1388669440.0,done,,1774748923.8915052
1290,12,"H1,L1",1388668416.0,1388668928.0,processing,,1774748923.917613
1291,12,"H1,L1",1388668416.0,1388668928.0,done,,1774749199.738363
1292,12,"H1,L1",1388667904.0,1388668416.0,processing,,1774749199.7725353
1293,12,"H1,L1",1388667904.0,1388668416.0,done,,1774749637.053875
1294,12,"H1,L1",1388667392.0,1388667904.0,processing,,1774749637.0792644
1295,12,"H1,L1",1388667392.0,1388667904.0,done,,1774750036.3622262
1296,12,"H1,L1",1388666880.0,1388667392.0,processing,,1774750036.4027162
1297,13,"H1,L1",1388666880.0,1388667392.0,processing,,1774754733.4558003
1298,13,"H1,L1",1388666880.0,1388667392.0,done,,1774755100.6138854
1299,13,"H1,L1",1388666368.0,1388666880.0,processing,,1774755361.8013186
1300,13,"H1,L1",1388666368.0,1388666880.0,done,,1774755650.0619643
1301,13,"H1,L1",1388665856.0,1388666368.0,processing,,1774755650.0963082
1302,13,"H1,L1",1388665856.0,1388666368.0,done,,1774756036.6202085
1303,13,"H1,L1",1388665344.0,1388665856.0,processing,,1774756036.6453629
1304,13,"H1,L1",1388665344.0,1388665856.0,done,,1774756373.3675
1305,13,"H1,L1",1388664832.0,1388665344.0,processing,,1774756373.393267
1306,13,"H1,L1",1388664832.0,1388665344.0,done,,1774756737.3759375
1307,13,"H1,L1",1388664320.0,1388664832.0,processing,,1774756737.4032443
1308,13,"H1,L1",1388664320.0,1388664832.0,done,,1774757214.2391994
1309,13,"H1,L1",1388663808.0,1388664320.0,processing,,1774757214.267486
1310,13,"H1,L1",1388663808.0,1388664320.0,done,,1774757800.9632206
1311,13,"H1,L1",1388663296.0,1388663808.0,processing,,1774757800.997035
1312,13,"H1,L1",1388663296.0,1388663808.0,done,,1774758062.7923117
1313,13,"H1,L1",1388662784.0,1388663296.0,processing,,1774758062.8120368
1314,13,"H1,L1",1388662784.0,1388663296.0,done,,1774758424.9073286
1315,13,"H1,L1",1388662272.0,1388662784.0,processing,,1774758684.4531188
1316,13,"H1,L1",1388662272.0,1388662784.0,done,,1774759029.097356
1317,13,"H1,L1",1388661760.0,1388662272.0,processing,,1774759029.1307087
1318,13,"H1,L1",1388661760.0,1388662272.0,done,,1774759282.1759486
1319,13,"H1,L1",1388661248.0,1388661760.0,processing,,1774759282.2021298
1320,13,"H1,L1",1388661248.0,1388661760.0,done,,1774759705.1150136
1321,13,"H1,L1",1388660736.0,1388661248.0,processing,,1774759705.1244144
1322,13,"H1,L1",1388660736.0,1388661248.0,done,,1774760073.2973983
1323,13,"H1,L1",1388660224.0,1388660736.0,processing,,1774760073.3387485
1324,13,"H1,L1",1388660224.0,1388660736.0,done,,1774760313.5156298
1325,13,"H1,L1",1388659712.0,1388660224.0,processing,,1774760313.5426009
1326,13,"H1,L1",1388659712.0,1388660224.0,done,,1774760528.9039319
1327,13,"H1,L1",1388659200.0,1388659712.0,processing,,1774760528.9202886
1328,13,"H1,L1",1388659200.0,1388659712.0,done,,1774760929.1802206
1329,13,"H1,L1",1388658688.0,1388659200.0,processing,,1774760929.1962624
1330,13,"H1,L1",1388658688.0,1388659200.0,done,,1774761275.514906
1331,13,"H1,L1",1388658176.0,1388658688.0,processing,,1774761534.6441152
1332,13,"H1,L1",1388658176.0,1388658688.0,done,,1774761816.660742
1333,13,"H1,L1",1388657664.0,1388658176.0,processing,,1774761816.6872332
1334,13,"H1,L1",1388657664.0,1388658176.0,done,,1774762259.5249565
1335,13,"H1,L1",1388657152.0,1388657664.0,processing,,1774762259.5502234
1336,13,"H1,L1",1388657152.0,1388657664.0,done,,1774762657.7400963
1337,13,"H1,L1",1388656640.0,1388657152.0,processing,,1774762657.7696412
1338,13,"H1,L1",1388656640.0,1388657152.0,done,,1774762971.394462
1339,13,"H1,L1",1388656128.0,1388656640.0,processing,,1774762971.4200172
1340,13,"H1,L1",1388656128.0,1388656640.0,done,,1774763248.1110103
1341,13,"H1,L1",1388655616.0,1388656128.0,processing,,1774763248.1459517
1342,13,"H1,L1",1388655616.0,1388656128.0,done,,1774763488.0487309
1343,13,"H1,L1",1388655104.0,1388655616.0,processing,,1774763488.084636
1344,13,"H1,L1",1388655104.0,1388655616.0,done,,1774763859.680931
1345,13,"H1,L1",1388654592.0,1388655104.0,processing,,1774763859.7071288
1346,13,"H1,L1",1388654592.0,1388655104.0,done,,1774764147.7166538
1347,13,"H1,L1",1388654080.0,1388654592.0,processing,,1774764398.0581744
1348,13,"H1,L1",1388654080.0,1388654592.0,done,,1774764650.5715744
1349,13,"H1,L1",1388653568.0,1388654080.0,processing,,1774764650.5876467
1350,13,"H1,L1",1388653568.0,1388654080.0,done,,1774764965.2107735
1351,13,"H1,L1",1388653056.0,1388653568.0,processing,,1774764965.2181134
1352,13,"H1,L1",1388653056.0,1388653568.0,done,,1774765191.7150054
1353,13,"H1,L1",1388652544.0,1388653056.0,processing,,1774765191.7490463
1354,13,"H1,L1",1388652544.0,1388653056.0,done,,1774765475.048015
1355,13,"H1,L1",1388652032.0,1388652544.0,processing,,1774765475.074489
1356,13,"H1,L1",1388652032.0,1388652544.0,done,,1774765908.28426
1357,13,"H1,L1",1388651520.0,1388652032.0,processing,,1774765908.3096662
1358,13,"H1,L1",1388651520.0,1388652032.0,done,,1774766318.3777483
1359,13,"H1,L1",1388651008.0,1388651520.0,processing,,1774766318.4116013
1360,13,"H1,L1",1388651008.0,1388651520.0,done,,1774766663.9738379
1361,13,"H1,L1",1388650496.0,1388651008.0,processing,,1774766663.999689
1362,13,"H1,L1",1388650496.0,1388651008.0,done,,1774766954.602576
1363,13,"H1,L1",1388649984.0,1388650496.0,processing,,1774767217.7515802
1364,13,"H1,L1",1388649984.0,1388650496.0,done,,1774767641.1880367
1365,13,"H1,L1",1388649472.0,1388649984.0,processing,,1774767641.2138157
1366,13,"H1,L1",1388649472.0,1388649984.0,done,,1774767907.2588897
1367,13,"H1,L1",1388648960.0,1388649472.0,processing,,1774767907.2784224
1368,13,"H1,L1",1388648960.0,1388649472.0,done,,1774768173.3167922
1369,13,"H1,L1",1388648448.0,1388648960.0,processing,,1774768173.342061
1370,13,"H1,L1",1388648448.0,1388648960.0,done,,1774768395.2334383
1371,13,"H1,L1",1388647936.0,1388648448.0,processing,,1774768395.24806
1372,13,"H1,L1",1388647936.0,1388648448.0,done,,1774768811.2857082
1373,13,"H1,L1",1388647424.0,1388647936.0,processing,,1774768811.3084533
1374,13,"H1,L1",1388647424.0,1388647936.0,done,,1774769253.6397746
1375,13,"H1,L1",1388646912.0,1388647424.0,processing,,1774769253.6677208
1376,13,"H1,L1",1388646912.0,1388647424.0,done,,1774769529.8354
1377,13,"H1,L1",1388646400.0,1388646912.0,processing,,1774769529.869031
1378,13,"H1,L1",1388646400.0,1388646912.0,done,,1774769866.231462
1379,13,"H1,L1",1388645888.0,1388646400.0,processing,,1774770007.7005541
1380,13,"H1,L1",1388645888.0,1388646400.0,done,,1774770393.2671545
1381,13,"H1,L1",1388645376.0,1388645888.0,processing,,1774770393.292378
1382,13,"H1,L1",1388645376.0,1388645888.0,done,,1774770753.962605
1383,13,"H1,L1",1388644864.0,1388645376.0,processing,,1774770753.9954884
1384,13,"H1,L1",1388644864.0,1388645376.0,done,,1774771382.990766
1385,13,"H1,L1",1388644352.0,1388644864.0,processing,,1774771383.0178542
1386,13,"H1,L1",1388644352.0,1388644864.0,done,,1774771593.6353781
1387,13,"H1,L1",1388643840.0,1388644352.0,processing,,1774771593.6642385
1388,13,"H1,L1",1388643840.0,1388644352.0,done,,1774771730.9737437
1389,13,"H1,L1",1388643328.0,1388643840.0,processing,,1774771730.9988792
1390,13,"H1,L1",1388643328.0,1388643840.0,done,,1774771886.7255716
1391,13,"H1,L1",1388642816.0,1388643328.0,processing,,1774771886.75097
1392,13,"H1,L1",1388642816.0,1388643328.0,done,,1774772017.6234365
1393,13,"H1,L1",1388642304.0,1388642816.0,processing,,1774772017.6449068
1394,13,"H1,L1",1388642304.0,1388642816.0,done,,1774772179.1258543
1395,13,"H1,L1",1388641792.0,1388642304.0,gap,No GWOSC URLs found for L1 1388641792.0-1388642304.0,1774772306.746142
1396,13,"H1,L1",1388633600.0,1388634112.0,processing,,1774772436.4794166
1397,13,"H1,L1",1388633600.0,1388634112.0,done,,1774772437.3767962
1398,13,"H1,L1",1388633088.0,1388633600.0,processing,,1774772437.4087899
1399,13,"H1,L1",1388633088.0,1388633600.0,done,,1774772438.2977264
1400,13,"H1,L1",1388632576.0,1388633088.0,processing,,1774772438.3295019
1401,13,"H1,L1",1388632576.0,1388633088.0,done,,1774772461.8220234
1402,13,"H1,L1",1388632064.0,1388632576.0,processing,,1774772461.8469336
1403,13,"H1,L1",1388632064.0,1388632576.0,done,,1774772595.232258
1404,13,"H1,L1",1388631552.0,1388632064.0,processing,,1774772595.2649732
1405,13,"H1,L1",1388631552.0,1388632064.0,done,,1774773005.144501
1406,13,"H1,L1",1388631040.0,1388631552.0,processing,,1774773005.1794753
1407,14,"H1,L1",1388631040.0,1388631552.0,processing,,1774779012.2456393
1408,14,"H1,L1",1388631040.0,1388631552.0,done,,1774779530.9039075
1409,14,"H1,L1",1388630528.0,1388631040.0,processing,,1774779530.9355495
1410,14,"H1,L1",1388630528.0,1388631040.0,done,,1774779810.874109
1411,14,"H1,L1",1388630016.0,1388630528.0,processing,,1774779810.8936553
1412,14,"H1,L1",1388630016.0,1388630528.0,done,,1774780104.2310262
1413,14,"H1,L1",1388629504.0,1388630016.0,processing,,1774780352.2998936
1414,14,"H1,L1",1388629504.0,1388630016.0,done,,1774780678.515255
1415,14,"H1,L1",1388628992.0,1388629504.0,processing,,1774780678.5221512
1416,14,"H1,L1",1388628992.0,1388629504.0,done,,1774780933.6967504
1417,14,"H1,L1",1388628480.0,1388628992.0,processing,,1774780933.7067828
1418,14,"H1,L1",1388628480.0,1388628992.0,done,,1774781325.9564984
1419,14,"H1,L1",1388627968.0,1388628480.0,processing,,1774781325.990101
1420,14,"H1,L1",1388627968.0,1388628480.0,done,,1774781775.3017554
1421,14,"H1,L1",1388627456.0,1388627968.0,processing,,1774781775.3284955
1422,14,"H1,L1",1388627456.0,1388627968.0,done,,1774782130.7164052
1423,14,"H1,L1",1388626944.0,1388627456.0,processing,,1774782130.7367506
1424,14,"H1,L1",1388626944.0,1388627456.0,done,,1774782524.280563
1425,14,"H1,L1",1388626432.0,1388626944.0,processing,,1774782524.3060467
1426,14,"H1,L1",1388626432.0,1388626944.0,done,,1774782858.8741355
1427,14,"H1,L1",1388625920.0,1388626432.0,processing,,1774782858.8908246
1428,14,"H1,L1",1388625920.0,1388626432.0,done,,1774783146.7266476
1429,14,"H1,L1",1388625408.0,1388625920.0,processing,,1774783237.20641
1430,14,"H1,L1",1388625408.0,1388625920.0,done,,1774783598.3933022
1431,14,"H1,L1",1388624896.0,1388625408.0,processing,,1774783598.4063537
1432,14,"H1,L1",1388624896.0,1388625408.0,done,,1774783932.2219992
1433,14,"H1,L1",1388624384.0,1388624896.0,processing,,1774783932.2559373
1434,14,"H1,L1",1388624384.0,1388624896.0,done,,1774784081.423483
1435,14,"H1,L1",1388623872.0,1388624384.0,processing,,1774784081.454131
1436,14,"H1,L1",1388623872.0,1388624384.0,done,,1774784100.6429813
1437,14,"H1,L1",1388623360.0,1388623872.0,processing,,1774784100.6755989
1438,14,"H1,L1",1388623360.0,1388623872.0,done,,1774784101.3527796
1439,14,"H1,L1",1388622848.0,1388623360.0,processing,,1774784101.3713992
1440,14,"H1,L1",1388622848.0,1388623360.0,done,,1774784102.0267072
1441,14,"H1,L1",1388622336.0,1388622848.0,processing,,1774784102.028159
1442,14,"H1,L1",1388622336.0,1388622848.0,done,,1774784102.6783938
1443,14,"H1,L1",1388621824.0,1388622336.0,processing,,1774784102.693187
1444,14,"H1,L1",1388621824.0,1388622336.0,done,,1774784103.3346522
1445,14,"H1,L1",1388621312.0,1388621824.0,gap,No GWOSC URLs found for H1 1388621312.0-1388621824.0,1774784103.9409008
1446,14,"H1,L1",1388424704.0,1388425216.0,processing,,1774784246.9245832
1447,14,"H1,L1",1388424704.0,1388425216.0,done,,1774784421.639307
1448,14,"H1,L1",1388424192.0,1388424704.0,processing,,1774784421.6662257
1449,14,"H1,L1",1388424192.0,1388424704.0,done,,1774784554.834435
1450,14,"H1,L1",1388423680.0,1388424192.0,processing,,1774784554.8610492
1451,14,"H1,L1",1388423680.0,1388424192.0,done,,1774784781.9896815
1452,14,"H1,L1",1388423168.0,1388423680.0,processing,,1774784782.0078304
1453,14,"H1,L1",1388423168.0,1388423680.0,done,,1774784999.965337
1454,14,"H1,L1",1388422656.0,1388423168.0,processing,,1774784999.9962614
1455,14,"H1,L1",1388422656.0,1388423168.0,done,,1774785157.4129732
1456,14,"H1,L1",1388422144.0,1388422656.0,processing,,1774785157.419762
1457,14,"H1,L1",1388422144.0,1388422656.0,done,,1774785284.9599557
1458,14,"H1,L1",1388421632.0,1388422144.0,processing,,1774785284.991297
1459,14,"H1,L1",1388421632.0,1388422144.0,done,,1774785515.3091884
1460,14,"H1,L1",1388421120.0,1388421632.0,processing,,1774785515.346931
1461,14,"H1,L1",1388421120.0,1388421632.0,done,,1774785677.1847117
1462,14,"H1,L1",1388420608.0,1388421120.0,processing,,1774785914.3898363
1463,14,"H1,L1",1388420608.0,1388421120.0,done,,1774786262.12992
1464,14,"H1,L1",1388420096.0,1388420608.0,processing,,1774786262.14558
1465,14,"H1,L1",1388420096.0,1388420608.0,done,,1774786709.9653304
1466,14,"H1,L1",1388419584.0,1388420096.0,processing,,1774786709.992057
1467,14,"H1,L1",1388419584.0,1388420096.0,done,,1774787055.3849669
1468,14,"H1,L1",1388419072.0,1388419584.0,processing,,1774787055.4113514
1469,14,"H1,L1",1388419072.0,1388419584.0,done,,1774787319.9121597
1470,14,"H1,L1",1388418560.0,1388419072.0,processing,,1774787319.9381614
1471,14,"H1,L1",1388418560.0,1388419072.0,done,,1774787789.5803237
1472,14,"H1,L1",1388418048.0,1388418560.0,processing,,1774787789.6141062
1473,14,"H1,L1",1388418048.0,1388418560.0,done,,1774788081.100828
1474,14,"H1,L1",1388417536.0,1388418048.0,processing,,1774788081.1322293
1475,14,"H1,L1",1388417536.0,1388418048.0,done,,1774788360.1910005
1476,14,"H1,L1",1388417024.0,1388417536.0,processing,,1774788360.225086
1477,14,"H1,L1",1388417024.0,1388417536.0,done,,1774788703.6588173
1478,14,"H1,L1",1388416512.0,1388417024.0,processing,,1774788916.3853176
1479,14,"H1,L1",1388416512.0,1388417024.0,done,,1774789215.320921
1480,14,"H1,L1",1388416000.0,1388416512.0,processing,,1774789215.3483567
1481,14,"H1,L1",1388416000.0,1388416512.0,done,,1774789542.4695246
1482,14,"H1,L1",1388415488.0,1388416000.0,processing,,1774789542.501669
1483,14,"H1,L1",1388415488.0,1388416000.0,done,,1774790023.161923
1484,14,"H1,L1",1388414976.0,1388415488.0,processing,,1774790023.1943278
1485,14,"H1,L1",1388414976.0,1388415488.0,done,,1774790426.7334487
1486,14,"H1,L1",1388414464.0,1388414976.0,processing,,1774790426.759675
1487,14,"H1,L1",1388414464.0,1388414976.0,done,,1774790743.2091334
1488,14,"H1,L1",1388413952.0,1388414464.0,processing,,1774790743.2426252
1489,14,"H1,L1",1388413952.0,1388414464.0,done,,1774791006.4312725
1490,14,"H1,L1",1388413440.0,1388413952.0,processing,,1774791006.4487011
1491,14,"H1,L1",1388413440.0,1388413952.0,done,,1774791245.8639884
1492,14,"H1,L1",1388412928.0,1388413440.0,processing,,1774791245.897699
1493,15,"H1,L1",1388412928.0,1388413440.0,processing,,1774794138.464774
1494,16,"H1,L1",1388412928.0,1388413440.0,processing,,1774797039.9839683
1495,16,"H1,L1",1388412928.0,1388413440.0,done,,1774797318.8294208
1496,16,"H1,L1",1388412416.0,1388412928.0,processing,,1774797533.2848384
1497,17,"H1,L1",1388412416.0,1388412928.0,processing,,1774799116.4461992
1498,17,"H1,L1",1388412416.0,1388412928.0,done,,1774799464.045357
1499,17,"H1,L1",1388411904.0,1388412416.0,processing,,1774799464.0793283
1500,17,"H1,L1",1388411904.0,1388412416.0,done,,1774799686.204465
1501,17,"H1,L1",1388411392.0,1388411904.0,processing,,1774799686.2386703
1502,17,"H1,L1",1388411392.0,1388411904.0,done,,1774799924.7332857
1503,17,"H1,L1",1388410880.0,1388411392.0,processing,,1774799924.7728384
1504,17,"H1,L1",1388410880.0,1388411392.0,done,,1774800127.545577
1505,17,"H1,L1",1388410368.0,1388410880.0,processing,,1774800127.5801694
1506,17,"H1,L1",1388410368.0,1388410880.0,done,,1774800438.3270001
1507,17,"H1,L1",1388409856.0,1388410368.0,processing,,1774800438.3610477
1508,17,"H1,L1",1388409856.0,1388410368.0,done,,1774800764.6567752
1509,17,"H1,L1",1388409344.0,1388409856.0,processing,,1774800764.6643894
1510,17,"H1,L1",1388409344.0,1388409856.0,done,,1774801130.639888
1511,17,"H1,L1",1388408832.0,1388409344.0,processing,,1774801130.66567
1512,17,"H1,L1",1388408832.0,1388409344.0,done,,1774801373.5667903
1513,17,"H1,L1",1388408320.0,1388408832.0,processing,,1774801595.217623
1514,17,"H1,L1",1388408320.0,1388408832.0,done,,1774801845.8907223
1515,17,"H1,L1",1388407808.0,1388408320.0,processing,,1774801845.906753
1516,17,"H1,L1",1388407808.0,1388408320.0,done,,1774802229.3011632
1517,17,"H1,L1",1388407296.0,1388407808.0,processing,,1774802229.3348367
1518,17,"H1,L1",1388407296.0,1388407808.0,done,,1774802669.327947
1519,17,"H1,L1",1388406784.0,1388407296.0,processing,,1774802669.3596637
1520,17,"H1,L1",1388406784.0,1388407296.0,done,,1774802986.3796883
1521,17,"H1,L1",1388406272.0,1388406784.0,processing,,1774802986.4151757
1522,17,"H1,L1",1388406272.0,1388406784.0,done,,1774803414.5045974
1523,17,"H1,L1",1388405760.0,1388406272.0,processing,,1774803414.5257866
1524,17,"H1,L1",1388405760.0,1388406272.0,done,,1774803735.2280533
1525,17,"H1,L1",1388405248.0,1388405760.0,processing,,1774803735.2621746
1526,17,"H1,L1",1388405248.0,1388405760.0,done,,1774804168.7777498
1527,17,"H1,L1",1388404736.0,1388405248.0,processing,,1774804168.8031888
1528,17,"H1,L1",1388404736.0,1388405248.0,done,,1774804530.7537172
1529,17,"H1,L1",1388404224.0,1388404736.0,processing,,1774804745.1322107
1530,17,"H1,L1",1388404224.0,1388404736.0,done,,1774805080.275925
1531,17,"H1,L1",1388403712.0,1388404224.0,processing,,1774805080.3096907
1532,17,"H1,L1",1388403712.0,1388404224.0,done,,1774805423.450765
1533,17,"H1,L1",1388403200.0,1388403712.0,processing,,1774805423.4836845
1534,17,"H1,L1",1388403200.0,1388403712.0,done,,1774805723.168409
1535,17,"H1,L1",1388402688.0,1388403200.0,processing,,1774805723.2020476
1536,17,"H1,L1",1388402688.0,1388403200.0,done,,1774806074.0234604
1537,17,"H1,L1",1388402176.0,1388402688.0,processing,,1774806074.0433812
1538,17,"H1,L1",1388402176.0,1388402688.0,done,,1774806354.2076929
1539,17,"H1,L1",1388401664.0,1388402176.0,processing,,1774806354.2515826
1540,17,"H1,L1",1388401664.0,1388402176.0,done,,1774806851.0274434
1541,17,"H1,L1",1388401152.0,1388401664.0,processing,,1774806851.0422893
1542,17,"H1,L1",1388401152.0,1388401664.0,done,,1774807147.0967214
1543,17,"H1,L1",1388400640.0,1388401152.0,processing,,1774807147.1328752
1544,17,"H1,L1",1388400640.0,1388401152.0,done,,1774807499.431218
1545,17,"H1,L1",1388400128.0,1388400640.0,processing,,1774807625.3245177
1546,17,"H1,L1",1388400128.0,1388400640.0,done,,1774807841.6169431
1547,17,"H1,L1",1388399616.0,1388400128.0,processing,,1774807841.6563487
1548,17,"H1,L1",1388399616.0,1388400128.0,done,,1774808020.1998944
1549,17,"H1,L1",1388399104.0,1388399616.0,processing,,1774808020.2317972
1550,17,"H1,L1",1388399104.0,1388399616.0,done,,1774808146.171935
1551,17,"H1,L1",1388398592.0,1388399104.0,processing,,1774808146.179204
1552,17,"H1,L1",1388398592.0,1388399104.0,done,,1774808393.8249717
1553,17,"H1,L1",1388398080.0,1388398592.0,processing,,1774808393.844139
1554,17,"H1,L1",1388398080.0,1388398592.0,done,,1774808505.6460593
1555,17,"H1,L1",1388397568.0,1388398080.0,processing,,1774808505.680385
1556,17,"H1,L1",1388397568.0,1388398080.0,done,,1774808726.01518
1557,17,"H1,L1",1388397056.0,1388397568.0,processing,,1774808726.0492747
1558,17,"H1,L1",1388397056.0,1388397568.0,done,,1774808815.5905795
1559,17,"H1,L1",1388396544.0,1388397056.0,processing,,1774808815.6225631
1560,17,"H1,L1",1388396544.0,1388397056.0,done,,1774809040.5492208
1561,17,"H1,L1",1388396032.0,1388396544.0,processing,,1774809208.2318375
1562,17,"H1,L1",1388396032.0,1388396544.0,done,,1774809329.5340881
1563,17,"H1,L1",1388395520.0,1388396032.0,processing,,1774809329.5475347
1564,17,"H1,L1",1388395520.0,1388396032.0,done,,1774809446.0511405
1565,17,"H1,L1",1388395008.0,1388395520.0,processing,,1774809446.080427
1566,17,"H1,L1",1388395008.0,1388395520.0,done,,1774809559.2502787
1567,17,"H1,L1",1388394496.0,1388395008.0,processing,,1774809559.2751663
1568,17,"H1,L1",1388394496.0,1388395008.0,done,,1774810165.493581
1569,17,"H1,L1",1388393984.0,1388394496.0,processing,,1774810165.5146937
1570,17,"H1,L1",1388393984.0,1388394496.0,done,,1774810485.761191
1571,17,"H1,L1",1388393472.0,1388393984.0,processing,,1774810485.7947383
1572,17,"H1,L1",1388393472.0,1388393984.0,done,,1774810759.1223795
1573,17,"H1,L1",1388392960.0,1388393472.0,processing,,1774810759.1375144
1574,17,"H1,L1",1388392960.0,1388393472.0,done,,1774811008.8253284
1575,17,"H1,L1",1388392448.0,1388392960.0,processing,,1774811008.859459
1576,17,"H1,L1",1388392448.0,1388392960.0,done,,1774811314.5927296
1577,17,"H1,L1",1388391936.0,1388392448.0,processing,,1774811578.0072942
1578,17,"H1,L1",1388391936.0,1388392448.0,done,,1774811948.5295174
1579,17,"H1,L1",1388391424.0,1388391936.0,processing,,1774811948.564298
1580,17,"H1,L1",1388391424.0,1388391936.0,done,,1774812341.0918171
1581,17,"H1,L1",1388390912.0,1388391424.0,processing,,1774812341.1251733
1582,17,"H1,L1",1388390912.0,1388391424.0,done,,1774812538.2633936
1583,17,"H1,L1",1388390400.0,1388390912.0,processing,,1774812538.2981372
1584,17,"H1,L1",1388390400.0,1388390912.0,done,,1774812932.4409807
1585,17,"H1,L1",1388389888.0,1388390400.0,processing,,1774812932.4684887
1586,17,"H1,L1",1388389888.0,1388390400.0,done,,1774813357.2835968
1587,17,"H1,L1",1388389376.0,1388389888.0,processing,,1774813357.2977562
1588,17,"H1,L1",1388389376.0,1388389888.0,done,,1774813591.1172733
1589,17,"H1,L1",1388388864.0,1388389376.0,processing,,1774813591.137366
1590,18,"H1,L1",1388388864.0,1388389376.0,processing,,1774815203.4695344
1591,18,"H1,L1",1388388864.0,1388389376.0,done,,1774815476.038395
1592,18,"H1,L1",1388388352.0,1388388864.0,processing,,1774815476.0692296
1593,18,"H1,L1",1388388352.0,1388388864.0,done,,1774815804.5854495
1594,18,"H1,L1",1388387840.0,1388388352.0,processing,,1774816059.902483
1595,18,"H1,L1",1388387840.0,1388388352.0,done,,1774816501.5773084
1596,18,"H1,L1",1388387328.0,1388387840.0,processing,,1774816501.6028295
1597,18,"H1,L1",1388387328.0,1388387840.0,done,,1774816879.7218306
1598,18,"H1,L1",1388386816.0,1388387328.0,processing,,1774816879.7356284
1599,18,"H1,L1",1388386816.0,1388387328.0,done,,1774817287.6484065
1600,18,"H1,L1",1388386304.0,1388386816.0,processing,,1774817287.6507227
1601,18,"H1,L1",1388386304.0,1388386816.0,done,,1774817848.7489748
1602,18,"H1,L1",1388385792.0,1388386304.0,processing,,1774817848.7820396
1603,18,"H1,L1",1388385792.0,1388386304.0,done,,1774818181.6614094
1604,18,"H1,L1",1388385280.0,1388385792.0,processing,,1774818181.6879814
1605,18,"H1,L1",1388385280.0,1388385792.0,done,,1774818484.519786
1606,18,"H1,L1",1388384768.0,1388385280.0,processing,,1774818484.546321
1607,18,"H1,L1",1388384768.0,1388385280.0,done,,1774818951.7036278
1608,18,"H1,L1",1388384256.0,1388384768.0,processing,,1774818951.7286131
1609,18,"H1,L1",1388384256.0,1388384768.0,done,,1774819227.5436745
1610,18,"H1,L1",1388383744.0,1388384256.0,processing,,1774819457.832994
1611,18,"H1,L1",1388383744.0,1388384256.0,done,,1774819804.8388379
1612,18,"H1,L1",1388383232.0,1388383744.0,processing,,1774819804.8523982
1613,18,"H1,L1",1388383232.0,1388383744.0,done,,1774820075.2723563
1614,18,"H1,L1",1388382720.0,1388383232.0,processing,,1774820075.311575
1615,18,"H1,L1",1388382720.0,1388383232.0,done,,1774820459.9801524
1616,18,"H1,L1",1388382208.0,1388382720.0,processing,,1774820460.0058403
1617,18,"H1,L1",1388382208.0,1388382720.0,done,,1774820813.9804428
1618,18,"H1,L1",1388381696.0,1388382208.0,processing,,1774820814.011964
1619,18,"H1,L1",1388381696.0,1388382208.0,done,,1774821044.8000164
1620,18,"H1,L1",1388381184.0,1388381696.0,processing,,1774821044.8194058
1621,19,"H1,L1",1388381184.0,1388381696.0,processing,,1774822980.7432985
1622,19,"H1,L1",1388381184.0,1388381696.0,done,,1774823224.4500144
1623,19,"H1,L1",1388380672.0,1388381184.0,processing,,1774823224.47563
1624,19,"H1,L1",1388380672.0,1388381184.0,done,,1774823523.3433182
1625,19,"H1,L1",1388380160.0,1388380672.0,processing,,1774823523.3686287
1626,19,"H1,L1",1388380160.0,1388380672.0,done,,1774823807.6443226
1627,19,"H1,L1",1388379648.0,1388380160.0,processing,,1774824065.2497141
1628,19,"H1,L1",1388379648.0,1388380160.0,done,,1774824310.2040603
1629,19,"H1,L1",1388379136.0,1388379648.0,processing,,1774824310.2379673
1630,19,"H1,L1",1388379136.0,1388379648.0,done,,1774824646.7804315
1631,19,"H1,L1",1388378624.0,1388379136.0,processing,,1774824646.7974384
1632,19,"H1,L1",1388378624.0,1388379136.0,done,,1774824973.091126
1633,19,"H1,L1",1388378112.0,1388378624.0,processing,,1774824973.124934
1634,19,"H1,L1",1388378112.0,1388378624.0,done,,1774825254.3075545
1635,19,"H1,L1",1388377600.0,1388378112.0,processing,,1774825254.341956
1636,19,"H1,L1",1388377600.0,1388378112.0,done,,1774825543.6756163
1637,19,"H1,L1",1388377088.0,1388377600.0,processing,,1774825543.716873
1638,19,"H1,L1",1388377088.0,1388377600.0,done,,1774825933.058045
1639,19,"H1,L1",1388376576.0,1388377088.0,processing,,1774825933.0893116
1640,19,"H1,L1",1388376576.0,1388377088.0,done,,1774826183.2168355
1641,19,"H1,L1",1388376064.0,1388376576.0,processing,,1774826183.2436
1642,19,"H1,L1",1388376064.0,1388376576.0,done,,1774826534.8102756
1643,19,"H1,L1",1388375552.0,1388376064.0,processing,,1774826798.665802
1644,19,"H1,L1",1388375552.0,1388376064.0,done,,1774827110.5629017
1645,19,"H1,L1",1388375040.0,1388375552.0,processing,,1774827110.5888517
1646,19,"H1,L1",1388375040.0,1388375552.0,done,,1774827459.3582077
1647,19,"H1,L1",1388374528.0,1388375040.0,processing,,1774827459.372496
1648,19,"H1,L1",1388374528.0,1388375040.0,done,,1774827771.0665097
1649,19,"H1,L1",1388374016.0,1388374528.0,processing,,1774827771.0923717
1650,19,"H1,L1",1388374016.0,1388374528.0,done,,1774827988.4279258
1651,19,"H1,L1",1388373504.0,1388374016.0,processing,,1774827988.4581046
1652,19,"H1,L1",1388373504.0,1388374016.0,done,,1774828291.551759
1653,19,"H1,L1",1388372992.0,1388373504.0,processing,,1774828291.5713103
1654,19,"H1,L1",1388372992.0,1388373504.0,done,,1774828626.3705966
1655,19,"H1,L1",1388372480.0,1388372992.0,processing,,1774828626.386083
1656,19,"H1,L1",1388372480.0,1388372992.0,done,,1774829055.8975205
1657,19,"H1,L1",1388371968.0,1388372480.0,processing,,1774829055.9302273
1658,19,"H1,L1",1388371968.0,1388372480.0,done,,1774829559.0333292
1659,19,"H1,L1",1388371456.0,1388371968.0,processing,,1774829835.5362604
1660,19,"H1,L1",1388371456.0,1388371968.0,done,,1774830133.5905316
1661,19,"H1,L1",1388370944.0,1388371456.0,processing,,1774830133.6181579
1662,20,"H1,L1",1388370944.0,1388371456.0,processing,,1774836270.2375414
1663,20,"H1,L1",1388370944.0,1388371456.0,done,,1774836812.5708172
1664,20,"H1,L1",1388370432.0,1388370944.0,processing,,1774836812.5876462
1665,20,"H1,L1",1388370432.0,1388370944.0,done,,1774837252.524718
1666,20,"H1,L1",1388369920.0,1388370432.0,processing,,1774837252.537273
1667,20,"H1,L1",1388369920.0,1388370432.0,done,,1774837623.584165
1668,20,"H1,L1",1388369408.0,1388369920.0,processing,,1774837623.6149533
1669,20,"H1,L1",1388369408.0,1388369920.0,done,,1774837963.0261645
1670,20,"H1,L1",1388368896.0,1388369408.0,processing,,1774837963.0596004
1671,20,"H1,L1",1388368896.0,1388369408.0,done,,1774838309.1007874
1672,20,"H1,L1",1388368384.0,1388368896.0,processing,,1774838309.1199534
1673,20,"H1,L1",1388368384.0,1388368896.0,done,,1774838647.1298547
1674,20,"H1,L1",1388367872.0,1388368384.0,processing,,1774838647.1405473
1675,20,"H1,L1",1388367872.0,1388368384.0,done,,1774838881.502895
1676,20,"H1,L1",1388367360.0,1388367872.0,processing,,1774839123.973629
1677,20,"H1,L1",1388367360.0,1388367872.0,done,,1774839559.3708215
1678,20,"H1,L1",1388366848.0,1388367360.0,processing,,1774839559.3958902
1679,20,"H1,L1",1388366848.0,1388367360.0,done,,1774839914.40995
1680,20,"H1,L1",1388366336.0,1388366848.0,processing,,1774839914.4374883
1681,20,"H1,L1",1388366336.0,1388366848.0,done,,1774840143.1615252
1682,20,"H1,L1",1388365824.0,1388366336.0,processing,,1774840143.18953
1683,20,"H1,L1",1388365824.0,1388366336.0,done,,1774840361.808158
1684,20,"H1,L1",1388365312.0,1388365824.0,processing,,1774840361.843211
1685,20,"H1,L1",1388365312.0,1388365824.0,done,,1774840773.0415225
1686,20,"H1,L1",1388364800.0,1388365312.0,processing,,1774840773.057393
1687,20,"H1,L1",1388364800.0,1388365312.0,done,,1774841111.3457143
1688,20,"H1,L1",1388364288.0,1388364800.0,processing,,1774841111.3537018
1689,20,"H1,L1",1388364288.0,1388364800.0,done,,1774841594.9141228
1690,20,"H1,L1",1388363776.0,1388364288.0,processing,,1774841594.9423513
1691,20,"H1,L1",1388363776.0,1388364288.0,done,,1774841883.1740553
1692,20,"H1,L1",1388363264.0,1388363776.0,processing,,1774842079.5024912
1693,20,"H1,L1",1388363264.0,1388363776.0,done,,1774842313.1400356
1694,20,"H1,L1",1388362752.0,1388363264.0,processing,,1774842313.1673534
1695,20,"H1,L1",1388362752.0,1388363264.0,done,,1774842548.801707
1696,20,"H1,L1",1388362240.0,1388362752.0,processing,,1774842548.8306491
1697,20,"H1,L1",1388362240.0,1388362752.0,done,,1774842882.6269038
1698,20,"H1,L1",1388361728.0,1388362240.0,processing,,1774842882.642432
1699,20,"H1,L1",1388361728.0,1388362240.0,done,,1774843204.6926897
1700,20,"H1,L1",1388361216.0,1388361728.0,processing,,1774843204.70941
1701,20,"H1,L1",1388361216.0,1388361728.0,done,,1774843416.7614365
1702,20,"H1,L1",1388360704.0,1388361216.0,processing,,1774843416.7923489
1703,20,"H1,L1",1388360704.0,1388361216.0,done,,1774843559.201188
1704,20,"H1,L1",1388360192.0,1388360704.0,processing,,1774843559.2256472
1705,20,"H1,L1",1388360192.0,1388360704.0,done,,1774843695.2815008
1706,20,"H1,L1",1388359680.0,1388360192.0,processing,,1774843695.3086977
1707,20,"H1,L1",1388359680.0,1388360192.0,done,,1774843843.7314708
1708,20,"H1,L1",1388359168.0,1388359680.0,gap,No GWOSC URLs found for L1 1388359168.0-1388359680.0,1774843905.8835838
1709,20,"H1,L1",1388346880.0,1388347392.0,processing,,1774844195.9135222
1710,20,"H1,L1",1388346880.0,1388347392.0,done,,1774844811.720291
1711,20,"H1,L1",1388346368.0,1388346880.0,processing,,1774844811.7530296
1712,20,"H1,L1",1388346368.0,1388346880.0,done,,1774845258.9828937
1713,20,"H1,L1",1388345856.0,1388346368.0,processing,,1774845259.0157688
1714,20,"H1,L1",1388345856.0,1388346368.0,done,,1774845487.3493261
1715,20,"H1,L1",1388345344.0,1388345856.0,processing,,1774845487.3679276
1716,20,"H1,L1",1388345344.0,1388345856.0,done,,1774845739.5336998
1717,20,"H1,L1",1388344832.0,1388345344.0,processing,,1774845739.549973
1718,20,"H1,L1",1388344832.0,1388345344.0,done,,1774846150.2746644
1719,20,"H1,L1",1388344320.0,1388344832.0,processing,,1774846150.2894354
1720,20,"H1,L1",1388344320.0,1388344832.0,done,,1774846477.7151117
1721,20,"H1,L1",1388343808.0,1388344320.0,processing,,1774846477.749965
1722,20,"H1,L1",1388343808.0,1388344320.0,done,,1774846799.3175573
1723,20,"H1,L1",1388343296.0,1388343808.0,processing,,1774846799.3465252
1724,20,"H1,L1",1388343296.0,1388343808.0,done,,1774847075.6908216
1725,20,"H1,L1",1388342784.0,1388343296.0,processing,,1774847331.692728
1726,20,"H1,L1",1388342784.0,1388343296.0,done,,1774847693.7620695
1727,20,"H1,L1",1388342272.0,1388342784.0,processing,,1774847693.7825968
1728,20,"H1,L1",1388342272.0,1388342784.0,done,,1774847945.2126613
1729,20,"H1,L1",1388341760.0,1388342272.0,processing,,1774847945.241052
1730,20,"H1,L1",1388341760.0,1388342272.0,done,,1774848339.9606593
1731,20,"H1,L1",1388341248.0,1388341760.0,processing,,1774848339.9956424
1732,20,"H1,L1",1388341248.0,1388341760.0,done,,1774848747.0573816
1733,20,"H1,L1",1388340736.0,1388341248.0,processing,,1774848747.0876684
1734,20,"H1,L1",1388340736.0,1388341248.0,done,,1774849059.9639654
1735,20,"H1,L1",1388340224.0,1388340736.0,processing,,1774849059.9906888
1736,20,"H1,L1",1388340224.0,1388340736.0,done,,1774849319.3344336
1737,20,"H1,L1",1388339712.0,1388340224.0,processing,,1774849319.3498006
1738,20,"H1,L1",1388339712.0,1388340224.0,done,,1774849697.5292218
1739,20,"H1,L1",1388339200.0,1388339712.0,processing,,1774849697.5631816
1740,20,"H1,L1",1388339200.0,1388339712.0,done,,1774849946.3441167
1741,20,"H1,L1",1388338688.0,1388339200.0,processing,,1774850213.805647
1742,20,"H1,L1",1388338688.0,1388339200.0,done,,1774850435.4834278
1743,20,"H1,L1",1388338176.0,1388338688.0,processing,,1774850435.5028718
1744,20,"H1,L1",1388338176.0,1388338688.0,done,,1774850987.252318
1745,20,"H1,L1",1388337664.0,1388338176.0,processing,,1774850987.2785704
1746,20,"H1,L1",1388337664.0,1388338176.0,done,,1774851495.175859
1747,20,"H1,L1",1388337152.0,1388337664.0,processing,,1774851495.209861
1748,20,"H1,L1",1388337152.0,1388337664.0,done,,1774851781.963554
1749,20,"H1,L1",1388336640.0,1388337152.0,processing,,1774851781.9896686
1750,20,"H1,L1",1388336640.0,1388337152.0,done,,1774852183.2241478
1751,20,"H1,L1",1388336128.0,1388336640.0,processing,,1774852183.240479
1752,20,"H1,L1",1388336128.0,1388336640.0,done,,1774852529.066652
1753,20,"H1,L1",1388335616.0,1388336128.0,processing,,1774852529.0846999
1754,20,"H1,L1",1388335616.0,1388336128.0,done,,1774853100.0267634
1755,20,"H1,L1",1388335104.0,1388335616.0,processing,,1774853100.0586336
1756,20,"H1,L1",1388335104.0,1388335616.0,done,,1774853542.6177037
1757,20,"H1,L1",1388334592.0,1388335104.0,processing,,1774853795.7352104
1758,20,"H1,L1",1388334592.0,1388335104.0,done,,1774854161.6299756
1759,20,"H1,L1",1388334080.0,1388334592.0,processing,,1774854161.65622
1760,20,"H1,L1",1388334080.0,1388334592.0,done,,1774854546.3664682
1761,20,"H1,L1",1388333568.0,1388334080.0,processing,,1774854546.3946767
1762,20,"H1,L1",1388333568.0,1388334080.0,done,,1774854951.1256082
1763,20,"H1,L1",1388333056.0,1388333568.0,processing,,1774854951.1658785
1764,20,"H1,L1",1388333056.0,1388333568.0,done,,1774855192.9238322
1765,20,"H1,L1",1388332544.0,1388333056.0,processing,,1774855192.9498427
1766,20,"H1,L1",1388332544.0,1388333056.0,done,,1774855555.8198762
1767,20,"H1,L1",1388332032.0,1388332544.0,processing,,1774855555.8538134
1768,20,"H1,L1",1388332032.0,1388332544.0,done,,1774855929.0356176
1769,20,"H1,L1",1388331520.0,1388332032.0,processing,,1774855929.0631456
1770,20,"H1,L1",1388331520.0,1388332032.0,done,,1774856264.012063
1771,20,"H1,L1",1388331008.0,1388331520.0,processing,,1774856264.0468268
1772,20,"H1,L1",1388331008.0,1388331520.0,done,,1774856579.1078398
1773,20,"H1,L1",1388330496.0,1388331008.0,processing,,1774856841.9396348
1774,20,"H1,L1",1388330496.0,1388331008.0,done,,1774857092.458403
1775,20,"H1,L1",1388329984.0,1388330496.0,processing,,1774857092.4866045
1776,20,"H1,L1",1388329984.0,1388330496.0,done,,1774857495.9913473
1777,20,"H1,L1",1388329472.0,1388329984.0,processing,,1774857496.0177836
1778,20,"H1,L1",1388329472.0,1388329984.0,done,,1774857931.6583524
1779,20,"H1,L1",1388328960.0,1388329472.0,processing,,1774857931.6919177
1780,20,"H1,L1",1388328960.0,1388329472.0,done,,1774858309.855936
1781,20,"H1,L1",1388328448.0,1388328960.0,processing,,1774858309.8826473
1782,20,"H1,L1",1388328448.0,1388328960.0,done,,1774858696.0728397
1783,20,"H1,L1",1388327936.0,1388328448.0,processing,,1774858696.1066027
1784,20,"H1,L1",1388327936.0,1388328448.0,done,,1774858984.6825318
1785,20,"H1,L1",1388327424.0,1388327936.0,processing,,1774858984.709057
1786,20,"H1,L1",1388327424.0,1388327936.0,done,,1774859299.123643
1787,20,"H1,L1",1388326912.0,1388327424.0,processing,,1774859299.1579695
1788,20,"H1,L1",1388326912.0,1388327424.0,done,,1774859611.077991
1789,20,"H1,L1",1388326400.0,1388326912.0,processing,,1774859872.3723326
1790,20,"H1,L1",1388326400.0,1388326912.0,done,,1774860197.338885
1791,20,"H1,L1",1388325888.0,1388326400.0,processing,,1774860197.3735106
1792,20,"H1,L1",1388325888.0,1388326400.0,done,,1774860526.5941122
1793,20,"H1,L1",1388325376.0,1388325888.0,processing,,1774860526.6261215
1794,20,"H1,L1",1388325376.0,1388325888.0,done,,1774860892.9332447
1795,20,"H1,L1",1388324864.0,1388325376.0,processing,,1774860892.9601653
1796,20,"H1,L1",1388324864.0,1388325376.0,done,,1774861315.5624757
1797,20,"H1,L1",1388324352.0,1388324864.0,processing,,1774861315.5964987
1798,20,"H1,L1",1388324352.0,1388324864.0,done,,1774861554.4171696
1799,20,"H1,L1",1388323840.0,1388324352.0,processing,,1774861554.4525285
1800,20,"H1,L1",1388323840.0,1388324352.0,done,,1774861886.2627866
1801,20,"H1,L1",1388323328.0,1388323840.0,processing,,1774861886.2899425
1802,20,"H1,L1",1388323328.0,1388323840.0,done,,1774862179.2785144
1803,20,"H1,L1",1388322816.0,1388323328.0,processing,,1774862179.3131428
1804,20,"H1,L1",1388322816.0,1388323328.0,done,,1774862503.7421558
1805,20,"H1,L1",1388322304.0,1388322816.0,processing,,1774862770.6871796
1806,20,"H1,L1",1388322304.0,1388322816.0,done,,1774863025.7072926
1807,20,"H1,L1",1388321792.0,1388322304.0,processing,,1774863025.7425287
1808,20,"H1,L1",1388321792.0,1388322304.0,done,,1774863347.2215424
1809,20,"H1,L1",1388321280.0,1388321792.0,processing,,1774863347.2342882
1810,20,"H1,L1",1388321280.0,1388321792.0,done,,1774863719.251029
1811,20,"H1,L1",1388320768.0,1388321280.0,processing,,1774863719.2773771
1812,20,"H1,L1",1388320768.0,1388321280.0,done,,1774864032.2035868
1813,20,"H1,L1",1388320256.0,1388320768.0,processing,,1774864032.2329807
1814,20,"H1,L1",1388320256.0,1388320768.0,done,,1774864444.7132838
1815,20,"H1,L1",1388319744.0,1388320256.0,processing,,1774864444.7282481
1816,20,"H1,L1",1388319744.0,1388320256.0,done,,1774864947.3708062
1817,20,"H1,L1",1388319232.0,1388319744.0,processing,,1774864947.404678
1818,20,"H1,L1",1388319232.0,1388319744.0,done,,1774865414.96484
1819,20,"H1,L1",1388318720.0,1388319232.0,processing,,1774865414.9723022
1820,20,"H1,L1",1388318720.0,1388319232.0,done,,1774865771.4809737
1821,20,"H1,L1",1388318208.0,1388318720.0,processing,,1774866060.9914489
1822,20,"H1,L1",1388318208.0,1388318720.0,done,,1774866461.3627734
1823,20,"H1,L1",1388317696.0,1388318208.0,processing,,1774866461.3974323
1824,20,"H1,L1",1388317696.0,1388318208.0,done,,1774866744.115883
1825,20,"H1,L1",1388317184.0,1388317696.0,processing,,1774866744.1489787
1826,20,"H1,L1",1388317184.0,1388317696.0,done,,1774867059.6061146
1827,20,"H1,L1",1388316672.0,1388317184.0,processing,,1774867059.6408947
1828,20,"H1,L1",1388316672.0,1388317184.0,done,,1774867321.388576
1829,20,"H1,L1",1388316160.0,1388316672.0,processing,,1774867321.4088295
1830,20,"H1,L1",1388316160.0,1388316672.0,done,,1774867553.9423623
1831,20,"H1,L1",1388315648.0,1388316160.0,processing,,1774867553.95282
1832,20,"H1,L1",1388315648.0,1388316160.0,done,,1774867803.0366378
1833,20,"H1,L1",1388315136.0,1388315648.0,processing,,1774867803.064253
1834,20,"H1,L1",1388315136.0,1388315648.0,done,,1774868266.2099996
1835,20,"H1,L1",1388314624.0,1388315136.0,processing,,1774868266.2336204
1836,20,"H1,L1",1388314624.0,1388315136.0,done,,1774868516.4025404
1837,20,"H1,L1",1388314112.0,1388314624.0,processing,,1774868764.6140397
1838,20,"H1,L1",1388314112.0,1388314624.0,done,,1774868998.949932
1839,20,"H1,L1",1388313600.0,1388314112.0,processing,,1774868998.969927
1840,20,"H1,L1",1388313600.0,1388314112.0,done,,1774869427.4606252
1841,20,"H1,L1",1388313088.0,1388313600.0,processing,,1774869427.486141
1842,20,"H1,L1",1388313088.0,1388313600.0,done,,1774869698.5519528
1843,20,"H1,L1",1388312576.0,1388313088.0,processing,,1774869698.5678244
1844,20,"H1,L1",1388312576.0,1388313088.0,done,,1774870156.2951787
1845,20,"H1,L1",1388312064.0,1388312576.0,processing,,1774870156.3103812
1846,20,"H1,L1",1388312064.0,1388312576.0,done,,1774870399.4849858
1847,20,"H1,L1",1388311552.0,1388312064.0,processing,,1774870399.5198336
1848,20,"H1,L1",1388311552.0,1388312064.0,done,,1774870764.8588154
1849,20,"H1,L1",1388311040.0,1388311552.0,processing,,1774870764.8930137
1850,20,"H1,L1",1388311040.0,1388311552.0,done,,1774871213.2693825
1851,20,"H1,L1",1388310528.0,1388311040.0,processing,,1774871213.276411
1852,20,"H1,L1",1388310528.0,1388311040.0,done,,1774871573.8956504
1853,20,"H1,L1",1388310016.0,1388310528.0,processing,,1774871779.7140293
1854,20,"H1,L1",1388310016.0,1388310528.0,done,,1774872127.0514581
1855,20,"H1,L1",1388309504.0,1388310016.0,processing,,1774872127.0535054
1856,20,"H1,L1",1388309504.0,1388310016.0,done,,1774872427.0403535
1857,20,"H1,L1",1388308992.0,1388309504.0,processing,,1774872427.0762517
1858,20,"H1,L1",1388308992.0,1388309504.0,done,,1774872735.1115782
1859,20,"H1,L1",1388308480.0,1388308992.0,processing,,1774872735.1411307
1860,20,"H1,L1",1388308480.0,1388308992.0,done,,1774873126.7183974
1861,20,"H1,L1",1388307968.0,1388308480.0,processing,,1774873126.72906
1862,20,"H1,L1",1388307968.0,1388308480.0,done,,1774873415.651118
1863,20,"H1,L1",1388307456.0,1388307968.0,processing,,1774873415.6706388
1864,20,"H1,L1",1388307456.0,1388307968.0,done,,1774873736.6215587
1865,20,"H1,L1",1388306944.0,1388307456.0,processing,,1774873736.6476305
1866,20,"H1,L1",1388306944.0,1388307456.0,done,,1774873891.1012826
1867,20,"H1,L1",1388306432.0,1388306944.0,processing,,1774873891.1360667
1868,20,"H1,L1",1388306432.0,1388306944.0,done,,1774874040.342945
1869,20,"H1,L1",1388305920.0,1388306432.0,gap,No GWOSC URLs found for L1 1388305920.0-1388306432.0,1774874200.5577064
1870,20,"H1,L1",1388301824.0,1388302336.0,processing,,1774874359.2267563
1871,20,"H1,L1",1388301824.0,1388302336.0,done,,1774874488.856838
1872,20,"H1,L1",1388301312.0,1388301824.0,processing,,1774874488.8853464
1873,20,"H1,L1",1388301312.0,1388301824.0,done,,1774874610.6610577
1874,20,"H1,L1",1388300800.0,1388301312.0,processing,,1774874610.686692
1875,20,"H1,L1",1388300800.0,1388301312.0,done,,1774874844.783089
1876,20,"H1,L1",1388300288.0,1388300800.0,processing,,1774874844.7930117
1877,20,"H1,L1",1388300288.0,1388300800.0,done,,1774874979.8593206
1878,20,"H1,L1",1388299776.0,1388300288.0,processing,,1774874979.8857439
1879,20,"H1,L1",1388299776.0,1388300288.0,done,,1774875127.9881403
1880,20,"H1,L1",1388299264.0,1388299776.0,processing,,1774875128.0273743
1881,20,"H1,L1",1388299264.0,1388299776.0,done,,1774875260.1442854
1882,20,"H1,L1",1388298752.0,1388299264.0,processing,,1774875260.1707306
1883,20,"H1,L1",1388298752.0,1388299264.0,done,,1774875386.3681576
1884,20,"H1,L1",1388298240.0,1388298752.0,processing,,1774875386.3834002
1885,20,"H1,L1",1388298240.0,1388298752.0,done,,1774875907.6885037
1886,20,"H1,L1",1388297728.0,1388298240.0,processing,,1774876193.5963848
1887,20,"H1,L1",1388297728.0,1388298240.0,done,,1774876430.5082529
1888,20,"H1,L1",1388297216.0,1388297728.0,processing,,1774876430.5433803
1889,20,"H1,L1",1388297216.0,1388297728.0,done,,1774876754.6971788
1890,20,"H1,L1",1388296704.0,1388297216.0,processing,,1774876754.7255962
1891,20,"H1,L1",1388296704.0,1388297216.0,done,,1774877348.1112247
1892,20,"H1,L1",1388296192.0,1388296704.0,processing,,1774877348.145014
1893,20,"H1,L1",1388296192.0,1388296704.0,done,,1774877660.298842
1894,20,"H1,L1",1388295680.0,1388296192.0,processing,,1774877660.3337674
1895,20,"H1,L1",1388295680.0,1388296192.0,done,,1774877951.952256
1896,20,"H1,L1",1388295168.0,1388295680.0,processing,,1774877951.986613
1897,20,"H1,L1",1388295168.0,1388295680.0,done,,1774878188.9594438
1898,20,"H1,L1",1388294656.0,1388295168.0,processing,,1774878188.9959424
1899,20,"H1,L1",1388294656.0,1388295168.0,done,,1774878518.5743687
1900,20,"H1,L1",1388294144.0,1388294656.0,processing,,1774878518.5844045
1901,20,"H1,L1",1388294144.0,1388294656.0,done,,1774878899.833135
1902,20,"H1,L1",1388293632.0,1388294144.0,processing,,1774879151.931199
1903,20,"H1,L1",1388293632.0,1388294144.0,done,,1774879470.0158408
1904,20,"H1,L1",1388293120.0,1388293632.0,processing,,1774879470.0433848
1905,20,"H1,L1",1388293120.0,1388293632.0,done,,1774879765.77541
1906,20,"H1,L1",1388292608.0,1388293120.0,processing,,1774879765.8072865
1907,20,"H1,L1",1388292608.0,1388293120.0,done,,1774880060.280829
1908,20,"H1,L1",1388292096.0,1388292608.0,processing,,1774880060.2883112
1909,20,"H1,L1",1388292096.0,1388292608.0,done,,1774880452.5684528
1910,20,"H1,L1",1388291584.0,1388292096.0,processing,,1774880452.587113
1911,20,"H1,L1",1388291584.0,1388292096.0,done,,1774880863.5748515
1912,20,"H1,L1",1388291072.0,1388291584.0,processing,,1774880863.6021593
1913,20,"H1,L1",1388291072.0,1388291584.0,done,,1774881295.4782996
1914,20,"H1,L1",1388290560.0,1388291072.0,processing,,1774881295.5041335
1915,20,"H1,L1",1388290560.0,1388291072.0,done,,1774881548.4563503
1916,20,"H1,L1",1388290048.0,1388290560.0,processing,,1774881548.49567
1917,20,"H1,L1",1388290048.0,1388290560.0,done,,1774882020.9848258
1918,20,"H1,L1",1388289536.0,1388290048.0,processing,,1774882241.3032799
1919,20,"H1,L1",1388289536.0,1388290048.0,done,,1774882465.4486558
1920,20,"H1,L1",1388289024.0,1388289536.0,processing,,1774882465.4565182
1921,20,"H1,L1",1388289024.0,1388289536.0,done,,1774882721.4012933
1922,20,"H1,L1",1388288512.0,1388289024.0,processing,,1774882721.429844
1923,20,"H1,L1",1388288512.0,1388289024.0,done,,1774883213.269808
1924,20,"H1,L1",1388288000.0,1388288512.0,processing,,1774883213.2835927
1925,20,"H1,L1",1388288000.0,1388288512.0,done,,1774883603.362038
1926,20,"H1,L1",1388287488.0,1388288000.0,processing,,1774883603.3972795
1927,20,"H1,L1",1388287488.0,1388288000.0,done,,1774883970.2699838
1928,20,"H1,L1",1388286976.0,1388287488.0,processing,,1774883970.3025086
1929,20,"H1,L1",1388286976.0,1388287488.0,done,,1774884292.7929614
1930,20,"H1,L1",1388286464.0,1388286976.0,processing,,1774884292.8275287
1931,20,"H1,L1",1388286464.0,1388286976.0,done,,1774884580.878246
1932,20,"H1,L1",1388285952.0,1388286464.0,processing,,1774884580.886385
1933,20,"H1,L1",1388285952.0,1388286464.0,done,,1774884835.559072
1934,20,"H1,L1",1388285440.0,1388285952.0,processing,,1774885098.576746
1935,21,"H1,L1",1388285440.0,1388285952.0,processing,,1774886440.7539847
1936,21,"H1,L1",1388285440.0,1388285952.0,done,,1774886781.7703757
1937,21,"H1,L1",1388284928.0,1388285440.0,processing,,1774886781.7839148
1938,21,"H1,L1",1388284928.0,1388285440.0,done,,1774887019.6443152
1939,21,"H1,L1",1388284416.0,1388284928.0,processing,,1774887019.6709232
1940,21,"H1,L1",1388284416.0,1388284928.0,done,,1774887267.730882
1941,21,"H1,L1",1388283904.0,1388284416.0,processing,,1774887267.7574313
1942,21,"H1,L1",1388283904.0,1388284416.0,done,,1774887545.4037254
1943,21,"H1,L1",1388283392.0,1388283904.0,processing,,1774887545.4320784
1944,21,"H1,L1",1388283392.0,1388283904.0,done,,1774887859.0994847
1945,21,"H1,L1",1388282880.0,1388283392.0,processing,,1774887859.1339123
1946,21,"H1,L1",1388282880.0,1388283392.0,done,,1774888267.1284676
1947,21,"H1,L1",1388282368.0,1388282880.0,processing,,1774888267.138461
1948,21,"H1,L1",1388282368.0,1388282880.0,done,,1774888494.908758
1949,21,"H1,L1",1388281856.0,1388282368.0,processing,,1774888494.9366791
1950,21,"H1,L1",1388281856.0,1388282368.0,done,,1774888811.890667
1951,21,"H1,L1",1388281344.0,1388281856.0,processing,,1774888989.2067215
1952,21,"H1,L1",1388281344.0,1388281856.0,done,,1774889403.2234983
1953,21,"H1,L1",1388280832.0,1388281344.0,processing,,1774889403.2500558
1954,21,"H1,L1",1388280832.0,1388281344.0,done,,1774889597.9179502
1955,21,"H1,L1",1388280320.0,1388280832.0,processing,,1774889597.9462547
1956,21,"H1,L1",1388280320.0,1388280832.0,done,,1774890312.4896235
1957,21,"H1,L1",1388279808.0,1388280320.0,processing,,1774890312.521885
1958,21,"H1,L1",1388279808.0,1388280320.0,done,,1774890470.9912198
1959,21,"H1,L1",1388279296.0,1388279808.0,processing,,1774890471.0309844
1960,21,"H1,L1",1388279296.0,1388279808.0,done,,1774890692.67656
1961,21,"H1,L1",1388278784.0,1388279296.0,processing,,1774890692.7268007
1962,21,"H1,L1",1388278784.0,1388279296.0,done,,1774890898.8361762
1963,21,"H1,L1",1388278272.0,1388278784.0,processing,,1774890898.871554
1964,21,"H1,L1",1388278272.0,1388278784.0,done,,1774891069.3494442
1965,21,"H1,L1",1388277760.0,1388278272.0,processing,,1774891069.379911
1966,21,"H1,L1",1388277760.0,1388278272.0,done,,1774891310.0445886
1967,21,"H1,L1",1388277248.0,1388277760.0,processing,,1774891470.841602
1968,21,"H1,L1",1388277248.0,1388277760.0,done,,1774892084.6063814
1969,21,"H1,L1",1388276736.0,1388277248.0,processing,,1774892084.6406484
1970,21,"H1,L1",1388276736.0,1388277248.0,done,,1774892326.8933005
1971,21,"H1,L1",1388276224.0,1388276736.0,processing,,1774892326.9290774
1972,21,"H1,L1",1388276224.0,1388276736.0,done,,1774892658.5978982
1973,21,"H1,L1",1388275712.0,1388276224.0,processing,,1774892658.6243527
1974,21,"H1,L1",1388275712.0,1388276224.0,done,,1774893041.527531
1975,21,"H1,L1",1388275200.0,1388275712.0,processing,,1774893041.5632768
1976,21,"H1,L1",1388275200.0,1388275712.0,done,,1774893277.455332
1977,21,"H1,L1",1388274688.0,1388275200.0,processing,,1774893277.483724
1978,21,"H1,L1",1388274688.0,1388275200.0,done,,1774893536.5294187
1979,21,"H1,L1",1388274176.0,1388274688.0,processing,,1774893536.5564048
1980,21,"H1,L1",1388274176.0,1388274688.0,done,,1774894043.952525
1981,21,"H1,L1",1388273664.0,1388274176.0,processing,,1774894043.9824045
1982,21,"H1,L1",1388273664.0,1388274176.0,done,,1774894044.9585402
1983,21,"H1,L1",1388273152.0,1388273664.0,processing,,1774894189.0379467
1984,21,"H1,L1",1388273152.0,1388273664.0,done,,1774894190.1139386
1985,21,"H1,L1",1388272640.0,1388273152.0,processing,,1774894190.14605
1986,21,"H1,L1",1388272640.0,1388273152.0,done,,1774894191.0914993
1987,21,"H1,L1",1388272128.0,1388272640.0,processing,,1774894191.1227744
1988,21,"H1,L1",1388272128.0,1388272640.0,done,,1774894213.0189896
1989,21,"H1,L1",1388271616.0,1388272128.0,processing,,1774894213.0436337
1990,21,"H1,L1",1388271616.0,1388272128.0,done,,1774894859.234887
1991,21,"H1,L1",1388271104.0,1388271616.0,processing,,1774894859.2699246
1992,21,"H1,L1",1388271104.0,1388271616.0,done,,1774895115.651232
1993,21,"H1,L1",1388270592.0,1388271104.0,processing,,1774895115.6597888
1994,21,"H1,L1",1388270592.0,1388271104.0,done,,1774895314.690114
1995,21,"H1,L1",1388270080.0,1388270592.0,processing,,1774895314.705664
1996,21,"H1,L1",1388270080.0,1388270592.0,done,,1774895744.5642319
1997,21,"H1,L1",1388269568.0,1388270080.0,processing,,1774895744.5828004
1998,21,"H1,L1",1388269568.0,1388270080.0,done,,1774896047.0524604
1999,21,"H1,L1",1388269056.0,1388269568.0,processing,,1774896169.2176592
2000,21,"H1,L1",1388269056.0,1388269568.0,done,,1774896452.4270284
2001,21,"H1,L1",1388268544.0,1388269056.0,processing,,1774896452.4593964
2002,21,"H1,L1",1388268544.0,1388269056.0,done,,1774896669.268504
2003,21,"H1,L1",1388268032.0,1388268544.0,processing,,1774896669.300289
2004,21,"H1,L1",1388268032.0,1388268544.0,done,,1774896890.367378
2005,21,"H1,L1",1388267520.0,1388268032.0,processing,,1774896890.3952062
2006,21,"H1,L1",1388267520.0,1388268032.0,done,,1774897103.8840191
2007,21,"H1,L1",1388267008.0,1388267520.0,processing,,1774897103.9093647
2008,21,"H1,L1",1388267008.0,1388267520.0,done,,1774897312.9868407
2009,21,"H1,L1",1388266496.0,1388267008.0,processing,,1774897313.0298822
2010,21,"H1,L1",1388266496.0,1388267008.0,done,,1774897554.2228432
2011,21,"H1,L1",1388265984.0,1388266496.0,processing,,1774897554.2328162
2012,21,"H1,L1",1388265984.0,1388266496.0,done,,1774898035.5542226
2013,21,"H1,L1",1388265472.0,1388265984.0,processing,,1774898035.560407
2014,21,"H1,L1",1388265472.0,1388265984.0,done,,1774898036.3733492
2015,21,"H1,L1",1388264960.0,1388265472.0,gap,No GWOSC URLs found for H1 1388264960.0-1388265472.0,1774898037.0733309
2016,21,"H1,L1",1388211712.0,1388212224.0,processing,,1774898271.2566383
2017,21,"H1,L1",1388211712.0,1388212224.0,done,,1774898426.4954658
2018,21,"H1,L1",1388211200.0,1388211712.0,processing,,1774898426.5152626
2019,21,"H1,L1",1388211200.0,1388211712.0,done,,1774899062.8616996
2020,21,"H1,L1",1388210688.0,1388211200.0,processing,,1774899062.887749
2021,21,"H1,L1",1388210688.0,1388211200.0,done,,1774899526.1712263
2022,21,"H1,L1",1388210176.0,1388210688.0,processing,,1774899526.1864722
2023,21,"H1,L1",1388210176.0,1388210688.0,done,,1774899833.6681523
2024,21,"H1,L1",1388209664.0,1388210176.0,processing,,1774899833.6997058
2025,21,"H1,L1",1388209664.0,1388210176.0,done,,1774900175.07671
2026,21,"H1,L1",1388209152.0,1388209664.0,processing,,1774900175.1180696
2027,21,"H1,L1",1388209152.0,1388209664.0,done,,1774900418.795928
2028,21,"H1,L1",1388208640.0,1388209152.0,processing,,1774900418.822411
2029,21,"H1,L1",1388208640.0,1388209152.0,done,,1774900838.4007294
2030,21,"H1,L1",1388208128.0,1388208640.0,processing,,1774900838.4346266
2031,21,"H1,L1",1388208128.0,1388208640.0,done,,1774901278.5782225
2032,21,"H1,L1",1388207616.0,1388208128.0,processing,,1774901515.9121218
2033,21,"H1,L1",1388207616.0,1388208128.0,done,,1774901848.2133632
2034,21,"H1,L1",1388207104.0,1388207616.0,processing,,1774901848.2531931
2035,21,"H1,L1",1388207104.0,1388207616.0,done,,1774902065.4768326
2036,21,"H1,L1",1388206592.0,1388207104.0,processing,,1774902065.512255
2037,21,"H1,L1",1388206592.0,1388207104.0,done,,1774902527.2522726
2038,21,"H1,L1",1388206080.0,1388206592.0,processing,,1774902527.2777107
2039,21,"H1,L1",1388206080.0,1388206592.0,done,,1774902849.7163649
2040,21,"H1,L1",1388205568.0,1388206080.0,processing,,1774902849.7315996
2041,21,"H1,L1",1388205568.0,1388206080.0,done,,1774903150.6760223
2042,21,"H1,L1",1388205056.0,1388205568.0,processing,,1774903150.7018566
2043,21,"H1,L1",1388205056.0,1388205568.0,done,,1774903483.390346
2044,21,"H1,L1",1388204544.0,1388205056.0,processing,,1774903483.4169476
2045,21,"H1,L1",1388204544.0,1388205056.0,done,,1774903861.414688
2046,21,"H1,L1",1388204032.0,1388204544.0,processing,,1774903861.4457936
2047,21,"H1,L1",1388204032.0,1388204544.0,done,,1774904239.6640465
2048,21,"H1,L1",1388203520.0,1388204032.0,processing,,1774904449.4586957
2049,21,"H1,L1",1388203520.0,1388204032.0,done,,1774904730.7511008
2050,21,"H1,L1",1388203008.0,1388203520.0,processing,,1774904730.777351
2051,21,"H1,L1",1388203008.0,1388203520.0,done,,1774905104.579368
2052,21,"H1,L1",1388202496.0,1388203008.0,processing,,1774905104.6053038
2053,21,"H1,L1",1388202496.0,1388203008.0,done,,1774905503.7567008
2054,21,"H1,L1",1388201984.0,1388202496.0,processing,,1774905503.7900603
2055,21,"H1,L1",1388201984.0,1388202496.0,done,,1774905855.0628786
2056,21,"H1,L1",1388201472.0,1388201984.0,processing,,1774905855.0786517
2057,21,"H1,L1",1388201472.0,1388201984.0,done,,1774906167.7737925
2058,21,"H1,L1",1388200960.0,1388201472.0,processing,,1774906167.8085032
2059,21,"H1,L1",1388200960.0,1388201472.0,done,,1774906482.863979
2060,21,"H1,L1",1388200448.0,1388200960.0,processing,,1774906482.8986604
2061,21,"H1,L1",1388200448.0,1388200960.0,done,,1774906741.4806871
2062,21,"H1,L1",1388199936.0,1388200448.0,processing,,1774906741.514612
2063,21,"H1,L1",1388199936.0,1388200448.0,done,,1774906950.4122736
2064,21,"H1,L1",1388199424.0,1388199936.0,processing,,1774907106.204249
2065,21,"H1,L1",1388199424.0,1388199936.0,done,,1774907357.6179159
2066,21,"H1,L1",1388198912.0,1388199424.0,processing,,1774907357.6469755
2067,21,"H1,L1",1388198912.0,1388199424.0,done,,1774907567.6861572
2068,21,"H1,L1",1388198400.0,1388198912.0,processing,,1774907567.7119956
2069,21,"H1,L1",1388198400.0,1388198912.0,done,,1774907928.8974912
2070,21,"H1,L1",1388197888.0,1388198400.0,processing,,1774907928.930045
2071,21,"H1,L1",1388197888.0,1388198400.0,done,,1774908086.0062044
2072,21,"H1,L1",1388197376.0,1388197888.0,processing,,1774908086.0402904
2073,21,"H1,L1",1388197376.0,1388197888.0,done,,1774908332.2701304
2074,21,"H1,L1",1388196864.0,1388197376.0,processing,,1774908332.3024979
2075,21,"H1,L1",1388196864.0,1388197376.0,done,,1774909012.3419535
2076,21,"H1,L1",1388196352.0,1388196864.0,processing,,1774909012.3679023
2077,21,"H1,L1",1388196352.0,1388196864.0,done,,1774909438.4858608
2078,21,"H1,L1",1388195840.0,1388196352.0,processing,,1774909438.5132227
2079,21,"H1,L1",1388195840.0,1388196352.0,done,,1774909729.845668
2080,21,"H1,L1",1388195328.0,1388195840.0,processing,,1774909973.9693627
2081,21,"H1,L1",1388195328.0,1388195840.0,done,,1774910279.4413557
2082,21,"H1,L1",1388194816.0,1388195328.0,processing,,1774910279.4752548
2083,21,"H1,L1",1388194816.0,1388195328.0,done,,1774910624.6590953
2084,21,"H1,L1",1388194304.0,1388194816.0,processing,,1774910624.6846657
2085,21,"H1,L1",1388194304.0,1388194816.0,done,,1774910991.3528361
2086,21,"H1,L1",1388193792.0,1388194304.0,processing,,1774910991.381764
2087,22,"H1,L1",1388193792.0,1388194304.0,processing,,1774912761.4476895
2088,22,"H1,L1",1388193792.0,1388194304.0,done,,1774913061.724505
2089,22,"H1,L1",1388193280.0,1388193792.0,processing,,1774913061.750369
2090,22,"H1,L1",1388193280.0,1388193792.0,done,,1774913343.6497104
2091,22,"H1,L1",1388192768.0,1388193280.0,processing,,1774913343.6847138
2092,22,"H1,L1",1388192768.0,1388193280.0,done,,1774913605.692178
2093,22,"H1,L1",1388192256.0,1388192768.0,processing,,1774913605.718563
2094,22,"H1,L1",1388192256.0,1388192768.0,done,,1774914001.9088926
2095,22,"H1,L1",1388191744.0,1388192256.0,processing,,1774914001.9485314
2096,22,"H1,L1",1388191744.0,1388192256.0,done,,1774914228.9376569
2097,22,"H1,L1",1388191232.0,1388191744.0,processing,,1774914364.6422427
2098,22,"H1,L1",1388191232.0,1388191744.0,done,,1774914574.605793
2099,22,"H1,L1",1388190720.0,1388191232.0,processing,,1774914574.6315193
2100,22,"H1,L1",1388190720.0,1388191232.0,done,,1774914782.7771673
2101,22,"H1,L1",1388190208.0,1388190720.0,processing,,1774914782.8034108
2102,22,"H1,L1",1388190208.0,1388190720.0,done,,1774914927.9871874
2103,22,"H1,L1",1388189696.0,1388190208.0,processing,,1774914928.0121777
2104,22,"H1,L1",1388189696.0,1388190208.0,done,,1774915130.790189
2105,22,"H1,L1",1388189184.0,1388189696.0,processing,,1774915130.8255603
2106,22,"H1,L1",1388189184.0,1388189696.0,done,,1774915263.1455014
2107,22,"H1,L1",1388188672.0,1388189184.0,processing,,1774915263.1638224
2108,22,"H1,L1",1388188672.0,1388189184.0,done,,1774915382.6120555
2109,22,"H1,L1",1388188160.0,1388188672.0,processing,,1774915382.652958
2110,22,"H1,L1",1388188160.0,1388188672.0,done,,1774915492.884816
2111,22,"H1,L1",1388187648.0,1388188160.0,processing,,1774915492.918205
2112,22,"H1,L1",1388187648.0,1388188160.0,done,,1774915693.9047337
2113,22,"H1,L1",1388187136.0,1388187648.0,processing,,1774915862.795335
2114,22,"H1,L1",1388187136.0,1388187648.0,done,,1774916066.7601364
2115,22,"H1,L1",1388186624.0,1388187136.0,processing,,1774916066.7895942
2116,22,"H1,L1",1388186624.0,1388187136.0,done,,1774916503.6267831
2117,22,"H1,L1",1388186112.0,1388186624.0,processing,,1774916503.6426349
2118,22,"H1,L1",1388186112.0,1388186624.0,done,,1774916717.1511757
2119,22,"H1,L1",1388185600.0,1388186112.0,processing,,1774916717.1794455
2120,22,"H1,L1",1388185600.0,1388186112.0,done,,1774916921.0603034
2121,22,"H1,L1",1388185088.0,1388185600.0,processing,,1774916921.090084
2122,22,"H1,L1",1388185088.0,1388185600.0,done,,1774917135.022219
2123,22,"H1,L1",1388184576.0,1388185088.0,processing,,1774917135.0504768
2124,22,"H1,L1",1388184576.0,1388185088.0,done,,1774917314.8348017
2125,22,"H1,L1",1388184064.0,1388184576.0,processing,,1774917314.869546
2126,22,"H1,L1",1388184064.0,1388184576.0,done,,1774917418.1155713
2127,22,"H1,L1",1388183552.0,1388184064.0,processing,,1774917418.1419268
2128,22,"H1,L1",1388183552.0,1388184064.0,done,,1774917574.972433
2129,22,"H1,L1",1388183040.0,1388183552.0,gap,No GWOSC URLs found for L1 1388183040.0-1388183552.0,1774917719.1286697
2130,22,"H1,L1",1388129792.0,1388130304.0,processing,,1774917892.767297
2131,22,"H1,L1",1388129792.0,1388130304.0,done,,1774917893.7809782
2132,22,"H1,L1",1388129280.0,1388129792.0,processing,,1774917893.8052723
2133,22,"H1,L1",1388129280.0,1388129792.0,done,,1774917894.812581
2134,22,"H1,L1",1388128768.0,1388129280.0,processing,,1774917894.8365924
2135,22,"H1,L1",1388128768.0,1388129280.0,done,,1774918416.4353292
2136,22,"H1,L1",1388128256.0,1388128768.0,processing,,1774918416.4508195
2137,22,"H1,L1",1388128256.0,1388128768.0,done,,1774918795.0600085
2138,22,"H1,L1",1388127744.0,1388128256.0,processing,,1774918795.0863743
2139,22,"H1,L1",1388127744.0,1388128256.0,done,,1774919113.486477
2140,22,"H1,L1",1388127232.0,1388127744.0,processing,,1774919113.5231428
2141,22,"H1,L1",1388127232.0,1388127744.0,done,,1774919458.0918384
2142,22,"H1,L1",1388126720.0,1388127232.0,processing,,1774919458.11815
2143,22,"H1,L1",1388126720.0,1388127232.0,done,,1774919718.0549855
2144,22,"H1,L1",1388126208.0,1388126720.0,processing,,1774919718.0890548
2145,22,"H1,L1",1388126208.0,1388126720.0,done,,1774920084.3000314
2146,22,"H1,L1",1388125696.0,1388126208.0,processing,,1774920302.8881493
2147,22,"H1,L1",1388125696.0,1388126208.0,done,,1774920608.251066
2148,22,"H1,L1",1388125184.0,1388125696.0,processing,,1774920608.2775671
2149,22,"H1,L1",1388125184.0,1388125696.0,done,,1774921034.2607527
2150,22,"H1,L1",1388124672.0,1388125184.0,processing,,1774921034.3006115
2151,22,"H1,L1",1388124672.0,1388125184.0,done,,1774921247.5755904
2152,22,"H1,L1",1388124160.0,1388124672.0,processing,,1774921247.6083019
2153,22,"H1,L1",1388124160.0,1388124672.0,done,,1774921585.634212
2154,22,"H1,L1",1388123648.0,1388124160.0,processing,,1774921585.6681097
2155,22,"H1,L1",1388123648.0,1388124160.0,done,,1774921784.5926597
2156,22,"H1,L1",1388123136.0,1388123648.0,processing,,1774921784.6192672
2157,22,"H1,L1",1388123136.0,1388123648.0,done,,1774922160.4218128
2158,22,"H1,L1",1388122624.0,1388123136.0,processing,,1774922160.4291687
2159,22,"H1,L1",1388122624.0,1388123136.0,done,,1774922434.7295117
2160,22,"H1,L1",1388122112.0,1388122624.0,processing,,1774922434.751425
2161,22,"H1,L1",1388122112.0,1388122624.0,done,,1774922778.813153
2162,22,"H1,L1",1388121600.0,1388122112.0,processing,,1774923014.821588
2163,22,"H1,L1",1388121600.0,1388122112.0,done,,1774923287.6008413
2164,22,"H1,L1",1388121088.0,1388121600.0,processing,,1774923287.6339252
2165,22,"H1,L1",1388121088.0,1388121600.0,done,,1774923496.626813
2166,22,"H1,L1",1388120576.0,1388121088.0,processing,,1774923496.6541908
2167,22,"H1,L1",1388120576.0,1388121088.0,done,,1774923861.9592023
2168,22,"H1,L1",1388120064.0,1388120576.0,processing,,1774923861.9939759
2169,22,"H1,L1",1388120064.0,1388120576.0,done,,1774924070.1241658
2170,22,"H1,L1",1388119552.0,1388120064.0,processing,,1774924070.159229
2171,22,"H1,L1",1388119552.0,1388120064.0,done,,1774924568.8267338
2172,22,"H1,L1",1388119040.0,1388119552.0,processing,,1774924568.8527925
2173,22,"H1,L1",1388119040.0,1388119552.0,done,,1774924882.9459496
2174,22,"H1,L1",1388118528.0,1388119040.0,processing,,1774924882.9724784
2175,22,"H1,L1",1388118528.0,1388119040.0,done,,1774925212.6263087
2176,22,"H1,L1",1388118016.0,1388118528.0,processing,,1774925212.6533122
2177,22,"H1,L1",1388118016.0,1388118528.0,done,,1774925514.094331
2178,22,"H1,L1",1388117504.0,1388118016.0,processing,,1774925758.515648
2179,22,"H1,L1",1388117504.0,1388118016.0,done,,1774926203.4547691
2180,22,"H1,L1",1388116992.0,1388117504.0,processing,,1774926203.4915626
2181,22,"H1,L1",1388116992.0,1388117504.0,done,,1774926632.093483
2182,22,"H1,L1",1388116480.0,1388116992.0,processing,,1774926632.1134198
2183,22,"H1,L1",1388116480.0,1388116992.0,done,,1774927030.4575367
2184,22,"H1,L1",1388115968.0,1388116480.0,processing,,1774927030.4937484
2185,22,"H1,L1",1388115968.0,1388116480.0,done,,1774927518.62657
2186,22,"H1,L1",1388115456.0,1388115968.0,processing,,1774927518.6457138
2187,22,"H1,L1",1388115456.0,1388115968.0,done,,1774927826.4732692
2188,22,"H1,L1",1388114944.0,1388115456.0,processing,,1774927826.5093532
2189,22,"H1,L1",1388114944.0,1388115456.0,done,,1774928150.3720791
2190,22,"H1,L1",1388114432.0,1388114944.0,processing,,1774928150.398832
2191,22,"H1,L1",1388114432.0,1388114944.0,done,,1774928595.576217
2192,22,"H1,L1",1388113920.0,1388114432.0,processing,,1774928595.603092
2193,22,"H1,L1",1388113920.0,1388114432.0,done,,1774928930.383197
2194,22,"H1,L1",1388113408.0,1388113920.0,processing,,1774929327.6600826
2195,22,"H1,L1",1388113408.0,1388113920.0,done,,1774929738.2946293
2196,22,"H1,L1",1388112896.0,1388113408.0,processing,,1774929738.313396
2197,22,"H1,L1",1388112896.0,1388113408.0,done,,1774930236.3534565
2198,22,"H1,L1",1388112384.0,1388112896.0,processing,,1774930236.3799505
2199,23,"H1,L1",1388112384.0,1388112896.0,processing,,1774933765.9902737
2200,23,"H1,L1",1388112384.0,1388112896.0,done,,1774934095.062926
2201,23,"H1,L1",1388111872.0,1388112384.0,processing,,1774934095.090203
2202,23,"H1,L1",1388111872.0,1388112384.0,done,,1774934366.7811594
2203,23,"H1,L1",1388111360.0,1388111872.0,processing,,1774934366.808139
2204,23,"H1,L1",1388111360.0,1388111872.0,done,,1774934665.4321537
2205,23,"H1,L1",1388110848.0,1388111360.0,processing,,1774934665.4729862
2206,23,"H1,L1",1388110848.0,1388111360.0,done,,1774935137.907304
2207,23,"H1,L1",1388110336.0,1388110848.0,processing,,1774935137.941454
2208,23,"H1,L1",1388110336.0,1388110848.0,done,,1774935387.420559
2209,23,"H1,L1",1388109824.0,1388110336.0,processing,,1774935387.4279842
2210,23,"H1,L1",1388109824.0,1388110336.0,done,,1774935560.5929036
2211,23,"H1,L1",1388109312.0,1388109824.0,processing,,1774935668.976627
2212,23,"H1,L1",1388109312.0,1388109824.0,done,,1774935669.7935033
2213,23,"H1,L1",1388108800.0,1388109312.0,processing,,1774935669.8180742
2214,23,"H1,L1",1388108800.0,1388109312.0,done,,1774935670.5116224
2215,23,"H1,L1",1388108288.0,1388108800.0,processing,,1774935670.5363054
2216,23,"H1,L1",1388108288.0,1388108800.0,done,,1774935671.2222471
2217,23,"H1,L1",1388107776.0,1388108288.0,processing,,1774935671.2239249
2218,23,"H1,L1",1388107776.0,1388108288.0,done,,1774935691.6655703
2219,23,"H1,L1",1388107264.0,1388107776.0,processing,,1774935691.671979
2220,23,"H1,L1",1388107264.0,1388107776.0,done,,1774935724.0959737
2221,23,"H1,L1",1388106752.0,1388107264.0,processing,,1774935724.1247687
2222,23,"H1,L1",1388106752.0,1388107264.0,done,,1774935844.0040915
2223,23,"H1,L1",1388106240.0,1388106752.0,processing,,1774935844.0405593
2224,23,"H1,L1",1388106240.0,1388106752.0,done,,1774936062.2736754
2225,23,"H1,L1",1388105728.0,1388106240.0,processing,,1774936062.3052313
2226,23,"H1,L1",1388105728.0,1388106240.0,done,,1774936412.338637
2227,23,"H1,L1",1388105216.0,1388105728.0,processing,,1774936625.310088
2228,23,"H1,L1",1388105216.0,1388105728.0,done,,1774937108.0954797
2229,23,"H1,L1",1388104704.0,1388105216.0,processing,,1774937108.121995
2230,23,"H1,L1",1388104704.0,1388105216.0,done,,1774937387.2182763
2231,23,"H1,L1",1388104192.0,1388104704.0,processing,,1774937387.2435975
2232,23,"H1,L1",1388104192.0,1388104704.0,done,,1774937633.2419608
2233,23,"H1,L1",1388103680.0,1388104192.0,processing,,1774937633.2700486
2234,23,"H1,L1",1388103680.0,1388104192.0,done,,1774937927.3203518
2235,23,"H1,L1",1388103168.0,1388103680.0,processing,,1774937927.333687
2236,23,"H1,L1",1388103168.0,1388103680.0,done,,1774938342.3028853
2237,23,"H1,L1",1388102656.0,1388103168.0,processing,,1774938342.3236263
2238,23,"H1,L1",1388102656.0,1388103168.0,done,,1774938744.8672645
2239,23,"H1,L1",1388102144.0,1388102656.0,processing,,1774938744.883567
2240,23,"H1,L1",1388102144.0,1388102656.0,done,,1774939124.2946718
2241,23,"H1,L1",1388101632.0,1388102144.0,processing,,1774939124.3098276
2242,23,"H1,L1",1388101632.0,1388102144.0,done,,1774939434.603306
2243,23,"H1,L1",1388101120.0,1388101632.0,processing,,1774939668.9123523
2244,23,"H1,L1",1388101120.0,1388101632.0,done,,1774939985.9120567
2245,23,"H1,L1",1388100608.0,1388101120.0,processing,,1774939985.9454873
2246,23,"H1,L1",1388100608.0,1388101120.0,done,,1774940264.346099
2247,23,"H1,L1",1388100096.0,1388100608.0,processing,,1774940264.3723752
2248,23,"H1,L1",1388100096.0,1388100608.0,done,,1774940701.7389483
2249,23,"H1,L1",1388099584.0,1388100096.0,processing,,1774940701.758426
2250,23,"H1,L1",1388099584.0,1388100096.0,done,,1774940934.0836775
2251,23,"H1,L1",1388099072.0,1388099584.0,processing,,1774940934.0999575
2252,23,"H1,L1",1388099072.0,1388099584.0,done,,1774941250.5482047
2253,23,"H1,L1",1388098560.0,1388099072.0,processing,,1774941250.581369
2254,23,"H1,L1",1388098560.0,1388099072.0,done,,1774941559.9973142
2255,23,"H1,L1",1388098048.0,1388098560.0,processing,,1774941560.0166261
2256,23,"H1,L1",1388098048.0,1388098560.0,done,,1774941945.3957822
2257,23,"H1,L1",1388097536.0,1388098048.0,processing,,1774941945.4025786
2258,23,"H1,L1",1388097536.0,1388098048.0,done,,1774942153.0459824
2259,23,"H1,L1",1388097024.0,1388097536.0,processing,,1774942394.3948312
2260,23,"H1,L1",1388097024.0,1388097536.0,done,,1774942708.6314785
2261,23,"H1,L1",1388096512.0,1388097024.0,processing,,1774942708.6531897
2262,23,"H1,L1",1388096512.0,1388097024.0,done,,1774943071.6722481
2263,23,"H1,L1",1388096000.0,1388096512.0,processing,,1774943071.6878128
2264,23,"H1,L1",1388096000.0,1388096512.0,done,,1774943330.1894293
2265,23,"H1,L1",1388095488.0,1388096000.0,processing,,1774943330.2173345
2266,23,"H1,L1",1388095488.0,1388096000.0,done,,1774943807.1245587
2267,23,"H1,L1",1388094976.0,1388095488.0,processing,,1774943807.1358223
2268,23,"H1,L1",1388094976.0,1388095488.0,done,,1774944260.9733472
2269,23,"H1,L1",1388094464.0,1388094976.0,processing,,1774944260.9999216
2270,23,"H1,L1",1388094464.0,1388094976.0,done,,1774944545.537895
2271,23,"H1,L1",1388093952.0,1388094464.0,processing,,1774944545.5652165
2272,23,"H1,L1",1388093952.0,1388094464.0,done,,1774944915.4364715
2273,23,"H1,L1",1388093440.0,1388093952.0,processing,,1774944915.4696333
2274,23,"H1,L1",1388093440.0,1388093952.0,done,,1774945250.1365302
2275,23,"H1,L1",1388092928.0,1388093440.0,processing,,1774945475.935304
2276,23,"H1,L1",1388092928.0,1388093440.0,done,,1774945710.522028
2277,23,"H1,L1",1388092416.0,1388092928.0,processing,,1774945710.5286593
2278,23,"H1,L1",1388092416.0,1388092928.0,done,,1774946029.643593
2279,23,"H1,L1",1388091904.0,1388092416.0,processing,,1774946029.6765316
2280,23,"H1,L1",1388091904.0,1388092416.0,done,,1774946384.7645965
2281,23,"H1,L1",1388091392.0,1388091904.0,processing,,1774946384.7914467
2282,23,"H1,L1",1388091392.0,1388091904.0,done,,1774946702.1250663
2283,23,"H1,L1",1388090880.0,1388091392.0,processing,,1774946702.1524994
2284,23,"H1,L1",1388090880.0,1388091392.0,done,,1774947089.088955
2285,23,"H1,L1",1388090368.0,1388090880.0,processing,,1774947089.1204462
2286,23,"H1,L1",1388090368.0,1388090880.0,done,,1774947426.5020196
2287,23,"H1,L1",1388089856.0,1388090368.0,processing,,1774947426.5119114
2288,23,"H1,L1",1388089856.0,1388090368.0,done,,1774947657.909521
2289,23,"H1,L1",1388089344.0,1388089856.0,processing,,1774947657.9375138
2290,23,"H1,L1",1388089344.0,1388089856.0,done,,1774947885.1749415
2291,23,"H1,L1",1388088832.0,1388089344.0,processing,,1774948112.5375962
2292,23,"H1,L1",1388088832.0,1388089344.0,done,,1774948488.200191
2293,23,"H1,L1",1388088320.0,1388088832.0,processing,,1774948488.2255743
2294,23,"H1,L1",1388088320.0,1388088832.0,done,,1774948927.1182597
2295,23,"H1,L1",1388087808.0,1388088320.0,processing,,1774948927.1354482
2296,23,"H1,L1",1388087808.0,1388088320.0,done,,1774949312.5852287
2297,23,"H1,L1",1388087296.0,1388087808.0,processing,,1774949312.6113522
2298,23,"H1,L1",1388087296.0,1388087808.0,done,,1774949786.0981216
2299,23,"H1,L1",1388086784.0,1388087296.0,processing,,1774949786.121939
2300,23,"H1,L1",1388086784.0,1388087296.0,done,,1774950006.9618316
2301,23,"H1,L1",1388086272.0,1388086784.0,processing,,1774950006.9886618
2302,23,"H1,L1",1388086272.0,1388086784.0,done,,1774950280.6936998
2303,23,"H1,L1",1388085760.0,1388086272.0,processing,,1774950280.7199702
2304,23,"H1,L1",1388085760.0,1388086272.0,done,,1774950792.0021534
2305,23,"H1,L1",1388085248.0,1388085760.0,processing,,1774950792.0187654
2306,23,"H1,L1",1388085248.0,1388085760.0,done,,1774951100.8701243
2307,23,"H1,L1",1388084736.0,1388085248.0,processing,,1774951344.635198
2308,23,"H1,L1",1388084736.0,1388085248.0,done,,1774951581.3564286
2309,23,"H1,L1",1388084224.0,1388084736.0,processing,,1774951581.3630981
2310,23,"H1,L1",1388084224.0,1388084736.0,done,,1774951942.4706337
2311,23,"H1,L1",1388083712.0,1388084224.0,processing,,1774951942.496484
2312,23,"H1,L1",1388083712.0,1388084224.0,done,,1774952301.9687254
2313,23,"H1,L1",1388083200.0,1388083712.0,processing,,1774952301.975193
2314,24,"H1,L1",1388083200.0,1388083712.0,processing,,1774957818.7452714
2315,24,"H1,L1",1388083200.0,1388083712.0,done,,1774958202.586722
2316,24,"H1,L1",1388082688.0,1388083200.0,processing,,1774958202.6219494
2317,24,"H1,L1",1388082688.0,1388083200.0,done,,1774958525.0986688
2318,24,"H1,L1",1388082176.0,1388082688.0,processing,,1774958525.1335847
2319,24,"H1,L1",1388082176.0,1388082688.0,done,,1774958812.4713757
2320,24,"H1,L1",1388081664.0,1388082176.0,processing,,1774958812.478688
2321,24,"H1,L1",1388081664.0,1388082176.0,done,,1774959236.0835285
2322,24,"H1,L1",1388081152.0,1388081664.0,processing,,1774959236.1027315
2323,24,"H1,L1",1388081152.0,1388081664.0,done,,1774959475.4313295
2324,24,"H1,L1",1388080640.0,1388081152.0,processing,,1774959717.5045035
2325,24,"H1,L1",1388080640.0,1388081152.0,done,,1774960022.5039353
2326,24,"H1,L1",1388080128.0,1388080640.0,processing,,1774960022.5316925
2327,24,"H1,L1",1388080128.0,1388080640.0,done,,1774960320.1141768
2328,24,"H1,L1",1388079616.0,1388080128.0,processing,,1774960320.1361458
2329,24,"H1,L1",1388079616.0,1388080128.0,done,,1774960659.6363323
2330,24,"H1,L1",1388079104.0,1388079616.0,processing,,1774960659.6722345
2331,24,"H1,L1",1388079104.0,1388079616.0,done,,1774960886.1729264
2332,24,"H1,L1",1388078592.0,1388079104.0,processing,,1774960886.186683
2333,24,"H1,L1",1388078592.0,1388079104.0,done,,1774961313.4816756
2334,24,"H1,L1",1388078080.0,1388078592.0,processing,,1774961313.5077457
2335,24,"H1,L1",1388078080.0,1388078592.0,done,,1774961640.5944037
2336,24,"H1,L1",1388077568.0,1388078080.0,processing,,1774961640.6391618
2337,24,"H1,L1",1388077568.0,1388078080.0,done,,1774961999.2303662
2338,24,"H1,L1",1388077056.0,1388077568.0,processing,,1774961999.2385235
2339,24,"H1,L1",1388077056.0,1388077568.0,done,,1774962321.8161738
2340,24,"H1,L1",1388076544.0,1388077056.0,processing,,1774962514.1529927
2341,24,"H1,L1",1388076544.0,1388077056.0,done,,1774962847.331986
2342,24,"H1,L1",1388076032.0,1388076544.0,processing,,1774962847.3484423
2343,24,"H1,L1",1388076032.0,1388076544.0,done,,1774963306.1165571
2344,24,"H1,L1",1388075520.0,1388076032.0,processing,,1774963306.1365464
2345,24,"H1,L1",1388075520.0,1388076032.0,done,,1774963636.4973612
2346,24,"H1,L1",1388075008.0,1388075520.0,processing,,1774963636.5254755
2347,24,"H1,L1",1388075008.0,1388075520.0,done,,1774963890.8853436
2348,24,"H1,L1",1388074496.0,1388075008.0,processing,,1774963890.918661
2349,24,"H1,L1",1388074496.0,1388075008.0,done,,1774964019.3290744
2350,24,"H1,L1",1388073984.0,1388074496.0,processing,,1774964019.355039
2351,24,"H1,L1",1388073984.0,1388074496.0,done,,1774964148.7731092
2352,24,"H1,L1",1388073472.0,1388073984.0,processing,,1774964148.8135734
2353,24,"H1,L1",1388073472.0,1388073984.0,done,,1774964308.135448
2354,24,"H1,L1",1388072960.0,1388073472.0,processing,,1774964308.1689744
2355,24,"H1,L1",1388072960.0,1388073472.0,done,,1774964448.001622
2356,24,"H1,L1",1388072448.0,1388072960.0,processing,,1774964569.9237583
2357,24,"H1,L1",1388072448.0,1388072960.0,done,,1774964721.2493842
2358,24,"H1,L1",1388071936.0,1388072448.0,processing,,1774964721.281923
2359,24,"H1,L1",1388071936.0,1388072448.0,done,,1774964842.0867257
2360,24,"H1,L1",1388071424.0,1388071936.0,processing,,1774964842.1194453
2361,24,"H1,L1",1388071424.0,1388071936.0,done,,1774964960.6287339
2362,24,"H1,L1",1388070912.0,1388071424.0,processing,,1774964960.6555526
2363,24,"H1,L1",1388070912.0,1388071424.0,done,,1774965132.665428
2364,24,"H1,L1",1388070400.0,1388070912.0,processing,,1774965132.690094
2365,24,"H1,L1",1388070400.0,1388070912.0,done,,1774965265.8644116
2366,24,"H1,L1",1388069888.0,1388070400.0,processing,,1774965265.891634
2367,24,"H1,L1",1388069888.0,1388070400.0,done,,1774965426.877342
2368,24,"H1,L1",1388069376.0,1388069888.0,processing,,1774965426.9020221
2369,24,"H1,L1",1388069376.0,1388069888.0,done,,1774965584.3460736
2370,24,"H1,L1",1388068864.0,1388069376.0,processing,,1774965584.3475263
2371,24,"H1,L1",1388068864.0,1388069376.0,done,,1774965733.1041024
2372,24,"H1,L1",1388068352.0,1388068864.0,processing,,1774965903.024553
2373,24,"H1,L1",1388068352.0,1388068864.0,done,,1774966043.5576286
2374,24,"H1,L1",1388067840.0,1388068352.0,processing,,1774966043.5923326
2375,24,"H1,L1",1388067840.0,1388068352.0,done,,1774966151.7679663
2376,24,"H1,L1",1388067328.0,1388067840.0,processing,,1774966151.8045833
2377,24,"H1,L1",1388067328.0,1388067840.0,done,,1774966280.8401017
2378,24,"H1,L1",1388066816.0,1388067328.0,processing,,1774966280.8634386
2379,24,"H1,L1",1388066816.0,1388067328.0,done,,1774966511.1412084
2380,24,"H1,L1",1388066304.0,1388066816.0,processing,,1774966511.1741376
2381,24,"H1,L1",1388066304.0,1388066816.0,done,,1774966625.496925
2382,24,"H1,L1",1388065792.0,1388066304.0,processing,,1774966625.531505
2383,24,"H1,L1",1388065792.0,1388066304.0,done,,1774967229.4022949
2384,24,"H1,L1",1388065280.0,1388065792.0,processing,,1774967229.4350033
2385,24,"H1,L1",1388065280.0,1388065792.0,done,,1774967755.320759
2386,24,"H1,L1",1388064768.0,1388065280.0,processing,,1774967755.3234117
2387,24,"H1,L1",1388064768.0,1388065280.0,done,,1774968003.6951032
2388,24,"H1,L1",1388064256.0,1388064768.0,processing,,1774968251.9236045
2389,24,"H1,L1",1388064256.0,1388064768.0,done,,1774968489.1005461
2390,24,"H1,L1",1388063744.0,1388064256.0,processing,,1774968489.1282337
2391,24,"H1,L1",1388063744.0,1388064256.0,done,,1774968817.2267172
2392,24,"H1,L1",1388063232.0,1388063744.0,processing,,1774968817.2429287
2393,24,"H1,L1",1388063232.0,1388063744.0,done,,1774969212.6886404
2394,24,"H1,L1",1388062720.0,1388063232.0,processing,,1774969212.7221339
2395,24,"H1,L1",1388062720.0,1388063232.0,done,,1774969563.440649
2396,24,"H1,L1",1388062208.0,1388062720.0,processing,,1774969563.4665716
2397,24,"H1,L1",1388062208.0,1388062720.0,done,,1774969853.3180504
2398,24,"H1,L1",1388061696.0,1388062208.0,processing,,1774969853.3452013
2399,24,"H1,L1",1388061696.0,1388062208.0,done,,1774970062.711196
2400,24,"H1,L1",1388061184.0,1388061696.0,processing,,1774970062.745093
2401,24,"H1,L1",1388061184.0,1388061696.0,done,,1774970324.5746863
2402,24,"H1,L1",1388060672.0,1388061184.0,processing,,1774970324.6031106
2403,24,"H1,L1",1388060672.0,1388061184.0,done,,1774970596.6370676
2404,24,"H1,L1",1388060160.0,1388060672.0,processing,,1774970855.9278882
2405,25,"H1,L1",1388060160.0,1388060672.0,processing,,1774972159.0027363
2406,25,"H1,L1",1388060160.0,1388060672.0,done,,1774972399.7270617
2407,25,"H1,L1",1388059648.0,1388060160.0,processing,,1774972399.763387
2408,25,"H1,L1",1388059648.0,1388060160.0,done,,1774972837.810239
2409,25,"H1,L1",1388059136.0,1388059648.0,processing,,1774972837.8294835
2410,25,"H1,L1",1388059136.0,1388059648.0,done,,1774973178.0096788
2411,25,"H1,L1",1388058624.0,1388059136.0,processing,,1774973178.036629
2412,25,"H1,L1",1388058624.0,1388059136.0,done,,1774973490.0597777
2413,25,"H1,L1",1388058112.0,1388058624.0,processing,,1774973490.085765
2414,25,"H1,L1",1388058112.0,1388058624.0,done,,1774973828.9330347
2415,25,"H1,L1",1388057600.0,1388058112.0,processing,,1774973828.953255
2416,25,"H1,L1",1388057600.0,1388058112.0,done,,1774974147.4820337
2417,25,"H1,L1",1388057088.0,1388057600.0,processing,,1774974147.5115845
2418,25,"H1,L1",1388057088.0,1388057600.0,done,,1774974477.320765
2419,25,"H1,L1",1388056576.0,1388057088.0,processing,,1774974477.3474832
2420,25,"H1,L1",1388056576.0,1388057088.0,done,,1774974695.9089062
2421,25,"H1,L1",1388056064.0,1388056576.0,processing,,1774974882.9857183
2422,25,"H1,L1",1388056064.0,1388056576.0,done,,1774975227.791584
2423,25,"H1,L1",1388055552.0,1388056064.0,processing,,1774975227.8267055
2424,25,"H1,L1",1388055552.0,1388056064.0,done,,1774975571.2778888
2425,25,"H1,L1",1388055040.0,1388055552.0,processing,,1774975571.3180273
2426,25,"H1,L1",1388055040.0,1388055552.0,done,,1774976004.3246253
2427,25,"H1,L1",1388054528.0,1388055040.0,processing,,1774976004.3584976
2428,25,"H1,L1",1388054528.0,1388055040.0,done,,1774976371.4441402
2429,25,"H1,L1",1388054016.0,1388054528.0,processing,,1774976371.4720013
2430,25,"H1,L1",1388054016.0,1388054528.0,done,,1774976509.734411
2431,25,"H1,L1",1388053504.0,1388054016.0,processing,,1774976509.7559285
2432,25,"H1,L1",1388053504.0,1388054016.0,done,,1774976745.0796947
2433,25,"H1,L1",1388052992.0,1388053504.0,processing,,1774976745.115906
2434,25,"H1,L1",1388052992.0,1388053504.0,done,,1774976965.6711712
2435,25,"H1,L1",1388052480.0,1388052992.0,processing,,1774976965.7047942
2436,25,"H1,L1",1388052480.0,1388052992.0,done,,1774977190.3159566
2437,25,"H1,L1",1388051968.0,1388052480.0,processing,,1774977320.5820122
2438,25,"H1,L1",1388051968.0,1388052480.0,done,,1774977468.4820263
2439,25,"H1,L1",1388051456.0,1388051968.0,processing,,1774977468.5099504
2440,25,"H1,L1",1388051456.0,1388051968.0,done,,1774977596.218313
2441,25,"H1,L1",1388050944.0,1388051456.0,processing,,1774977596.24366
2442,25,"H1,L1",1388050944.0,1388051456.0,done,,1774977737.2669756
2443,25,"H1,L1",1388050432.0,1388050944.0,processing,,1774977737.2892456
2444,25,"H1,L1",1388050432.0,1388050944.0,done,,1774977880.0833783
2445,25,"H1,L1",1388049920.0,1388050432.0,processing,,1774977880.0997734
2446,25,"H1,L1",1388049920.0,1388050432.0,done,,1774978120.31658
2447,25,"H1,L1",1388049408.0,1388049920.0,processing,,1774978120.3516653
2448,25,"H1,L1",1388049408.0,1388049920.0,done,,1774978300.6437292
2449,25,"H1,L1",1388048896.0,1388049408.0,processing,,1774978300.6872206
2450,25,"H1,L1",1388048896.0,1388049408.0,done,,1774978427.8583097
2451,25,"H1,L1",1388048384.0,1388048896.0,processing,,1774978427.884687
2452,25,"H1,L1",1388048384.0,1388048896.0,done,,1774978560.1332297
2453,25,"H1,L1",1388047872.0,1388048384.0,gap,No GWOSC URLs found for L1 1388047872.0-1388048384.0,1774978692.2798758
2454,25,"H1,L1",1388043776.0,1388044288.0,processing,,1774978902.9808152
2455,25,"H1,L1",1388043776.0,1388044288.0,done,,1774979064.242549
2456,25,"H1,L1",1388043264.0,1388043776.0,processing,,1774979064.2753384
2457,25,"H1,L1",1388043264.0,1388043776.0,done,,1774979508.7113388
2458,25,"H1,L1",1388042752.0,1388043264.0,processing,,1774979508.7391205
2459,25,"H1,L1",1388042752.0,1388043264.0,done,,1774979913.7492003
2460,25,"H1,L1",1388042240.0,1388042752.0,processing,,1774979913.7831473
2461,25,"H1,L1",1388042240.0,1388042752.0,done,,1774980227.0346284
2462,25,"H1,L1",1388041728.0,1388042240.0,processing,,1774980227.050332
2463,25,"H1,L1",1388041728.0,1388042240.0,done,,1774980458.5067072
2464,25,"H1,L1",1388041216.0,1388041728.0,processing,,1774980458.5337317
2465,25,"H1,L1",1388041216.0,1388041728.0,done,,1774980956.53911
2466,25,"H1,L1",1388040704.0,1388041216.0,processing,,1774980956.5699728
2467,25,"H1,L1",1388040704.0,1388041216.0,done,,1774981327.7859187
2468,25,"H1,L1",1388040192.0,1388040704.0,processing,,1774981327.8180938
2469,25,"H1,L1",1388040192.0,1388040704.0,done,,1774981749.7052426
2470,25,"H1,L1",1388039680.0,1388040192.0,processing,,1774982007.1727586
2471,26,"H1,L1",1388039680.0,1388040192.0,processing,,1774984828.7460454
2472,26,"H1,L1",1388039680.0,1388040192.0,done,,1774985137.4687052
2473,26,"H1,L1",1388039168.0,1388039680.0,processing,,1774985137.4975522
2474,26,"H1,L1",1388039168.0,1388039680.0,done,,1774985521.1815104
2475,26,"H1,L1",1388038656.0,1388039168.0,processing,,1774985521.2144988
2476,26,"H1,L1",1388038656.0,1388039168.0,done,,1774985796.6582854
2477,26,"H1,L1",1388038144.0,1388038656.0,processing,,1774985796.679636
2478,26,"H1,L1",1388038144.0,1388038656.0,done,,1774986161.6227043
2479,26,"H1,L1",1388037632.0,1388038144.0,processing,,1774986161.6572635
2480,26,"H1,L1",1388037632.0,1388038144.0,done,,1774986485.3271215
2481,26,"H1,L1",1388037120.0,1388037632.0,processing,,1774986485.348292
2482,26,"H1,L1",1388037120.0,1388037632.0,done,,1774986865.7182007
2483,26,"H1,L1",1388036608.0,1388037120.0,processing,,1774986865.7434947
2484,26,"H1,L1",1388036608.0,1388037120.0,done,,1774987233.9545531
2485,26,"H1,L1",1388036096.0,1388036608.0,processing,,1774987233.9963129
2486,26,"H1,L1",1388036096.0,1388036608.0,done,,1774987646.6431134
2487,26,"H1,L1",1388035584.0,1388036096.0,processing,,1774987901.7210696
2488,26,"H1,L1",1388035584.0,1388036096.0,done,,1774988266.7678177
2489,26,"H1,L1",1388035072.0,1388035584.0,processing,,1774988266.8016136
2490,26,"H1,L1",1388035072.0,1388035584.0,done,,1774988584.5739594
2491,26,"H1,L1",1388034560.0,1388035072.0,processing,,1774988584.6101396
2492,26,"H1,L1",1388034560.0,1388035072.0,done,,1774988857.9323242
2493,26,"H1,L1",1388034048.0,1388034560.0,processing,,1774988857.9491763
2494,26,"H1,L1",1388034048.0,1388034560.0,done,,1774989239.8281386
2495,26,"H1,L1",1388033536.0,1388034048.0,processing,,1774989239.8372016
2496,26,"H1,L1",1388033536.0,1388034048.0,done,,1774989658.6482775
2497,26,"H1,L1",1388033024.0,1388033536.0,processing,,1774989658.6828234
2498,26,"H1,L1",1388033024.0,1388033536.0,done,,1774990052.1114662
2499,26,"H1,L1",1388032512.0,1388033024.0,processing,,1774990052.1466587
2500,26,"H1,L1",1388032512.0,1388033024.0,done,,1774990546.531332
2501,26,"H1,L1",1388032000.0,1388032512.0,processing,,1774990546.557214
2502,26,"H1,L1",1388032000.0,1388032512.0,done,,1774990882.549255
2503,26,"H1,L1",1388031488.0,1388032000.0,processing,,1774991150.9328969
2504,26,"H1,L1",1388031488.0,1388032000.0,done,,1774991427.126715
2505,26,"H1,L1",1388030976.0,1388031488.0,processing,,1774991427.1433249
2506,26,"H1,L1",1388030976.0,1388031488.0,done,,1774991731.7394435
2507,26,"H1,L1",1388030464.0,1388030976.0,processing,,1774991731.7717004
2508,26,"H1,L1",1388030464.0,1388030976.0,done,,1774992004.1018834
2509,26,"H1,L1",1388029952.0,1388030464.0,processing,,1774992004.1369638
2510,26,"H1,L1",1388029952.0,1388030464.0,done,,1774992352.1177018
2511,26,"H1,L1",1388029440.0,1388029952.0,processing,,1774992352.1448336
2512,26,"H1,L1",1388029440.0,1388029952.0,done,,1774992679.394973
2513,26,"H1,L1",1388028928.0,1388029440.0,processing,,1774992679.4220815
2514,26,"H1,L1",1388028928.0,1388029440.0,done,,1774993087.348049
2515,26,"H1,L1",1388028416.0,1388028928.0,processing,,1774993087.37422
2516,26,"H1,L1",1388028416.0,1388028928.0,done,,1774993494.9871619
2517,26,"H1,L1",1388027904.0,1388028416.0,processing,,1774993495.0143352
2518,26,"H1,L1",1388027904.0,1388028416.0,done,,1774993763.9330506
2519,26,"H1,L1",1388027392.0,1388027904.0,processing,,1774994001.9689927
2520,26,"H1,L1",1388027392.0,1388027904.0,done,,1774994267.4871867
2521,26,"H1,L1",1388026880.0,1388027392.0,processing,,1774994267.5053127
2522,26,"H1,L1",1388026880.0,1388027392.0,done,,1774994607.1636302
2523,26,"H1,L1",1388026368.0,1388026880.0,processing,,1774994607.1806045
2524,26,"H1,L1",1388026368.0,1388026880.0,done,,1774995021.168341
2525,26,"H1,L1",1388025856.0,1388026368.0,processing,,1774995021.2019427
2526,26,"H1,L1",1388025856.0,1388026368.0,done,,1774995438.094477
2527,26,"H1,L1",1388025344.0,1388025856.0,processing,,1774995438.1242948
2528,26,"H1,L1",1388025344.0,1388025856.0,done,,1774995871.752603
2529,26,"H1,L1",1388024832.0,1388025344.0,processing,,1774995871.7785482
2530,26,"H1,L1",1388024832.0,1388025344.0,done,,1774996203.3917186
2531,26,"H1,L1",1388024320.0,1388024832.0,processing,,1774996203.3992782
2532,26,"H1,L1",1388024320.0,1388024832.0,done,,1774996613.5152392
2533,26,"H1,L1",1388023808.0,1388024320.0,processing,,1774996613.5432434
2534,26,"H1,L1",1388023808.0,1388024320.0,done,,1774997046.0373416
2535,26,"H1,L1",1388023296.0,1388023808.0,processing,,1774997279.735656
2536,26,"H1,L1",1388023296.0,1388023808.0,done,,1774997601.2160616
2537,26,"H1,L1",1388022784.0,1388023296.0,processing,,1774997601.2497122
2538,26,"H1,L1",1388022784.0,1388023296.0,done,,1774997948.239194
2539,26,"H1,L1",1388022272.0,1388022784.0,processing,,1774997948.2647278
2540,26,"H1,L1",1388022272.0,1388022784.0,done,,1774998225.329467
2541,26,"H1,L1",1388021760.0,1388022272.0,processing,,1774998225.3611212
2542,26,"H1,L1",1388021760.0,1388022272.0,done,,1774998579.5804608
2543,26,"H1,L1",1388021248.0,1388021760.0,processing,,1774998579.6151285
2544,26,"H1,L1",1388021248.0,1388021760.0,done,,1774998839.5249038
2545,26,"H1,L1",1388020736.0,1388021248.0,processing,,1774998839.550493
2546,26,"H1,L1",1388020736.0,1388021248.0,done,,1774999190.3593056
2547,26,"H1,L1",1388020224.0,1388020736.0,processing,,1774999190.3853261
2548,26,"H1,L1",1388020224.0,1388020736.0,done,,1774999436.7191284
2549,26,"H1,L1",1388019712.0,1388020224.0,processing,,1774999436.7456777
2550,26,"H1,L1",1388019712.0,1388020224.0,done,,1774999880.010681
2551,26,"H1,L1",1388019200.0,1388019712.0,processing,,1775000166.378581
2552,26,"H1,L1",1388019200.0,1388019712.0,done,,1775000584.8729157
2553,26,"H1,L1",1388018688.0,1388019200.0,processing,,1775000584.88939
2554,26,"H1,L1",1388018688.0,1388019200.0,done,,1775001035.5562012
2555,26,"H1,L1",1388018176.0,1388018688.0,processing,,1775001035.5816321
2556,26,"H1,L1",1388018176.0,1388018688.0,done,,1775001345.0168889
2557,26,"H1,L1",1388017664.0,1388018176.0,processing,,1775001345.0326838
2558,26,"H1,L1",1388017664.0,1388018176.0,done,,1775001642.4245963
2559,26,"H1,L1",1388017152.0,1388017664.0,processing,,1775001642.4438405
2560,26,"H1,L1",1388017152.0,1388017664.0,done,,1775002086.302457
2561,26,"H1,L1",1388016640.0,1388017152.0,processing,,1775002086.3354142
2562,26,"H1,L1",1388016640.0,1388017152.0,done,,1775002571.8072646
2563,26,"H1,L1",1388016128.0,1388016640.0,processing,,1775002571.8227925
2564,26,"H1,L1",1388016128.0,1388016640.0,done,,1775002975.5716999
2565,26,"H1,L1",1388015616.0,1388016128.0,processing,,1775002975.5973034
2566,26,"H1,L1",1388015616.0,1388016128.0,done,,1775003389.8862777
2567,26,"H1,L1",1388015104.0,1388015616.0,processing,,1775003642.9683456
2568,26,"H1,L1",1388015104.0,1388015616.0,done,,1775003908.3072648
2569,26,"H1,L1",1388014592.0,1388015104.0,processing,,1775003908.3458636
2570,26,"H1,L1",1388014592.0,1388015104.0,done,,1775004344.1561196
2571,26,"H1,L1",1388014080.0,1388014592.0,processing,,1775004344.1865437
2572,26,"H1,L1",1388014080.0,1388014592.0,done,,1775004726.285002
2573,26,"H1,L1",1388013568.0,1388014080.0,processing,,1775004726.316753
2574,26,"H1,L1",1388013568.0,1388014080.0,done,,1775005130.6191952
2575,26,"H1,L1",1388013056.0,1388013568.0,processing,,1775005130.6533105
2576,27,"H1,L1",1388013056.0,1388013568.0,processing,,1775007340.466309
2577,27,"H1,L1",1388013056.0,1388013568.0,done,,1775007697.520251
2578,27,"H1,L1",1388012544.0,1388013056.0,processing,,1775007697.5483575
2579,27,"H1,L1",1388012544.0,1388013056.0,done,,1775008216.8316338
2580,27,"H1,L1",1388012032.0,1388012544.0,processing,,1775008216.8589234
2581,27,"H1,L1",1388012032.0,1388012544.0,done,,1775008538.9128191
2582,27,"H1,L1",1388011520.0,1388012032.0,processing,,1775008538.9300575
2583,27,"H1,L1",1388011520.0,1388012032.0,done,,1775008807.2421365
2584,27,"H1,L1",1388011008.0,1388011520.0,processing,,1775009081.50446
2585,27,"H1,L1",1388011008.0,1388011520.0,done,,1775009449.2820177
2586,27,"H1,L1",1388010496.0,1388011008.0,processing,,1775009449.2992136
2587,27,"H1,L1",1388010496.0,1388011008.0,done,,1775009702.3509355
2588,27,"H1,L1",1388009984.0,1388010496.0,processing,,1775009702.380481
2589,27,"H1,L1",1388009984.0,1388010496.0,done,,1775010273.725296
2590,27,"H1,L1",1388009472.0,1388009984.0,processing,,1775010273.7512228
2591,27,"H1,L1",1388009472.0,1388009984.0,done,,1775010566.826999
2592,27,"H1,L1",1388008960.0,1388009472.0,processing,,1775010566.8377435
2593,27,"H1,L1",1388008960.0,1388009472.0,done,,1775010800.9954216
2594,27,"H1,L1",1388008448.0,1388008960.0,processing,,1775010801.0310173
2595,27,"H1,L1",1388008448.0,1388008960.0,done,,1775011084.9422228
2596,27,"H1,L1",1388007936.0,1388008448.0,processing,,1775011084.9758983
2597,27,"H1,L1",1388007936.0,1388008448.0,done,,1775011328.1288912
2598,27,"H1,L1",1388007424.0,1388007936.0,processing,,1775011328.156813
2599,27,"H1,L1",1388007424.0,1388007936.0,done,,1775011673.7266128
2600,27,"H1,L1",1388006912.0,1388007424.0,processing,,1775011875.9781554
2601,27,"H1,L1",1388006912.0,1388007424.0,done,,1775012110.7164452
2602,27,"H1,L1",1388006400.0,1388006912.0,processing,,1775012110.7465713
2603,27,"H1,L1",1388006400.0,1388006912.0,done,,1775012344.458403
2604,27,"H1,L1",1388005888.0,1388006400.0,processing,,1775012344.4764934
2605,27,"H1,L1",1388005888.0,1388006400.0,done,,1775012634.6790206
2606,27,"H1,L1",1388005376.0,1388005888.0,processing,,1775012634.705939
2607,27,"H1,L1",1388005376.0,1388005888.0,done,,1775013041.2434814
2608,27,"H1,L1",1388004864.0,1388005376.0,processing,,1775013041.2694356
2609,27,"H1,L1",1388004864.0,1388005376.0,done,,1775013269.9708703
2610,27,"H1,L1",1388004352.0,1388004864.0,processing,,1775013269.996764
2611,27,"H1,L1",1388004352.0,1388004864.0,done,,1775013601.3012927
2612,27,"H1,L1",1388003840.0,1388004352.0,processing,,1775013601.329452
2613,27,"H1,L1",1388003840.0,1388004352.0,done,,1775013767.485809
2614,27,"H1,L1",1388003328.0,1388003840.0,processing,,1775013767.5196846
2615,27,"H1,L1",1388003328.0,1388003840.0,done,,1775013927.3360193
2616,27,"H1,L1",1388002816.0,1388003328.0,gap,No GWOSC URLs found for H1 1388002816.0-1388003328.0,1775013928.147743
2617,27,"H1,L1",1387994624.0,1387995136.0,processing,,1775014091.0352323
2618,27,"H1,L1",1387994624.0,1387995136.0,done,,1775014560.8763776
2619,27,"H1,L1",1387994112.0,1387994624.0,processing,,1775014560.9088123
2620,27,"H1,L1",1387994112.0,1387994624.0,done,,1775014705.3682346
2621,27,"H1,L1",1387993600.0,1387994112.0,processing,,1775014705.3950517
2622,27,"H1,L1",1387993600.0,1387994112.0,done,,1775014862.2413356
2623,27,"H1,L1",1387993088.0,1387993600.0,processing,,1775014862.2746317
2624,27,"H1,L1",1387993088.0,1387993600.0,done,,1775015000.3267844
2625,27,"H1,L1",1387992576.0,1387993088.0,processing,,1775015000.3540194
2626,27,"H1,L1",1387992576.0,1387993088.0,done,,1775015192.8788638
2627,27,"H1,L1",1387992064.0,1387992576.0,processing,,1775015192.916907
2628,27,"H1,L1",1387992064.0,1387992576.0,done,,1775015808.7764711
2629,27,"H1,L1",1387991552.0,1387992064.0,processing,,1775015808.8093712
2630,27,"H1,L1",1387991552.0,1387992064.0,done,,1775016117.8429832
2631,27,"H1,L1",1387991040.0,1387991552.0,processing,,1775016117.8585007
2632,27,"H1,L1",1387991040.0,1387991552.0,done,,1775016379.239908
2633,27,"H1,L1",1387990528.0,1387991040.0,processing,,1775016581.909282
2634,27,"H1,L1",1387990528.0,1387991040.0,done,,1775016810.914736
2635,27,"H1,L1",1387990016.0,1387990528.0,processing,,1775016810.9439259
2636,27,"H1,L1",1387990016.0,1387990528.0,done,,1775017289.8695416
2637,27,"H1,L1",1387989504.0,1387990016.0,processing,,1775017289.8961542
2638,27,"H1,L1",1387989504.0,1387990016.0,done,,1775017621.6830795
2639,27,"H1,L1",1387988992.0,1387989504.0,processing,,1775017621.710633
2640,27,"H1,L1",1387988992.0,1387989504.0,done,,1775017781.6728318
2641,27,"H1,L1",1387988480.0,1387988992.0,processing,,1775017781.698774
2642,27,"H1,L1",1387988480.0,1387988992.0,done,,1775017878.5552213
2643,27,"H1,L1",1387987968.0,1387988480.0,processing,,1775017878.596721
2644,27,"H1,L1",1387987968.0,1387988480.0,done,,1775018056.0749822
2645,27,"H1,L1",1387987456.0,1387987968.0,processing,,1775018056.1074247
2646,27,"H1,L1",1387987456.0,1387987968.0,done,,1775018202.5935106
2647,27,"H1,L1",1387986944.0,1387987456.0,processing,,1775018202.6097963
2648,27,"H1,L1",1387986944.0,1387987456.0,done,,1775018773.9858694
2649,27,"H1,L1",1387986432.0,1387986944.0,processing,,1775018887.8266485
2650,27,"H1,L1",1387986432.0,1387986944.0,done,,1775019042.113902
2651,27,"H1,L1",1387985920.0,1387986432.0,processing,,1775019042.1481776
2652,27,"H1,L1",1387985920.0,1387986432.0,done,,1775019186.9777
2653,27,"H1,L1",1387985408.0,1387985920.0,processing,,1775019187.0323036
2654,27,"H1,L1",1387985408.0,1387985920.0,done,,1775019418.1406069
2655,27,"H1,L1",1387984896.0,1387985408.0,processing,,1775019418.174102
2656,27,"H1,L1",1387984896.0,1387985408.0,done,,1775019675.8443453
2657,27,"H1,L1",1387984384.0,1387984896.0,processing,,1775019675.882425
2658,27,"H1,L1",1387984384.0,1387984896.0,done,,1775019819.5582025
2659,27,"H1,L1",1387983872.0,1387984384.0,processing,,1775019819.5916076
2660,27,"H1,L1",1387983872.0,1387984384.0,done,,1775019976.771178
2661,27,"H1,L1",1387983360.0,1387983872.0,processing,,1775019976.787926
2662,27,"H1,L1",1387983360.0,1387983872.0,done,,1775020098.1885877
2663,27,"H1,L1",1387982848.0,1387983360.0,processing,,1775020098.2157366
2664,27,"H1,L1",1387982848.0,1387983360.0,done,,1775020226.871369
2665,27,"H1,L1",1387982336.0,1387982848.0,processing,,1775020273.9407036
2666,27,"H1,L1",1387982336.0,1387982848.0,done,,1775020375.6757843
2667,27,"H1,L1",1387981824.0,1387982336.0,processing,,1775020375.7012365
2668,27,"H1,L1",1387981824.0,1387982336.0,done,,1775020527.1958153
2669,27,"H1,L1",1387981312.0,1387981824.0,processing,,1775020527.2092953
2670,27,"H1,L1",1387981312.0,1387981824.0,done,,1775020546.5841608
2671,27,"H1,L1",1387980800.0,1387981312.0,processing,,1775020546.6095703
2672,27,"H1,L1",1387980800.0,1387981312.0,done,,1775020547.167869
2673,27,"H1,L1",1387980288.0,1387980800.0,processing,,1775020547.187397
2674,27,"H1,L1",1387980288.0,1387980800.0,done,,1775020547.7438934
2675,27,"H1,L1",1387979776.0,1387980288.0,processing,,1775020547.7455852
2676,27,"H1,L1",1387979776.0,1387980288.0,done,,1775020573.506519
2677,27,"H1,L1",1387979264.0,1387979776.0,processing,,1775020573.5149019
2678,27,"H1,L1",1387979264.0,1387979776.0,done,,1775020593.1903334
2679,27,"H1,L1",1387978752.0,1387979264.0,processing,,1775020593.2104745
2680,27,"H1,L1",1387978752.0,1387979264.0,done,,1775020593.813121
2681,27,"H1,L1",1387978240.0,1387978752.0,processing,,1775020680.7586315
2682,27,"H1,L1",1387978240.0,1387978752.0,done,,1775020681.4753003
2683,27,"H1,L1",1387977728.0,1387978240.0,processing,,1775020681.4998088
2684,27,"H1,L1",1387977728.0,1387978240.0,done,,1775020682.2188222
2685,27,"H1,L1",1387977216.0,1387977728.0,processing,,1775020682.2330806
2686,27,"H1,L1",1387977216.0,1387977728.0,done,,1775020682.9306097
2687,27,"H1,L1",1387976704.0,1387977216.0,processing,,1775020682.9497137
2688,27,"H1,L1",1387976704.0,1387977216.0,done,,1775020988.0827274
2689,27,"H1,L1",1387976192.0,1387976704.0,processing,,1775020988.1088054
2690,28,"H1,L1",1387976192.0,1387976704.0,processing,,1775024114.2716258
2691,28,"H1,L1",1387976192.0,1387976704.0,done,,1775024759.624299
2692,28,"H1,L1",1387975680.0,1387976192.0,processing,,1775024759.6340497
2693,28,"H1,L1",1387975680.0,1387976192.0,done,,1775024955.3665752
2694,28,"H1,L1",1387975168.0,1387975680.0,processing,,1775024955.3932762
2695,28,"H1,L1",1387975168.0,1387975680.0,done,,1775025185.3338077
2696,28,"H1,L1",1387974656.0,1387975168.0,processing,,1775025185.3659108
2697,28,"H1,L1",1387974656.0,1387975168.0,done,,1775025363.0191
2698,28,"H1,L1",1387974144.0,1387974656.0,gap,No GWOSC URLs found for L1 1387974144.0-1387974656.0,1775025492.1859477
2699,28,"H1,L1",1387961856.0,1387962368.0,processing,,1775025726.9841776
2700,28,"H1,L1",1387961856.0,1387962368.0,done,,1775026263.6587598
2701,28,"H1,L1",1387961344.0,1387961856.0,processing,,1775026263.687738
2702,28,"H1,L1",1387961344.0,1387961856.0,done,,1775026500.7122333
2703,28,"H1,L1",1387960832.0,1387961344.0,processing,,1775026500.7464073
2704,28,"H1,L1",1387960832.0,1387961344.0,done,,1775026821.727043
2705,28,"H1,L1",1387960320.0,1387960832.0,processing,,1775026821.7543683
2706,28,"H1,L1",1387960320.0,1387960832.0,done,,1775027037.4551482
2707,28,"H1,L1",1387959808.0,1387960320.0,processing,,1775027037.4831421
2708,28,"H1,L1",1387959808.0,1387960320.0,done,,1775027255.5470932
2709,28,"H1,L1",1387959296.0,1387959808.0,processing,,1775027255.5817995
2710,28,"H1,L1",1387959296.0,1387959808.0,done,,1775027495.556179
2711,28,"H1,L1",1387958784.0,1387959296.0,processing,,1775027495.5646763
2712,28,"H1,L1",1387958784.0,1387959296.0,done,,1775027764.3875167
2713,28,"H1,L1",1387958272.0,1387958784.0,processing,,1775027764.415307
2714,28,"H1,L1",1387958272.0,1387958784.0,done,,1775028304.8286178
2715,28,"H1,L1",1387957760.0,1387958272.0,processing,,1775028580.6102161
2716,28,"H1,L1",1387957760.0,1387958272.0,done,,1775028937.1903558
2717,28,"H1,L1",1387957248.0,1387957760.0,processing,,1775028937.2182205
2718,28,"H1,L1",1387957248.0,1387957760.0,done,,1775029296.341642
2719,28,"H1,L1",1387956736.0,1387957248.0,processing,,1775029296.3693328
2720,28,"H1,L1",1387956736.0,1387957248.0,done,,1775029785.8563187
2721,28,"H1,L1",1387956224.0,1387956736.0,processing,,1775029785.8746707
2722,28,"H1,L1",1387956224.0,1387956736.0,done,,1775030059.7831585
2723,28,"H1,L1",1387955712.0,1387956224.0,processing,,1775030059.8134544
2724,28,"H1,L1",1387955712.0,1387956224.0,done,,1775030427.9915297
2725,28,"H1,L1",1387955200.0,1387955712.0,processing,,1775030428.0181706
2726,28,"H1,L1",1387955200.0,1387955712.0,done,,1775030817.156915
2727,28,"H1,L1",1387954688.0,1387955200.0,processing,,1775030817.1907978
2728,28,"H1,L1",1387954688.0,1387955200.0,done,,1775031191.4107504
2729,28,"H1,L1",1387954176.0,1387954688.0,processing,,1775031191.4185996
2730,28,"H1,L1",1387954176.0,1387954688.0,done,,1775031499.4126856
2731,28,"H1,L1",1387953664.0,1387954176.0,processing,,1775031759.4336379
2732,28,"H1,L1",1387953664.0,1387954176.0,done,,1775032125.4134505
2733,28,"H1,L1",1387953152.0,1387953664.0,processing,,1775032125.4478388
2734,28,"H1,L1",1387953152.0,1387953664.0,done,,1775032385.5651658
2735,28,"H1,L1",1387952640.0,1387953152.0,processing,,1775032385.5933332
2736,28,"H1,L1",1387952640.0,1387953152.0,done,,1775032756.6095328
2737,28,"H1,L1",1387952128.0,1387952640.0,processing,,1775032756.617482
2738,28,"H1,L1",1387952128.0,1387952640.0,done,,1775033093.613488
2739,28,"H1,L1",1387951616.0,1387952128.0,processing,,1775033093.633829
2740,28,"H1,L1",1387951616.0,1387952128.0,done,,1775033507.278214
2741,28,"H1,L1",1387951104.0,1387951616.0,processing,,1775033507.3057678
2742,28,"H1,L1",1387951104.0,1387951616.0,done,,1775033767.3339043
2743,28,"H1,L1",1387950592.0,1387951104.0,processing,,1775033767.3614404
2744,28,"H1,L1",1387950592.0,1387951104.0,done,,1775034137.1847503
2745,28,"H1,L1",1387950080.0,1387950592.0,processing,,1775034137.200678
2746,29,"H1,L1",1387950080.0,1387950592.0,processing,,1775035835.9800227
2747,29,"H1,L1",1387950080.0,1387950592.0,done,,1775036107.7566924
2748,29,"H1,L1",1387949568.0,1387950080.0,processing,,1775036374.452526
2749,29,"H1,L1",1387949568.0,1387950080.0,done,,1775036749.1072345
2750,29,"H1,L1",1387949056.0,1387949568.0,processing,,1775036749.1372404
2751,29,"H1,L1",1387949056.0,1387949568.0,done,,1775037217.2424436
2752,29,"H1,L1",1387948544.0,1387949056.0,processing,,1775037217.2684193
2753,29,"H1,L1",1387948544.0,1387949056.0,done,,1775037520.9962676
2754,29,"H1,L1",1387948032.0,1387948544.0,processing,,1775037521.0325704
2755,29,"H1,L1",1387948032.0,1387948544.0,done,,1775037911.0765827
2756,29,"H1,L1",1387947520.0,1387948032.0,processing,,1775037911.0949702
2757,29,"H1,L1",1387947520.0,1387948032.0,done,,1775038147.36774
2758,29,"H1,L1",1387947008.0,1387947520.0,processing,,1775038147.3976767
2759,29,"H1,L1",1387947008.0,1387947520.0,done,,1775038380.2162795
2760,29,"H1,L1",1387946496.0,1387947008.0,processing,,1775038380.2472856
2761,29,"H1,L1",1387946496.0,1387947008.0,done,,1775038656.903267
2762,29,"H1,L1",1387945984.0,1387946496.0,processing,,1775038656.9165504
2763,29,"H1,L1",1387945984.0,1387946496.0,done,,1775039034.5475438
2764,29,"H1,L1",1387945472.0,1387945984.0,processing,,1775039278.5739195
2765,29,"H1,L1",1387945472.0,1387945984.0,done,,1775039640.4635694
2766,29,"H1,L1",1387944960.0,1387945472.0,processing,,1775039640.5043657
2767,29,"H1,L1",1387944960.0,1387945472.0,done,,1775039971.36654
2768,29,"H1,L1",1387944448.0,1387944960.0,processing,,1775039971.4016054
2769,29,"H1,L1",1387944448.0,1387944960.0,done,,1775040369.4560971
2770,29,"H1,L1",1387943936.0,1387944448.0,processing,,1775040369.4726367
2771,29,"H1,L1",1387943936.0,1387944448.0,done,,1775040615.3238788
2772,29,"H1,L1",1387943424.0,1387943936.0,processing,,1775040615.3439803
2773,29,"H1,L1",1387943424.0,1387943936.0,done,,1775040901.5174942
2774,29,"H1,L1",1387942912.0,1387943424.0,processing,,1775040901.546328
2775,29,"H1,L1",1387942912.0,1387943424.0,done,,1775041406.7078607
2776,29,"H1,L1",1387942400.0,1387942912.0,processing,,1775041406.7444324
2777,29,"H1,L1",1387942400.0,1387942912.0,done,,1775041725.1340368
2778,29,"H1,L1",1387941888.0,1387942400.0,processing,,1775041725.1610851
2779,29,"H1,L1",1387941888.0,1387942400.0,done,,1775042001.0520256
2780,29,"H1,L1",1387941376.0,1387941888.0,processing,,1775042243.314291
2781,29,"H1,L1",1387941376.0,1387941888.0,done,,1775042564.33101
2782,29,"H1,L1",1387940864.0,1387941376.0,processing,,1775042564.3580425
2783,29,"H1,L1",1387940864.0,1387941376.0,done,,1775042894.6617672
2784,29,"H1,L1",1387940352.0,1387940864.0,processing,,1775042894.6695194
2785,29,"H1,L1",1387940352.0,1387940864.0,done,,1775043191.223569
2786,29,"H1,L1",1387939840.0,1387940352.0,processing,,1775043191.243643
2787,29,"H1,L1",1387939840.0,1387940352.0,done,,1775043564.8677402
2788,29,"H1,L1",1387939328.0,1387939840.0,processing,,1775043564.894479
2789,29,"H1,L1",1387939328.0,1387939840.0,done,,1775044000.1073222
2790,29,"H1,L1",1387938816.0,1387939328.0,processing,,1775044000.1152203
2791,29,"H1,L1",1387938816.0,1387939328.0,done,,1775044533.541227
2792,29,"H1,L1",1387938304.0,1387938816.0,processing,,1775044533.5678315
2793,29,"H1,L1",1387938304.0,1387938816.0,done,,1775044923.2817554
2794,29,"H1,L1",1387937792.0,1387938304.0,processing,,1775044923.2982209
2795,30,"H1,L1",1387937792.0,1387938304.0,processing,,1775046987.2370028
2796,30,"H1,L1",1387937792.0,1387938304.0,done,,1775047387.4673786
2797,30,"H1,L1",1387937280.0,1387937792.0,processing,,1775047617.4164283
2798,30,"H1,L1",1387937280.0,1387937792.0,done,,1775048089.227816
2799,30,"H1,L1",1387936768.0,1387937280.0,processing,,1775048089.2522445
2800,30,"H1,L1",1387936768.0,1387937280.0,done,,1775048409.6624336
2801,30,"H1,L1",1387936256.0,1387936768.0,processing,,1775048409.6782048
2802,30,"H1,L1",1387936256.0,1387936768.0,done,,1775048770.286718
2803,30,"H1,L1",1387935744.0,1387936256.0,processing,,1775048770.314674
2804,30,"H1,L1",1387935744.0,1387936256.0,done,,1775049003.0747464
2805,30,"H1,L1",1387935232.0,1387935744.0,processing,,1775049003.101727
2806,30,"H1,L1",1387935232.0,1387935744.0,done,,1775049423.5960522
2807,30,"H1,L1",1387934720.0,1387935232.0,processing,,1775049423.621641
2808,30,"H1,L1",1387934720.0,1387935232.0,done,,1775049787.5942066
2809,30,"H1,L1",1387934208.0,1387934720.0,processing,,1775049787.6203256
2810,30,"H1,L1",1387934208.0,1387934720.0,done,,1775050116.0270274
2811,30,"H1,L1",1387933696.0,1387934208.0,processing,,1775050116.0548675
2812,30,"H1,L1",1387933696.0,1387934208.0,done,,1775050481.1076803
2813,30,"H1,L1",1387933184.0,1387933696.0,processing,,1775050711.682457
2814,30,"H1,L1",1387933184.0,1387933696.0,done,,1775051063.6071148
2815,30,"H1,L1",1387932672.0,1387933184.0,processing,,1775051063.6498005
2816,30,"H1,L1",1387932672.0,1387933184.0,done,,1775051464.9952354
2817,30,"H1,L1",1387932160.0,1387932672.0,processing,,1775051465.0306609
2818,30,"H1,L1",1387932160.0,1387932672.0,done,,1775051820.1460674
2819,30,"H1,L1",1387931648.0,1387932160.0,processing,,1775051820.1607256
2820,30,"H1,L1",1387931648.0,1387932160.0,done,,1775052049.7364857
2821,30,"H1,L1",1387931136.0,1387931648.0,processing,,1775052049.764394
2822,30,"H1,L1",1387931136.0,1387931648.0,done,,1775052478.6743228
2823,30,"H1,L1",1387930624.0,1387931136.0,processing,,1775052478.701274
2824,30,"H1,L1",1387930624.0,1387931136.0,done,,1775052860.3163269
2825,30,"H1,L1",1387930112.0,1387930624.0,processing,,1775052860.3446407
2826,30,"H1,L1",1387930112.0,1387930624.0,done,,1775053232.777581
2827,30,"H1,L1",1387929600.0,1387930112.0,processing,,1775053232.784414
2828,30,"H1,L1",1387929600.0,1387930112.0,done,,1775053493.1541183
2829,30,"H1,L1",1387929088.0,1387929600.0,processing,,1775053757.3929882
2830,30,"H1,L1",1387929088.0,1387929600.0,done,,1775054061.2745044
2831,30,"H1,L1",1387928576.0,1387929088.0,processing,,1775054061.281311
2832,30,"H1,L1",1387928576.0,1387929088.0,done,,1775054455.0065854
2833,30,"H1,L1",1387928064.0,1387928576.0,processing,,1775054455.0350666
2834,30,"H1,L1",1387928064.0,1387928576.0,done,,1775054846.035428
2835,30,"H1,L1",1387927552.0,1387928064.0,processing,,1775054846.0618966
2836,30,"H1,L1",1387927552.0,1387928064.0,done,,1775055208.7135878
2837,30,"H1,L1",1387927040.0,1387927552.0,processing,,1775055208.7385724
2838,30,"H1,L1",1387927040.0,1387927552.0,done,,1775055467.8038595
2839,30,"H1,L1",1387926528.0,1387927040.0,processing,,1775055467.831352
2840,30,"H1,L1",1387926528.0,1387927040.0,done,,1775055895.177493
2841,30,"H1,L1",1387926016.0,1387926528.0,processing,,1775055895.1931899
2842,30,"H1,L1",1387926016.0,1387926528.0,done,,1775056304.8068857
2843,30,"H1,L1",1387925504.0,1387926016.0,processing,,1775056304.826835
2844,30,"H1,L1",1387925504.0,1387926016.0,done,,1775056606.265904
2845,30,"H1,L1",1387924992.0,1387925504.0,processing,,1775056889.6455436
2846,30,"H1,L1",1387924992.0,1387925504.0,done,,1775057169.7821975
2847,30,"H1,L1",1387924480.0,1387924992.0,processing,,1775057169.8091805
2848,30,"H1,L1",1387924480.0,1387924992.0,done,,1775057440.892366
2849,30,"H1,L1",1387923968.0,1387924480.0,processing,,1775057440.9191837
2850,30,"H1,L1",1387923968.0,1387924480.0,done,,1775057706.0578766
2851,30,"H1,L1",1387923456.0,1387923968.0,processing,,1775057706.089089
2852,30,"H1,L1",1387923456.0,1387923968.0,done,,1775057981.9174993
2853,30,"H1,L1",1387922944.0,1387923456.0,processing,,1775057981.9451919
2854,30,"H1,L1",1387922944.0,1387923456.0,done,,1775058224.8107858
2855,30,"H1,L1",1387922432.0,1387922944.0,processing,,1775058224.842968
2856,30,"H1,L1",1387922432.0,1387922944.0,done,,1775058446.7465582
2857,30,"H1,L1",1387921920.0,1387922432.0,processing,,1775058446.7742596
2858,30,"H1,L1",1387921920.0,1387922432.0,done,,1775058697.5278406
2859,30,"H1,L1",1387921408.0,1387921920.0,processing,,1775058697.5354047
2860,30,"H1,L1",1387921408.0,1387921920.0,done,,1775059073.7444708
2861,30,"H1,L1",1387920896.0,1387921408.0,processing,,1775059319.3290653
2862,30,"H1,L1",1387920896.0,1387921408.0,done,,1775059733.0516436
2863,30,"H1,L1",1387920384.0,1387920896.0,processing,,1775059733.0789154
2864,30,"H1,L1",1387920384.0,1387920896.0,done,,1775060042.8175712
2865,30,"H1,L1",1387919872.0,1387920384.0,processing,,1775060042.8439596
2866,30,"H1,L1",1387919872.0,1387920384.0,done,,1775060308.3975503
2867,30,"H1,L1",1387919360.0,1387919872.0,processing,,1775060308.4137032
2868,30,"H1,L1",1387919360.0,1387919872.0,done,,1775060743.1952376
2869,30,"H1,L1",1387918848.0,1387919360.0,processing,,1775060743.2205484
2870,30,"H1,L1",1387918848.0,1387919360.0,done,,1775061093.6909091
2871,30,"H1,L1",1387918336.0,1387918848.0,processing,,1775061093.717957
2872,30,"H1,L1",1387918336.0,1387918848.0,done,,1775061343.1120417
2873,30,"H1,L1",1387917824.0,1387918336.0,processing,,1775061343.1397874
2874,30,"H1,L1",1387917824.0,1387918336.0,done,,1775061638.007315
2875,30,"H1,L1",1387917312.0,1387917824.0,processing,,1775061638.0342677
2876,30,"H1,L1",1387917312.0,1387917824.0,done,,1775061968.6033247
2877,30,"H1,L1",1387916800.0,1387917312.0,processing,,1775062228.47299
2878,30,"H1,L1",1387916800.0,1387917312.0,done,,1775062561.8596604
2879,30,"H1,L1",1387916288.0,1387916800.0,processing,,1775062561.8866165
2880,30,"H1,L1",1387916288.0,1387916800.0,done,,1775062886.3923619
2881,30,"H1,L1",1387915776.0,1387916288.0,processing,,1775062886.4191885
2882,30,"H1,L1",1387915776.0,1387916288.0,done,,1775063171.3332715
2883,30,"H1,L1",1387915264.0,1387915776.0,processing,,1775063171.358402
2884,30,"H1,L1",1387915264.0,1387915776.0,done,,1775063441.444441
2885,30,"H1,L1",1387914752.0,1387915264.0,processing,,1775063441.4761689
2886,30,"H1,L1",1387914752.0,1387915264.0,done,,1775064130.7297995
2887,30,"H1,L1",1387914240.0,1387914752.0,processing,,1775064130.75578
2888,30,"H1,L1",1387914240.0,1387914752.0,done,,1775064365.4802284
2889,30,"H1,L1",1387913728.0,1387914240.0,processing,,1775064365.50002
2890,30,"H1,L1",1387913728.0,1387914240.0,done,,1775064758.8584497
2891,30,"H1,L1",1387913216.0,1387913728.0,processing,,1775064758.8723557
2892,30,"H1,L1",1387913216.0,1387913728.0,done,,1775065012.8297482
2893,30,"H1,L1",1387912704.0,1387913216.0,processing,,1775065028.9465723
2894,30,"H1,L1",1387912704.0,1387913216.0,done,,1775065525.5269034
2895,30,"H1,L1",1387912192.0,1387912704.0,processing,,1775065525.5537577
2896,30,"H1,L1",1387912192.0,1387912704.0,done,,1775065525.9868386
2897,30,"H1,L1",1387911680.0,1387912192.0,processing,,1775065526.0021935
2898,30,"H1,L1",1387911680.0,1387912192.0,done,,1775065526.4111526
2899,30,"H1,L1",1387911168.0,1387911680.0,processing,,1775065526.4219475
2900,30,"H1,L1",1387911168.0,1387911680.0,done,,1775065526.9113815
2901,30,"H1,L1",1387910656.0,1387911168.0,processing,,1775065526.927898
2902,30,"H1,L1",1387910656.0,1387911168.0,done,,1775065527.3455293
2903,30,"H1,L1",1387910144.0,1387910656.0,processing,,1775065527.3471801
2904,30,"H1,L1",1387910144.0,1387910656.0,done,,1775065527.7529173
2905,30,"H1,L1",1387909632.0,1387910144.0,processing,,1775065527.7728455
2906,30,"H1,L1",1387909632.0,1387910144.0,done,,1775065528.1892877
2907,30,"H1,L1",1387909120.0,1387909632.0,processing,,1775065528.2054908
2908,30,"H1,L1",1387909120.0,1387909632.0,done,,1775065528.6011796
2909,30,"H1,L1",1387908608.0,1387909120.0,processing,,1775065574.5311968
2910,30,"H1,L1",1387908608.0,1387909120.0,done,,1775065575.0858147
2911,30,"H1,L1",1387908096.0,1387908608.0,processing,,1775065575.1102884
2912,30,"H1,L1",1387908096.0,1387908608.0,done,,1775065575.6582286
2913,30,"H1,L1",1387907584.0,1387908096.0,processing,,1775065575.669173
2914,30,"H1,L1",1387907584.0,1387908096.0,done,,1775065576.2118692
2915,30,"H1,L1",1387907072.0,1387907584.0,processing,,1775065576.2310362
2916,30,"H1,L1",1387907072.0,1387907584.0,done,,1775065576.7813025
2917,30,"H1,L1",1387906560.0,1387907072.0,processing,,1775065576.8002107
2918,30,"H1,L1",1387906560.0,1387907072.0,done,,1775065577.3512743
2919,30,"H1,L1",1387906048.0,1387906560.0,processing,,1775065577.3702023
2920,30,"H1,L1",1387906048.0,1387906560.0,done,,1775065597.9905224
2921,30,"H1,L1",1387905536.0,1387906048.0,processing,,1775065597.9921496
2922,30,"H1,L1",1387905536.0,1387906048.0,done,,1775065835.118377
2923,30,"H1,L1",1387905024.0,1387905536.0,processing,,1775065835.1567845
2924,30,"H1,L1",1387905024.0,1387905536.0,done,,1775066012.269405
2925,30,"H1,L1",1387904512.0,1387905024.0,processing,,1775066284.2363455
2926,30,"H1,L1",1387904512.0,1387905024.0,done,,1775066605.6906424
2927,30,"H1,L1",1387904000.0,1387904512.0,processing,,1775066605.7246983
2928,30,"H1,L1",1387904000.0,1387904512.0,done,,1775066955.889271
2929,30,"H1,L1",1387903488.0,1387904000.0,processing,,1775066955.9164011
2930,30,"H1,L1",1387903488.0,1387904000.0,done,,1775067215.5227315
2931,30,"H1,L1",1387902976.0,1387903488.0,processing,,1775067215.5564122
2932,30,"H1,L1",1387902976.0,1387903488.0,done,,1775067586.8577502
2933,30,"H1,L1",1387902464.0,1387902976.0,processing,,1775067586.8842359
2934,30,"H1,L1",1387902464.0,1387902976.0,done,,1775067898.56283
2935,30,"H1,L1",1387901952.0,1387902464.0,processing,,1775067898.5900142
2936,30,"H1,L1",1387901952.0,1387902464.0,done,,1775068200.172222
2937,30,"H1,L1",1387901440.0,1387901952.0,processing,,1775068200.1998003
2938,30,"H1,L1",1387901440.0,1387901952.0,done,,1775068538.4583783
2939,30,"H1,L1",1387900928.0,1387901440.0,processing,,1775068538.4653075
2940,30,"H1,L1",1387900928.0,1387901440.0,done,,1775068889.3253357
2941,30,"H1,L1",1387900416.0,1387900928.0,processing,,1775069150.5801275
2942,30,"H1,L1",1387900416.0,1387900928.0,done,,1775069395.4496317
2943,30,"H1,L1",1387899904.0,1387900416.0,processing,,1775069395.464942
2944,30,"H1,L1",1387899904.0,1387900416.0,done,,1775069631.4855556
2945,30,"H1,L1",1387899392.0,1387899904.0,processing,,1775069631.5132892
2946,30,"H1,L1",1387899392.0,1387899904.0,done,,1775069944.6249983
2947,30,"H1,L1",1387898880.0,1387899392.0,processing,,1775069944.652094
2948,30,"H1,L1",1387898880.0,1387899392.0,done,,1775070247.6208427
2949,30,"H1,L1",1387898368.0,1387898880.0,processing,,1775070247.6512258
2950,30,"H1,L1",1387898368.0,1387898880.0,done,,1775070886.6008642
2951,30,"H1,L1",1387897856.0,1387898368.0,processing,,1775070886.6265106
2952,30,"H1,L1",1387897856.0,1387898368.0,done,,1775071242.520438
2953,30,"H1,L1",1387897344.0,1387897856.0,processing,,1775071242.5548894
2954,30,"H1,L1",1387897344.0,1387897856.0,done,,1775071505.4513586
2955,30,"H1,L1",1387896832.0,1387897344.0,processing,,1775071505.486327
2956,30,"H1,L1",1387896832.0,1387897344.0,done,,1775071864.253578
2957,30,"H1,L1",1387896320.0,1387896832.0,processing,,1775072116.0099013
2958,30,"H1,L1",1387896320.0,1387896832.0,done,,1775072448.609081
2959,30,"H1,L1",1387895808.0,1387896320.0,processing,,1775072448.6361353
2960,30,"H1,L1",1387895808.0,1387896320.0,done,,1775072793.9777596
2961,30,"H1,L1",1387895296.0,1387895808.0,processing,,1775072794.0186193
2962,30,"H1,L1",1387895296.0,1387895808.0,done,,1775073042.5294847
2963,30,"H1,L1",1387894784.0,1387895296.0,processing,,1775073042.5573585
2964,30,"H1,L1",1387894784.0,1387895296.0,done,,1775073399.213851
2965,30,"H1,L1",1387894272.0,1387894784.0,processing,,1775073399.2486072
2966,30,"H1,L1",1387894272.0,1387894784.0,done,,1775073654.9364395
2967,30,"H1,L1",1387893760.0,1387894272.0,processing,,1775073654.953643
2968,30,"H1,L1",1387893760.0,1387894272.0,done,,1775074161.9262788
2969,30,"H1,L1",1387893248.0,1387893760.0,processing,,1775074161.9527092
2970,30,"H1,L1",1387893248.0,1387893760.0,done,,1775074426.683081
2971,30,"H1,L1",1387892736.0,1387893248.0,processing,,1775074426.7172205
2972,30,"H1,L1",1387892736.0,1387893248.0,done,,1775074841.5642207
2973,30,"H1,L1",1387892224.0,1387892736.0,processing,,1775075102.3867595
2974,30,"H1,L1",1387892224.0,1387892736.0,done,,1775075349.6474028
2975,30,"H1,L1",1387891712.0,1387892224.0,processing,,1775075349.6867914
2976,30,"H1,L1",1387891712.0,1387892224.0,done,,1775075762.2557786
2977,30,"H1,L1",1387891200.0,1387891712.0,processing,,1775075762.2818422
2978,30,"H1,L1",1387891200.0,1387891712.0,done,,1775076026.4709563
2979,30,"H1,L1",1387890688.0,1387891200.0,processing,,1775076026.504448
2980,30,"H1,L1",1387890688.0,1387891200.0,done,,1775076338.5528963
2981,30,"H1,L1",1387890176.0,1387890688.0,processing,,1775076338.579567
2982,30,"H1,L1",1387890176.0,1387890688.0,done,,1775076706.6713264
2983,30,"H1,L1",1387889664.0,1387890176.0,processing,,1775076706.6789694
2984,30,"H1,L1",1387889664.0,1387890176.0,done,,1775076961.1784976
2985,30,"H1,L1",1387889152.0,1387889664.0,processing,,1775076961.2146466
2986,30,"H1,L1",1387889152.0,1387889664.0,done,,1775077253.975901
2987,30,"H1,L1",1387888640.0,1387889152.0,processing,,1775077254.0116334
2988,30,"H1,L1",1387888640.0,1387889152.0,done,,1775077544.8431015
2989,30,"H1,L1",1387888128.0,1387888640.0,processing,,1775077810.4272625
2990,30,"H1,L1",1387888128.0,1387888640.0,done,,1775078085.0787215
2991,30,"H1,L1",1387887616.0,1387888128.0,processing,,1775078085.1060662
2992,30,"H1,L1",1387887616.0,1387888128.0,done,,1775078350.8790605
2993,30,"H1,L1",1387887104.0,1387887616.0,processing,,1775078350.8953245
2994,30,"H1,L1",1387887104.0,1387887616.0,done,,1775078632.2483816
2995,30,"H1,L1",1387886592.0,1387887104.0,processing,,1775078632.2560444
2996,30,"H1,L1",1387886592.0,1387887104.0,done,,1775078962.9904172
2997,30,"H1,L1",1387886080.0,1387886592.0,processing,,1775078963.0272205
2998,30,"H1,L1",1387886080.0,1387886592.0,done,,1775079424.471359
2999,30,"H1,L1",1387885568.0,1387886080.0,processing,,1775079424.4868977
3000,30,"H1,L1",1387885568.0,1387886080.0,done,,1775079847.212587
3001,30,"H1,L1",1387885056.0,1387885568.0,processing,,1775079847.240294
3002,30,"H1,L1",1387885056.0,1387885568.0,done,,1775080202.546837
3003,30,"H1,L1",1387884544.0,1387885056.0,processing,,1775080202.556717
3004,30,"H1,L1",1387884544.0,1387885056.0,done,,1775080545.2764034
3005,30,"H1,L1",1387884032.0,1387884544.0,processing,,1775080805.0119302
3006,30,"H1,L1",1387884032.0,1387884544.0,done,,1775081170.8963194
3007,30,"H1,L1",1387883520.0,1387884032.0,processing,,1775081170.928241
3008,30,"H1,L1",1387883520.0,1387884032.0,done,,1775081806.9598303
3009,30,"H1,L1",1387883008.0,1387883520.0,processing,,1775081806.9857764
3010,30,"H1,L1",1387883008.0,1387883520.0,done,,1775082274.3944957
3011,30,"H1,L1",1387882496.0,1387883008.0,processing,,1775082274.412653
3012,30,"H1,L1",1387882496.0,1387883008.0,done,,1775082605.2380512
3013,30,"H1,L1",1387881984.0,1387882496.0,processing,,1775082605.265418
3014,30,"H1,L1",1387881984.0,1387882496.0,done,,1775083110.547519
3015,30,"H1,L1",1387881472.0,1387881984.0,processing,,1775083110.5649948
3016,30,"H1,L1",1387881472.0,1387881984.0,done,,1775083414.2913249
3017,30,"H1,L1",1387880960.0,1387881472.0,processing,,1775083414.318852
3018,30,"H1,L1",1387880960.0,1387881472.0,done,,1775083792.5383139
3019,30,"H1,L1",1387880448.0,1387880960.0,processing,,1775083792.563906
3020,30,"H1,L1",1387880448.0,1387880960.0,done,,1775084055.8673959
3021,30,"H1,L1",1387879936.0,1387880448.0,processing,,1775084303.7273867
3022,30,"H1,L1",1387879936.0,1387880448.0,done,,1775084598.1671875
3023,30,"H1,L1",1387879424.0,1387879936.0,processing,,1775084598.1871717
3024,30,"H1,L1",1387879424.0,1387879936.0,done,,1775084912.999673
3025,30,"H1,L1",1387878912.0,1387879424.0,processing,,1775084913.0269234
3026,30,"H1,L1",1387878912.0,1387879424.0,done,,1775085342.0517612
3027,30,"H1,L1",1387878400.0,1387878912.0,processing,,1775085342.0799408
3028,30,"H1,L1",1387878400.0,1387878912.0,done,,1775085787.1811333
3029,30,"H1,L1",1387877888.0,1387878400.0,processing,,1775085787.2067509
3030,30,"H1,L1",1387877888.0,1387878400.0,done,,1775086166.112762
3031,30,"H1,L1",1387877376.0,1387877888.0,processing,,1775086166.128805
3032,30,"H1,L1",1387877376.0,1387877888.0,done,,1775086585.4312553
3033,30,"H1,L1",1387876864.0,1387877376.0,processing,,1775086585.4645216
3034,30,"H1,L1",1387876864.0,1387877376.0,done,,1775086946.994729
3035,30,"H1,L1",1387876352.0,1387876864.0,processing,,1775086947.0311964
3036,30,"H1,L1",1387876352.0,1387876864.0,done,,1775087314.0654871
3037,30,"H1,L1",1387875840.0,1387876352.0,processing,,1775087570.2474413
3038,30,"H1,L1",1387875840.0,1387876352.0,done,,1775087933.2706127
3039,30,"H1,L1",1387875328.0,1387875840.0,processing,,1775087933.2899415
3040,30,"H1,L1",1387875328.0,1387875840.0,done,,1775088307.3094223
3041,30,"H1,L1",1387874816.0,1387875328.0,processing,,1775088307.3275182
3042,30,"H1,L1",1387874816.0,1387875328.0,done,,1775088784.3340566
3043,30,"H1,L1",1387874304.0,1387874816.0,processing,,1775088784.361245
3044,30,"H1,L1",1387874304.0,1387874816.0,done,,1775089104.8897705
3045,30,"H1,L1",1387873792.0,1387874304.0,processing,,1775089104.9051123
3046,30,"H1,L1",1387873792.0,1387874304.0,done,,1775089659.9215653
3047,30,"H1,L1",1387873280.0,1387873792.0,processing,,1775089659.949103
3048,30,"H1,L1",1387873280.0,1387873792.0,done,,1775089923.303899
3049,30,"H1,L1",1387872768.0,1387873280.0,processing,,1775089923.3325846
3050,30,"H1,L1",1387872768.0,1387873280.0,done,,1775090130.8394516
3051,30,"H1,L1",1387872256.0,1387872768.0,processing,,1775090130.8627906
3052,30,"H1,L1",1387872256.0,1387872768.0,done,,1775090469.1624033
3053,30,"H1,L1",1387871744.0,1387872256.0,processing,,1775090743.3495183
3054,30,"H1,L1",1387871744.0,1387872256.0,done,,1775090990.5819812
3055,30,"H1,L1",1387871232.0,1387871744.0,processing,,1775090990.5983217
3056,30,"H1,L1",1387871232.0,1387871744.0,done,,1775091281.9756572
3057,30,"H1,L1",1387870720.0,1387871232.0,processing,,1775091282.0032516
3058,30,"H1,L1",1387870720.0,1387871232.0,done,,1775091673.0926247
3059,30,"H1,L1",1387870208.0,1387870720.0,processing,,1775091673.109121
3060,30,"H1,L1",1387870208.0,1387870720.0,done,,1775091956.918908
3061,30,"H1,L1",1387869696.0,1387870208.0,processing,,1775091956.9474611
3062,30,"H1,L1",1387869696.0,1387870208.0,done,,1775092264.958005
3063,30,"H1,L1",1387869184.0,1387869696.0,processing,,1775092264.9861999
3064,30,"H1,L1",1387869184.0,1387869696.0,done,,1775092512.2712996
3065,30,"H1,L1",1387868672.0,1387869184.0,processing,,1775092512.3016598
3066,30,"H1,L1",1387868672.0,1387869184.0,done,,1775092803.0866232
3067,30,"H1,L1",1387868160.0,1387868672.0,processing,,1775092803.0975506
3068,30,"H1,L1",1387868160.0,1387868672.0,done,,1775093224.4826376
3069,30,"H1,L1",1387867648.0,1387868160.0,processing,,1775093482.6925662
3070,30,"H1,L1",1387867648.0,1387868160.0,done,,1775093717.9164846
3071,30,"H1,L1",1387867136.0,1387867648.0,processing,,1775093717.9446259
3072,30,"H1,L1",1387867136.0,1387867648.0,done,,1775094056.9600692
3073,30,"H1,L1",1387866624.0,1387867136.0,processing,,1775094056.9666145
3074,30,"H1,L1",1387866624.0,1387867136.0,done,,1775094429.1496174
3075,30,"H1,L1",1387866112.0,1387866624.0,processing,,1775094429.1693504
3076,30,"H1,L1",1387866112.0,1387866624.0,done,,1775094722.7851093
3077,30,"H1,L1",1387865600.0,1387866112.0,processing,,1775094722.8194108
3078,30,"H1,L1",1387865600.0,1387866112.0,done,,1775095104.9189491
3079,30,"H1,L1",1387865088.0,1387865600.0,processing,,1775095104.9751716
3080,30,"H1,L1",1387865088.0,1387865600.0,done,,1775095474.8269808
3081,30,"H1,L1",1387864576.0,1387865088.0,processing,,1775095474.8608284
3082,30,"H1,L1",1387864576.0,1387865088.0,done,,1775095910.647133
3083,30,"H1,L1",1387864064.0,1387864576.0,processing,,1775095910.68187
3084,30,"H1,L1",1387864064.0,1387864576.0,done,,1775096212.7849445
3085,30,"H1,L1",1387863552.0,1387864064.0,processing,,1775096461.9776528
3086,30,"H1,L1",1387863552.0,1387864064.0,done,,1775096827.5373435
3087,30,"H1,L1",1387863040.0,1387863552.0,processing,,1775096827.5545368
3088,30,"H1,L1",1387863040.0,1387863552.0,done,,1775097086.5955167
3089,30,"H1,L1",1387862528.0,1387863040.0,processing,,1775097086.6296296
3090,30,"H1,L1",1387862528.0,1387863040.0,done,,1775097523.8505573
3091,30,"H1,L1",1387862016.0,1387862528.0,processing,,1775097523.865813
3092,30,"H1,L1",1387862016.0,1387862528.0,done,,1775097853.1218266
3093,30,"H1,L1",1387861504.0,1387862016.0,processing,,1775097853.1557858
3094,30,"H1,L1",1387861504.0,1387862016.0,done,,1775098130.766384
3095,30,"H1,L1",1387860992.0,1387861504.0,processing,,1775098130.7925005
3096,30,"H1,L1",1387860992.0,1387861504.0,done,,1775098416.5390375
3097,30,"H1,L1",1387860480.0,1387860992.0,processing,,1775098416.5663362
3098,30,"H1,L1",1387860480.0,1387860992.0,done,,1775098800.1626194
3099,30,"H1,L1",1387859968.0,1387860480.0,processing,,1775098800.1818666
3100,30,"H1,L1",1387859968.0,1387860480.0,done,,1775099162.7946448
3101,30,"H1,L1",1387859456.0,1387859968.0,processing,,1775099298.0976598
3102,30,"H1,L1",1387859456.0,1387859968.0,done,,1775099646.9558218
3103,30,"H1,L1",1387858944.0,1387859456.0,processing,,1775099646.9722042
3104,30,"H1,L1",1387858944.0,1387859456.0,done,,1775099889.2935214
3105,30,"H1,L1",1387858432.0,1387858944.0,processing,,1775099889.3320286
3106,30,"H1,L1",1387858432.0,1387858944.0,done,,1775100133.6980536
3107,30,"H1,L1",1387857920.0,1387858432.0,processing,,1775100133.725295
3108,30,"H1,L1",1387857920.0,1387858432.0,done,,1775100349.3111982
3109,30,"H1,L1",1387857408.0,1387857920.0,processing,,1775100349.324443
3110,30,"H1,L1",1387857408.0,1387857920.0,done,,1775100493.7476547
3111,30,"H1,L1",1387856896.0,1387857408.0,processing,,1775100493.7722366
3112,30,"H1,L1",1387856896.0,1387857408.0,done,,1775100745.5080428
3113,30,"H1,L1",1387856384.0,1387856896.0,processing,,1775100745.5342681
3114,30,"H1,L1",1387856384.0,1387856896.0,done,,1775101041.270558
3115,30,"H1,L1",1387855872.0,1387856384.0,processing,,1775101041.3039987
3116,30,"H1,L1",1387855872.0,1387856384.0,done,,1775101063.2650595
3117,30,"H1,L1",1387855360.0,1387855872.0,gap,No GWOSC URLs found for H1 1387855360.0-1387855872.0,1775101063.9055145
3118,30,"H1,L1",1387793920.0,1387794432.0,processing,,1775101123.0608025
3119,30,"H1,L1",1387793920.0,1387794432.0,done,,1775101123.5577528
3120,30,"H1,L1",1387793408.0,1387793920.0,processing,,1775101123.5729349
3121,30,"H1,L1",1387793408.0,1387793920.0,done,,1775101124.1154737
3122,30,"H1,L1",1387792896.0,1387793408.0,processing,,1775101124.131271
3123,30,"H1,L1",1387792896.0,1387793408.0,done,,1775101124.600513
3124,30,"H1,L1",1387792384.0,1387792896.0,processing,,1775101124.6034184
3125,30,"H1,L1",1387792384.0,1387792896.0,done,,1775101125.0884092
3126,30,"H1,L1",1387791872.0,1387792384.0,processing,,1775101125.112535
3127,30,"H1,L1",1387791872.0,1387792384.0,done,,1775101125.5824692
3128,30,"H1,L1",1387791360.0,1387791872.0,processing,,1775101125.6012058
3129,30,"H1,L1",1387791360.0,1387791872.0,done,,1775101126.0755634
3130,30,"H1,L1",1387790848.0,1387791360.0,processing,,1775101126.0948923
3131,30,"H1,L1",1387790848.0,1387791360.0,done,,1775101632.8694797
3132,30,"H1,L1",1387790336.0,1387790848.0,processing,,1775101632.8996582
3133,30,"H1,L1",1387790336.0,1387790848.0,done,,1775102056.7542474
3134,30,"H1,L1",1387789824.0,1387790336.0,processing,,1775102347.1492095
3135,30,"H1,L1",1387789824.0,1387790336.0,done,,1775102602.3767774
3136,30,"H1,L1",1387789312.0,1387789824.0,processing,,1775102602.410746
3137,30,"H1,L1",1387789312.0,1387789824.0,done,,1775103028.4164062
3138,30,"H1,L1",1387788800.0,1387789312.0,processing,,1775103028.431558
3139,30,"H1,L1",1387788800.0,1387789312.0,done,,1775103459.4841785
3140,30,"H1,L1",1387788288.0,1387788800.0,processing,,1775103459.510156
3141,30,"H1,L1",1387788288.0,1387788800.0,done,,1775103777.6899903
3142,30,"H1,L1",1387787776.0,1387788288.0,processing,,1775103777.7246907
3143,30,"H1,L1",1387787776.0,1387788288.0,done,,1775104147.5651193
3144,30,"H1,L1",1387787264.0,1387787776.0,processing,,1775104147.5924034
3145,30,"H1,L1",1387787264.0,1387787776.0,done,,1775104551.78073
3146,30,"H1,L1",1387786752.0,1387787264.0,processing,,1775104551.8149107
3147,30,"H1,L1",1387786752.0,1387787264.0,done,,1775104830.9401562
3148,30,"H1,L1",1387786240.0,1387786752.0,processing,,1775104830.950544
3149,30,"H1,L1",1387786240.0,1387786752.0,done,,1775105156.0648751
3150,30,"H1,L1",1387785728.0,1387786240.0,processing,,1775105415.9160473
3151,30,"H1,L1",1387785728.0,1387786240.0,done,,1775105645.1675096
3152,30,"H1,L1",1387785216.0,1387785728.0,processing,,1775105645.1949708
3153,30,"H1,L1",1387785216.0,1387785728.0,done,,1775105970.0042834
3154,30,"H1,L1",1387784704.0,1387785216.0,processing,,1775105970.0122733
3155,30,"H1,L1",1387784704.0,1387785216.0,done,,1775106366.7522771
3156,30,"H1,L1",1387784192.0,1387784704.0,processing,,1775106366.785683
3157,30,"H1,L1",1387784192.0,1387784704.0,done,,1775106716.7763216
3158,30,"H1,L1",1387783680.0,1387784192.0,processing,,1775106716.8031416
3159,30,"H1,L1",1387783680.0,1387784192.0,done,,1775107055.8861947
3160,30,"H1,L1",1387783168.0,1387783680.0,processing,,1775107055.9200242
3161,30,"H1,L1",1387783168.0,1387783680.0,done,,1775107289.507396
3162,30,"H1,L1",1387782656.0,1387783168.0,processing,,1775107289.5234976
3163,30,"H1,L1",1387782656.0,1387783168.0,done,,1775107603.590869
3164,30,"H1,L1",1387782144.0,1387782656.0,processing,,1775107603.6173925
3165,30,"H1,L1",1387782144.0,1387782656.0,done,,1775107960.2008767
3166,30,"H1,L1",1387781632.0,1387782144.0,processing,,1775108198.4829817
3167,30,"H1,L1",1387781632.0,1387782144.0,done,,1775108550.637846
3168,30,"H1,L1",1387781120.0,1387781632.0,processing,,1775108550.6694174
3169,30,"H1,L1",1387781120.0,1387781632.0,done,,1775108836.376711
3170,30,"H1,L1",1387780608.0,1387781120.0,processing,,1775108836.3966248
3171,30,"H1,L1",1387780608.0,1387781120.0,done,,1775109191.7188764
3172,30,"H1,L1",1387780096.0,1387780608.0,processing,,1775109191.760154
3173,30,"H1,L1",1387780096.0,1387780608.0,done,,1775109568.0069895
3174,30,"H1,L1",1387779584.0,1387780096.0,processing,,1775109568.0240266
3175,30,"H1,L1",1387779584.0,1387780096.0,done,,1775109926.2805433
3176,30,"H1,L1",1387779072.0,1387779584.0,processing,,1775109926.3019986
3177,30,"H1,L1",1387779072.0,1387779584.0,done,,1775110299.1516175
3178,30,"H1,L1",1387778560.0,1387779072.0,processing,,1775110299.1856155
3179,30,"H1,L1",1387778560.0,1387779072.0,done,,1775110648.7290049
3180,30,"H1,L1",1387778048.0,1387778560.0,processing,,1775110648.7617087
3181,30,"H1,L1",1387778048.0,1387778560.0,done,,1775111213.059965
3182,30,"H1,L1",1387777536.0,1387778048.0,processing,,1775111481.831508
3183,30,"H1,L1",1387777536.0,1387778048.0,done,,1775111764.3017435
3184,30,"H1,L1",1387777024.0,1387777536.0,processing,,1775111764.3290384
3185,30,"H1,L1",1387777024.0,1387777536.0,done,,1775112226.954958
3186,30,"H1,L1",1387776512.0,1387777024.0,processing,,1775112226.984124
3187,30,"H1,L1",1387776512.0,1387777024.0,done,,1775112499.9074528
3188,30,"H1,L1",1387776000.0,1387776512.0,processing,,1775112499.9339645
3189,30,"H1,L1",1387776000.0,1387776512.0,done,,1775112896.3648567
3190,30,"H1,L1",1387775488.0,1387776000.0,processing,,1775112896.391256
3191,30,"H1,L1",1387775488.0,1387776000.0,done,,1775113351.445318
3192,30,"H1,L1",1387774976.0,1387775488.0,processing,,1775113351.4715357
3193,30,"H1,L1",1387774976.0,1387775488.0,done,,1775113879.5424395
3194,30,"H1,L1",1387774464.0,1387774976.0,processing,,1775113879.5604708
3195,31,"H1,L1",1387774464.0,1387774976.0,processing,,1775117933.7514696
3196,31,"H1,L1",1387774464.0,1387774976.0,done,,1775118316.8790424
3197,31,"H1,L1",1387773952.0,1387774464.0,processing,,1775118316.88699
3198,31,"H1,L1",1387773952.0,1387774464.0,done,,1775118916.939587
3199,31,"H1,L1",1387773440.0,1387773952.0,gap,No GWOSC URLs found for H1 1387773440.0-1387773952.0,1775118917.581971
3200,31,"H1,L1",1387712000.0,1387712512.0,processing,,1775119161.5515358
3201,31,"H1,L1",1387712000.0,1387712512.0,done,,1775119372.9460802
3202,31,"H1,L1",1387711488.0,1387712000.0,processing,,1775119372.962272
3203,31,"H1,L1",1387711488.0,1387712000.0,done,,1775119661.5472257
3204,31,"H1,L1",1387710976.0,1387711488.0,processing,,1775119661.5658698
3205,31,"H1,L1",1387710976.0,1387711488.0,done,,1775119986.405071
3206,31,"H1,L1",1387710464.0,1387710976.0,processing,,1775119986.4380157
3207,31,"H1,L1",1387710464.0,1387710976.0,done,,1775120253.1848834
3208,31,"H1,L1",1387709952.0,1387710464.0,processing,,1775120253.2205095
3209,31,"H1,L1",1387709952.0,1387710464.0,done,,1775120564.3431146
3210,31,"H1,L1",1387709440.0,1387709952.0,processing,,1775120564.37014
3211,31,"H1,L1",1387709440.0,1387709952.0,done,,1775120879.397227
3212,31,"H1,L1",1387708928.0,1387709440.0,processing,,1775120879.4242404
3213,31,"H1,L1",1387708928.0,1387709440.0,done,,1775121264.1936154
3214,31,"H1,L1",1387708416.0,1387708928.0,processing,,1775121264.222478
3215,31,"H1,L1",1387708416.0,1387708928.0,done,,1775121589.9776254
3216,31,"H1,L1",1387707904.0,1387708416.0,processing,,1775121851.622752
3217,31,"H1,L1",1387707904.0,1387708416.0,done,,1775122210.320135
3218,31,"H1,L1",1387707392.0,1387707904.0,processing,,1775122210.3360658
3219,31,"H1,L1",1387707392.0,1387707904.0,done,,1775122420.200483
3220,31,"H1,L1",1387706880.0,1387707392.0,processing,,1775122420.2284653
3221,31,"H1,L1",1387706880.0,1387707392.0,done,,1775122737.1553972
3222,31,"H1,L1",1387706368.0,1387706880.0,processing,,1775122737.1902692
3223,31,"H1,L1",1387706368.0,1387706880.0,done,,1775123158.4302914
3224,31,"H1,L1",1387705856.0,1387706368.0,processing,,1775123158.4450889
3225,31,"H1,L1",1387705856.0,1387706368.0,done,,1775123517.2453382
3226,31,"H1,L1",1387705344.0,1387705856.0,processing,,1775123517.272154
3227,31,"H1,L1",1387705344.0,1387705856.0,done,,1775124114.3415089
3228,31,"H1,L1",1387704832.0,1387705344.0,processing,,1775124114.3679993
3229,31,"H1,L1",1387704832.0,1387705344.0,done,,1775124463.468934
3230,31,"H1,L1",1387704320.0,1387704832.0,processing,,1775124463.5013337
3231,31,"H1,L1",1387704320.0,1387704832.0,done,,1775124707.3430376
3232,31,"H1,L1",1387703808.0,1387704320.0,processing,,1775124977.3744283
3233,31,"H1,L1",1387703808.0,1387704320.0,done,,1775125282.8880985
3234,31,"H1,L1",1387703296.0,1387703808.0,processing,,1775125282.901882
3235,31,"H1,L1",1387703296.0,1387703808.0,done,,1775125539.804449
3236,31,"H1,L1",1387702784.0,1387703296.0,processing,,1775125539.8320427
3237,31,"H1,L1",1387702784.0,1387703296.0,done,,1775125756.9039936
3238,31,"H1,L1",1387702272.0,1387702784.0,processing,,1775125756.9346151
3239,31,"H1,L1",1387702272.0,1387702784.0,done,,1775126073.254153
3240,31,"H1,L1",1387701760.0,1387702272.0,processing,,1775126073.281242
3241,31,"H1,L1",1387701760.0,1387702272.0,done,,1775126354.7117798
3242,31,"H1,L1",1387701248.0,1387701760.0,processing,,1775126354.738585
3243,31,"H1,L1",1387701248.0,1387701760.0,done,,1775126628.4795885
3244,31,"H1,L1",1387700736.0,1387701248.0,processing,,1775126628.5072887
3245,31,"H1,L1",1387700736.0,1387701248.0,done,,1775127044.1579275
3246,31,"H1,L1",1387700224.0,1387700736.0,processing,,1775127044.1844037
3247,31,"H1,L1",1387700224.0,1387700736.0,done,,1775127234.9535468
3248,31,"H1,L1",1387699712.0,1387700224.0,processing,,1775127485.0127325
3249,31,"H1,L1",1387699712.0,1387700224.0,done,,1775127778.4112575
3250,31,"H1,L1",1387699200.0,1387699712.0,processing,,1775127778.427309
3251,31,"H1,L1",1387699200.0,1387699712.0,done,,1775128343.8223436
3252,31,"H1,L1",1387698688.0,1387699200.0,processing,,1775128343.83076
3253,31,"H1,L1",1387698688.0,1387699200.0,done,,1775128684.679389
3254,31,"H1,L1",1387698176.0,1387698688.0,processing,,1775128684.7074983
3255,31,"H1,L1",1387698176.0,1387698688.0,done,,1775129097.5540495
3256,31,"H1,L1",1387697664.0,1387698176.0,processing,,1775129097.5655982
3257,31,"H1,L1",1387697664.0,1387698176.0,done,,1775129406.1751761
3258,31,"H1,L1",1387697152.0,1387697664.0,processing,,1775129406.203154
3259,31,"H1,L1",1387697152.0,1387697664.0,done,,1775129739.6428688
3260,31,"H1,L1",1387696640.0,1387697152.0,processing,,1775129739.6711173
3261,31,"H1,L1",1387696640.0,1387697152.0,done,,1775130165.7466629
3262,31,"H1,L1",1387696128.0,1387696640.0,processing,,1775130165.7731953
3263,31,"H1,L1",1387696128.0,1387696640.0,done,,1775130486.6361666
3264,31,"H1,L1",1387695616.0,1387696128.0,processing,,1775130794.507695
3265,31,"H1,L1",1387695616.0,1387696128.0,done,,1775131090.1111007
3266,31,"H1,L1",1387695104.0,1387695616.0,processing,,1775131090.1313796
3267,31,"H1,L1",1387695104.0,1387695616.0,done,,1775131577.204926
3268,31,"H1,L1",1387694592.0,1387695104.0,processing,,1775131577.2126634
3269,31,"H1,L1",1387694592.0,1387695104.0,done,,1775131904.201287
3270,31,"H1,L1",1387694080.0,1387694592.0,processing,,1775131904.2253952
3271,31,"H1,L1",1387694080.0,1387694592.0,done,,1775132261.0874293
3272,31,"H1,L1",1387693568.0,1387694080.0,processing,,1775132261.110918
3273,31,"H1,L1",1387693568.0,1387694080.0,done,,1775132566.6289814
3274,31,"H1,L1",1387693056.0,1387693568.0,processing,,1775132566.6637514
3275,31,"H1,L1",1387693056.0,1387693568.0,done,,1775132841.2744088
3276,31,"H1,L1",1387692544.0,1387693056.0,processing,,1775132841.3015745
3277,31,"H1,L1",1387692544.0,1387693056.0,done,,1775133097.3336048
3278,31,"H1,L1",1387692032.0,1387692544.0,processing,,1775133097.3417933
3279,31,"H1,L1",1387692032.0,1387692544.0,done,,1775133433.6159265
3280,31,"H1,L1",1387691520.0,1387692032.0,processing,,1775133704.1743133
3281,31,"H1,L1",1387691520.0,1387692032.0,done,,1775134042.9606037
3282,31,"H1,L1",1387691008.0,1387691520.0,processing,,1775134042.9890912
3283,31,"H1,L1",1387691008.0,1387691520.0,done,,1775134472.5764658
3284,31,"H1,L1",1387690496.0,1387691008.0,processing,,1775134472.6022682
3285,31,"H1,L1",1387690496.0,1387691008.0,done,,1775134807.1496253
3286,31,"H1,L1",1387689984.0,1387690496.0,processing,,1775134807.1818736
3287,31,"H1,L1",1387689984.0,1387690496.0,done,,1775135270.8189747
3288,31,"H1,L1",1387689472.0,1387689984.0,processing,,1775135270.8444917
3289,31,"H1,L1",1387689472.0,1387689984.0,done,,1775135730.7337046
3290,31,"H1,L1",1387688960.0,1387689472.0,processing,,1775135730.7677462
3291,31,"H1,L1",1387688960.0,1387689472.0,done,,1775136069.1937594
3292,31,"H1,L1",1387688448.0,1387688960.0,processing,,1775136069.2240112
3293,31,"H1,L1",1387688448.0,1387688960.0,done,,1775136335.0203235
3294,31,"H1,L1",1387687936.0,1387688448.0,processing,,1775136335.0463655
3295,31,"H1,L1",1387687936.0,1387688448.0,done,,1775136587.7173831
3296,31,"H1,L1",1387687424.0,1387687936.0,processing,,1775136891.3016543
3297,31,"H1,L1",1387687424.0,1387687936.0,done,,1775137266.8508358
3298,31,"H1,L1",1387686912.0,1387687424.0,processing,,1775137266.8717983
3299,31,"H1,L1",1387686912.0,1387687424.0,done,,1775137550.0530014
3300,31,"H1,L1",1387686400.0,1387686912.0,processing,,1775137550.0855734
3301,31,"H1,L1",1387686400.0,1387686912.0,done,,1775137810.8671317
3302,31,"H1,L1",1387685888.0,1387686400.0,processing,,1775137810.883812
3303,31,"H1,L1",1387685888.0,1387686400.0,done,,1775138247.553338
3304,31,"H1,L1",1387685376.0,1387685888.0,processing,,1775138247.5859003
3305,31,"H1,L1",1387685376.0,1387685888.0,done,,1775138699.3126044
3306,31,"H1,L1",1387684864.0,1387685376.0,processing,,1775138699.3414657
3307,31,"H1,L1",1387684864.0,1387685376.0,done,,1775139167.6226182
3308,31,"H1,L1",1387684352.0,1387684864.0,processing,,1775139167.6491175
3309,31,"H1,L1",1387684352.0,1387684864.0,done,,1775139506.9065068
3310,31,"H1,L1",1387683840.0,1387684352.0,processing,,1775139506.9330897
3311,31,"H1,L1",1387683840.0,1387684352.0,done,,1775139867.0309792
3312,31,"H1,L1",1387683328.0,1387683840.0,processing,,1775140157.1836133
3313,31,"H1,L1",1387683328.0,1387683840.0,done,,1775140489.2517076
3314,31,"H1,L1",1387682816.0,1387683328.0,processing,,1775140489.2799144
3315,31,"H1,L1",1387682816.0,1387683328.0,done,,1775140988.2172842
3316,31,"H1,L1",1387682304.0,1387682816.0,processing,,1775140988.2434857
3317,31,"H1,L1",1387682304.0,1387682816.0,done,,1775141384.938588
3318,31,"H1,L1",1387681792.0,1387682304.0,processing,,1775141384.954057
3319,31,"H1,L1",1387681792.0,1387682304.0,done,,1775141717.8475046
3320,31,"H1,L1",1387681280.0,1387681792.0,processing,,1775141717.8651507
3321,31,"H1,L1",1387681280.0,1387681792.0,done,,1775141964.5576046
3322,31,"H1,L1",1387680768.0,1387681280.0,processing,,1775141964.591226
3323,32,"H1,L1",1387680768.0,1387681280.0,processing,,1775143136.7553701
3324,32,"H1,L1",1387680768.0,1387681280.0,done,,1775143391.0726812
3325,32,"H1,L1",1387680256.0,1387680768.0,processing,,1775143391.0810745
3326,32,"H1,L1",1387680256.0,1387680768.0,done,,1775143649.5375152
3327,32,"H1,L1",1387679744.0,1387680256.0,processing,,1775143649.5737212
3328,32,"H1,L1",1387679744.0,1387680256.0,done,,1775143958.0767035
3329,32,"H1,L1",1387679232.0,1387679744.0,processing,,1775144264.4682791
3330,32,"H1,L1",1387679232.0,1387679744.0,done,,1775144755.522776
3331,32,"H1,L1",1387678720.0,1387679232.0,processing,,1775144755.5306911
3332,32,"H1,L1",1387678720.0,1387679232.0,done,,1775145086.9109716
3333,32,"H1,L1",1387678208.0,1387678720.0,processing,,1775145086.9376404
3334,32,"H1,L1",1387678208.0,1387678720.0,done,,1775145596.0357857
3335,32,"H1,L1",1387677696.0,1387678208.0,processing,,1775145596.0628505
3336,32,"H1,L1",1387677696.0,1387678208.0,done,,1775146141.5040443
3337,32,"H1,L1",1387677184.0,1387677696.0,processing,,1775146141.5310466
3338,32,"H1,L1",1387677184.0,1387677696.0,done,,1775146501.7829316
3339,32,"H1,L1",1387676672.0,1387677184.0,processing,,1775146501.7852507
3340,32,"H1,L1",1387676672.0,1387677184.0,done,,1775146974.106788
3341,32,"H1,L1",1387676160.0,1387676672.0,processing,,1775146974.1290638
3342,32,"H1,L1",1387676160.0,1387676672.0,done,,1775147316.9371061
3343,32,"H1,L1",1387675648.0,1387676160.0,processing,,1775147316.9539695
3344,32,"H1,L1",1387675648.0,1387676160.0,done,,1775147737.9886425
3345,32,"H1,L1",1387675136.0,1387675648.0,processing,,1775148031.921494
3346,32,"H1,L1",1387675136.0,1387675648.0,done,,1775148388.7899032
3347,32,"H1,L1",1387674624.0,1387675136.0,processing,,1775148388.8007154
3348,32,"H1,L1",1387674624.0,1387675136.0,done,,1775148623.4421053
3349,32,"H1,L1",1387674112.0,1387674624.0,processing,,1775148623.469855
3350,32,"H1,L1",1387674112.0,1387674624.0,done,,1775148855.8408601
3351,32,"H1,L1",1387673600.0,1387674112.0,processing,,1775148855.8759837
3352,32,"H1,L1",1387673600.0,1387674112.0,done,,1775149129.190665
3353,32,"H1,L1",1387673088.0,1387673600.0,processing,,1775149129.2232308
3354,32,"H1,L1",1387673088.0,1387673600.0,done,,1775149491.3728373
3355,32,"H1,L1",1387672576.0,1387673088.0,processing,,1775149491.3994052
3356,32,"H1,L1",1387672576.0,1387673088.0,done,,1775149926.4751437
3357,32,"H1,L1",1387672064.0,1387672576.0,processing,,1775149926.501357
3358,32,"H1,L1",1387672064.0,1387672576.0,done,,1775150275.7161329
3359,32,"H1,L1",1387671552.0,1387672064.0,processing,,1775150275.7439961
3360,32,"H1,L1",1387671552.0,1387672064.0,done,,1775150581.6381927
3361,32,"H1,L1",1387671040.0,1387671552.0,processing,,1775150872.3697596
3362,32,"H1,L1",1387671040.0,1387671552.0,done,,1775151141.7947586
3363,32,"H1,L1",1387670528.0,1387671040.0,processing,,1775151141.8214953
3364,32,"H1,L1",1387670528.0,1387671040.0,done,,1775151591.2548873
3365,32,"H1,L1",1387670016.0,1387670528.0,processing,,1775151591.282058
3366,32,"H1,L1",1387670016.0,1387670528.0,done,,1775151872.5329323
3367,32,"H1,L1",1387669504.0,1387670016.0,processing,,1775151872.561185
3368,32,"H1,L1",1387669504.0,1387670016.0,done,,1775152281.3638036
3369,32,"H1,L1",1387668992.0,1387669504.0,processing,,1775152281.3944168
3370,32,"H1,L1",1387668992.0,1387669504.0,done,,1775152731.211147
3371,32,"H1,L1",1387668480.0,1387668992.0,processing,,1775152731.2383409
3372,32,"H1,L1",1387668480.0,1387668992.0,done,,1775152997.5752816
3373,32,"H1,L1",1387667968.0,1387668480.0,processing,,1775152997.5912805
3374,32,"H1,L1",1387667968.0,1387668480.0,done,,1775153428.300763
3375,32,"H1,L1",1387667456.0,1387667968.0,processing,,1775153428.326912
3376,32,"H1,L1",1387667456.0,1387667968.0,done,,1775153848.709276
3377,32,"H1,L1",1387666944.0,1387667456.0,processing,,1775154141.9146237
3378,32,"H1,L1",1387666944.0,1387667456.0,done,,1775154493.560581
3379,32,"H1,L1",1387666432.0,1387666944.0,processing,,1775154493.5941026
3380,32,"H1,L1",1387666432.0,1387666944.0,done,,1775154771.062672
3381,32,"H1,L1",1387665920.0,1387666432.0,processing,,1775154771.0959094
3382,32,"H1,L1",1387665920.0,1387666432.0,done,,1775155074.177057
3383,32,"H1,L1",1387665408.0,1387665920.0,processing,,1775155074.2039397
3384,32,"H1,L1",1387665408.0,1387665920.0,done,,1775155425.0752847
3385,32,"H1,L1",1387664896.0,1387665408.0,processing,,1775155425.102113
3386,32,"H1,L1",1387664896.0,1387665408.0,done,,1775155869.1620264
3387,32,"H1,L1",1387664384.0,1387664896.0,processing,,1775155869.1773064
3388,32,"H1,L1",1387664384.0,1387664896.0,done,,1775156289.6786115
3389,32,"H1,L1",1387663872.0,1387664384.0,processing,,1775156289.7052085
3390,32,"H1,L1",1387663872.0,1387664384.0,done,,1775156621.762157
3391,32,"H1,L1",1387663360.0,1387663872.0,processing,,1775156621.7787466
3392,32,"H1,L1",1387663360.0,1387663872.0,done,,1775156944.044759
3393,32,"H1,L1",1387662848.0,1387663360.0,processing,,1775157237.7355535
3394,32,"H1,L1",1387662848.0,1387663360.0,done,,1775157690.6335223
3395,32,"H1,L1",1387662336.0,1387662848.0,processing,,1775157690.6522403
3396,32,"H1,L1",1387662336.0,1387662848.0,done,,1775158105.3870199
3397,32,"H1,L1",1387661824.0,1387662336.0,processing,,1775158105.413768
3398,32,"H1,L1",1387661824.0,1387662336.0,done,,1775158384.08553
3399,32,"H1,L1",1387661312.0,1387661824.0,processing,,1775158384.113753
3400,32,"H1,L1",1387661312.0,1387661824.0,done,,1775158739.33111
3401,32,"H1,L1",1387660800.0,1387661312.0,processing,,1775158739.3606145
3402,32,"H1,L1",1387660800.0,1387661312.0,done,,1775159016.1700175
3403,32,"H1,L1",1387660288.0,1387660800.0,processing,,1775159016.1974623
3404,32,"H1,L1",1387660288.0,1387660800.0,done,,1775159332.7683318
3405,32,"H1,L1",1387659776.0,1387660288.0,processing,,1775159332.784412
3406,32,"H1,L1",1387659776.0,1387660288.0,done,,1775159607.2265275
3407,32,"H1,L1",1387659264.0,1387659776.0,processing,,1775159607.2613292
3408,32,"H1,L1",1387659264.0,1387659776.0,done,,1775160008.8316581
3409,32,"H1,L1",1387658752.0,1387659264.0,processing,,1775160304.800939
3410,32,"H1,L1",1387658752.0,1387659264.0,done,,1775160891.692204
3411,32,"H1,L1",1387658240.0,1387658752.0,processing,,1775160891.6990583
3412,32,"H1,L1",1387658240.0,1387658752.0,done,,1775161243.1893182
3413,32,"H1,L1",1387657728.0,1387658240.0,processing,,1775161243.2209663
3414,32,"H1,L1",1387657728.0,1387658240.0,done,,1775161641.368602
3415,32,"H1,L1",1387657216.0,1387657728.0,processing,,1775161641.3962893
3416,32,"H1,L1",1387657216.0,1387657728.0,done,,1775161974.0422318
3417,32,"H1,L1",1387656704.0,1387657216.0,processing,,1775161974.068934
3418,32,"H1,L1",1387656704.0,1387657216.0,done,,1775162370.665264
3419,32,"H1,L1",1387656192.0,1387656704.0,processing,,1775162370.682447
3420,32,"H1,L1",1387656192.0,1387656704.0,done,,1775162613.892536
3421,32,"H1,L1",1387655680.0,1387656192.0,processing,,1775162613.9102573
3422,32,"H1,L1",1387655680.0,1387656192.0,done,,1775162997.139187
3423,32,"H1,L1",1387655168.0,1387655680.0,processing,,1775162997.166955
3424,32,"H1,L1",1387655168.0,1387655680.0,done,,1775163357.451147
3425,32,"H1,L1",1387654656.0,1387655168.0,processing,,1775163631.1219954
3426,32,"H1,L1",1387654656.0,1387655168.0,done,,1775163983.081593
3427,32,"H1,L1",1387654144.0,1387654656.0,processing,,1775163983.089991
3428,32,"H1,L1",1387654144.0,1387654656.0,done,,1775164221.4570732
3429,32,"H1,L1",1387653632.0,1387654144.0,processing,,1775164221.491036
3430,32,"H1,L1",1387653632.0,1387654144.0,done,,1775164621.6018562
3431,32,"H1,L1",1387653120.0,1387653632.0,processing,,1775164621.6261141
3432,32,"H1,L1",1387653120.0,1387653632.0,done,,1775164912.2248402
3433,32,"H1,L1",1387652608.0,1387653120.0,processing,,1775164912.2518663
3434,32,"H1,L1",1387652608.0,1387653120.0,done,,1775165380.54973
3435,32,"H1,L1",1387652096.0,1387652608.0,processing,,1775165380.5568774
3436,32,"H1,L1",1387652096.0,1387652608.0,done,,1775165747.6396015
3437,32,"H1,L1",1387651584.0,1387652096.0,processing,,1775165747.67421
3438,32,"H1,L1",1387651584.0,1387652096.0,done,,1775166008.127925
3439,32,"H1,L1",1387651072.0,1387651584.0,processing,,1775166008.155584
3440,32,"H1,L1",1387651072.0,1387651584.0,done,,1775166476.1818786
3441,32,"H1,L1",1387650560.0,1387651072.0,processing,,1775166760.2609448
3442,32,"H1,L1",1387650560.0,1387651072.0,done,,1775167092.3048582
3443,32,"H1,L1",1387650048.0,1387650560.0,processing,,1775167092.321672
3444,32,"H1,L1",1387650048.0,1387650560.0,done,,1775167427.2475135
3445,32,"H1,L1",1387649536.0,1387650048.0,processing,,1775167427.2758937
3446,32,"H1,L1",1387649536.0,1387650048.0,done,,1775167895.1906796
3447,32,"H1,L1",1387649024.0,1387649536.0,processing,,1775167895.2208297
3448,32,"H1,L1",1387649024.0,1387649536.0,done,,1775168177.9258912
3449,32,"H1,L1",1387648512.0,1387649024.0,processing,,1775168177.9733343
3450,32,"H1,L1",1387648512.0,1387649024.0,done,,1775168488.1374826
3451,32,"H1,L1",1387648000.0,1387648512.0,processing,,1775168488.1654017
3452,32,"H1,L1",1387648000.0,1387648512.0,done,,1775168887.7953255
3453,32,"H1,L1",1387647488.0,1387648000.0,processing,,1775168887.8232312
3454,32,"H1,L1",1387647488.0,1387648000.0,done,,1775169302.3458025
3455,32,"H1,L1",1387646976.0,1387647488.0,processing,,1775169302.3724015
3456,32,"H1,L1",1387646976.0,1387647488.0,done,,1775169630.5531816
3457,32,"H1,L1",1387646464.0,1387646976.0,processing,,1775169969.4572308
3458,32,"H1,L1",1387646464.0,1387646976.0,done,,1775170529.4205227
3459,32,"H1,L1",1387645952.0,1387646464.0,processing,,1775170529.44719
3460,33,"H1,L1",1387645952.0,1387646464.0,processing,,1775172704.5100107
3461,33,"H1,L1",1387645952.0,1387646464.0,done,,1775172950.3859863
3462,33,"H1,L1",1387645440.0,1387645952.0,processing,,1775172950.4211998
3463,34,"H1,L1",1387645440.0,1387645952.0,processing,,1775174429.4725251
3464,34,"H1,L1",1387645440.0,1387645952.0,done,,1775174613.375934
3465,34,"H1,L1",1387644928.0,1387645440.0,processing,,1775174613.4143841
3466,34,"H1,L1",1387644928.0,1387645440.0,done,,1775175238.4778907
3467,34,"H1,L1",1387644416.0,1387644928.0,processing,,1775175238.505985
3468,34,"H1,L1",1387644416.0,1387644928.0,done,,1775175383.6668591
3469,34,"H1,L1",1387643904.0,1387644416.0,processing,,1775175383.6941323
3470,34,"H1,L1",1387643904.0,1387644416.0,done,,1775175582.7925155
3471,34,"H1,L1",1387643392.0,1387643904.0,processing,,1775175582.82472
3472,34,"H1,L1",1387643392.0,1387643904.0,done,,1775175813.5972307
3473,34,"H1,L1",1387642880.0,1387643392.0,processing,,1775175813.624697
3474,34,"H1,L1",1387642880.0,1387643392.0,done,,1775176040.2099984
3475,34,"H1,L1",1387642368.0,1387642880.0,processing,,1775176228.1795187
3476,34,"H1,L1",1387642368.0,1387642880.0,done,,1775176348.9355166
3477,34,"H1,L1",1387641856.0,1387642368.0,processing,,1775176348.9694233
3478,34,"H1,L1",1387641856.0,1387642368.0,done,,1775176577.8754659
3479,34,"H1,L1",1387641344.0,1387641856.0,processing,,1775176577.877065
3480,34,"H1,L1",1387641344.0,1387641856.0,done,,1775176810.1338978
3481,34,"H1,L1",1387640832.0,1387641344.0,processing,,1775176810.157719
3482,34,"H1,L1",1387640832.0,1387641344.0,done,,1775176967.0116725
3483,34,"H1,L1",1387640320.0,1387640832.0,processing,,1775176967.0372627
3484,34,"H1,L1",1387640320.0,1387640832.0,done,,1775177528.1302607
3485,34,"H1,L1",1387639808.0,1387640320.0,processing,,1775177528.163609
3486,34,"H1,L1",1387639808.0,1387640320.0,done,,1775177779.7311792
3487,34,"H1,L1",1387639296.0,1387639808.0,processing,,1775177779.7642176
3488,34,"H1,L1",1387639296.0,1387639808.0,done,,1775178021.6990666
3489,34,"H1,L1",1387638784.0,1387639296.0,processing,,1775178021.726124
3490,34,"H1,L1",1387638784.0,1387639296.0,done,,1775178310.7168303
3491,34,"H1,L1",1387638272.0,1387638784.0,processing,,1775178615.8638926
3492,34,"H1,L1",1387638272.0,1387638784.0,done,,1775179040.3922133
3493,34,"H1,L1",1387637760.0,1387638272.0,processing,,1775179040.4188337
3494,34,"H1,L1",1387637760.0,1387638272.0,done,,1775179268.8518078
3495,34,"H1,L1",1387637248.0,1387637760.0,processing,,1775179268.885844
3496,34,"H1,L1",1387637248.0,1387637760.0,done,,1775179717.3192987
3497,34,"H1,L1",1387636736.0,1387637248.0,processing,,1775179717.354054
3498,34,"H1,L1",1387636736.0,1387637248.0,done,,1775180079.2676885
3499,34,"H1,L1",1387636224.0,1387636736.0,processing,,1775180079.2938433
3500,34,"H1,L1",1387636224.0,1387636736.0,done,,1775180529.5213249
3501,34,"H1,L1",1387635712.0,1387636224.0,processing,,1775180529.5469885
3502,34,"H1,L1",1387635712.0,1387636224.0,done,,1775180948.8962922
3503,34,"H1,L1",1387635200.0,1387635712.0,processing,,1775180948.9073224
3504,34,"H1,L1",1387635200.0,1387635712.0,done,,1775181270.4615445
3505,34,"H1,L1",1387634688.0,1387635200.0,processing,,1775181270.4886851
3506,34,"H1,L1",1387634688.0,1387635200.0,done,,1775181510.7229629
3507,34,"H1,L1",1387634176.0,1387634688.0,processing,,1775181794.4134438
3508,34,"H1,L1",1387634176.0,1387634688.0,done,,1775182114.8277621
3509,34,"H1,L1",1387633664.0,1387634176.0,processing,,1775182114.8438394
3510,34,"H1,L1",1387633664.0,1387634176.0,done,,1775182396.980825
3511,34,"H1,L1",1387633152.0,1387633664.0,processing,,1775182396.996789
3512,34,"H1,L1",1387633152.0,1387633664.0,done,,1775182884.6121993
3513,34,"H1,L1",1387632640.0,1387633152.0,processing,,1775182884.620606
3514,34,"H1,L1",1387632640.0,1387633152.0,done,,1775183443.8534093
3515,34,"H1,L1",1387632128.0,1387632640.0,processing,,1775183443.8798609
3516,34,"H1,L1",1387632128.0,1387632640.0,done,,1775183682.660215
3517,34,"H1,L1",1387631616.0,1387632128.0,processing,,1775183682.6886466
3518,34,"H1,L1",1387631616.0,1387632128.0,done,,1775184027.7120156
3519,34,"H1,L1",1387631104.0,1387631616.0,processing,,1775184027.7396019
3520,34,"H1,L1",1387631104.0,1387631616.0,done,,1775184279.1091406
3521,34,"H1,L1",1387630592.0,1387631104.0,processing,,1775184279.1443133
3522,34,"H1,L1",1387630592.0,1387631104.0,done,,1775184621.6413138
3523,34,"H1,L1",1387630080.0,1387630592.0,processing,,1775184879.891913
3524,34,"H1,L1",1387630080.0,1387630592.0,done,,1775185140.4628754
3525,34,"H1,L1",1387629568.0,1387630080.0,processing,,1775185140.4864047
3526,34,"H1,L1",1387629568.0,1387630080.0,done,,1775185542.7169592
3527,34,"H1,L1",1387629056.0,1387629568.0,processing,,1775185542.734426
3528,34,"H1,L1",1387629056.0,1387629568.0,done,,1775185786.017807
3529,34,"H1,L1",1387628544.0,1387629056.0,processing,,1775185786.0460722
3530,34,"H1,L1",1387628544.0,1387629056.0,done,,1775186050.031021
3531,34,"H1,L1",1387628032.0,1387628544.0,processing,,1775186050.0425518
3532,34,"H1,L1",1387628032.0,1387628544.0,done,,1775186384.844849
3533,34,"H1,L1",1387627520.0,1387628032.0,processing,,1775186384.8789904
3534,34,"H1,L1",1387627520.0,1387628032.0,done,,1775186712.569576
3535,34,"H1,L1",1387627008.0,1387627520.0,processing,,1775186712.5971653
3536,34,"H1,L1",1387627008.0,1387627520.0,done,,1775187067.3825781
3537,34,"H1,L1",1387626496.0,1387627008.0,processing,,1775187067.389511
3538,34,"H1,L1",1387626496.0,1387627008.0,done,,1775187382.2941513
3539,34,"H1,L1",1387625984.0,1387626496.0,gap,No GWOSC URLs found for L1 1387625984.0-1387626496.0,1775187529.8613412
3540,34,"H1,L1",1269363106.0,1269363618.0,processing,,1775187606.644998
3541,34,"H1,L1",1269363106.0,1269363618.0,done,,1775187810.3002832
3542,34,"H1,L1",1269362594.0,1269363106.0,gap,No GWOSC URLs found for H1 1269362594.0-1269363106.0,1775187810.983127
3543,34,"H1,L1",1253976706.0,1253977218.0,gap,No GWOSC URLs found for L1 1253976706.0-1253977218.0,1775187906.2302313
3544,34,"H1,L1",1253973504.0,1253974016.0,processing,,1775188113.4674428
3545,34,"H1,L1",1253973504.0,1253974016.0,done,,1775188359.5504363
3546,34,"H1,L1",1253972992.0,1253973504.0,processing,,1775188359.5747223
3547,34,"H1,L1",1253972992.0,1253973504.0,done,,1775188509.9152832
3548,34,"H1,L1",1253972480.0,1253972992.0,processing,,1775188509.9457414
3549,34,"H1,L1",1253972480.0,1253972992.0,done,,1775188752.0982094
3550,34,"H1,L1",1253971968.0,1253972480.0,processing,,1775188752.1092813
3551,34,"H1,L1",1253971968.0,1253972480.0,done,,1775188863.1129873
3552,34,"H1,L1",1253971456.0,1253971968.0,processing,,1775188863.1469393
3553,34,"H1,L1",1253971456.0,1253971968.0,done,,1775189026.7729387
3554,34,"H1,L1",1253970944.0,1253971456.0,processing,,1775189026.8037143
3555,34,"H1,L1",1253970944.0,1253971456.0,done,,1775189170.1324906
3556,34,"H1,L1",1253970432.0,1253970944.0,processing,,1775189170.158142
3557,34,"H1,L1",1253970432.0,1253970944.0,done,,1775189268.4105272
3558,34,"H1,L1",1253969920.0,1253970432.0,processing,,1775189268.4453657
3559,34,"H1,L1",1253969920.0,1253970432.0,done,,1775189377.0565424
3560,34,"H1,L1",1253969408.0,1253969920.0,processing,,1775189539.912822
3561,34,"H1,L1",1253969408.0,1253969920.0,done,,1775189680.1952097
3562,34,"H1,L1",1253968896.0,1253969408.0,processing,,1775189680.2256362
3563,34,"H1,L1",1253968896.0,1253969408.0,done,,1775189811.8510025
3564,34,"H1,L1",1253968384.0,1253968896.0,processing,,1775189811.8786547
3565,34,"H1,L1",1253968384.0,1253968896.0,done,,1775189944.2489662
3566,34,"H1,L1",1253967872.0,1253968384.0,processing,,1775189944.2815666
3567,34,"H1,L1",1253967872.0,1253968384.0,done,,1775190056.2540078
3568,34,"H1,L1",1253967360.0,1253967872.0,processing,,1775190056.2889457
3569,34,"H1,L1",1253967360.0,1253967872.0,done,,1775190203.8621602
3570,34,"H1,L1",1253966848.0,1253967360.0,processing,,1775190203.8946877
3571,34,"H1,L1",1253966848.0,1253967360.0,done,,1775190278.568801
3572,34,"H1,L1",1253966336.0,1253966848.0,processing,,1775190278.5878813
3573,34,"H1,L1",1253966336.0,1253966848.0,done,,1775190413.7440164
3574,34,"H1,L1",1253965824.0,1253966336.0,processing,,1775190413.7757087
3575,35,"H1,L1",1253965824.0,1253966336.0,processing,,1775190990.0175507
3576,36,"H1,L1",1253965824.0,1253966336.0,processing,,1775191562.499593
3577,37,"H1,L1",1253965824.0,1253966336.0,processing,,1775192137.722356
3578,38,"H1,L1",1253965824.0,1253966336.0,processing,,1775192719.462204
3579,39,"H1,L1",1253965824.0,1253966336.0,processing,,1775193290.7317295
3580,40,"H1,L1",1253965824.0,1253966336.0,processing,,1775193860.507602
3581,41,"H1,L1",1253965824.0,1253966336.0,processing,,1775194431.744732
3582,42,"H1,L1",1253965824.0,1253966336.0,processing,,1775195003.2410886
3583,43,"H1,L1",1253965824.0,1253966336.0,processing,,1775195575.4695048
3584,44,"H1,L1",1253965824.0,1253966336.0,processing,,1775196156.2118723
3585,45,"H1,L1",1253965824.0,1253966336.0,processing,,1775196727.2248323
3586,46,"H1,L1",1253965824.0,1253966336.0,processing,,1775197301.0059247
3587,47,"H1,L1",1253965824.0,1253966336.0,processing,,1775197874.9879158
3588,48,"H1,L1",1253965824.0,1253966336.0,processing,,1775198449.2307897
3589,49,"H1,L1",1253965824.0,1253966336.0,processing,,1775199021.455795
3590,50,"H1,L1",1253965824.0,1253966336.0,processing,,1775199593.9690526
3591,51,"H1,L1",1253965824.0,1253966336.0,processing,,1775200168.7060547
3592,52,"H1,L1",1253965824.0,1253966336.0,processing,,1775200742.7248309
3593,53,"H1,L1",1253965824.0,1253966336.0,processing,,1775201316.2150443
3594,54,"H1,L1",1253965824.0,1253966336.0,processing,,1775201889.724015
3595,55,"H1,L1",1253965824.0,1253966336.0,processing,,1775202461.714179
3596,56,"H1,L1",1253965824.0,1253966336.0,processing,,1775203043.7376893
3597,57,"H1,L1",1253965824.0,1253966336.0,processing,,1775203618.4846776
3598,58,"H1,L1",1253965824.0,1253966336.0,processing,,1775204191.725507
3599,59,"H1,L1",1253965824.0,1253966336.0,processing,,1775204774.2173293
3600,60,"H1,L1",1253965824.0,1253966336.0,processing,,1775205348.7416432
3601,61,"H1,L1",1253965824.0,1253966336.0,processing,,1775205922.9756708
3602,62,"H1,L1",1253965824.0,1253966336.0,processing,,1775206495.9797294
3603,63,"H1,L1",1253965824.0,1253966336.0,processing,,1775207068.1971428
3604,64,"H1,L1",1253965824.0,1253966336.0,processing,,1775207640.723106
3605,65,"H1,L1",1253965824.0,1253966336.0,processing,,1775208214.9948306
3606,66,"H1,L1",1253965824.0,1253966336.0,processing,,1775208789.4749343
3607,67,"H1,L1",1253965824.0,1253966336.0,processing,,1775209361.9326286
3608,68,"H1,L1",1253965824.0,1253966336.0,processing,,1775209933.7408948
3609,69,"H1,L1",1253965824.0,1253966336.0,processing,,1775210507.5035686
3610,70,"H1,L1",1253965824.0,1253966336.0,processing,,1775211080.4844072
3611,71,"H1,L1",1253965824.0,1253966336.0,processing,,1775211652.2334929
3612,72,"H1,L1",1253965824.0,1253966336.0,processing,,1775212225.7295287
3613,73,"H1,L1",1253965824.0,1253966336.0,processing,,1775212797.7672873
3614,74,"H1,L1",1253965824.0,1253966336.0,processing,,1775213370.2356462
3615,75,"H1,L1",1253965824.0,1253966336.0,processing,,1775213950.2105343
3616,76,"H1,L1",1253965824.0,1253966336.0,processing,,1775214523.9854226
3617,77,"H1,L1",1253965824.0,1253966336.0,processing,,1775215098.9992793
3618,78,"H1,L1",1253965824.0,1253966336.0,processing,,1775215683.2679586
3619,79,"H1,L1",1253965824.0,1253966336.0,processing,,1775216255.987284
3620,80,"H1,L1",1253965824.0,1253966336.0,processing,,1775216828.218857
3621,81,"H1,L1",1253965824.0,1253966336.0,processing,,1775217401.5048895
3622,82,"H1,L1",1253965824.0,1253966336.0,processing,,1775217974.7482197
3623,83,"H1,L1",1253965824.0,1253966336.0,processing,,1775218546.754787
3624,84,"H1,L1",1253965824.0,1253966336.0,processing,,1775219120.7199192
3625,85,"H1,L1",1253965824.0,1253966336.0,processing,,1775219695.7274818
3626,86,"H1,L1",1253965824.0,1253966336.0,processing,,1775220269.4693735
3627,87,"H1,L1",1253965824.0,1253966336.0,processing,,1775220842.7506382
3628,88,"H1,L1",1253965824.0,1253966336.0,processing,,1775221429.6649487
3629,89,"H1,L1",1253965824.0,1253966336.0,processing,,1775222003.7151155
3630,90,"H1,L1",1253965824.0,1253966336.0,processing,,1775222575.4947066
3631,91,"H1,L1",1253965824.0,1253966336.0,processing,,1775223148.7384799
3632,92,"H1,L1",1253965824.0,1253966336.0,processing,,1775223732.4739947
3633,93,"H1,L1",1253965824.0,1253966336.0,processing,,1775224303.468214
3634,94,"H1,L1",1253965824.0,1253966336.0,processing,,1775224877.494063
3635,95,"H1,L1",1253965824.0,1253966336.0,processing,,1775225451.4965713
3636,96,"H1,L1",1253965824.0,1253966336.0,processing,,1775226025.248412
3637,97,"H1,L1",1253965824.0,1253966336.0,processing,,1775226597.9826672
3638,98,"H1,L1",1253965824.0,1253966336.0,processing,,1775227172.453432
3639,99,"H1,L1",1253965824.0,1253966336.0,processing,,1775227749.225675
3640,100,"H1,L1",1253965824.0,1253966336.0,processing,,1775228332.2472823
3641,101,"H1,L1",1253965824.0,1253966336.0,processing,,1775228915.4636848
3642,102,"H1,L1",1253965824.0,1253966336.0,processing,,1775229488.2247064
3643,103,"H1,L1",1253965824.0,1253966336.0,processing,,1775230062.2248864
3644,104,"H1,L1",1253965824.0,1253966336.0,processing,,1775230640.948969
3645,105,"H1,L1",1253965824.0,1253966336.0,processing,,1775231213.7270045
3646,106,"H1,L1",1253965824.0,1253966336.0,processing,,1775231785.462631
3647,107,"H1,L1",1253965824.0,1253966336.0,processing,,1775232361.7352312
3648,108,"H1,L1",1253965824.0,1253966336.0,processing,,1775232945.4770465
3649,109,"H1,L1",1253965824.0,1253966336.0,processing,,1775233521.7313159
3650,110,"H1,L1",1253965824.0,1253966336.0,processing,,1775234095.4969506
3651,111,"H1,L1",1253965824.0,1253966336.0,processing,,1775234666.7494006
3652,112,"H1,L1",1253965824.0,1253966336.0,processing,,1775235239.749649
3653,113,"H1,L1",1253965824.0,1253966336.0,processing,,1775235812.477509
3654,114,"H1,L1",1253965824.0,1253966336.0,processing,,1775236386.2643294
3655,115,"H1,L1",1253965824.0,1253966336.0,processing,,1775236969.2481763
3656,116,"H1,L1",1253965824.0,1253966336.0,processing,,1775237544.2162464
3657,117,"H1,L1",1253965824.0,1253966336.0,processing,,1775238117.9568646
3658,118,"H1,L1",1253965824.0,1253966336.0,processing,,1775238692.242979
3659,119,"H1,L1",1253965824.0,1253966336.0,processing,,1775239265.2279747
3660,120,"H1,L1",1253965824.0,1253966336.0,processing,,1775239838.711803
3661,121,"H1,L1",1253965824.0,1253966336.0,processing,,1775240411.9827855
3662,122,"H1,L1",1253965824.0,1253966336.0,processing,,1775240985.7502258
3663,123,"H1,L1",1253965824.0,1253966336.0,processing,,1775241559.25872
3664,124,"H1,L1",1253965824.0,1253966336.0,processing,,1775242134.4836032
3665,125,"H1,L1",1253965824.0,1253966336.0,processing,,1775242706.9878497
3666,126,"H1,L1",1253965824.0,1253966336.0,processing,,1775243281.0029914
3667,127,"H1,L1",1253965824.0,1253966336.0,processing,,1775243852.4812515
3668,128,"H1,L1",1253965824.0,1253966336.0,processing,,1775244424.9963837
3669,129,"H1,L1",1253965824.0,1253966336.0,processing,,1775244997.7290905
3670,130,"H1,L1",1253965824.0,1253966336.0,processing,,1775245571.997237
3671,131,"H1,L1",1253965824.0,1253966336.0,processing,,1775246145.223337
3672,132,"H1,L1",1253965824.0,1253966336.0,processing,,1775246717.251147
3673,133,"H1,L1",1253965824.0,1253966336.0,processing,,1775247290.9801855
3674,134,"H1,L1",1253965824.0,1253966336.0,processing,,1775247863.4997952
3675,135,"H1,L1",1253965824.0,1253966336.0,processing,,1775248435.2271423
3676,136,"H1,L1",1253965824.0,1253966336.0,processing,,1775249008.467377
3677,137,"H1,L1",1253965824.0,1253966336.0,processing,,1775249592.9714403
3678,138,"H1,L1",1253965824.0,1253966336.0,processing,,1775250163.9834762
3679,139,"H1,L1",1253965824.0,1253966336.0,processing,,1775250736.4620378
3680,140,"H1,L1",1253965824.0,1253966336.0,processing,,1775251310.2128758
3681,141,"H1,L1",1253965824.0,1253966336.0,processing,,1775251883.731503
3682,142,"H1,L1",1253965824.0,1253966336.0,processing,,1775252457.2434967
3683,143,"H1,L1",1253965824.0,1253966336.0,processing,,1775253029.7325613
3684,144,"H1,L1",1253965824.0,1253966336.0,processing,,1775253602.9726539
3685,145,"H1,L1",1253965824.0,1253966336.0,processing,,1775254178.0057986
3686,146,"H1,L1",1253965824.0,1253966336.0,processing,,1775254749.5082011
3687,147,"H1,L1",1253965824.0,1253966336.0,processing,,1775255323.2156603
3688,148,"H1,L1",1253965824.0,1253966336.0,processing,,1775255896.9865785
3689,149,"H1,L1",1253965824.0,1253966336.0,processing,,1775256471.469324
3690,150,"H1,L1",1253965824.0,1253966336.0,processing,,1775257045.4832902
3691,151,"H1,L1",1253965824.0,1253966336.0,processing,,1775257618.7406414
3692,152,"H1,L1",1253965824.0,1253966336.0,processing,,1775258192.234011
3693,153,"H1,L1",1253965824.0,1253966336.0,processing,,1775258764.2478735
3694,154,"H1,L1",1253965824.0,1253966336.0,processing,,1775259338.486634
3695,155,"H1,L1",1253965824.0,1253966336.0,processing,,1775259911.0100217
3696,156,"H1,L1",1253965824.0,1253966336.0,processing,,1775260485.2477396
3697,157,"H1,L1",1253965824.0,1253966336.0,processing,,1775261058.754106
3698,158,"H1,L1",1253965824.0,1253966336.0,processing,,1775261642.7618577
3699,159,"H1,L1",1253965824.0,1253966336.0,processing,,1775262225.7089622
3700,160,"H1,L1",1253965824.0,1253966336.0,processing,,1775262798.2039552
3701,161,"H1,L1",1253965824.0,1253966336.0,processing,,1775263370.7081285
3702,162,"H1,L1",1253965824.0,1253966336.0,processing,,1775263945.2208266
3703,163,"H1,L1",1253965824.0,1253966336.0,processing,,1775264529.7369864
3704,164,"H1,L1",1253965824.0,1253966336.0,processing,,1775265103.9591358
3705,165,"H1,L1",1253965824.0,1253966336.0,processing,,1775265682.0041344
3706,166,"H1,L1",1253965824.0,1253966336.0,processing,,1775266258.1689901
3707,167,"H1,L1",1253965824.0,1253966336.0,processing,,1775266831.2379947
3708,168,"H1,L1",1253965824.0,1253966336.0,processing,,1775267406.2525163
3709,169,"H1,L1",1253965824.0,1253966336.0,processing,,1775267978.4689717
3710,170,"H1,L1",1253965824.0,1253966336.0,processing,,1775268551.9646018
3711,171,"H1,L1",1253965824.0,1253966336.0,processing,,1775269125.1922874
3712,172,"H1,L1",1253965824.0,1253966336.0,processing,,1775269698.948527
3713,173,"H1,L1",1253965824.0,1253966336.0,processing,,1775270273.2295353
3714,174,"H1,L1",1253965824.0,1253966336.0,processing,,1775270844.9663234
3715,175,"H1,L1",1253965824.0,1253966336.0,processing,,1775271418.226187
3716,176,"H1,L1",1253965824.0,1253966336.0,processing,,1775272001.7102911
3717,177,"H1,L1",1253965824.0,1253966336.0,processing,,1775272573.7463818
3718,178,"H1,L1",1253965824.0,1253966336.0,processing,,1775273151.979463
3719,179,"H1,L1",1253965824.0,1253966336.0,processing,,1775273735.9740186
3720,180,"H1,L1",1253965824.0,1253966336.0,processing,,1775274309.4631562
3721,181,"H1,L1",1253965824.0,1253966336.0,processing,,1775274882.4980667
3722,182,"H1,L1",1253965824.0,1253966336.0,processing,,1775275455.4713113
3723,183,"H1,L1",1253965824.0,1253966336.0,processing,,1775276027.2527568
3724,184,"H1,L1",1253965824.0,1253966336.0,processing,,1775276600.7255032
3725,185,"H1,L1",1253965824.0,1253966336.0,processing,,1775277173.7338104
3726,186,"H1,L1",1253965824.0,1253966336.0,processing,,1775277744.7591617
3727,187,"H1,L1",1253965824.0,1253966336.0,processing,,1775278318.9628499
3728,188,"H1,L1",1253965824.0,1253966336.0,processing,,1775278889.002638
3729,189,"H1,L1",1253965824.0,1253966336.0,processing,,1775279464.234465
3730,190,"H1,L1",1253965824.0,1253966336.0,processing,,1775280036.1862004
3731,191,"H1,L1",1253965824.0,1253966336.0,processing,,1775280607.988098
3732,192,"H1,L1",1253965824.0,1253966336.0,processing,,1775281182.7379172
3733,193,"H1,L1",1253965824.0,1253966336.0,processing,,1775281764.2234704
3734,194,"H1,L1",1253965824.0,1253966336.0,processing,,1775282335.7276595
3735,195,"H1,L1",1253965824.0,1253966336.0,processing,,1775282909.7316628
3736,196,"H1,L1",1253965824.0,1253966336.0,processing,,1775283484.0065815
3737,197,"H1,L1",1253965824.0,1253966336.0,processing,,1775284055.2080994
3738,198,"H1,L1",1253965824.0,1253966336.0,processing,,1775284627.4963312
3739,199,"H1,L1",1253965824.0,1253966336.0,processing,,1775285198.2098875
3740,200,"H1,L1",1253965824.0,1253966336.0,processing,,1775285769.0000625
3741,201,"H1,L1",1253965824.0,1253966336.0,processing,,1775286342.9730155
3742,202,"H1,L1",1253965824.0,1253966336.0,processing,,1775286917.7077677
3743,203,"H1,L1",1253965824.0,1253966336.0,processing,,1775287490.7382216
3744,204,"H1,L1",1253965824.0,1253966336.0,processing,,1775288069.7124262
3745,205,"H1,L1",1253965824.0,1253966336.0,processing,,1775288642.2903533
3746,206,"H1,L1",1253965824.0,1253966336.0,processing,,1775289214.485283
3747,207,"H1,L1",1253965824.0,1253966336.0,processing,,1775289787.7477307
3748,208,"H1,L1",1253965824.0,1253966336.0,processing,,1775290361.470628
3749,209,"H1,L1",1253965824.0,1253966336.0,processing,,1775290936.9895897
3750,210,"H1,L1",1253965824.0,1253966336.0,processing,,1775291512.4887738
3751,211,"H1,L1",1253965824.0,1253966336.0,processing,,1775292084.7208407
3752,212,"H1,L1",1253965824.0,1253966336.0,processing,,1775292658.461514
3753,213,"H1,L1",1253965824.0,1253966336.0,processing,,1775293230.7102232
3754,214,"H1,L1",1253965824.0,1253966336.0,processing,,1775293803.9641278
3755,215,"H1,L1",1253965824.0,1253966336.0,processing,,1775294381.004481
3756,216,"H1,L1",1253965824.0,1253966336.0,processing,,1775294954.2355008
3757,217,"H1,L1",1253965824.0,1253966336.0,processing,,1775295528.2270663
3758,218,"H1,L1",1253965824.0,1253966336.0,processing,,1775296100.9566643
3759,219,"H1,L1",1253965824.0,1253966336.0,processing,,1775296672.7442906
3760,220,"H1,L1",1253965824.0,1253966336.0,processing,,1775297245.2085972
3761,221,"H1,L1",1253965824.0,1253966336.0,processing,,1775297820.4990044
3762,222,"H1,L1",1253965824.0,1253966336.0,processing,,1775298394.2362325
3763,223,"H1,L1",1253965824.0,1253966336.0,processing,,1775298965.7524831
3764,224,"H1,L1",1253965824.0,1253966336.0,processing,,1775299539.003047
3765,225,"H1,L1",1253965824.0,1253966336.0,processing,,1775300112.2268198
3766,226,"H1,L1",1253965824.0,1253966336.0,processing,,1775300683.7145596
3767,227,"H1,L1",1253965824.0,1253966336.0,processing,,1775301257.0034742
3768,228,"H1,L1",1253965824.0,1253966336.0,processing,,1775301831.204982
3769,229,"H1,L1",1253965824.0,1253966336.0,processing,,1775302411.490588
3770,230,"H1,L1",1253965824.0,1253966336.0,processing,,1775302984.994869
3771,231,"H1,L1",1253965824.0,1253966336.0,processing,,1775303568.9820104
3772,232,"H1,L1",1253965824.0,1253966336.0,processing,,1775304142.2274747
3773,233,"H1,L1",1253965824.0,1253966336.0,processing,,1775304714.7143638
3774,234,"H1,L1",1253965824.0,1253966336.0,processing,,1775305288.486732
3775,235,"H1,L1",1253965824.0,1253966336.0,processing,,1775305862.7528646
3776,236,"H1,L1",1253965824.0,1253966336.0,processing,,1775306436.7354617
3777,237,"H1,L1",1253965824.0,1253966336.0,processing,,1775307009.4685314
3778,238,"H1,L1",1253965824.0,1253966336.0,processing,,1775307590.0087967
3779,239,"H1,L1",1253965824.0,1253966336.0,processing,,1775308161.4904625
3780,240,"H1,L1",1253965824.0,1253966336.0,processing,,1775308733.5079
3781,241,"H1,L1",1253965824.0,1253966336.0,processing,,1775309307.500561
3782,242,"H1,L1",1253965824.0,1253966336.0,processing,,1775309879.769473
3783,243,"H1,L1",1253965824.0,1253966336.0,processing,,1775310452.2339013
3784,244,"H1,L1",1253965824.0,1253966336.0,processing,,1775311029.0000002
3785,245,"H1,L1",1253965824.0,1253966336.0,processing,,1775311601.7100055
3786,246,"H1,L1",1253965824.0,1253966336.0,processing,,1775312175.7156377
3787,247,"H1,L1",1253965824.0,1253966336.0,processing,,1775312748.482335
3788,248,"H1,L1",1253965824.0,1253966336.0,processing,,1775313322.4666476
3789,249,"H1,L1",1253965824.0,1253966336.0,processing,,1775313894.971656
3790,250,"H1,L1",1253965824.0,1253966336.0,processing,,1775314478.5232134
3791,251,"H1,L1",1253965824.0,1253966336.0,processing,,1775315061.7301276
3792,252,"H1,L1",1253965824.0,1253966336.0,processing,,1775315635.9604888
3793,253,"H1,L1",1253965824.0,1253966336.0,processing,,1775316209.2603061
3794,254,"H1,L1",1253965824.0,1253966336.0,processing,,1775316781.4985347
3795,255,"H1,L1",1253965824.0,1253966336.0,processing,,1775317354.9497342
3796,256,"H1,L1",1253965824.0,1253966336.0,processing,,1775317929.2516344
3797,257,"H1,L1",1253965824.0,1253966336.0,processing,,1775318499.7516332
3798,258,"H1,L1",1253965824.0,1253966336.0,processing,,1775319074.2372983
3799,259,"H1,L1",1253965824.0,1253966336.0,processing,,1775319648.7300832
3800,260,"H1,L1",1253965824.0,1253966336.0,processing,,1775320223.2200336
3801,261,"H1,L1",1253965824.0,1253966336.0,processing,,1775320798.7246869
3802,262,"H1,L1",1253965824.0,1253966336.0,processing,,1775321372.0131087
3803,263,"H1,L1",1253965824.0,1253966336.0,processing,,1775321945.2296648
3804,264,"H1,L1",1253965824.0,1253966336.0,processing,,1775322520.0149522
3805,265,"H1,L1",1253965824.0,1253966336.0,processing,,1775323091.984861
3806,266,"H1,L1",1253965824.0,1253966336.0,processing,,1775323666.000776
3807,267,"H1,L1",1253965824.0,1253966336.0,processing,,1775324237.469912
3808,268,"H1,L1",1253965824.0,1253966336.0,processing,,1775324820.4997017
3809,269,"H1,L1",1253965824.0,1253966336.0,processing,,1775325393.7443585
3810,270,"H1,L1",1253965824.0,1253966336.0,processing,,1775325966.7119749
3811,271,"H1,L1",1253965824.0,1253966336.0,processing,,1775326538.4867682
3812,272,"H1,L1",1253965824.0,1253966336.0,processing,,1775327111.7694647
3813,273,"H1,L1",1253965824.0,1253966336.0,processing,,1775327685.2695231
3814,274,"H1,L1",1253965824.0,1253966336.0,processing,,1775328269.2030766
3815,275,"H1,L1",1253965824.0,1253966336.0,processing,,1775328842.4937346
3816,276,"H1,L1",1253965824.0,1253966336.0,processing,,1775329414.4610436
3817,277,"H1,L1",1253965824.0,1253966336.0,processing,,1775329985.9768054
3818,278,"H1,L1",1253965824.0,1253966336.0,processing,,1775330558.4940999
3819,279,"H1,L1",1253965824.0,1253966336.0,processing,,1775331131.737946
3820,280,"H1,L1",1253965824.0,1253966336.0,processing,,1775331705.4741652
3821,281,"H1,L1",1253965824.0,1253966336.0,processing,,1775332280.2215466
3822,282,"H1,L1",1253965824.0,1253966336.0,processing,,1775332852.2399058
3823,283,"H1,L1",1253965824.0,1253966336.0,processing,,1775333423.4763386
3824,284,"H1,L1",1253965824.0,1253966336.0,processing,,1775333996.2419248
3825,285,"H1,L1",1253965824.0,1253966336.0,processing,,1775334569.7400115
3826,286,"H1,L1",1253965824.0,1253966336.0,processing,,1775335142.9814408
3827,287,"H1,L1",1253965824.0,1253966336.0,processing,,1775335715.5006201
3828,288,"H1,L1",1253965824.0,1253966336.0,processing,,1775336288.478804
3829,289,"H1,L1",1253965824.0,1253966336.0,processing,,1775336860.7167184
3830,290,"H1,L1",1253965824.0,1253966336.0,processing,,1775337431.2180812
3831,291,"H1,L1",1253965824.0,1253966336.0,processing,,1775338003.9753134
3832,292,"H1,L1",1253965824.0,1253966336.0,processing,,1775338575.479026
3833,293,"H1,L1",1253965824.0,1253966336.0,processing,,1775339149.24706
3834,294,"H1,L1",1253965824.0,1253966336.0,processing,,1775339722.2353346
3835,295,"H1,L1",1253965824.0,1253966336.0,processing,,1775340294.4750595
3836,296,"H1,L1",1253965824.0,1253966336.0,processing,,1775340870.7304707
3837,297,"H1,L1",1253965824.0,1253966336.0,processing,,1775341444.2303045
3838,298,"H1,L1",1253965824.0,1253966336.0,processing,,1775342015.4726703
3839,299,"H1,L1",1253965824.0,1253966336.0,processing,,1775342589.5028393
3840,300,"H1,L1",1253965824.0,1253966336.0,processing,,1775343163.4994125
3841,301,"H1,L1",1253965824.0,1253966336.0,processing,,1775343736.2290926
3842,302,"H1,L1",1253965824.0,1253966336.0,processing,,1775344310.9608915
3843,303,"H1,L1",1253965824.0,1253966336.0,processing,,1775344884.4703674
3844,304,"H1,L1",1253965824.0,1253966336.0,processing,,1775345457.2482166
3845,305,"H1,L1",1253965824.0,1253966336.0,processing,,1775346029.9724638
3846,306,"H1,L1",1253965824.0,1253966336.0,processing,,1775346602.465048
3847,307,"H1,L1",1253965824.0,1253966336.0,processing,,1775347175.9870942
3848,308,"H1,L1",1253965824.0,1253966336.0,processing,,1775347751.235639
3849,309,"H1,L1",1253965824.0,1253966336.0,processing,,1775348323.714185
3850,310,"H1,L1",1253965824.0,1253966336.0,processing,,1775348898.755357
3851,311,"H1,L1",1253965824.0,1253966336.0,processing,,1775349471.7108755
3852,312,"H1,L1",1253965824.0,1253966336.0,processing,,1775350044.2362704
3853,313,"H1,L1",1253965824.0,1253966336.0,processing,,1775350616.9755957
3854,314,"H1,L1",1253965824.0,1253966336.0,processing,,1775351192.0048578
3855,315,"H1,L1",1253965824.0,1253966336.0,processing,,1775351763.1895537
3856,316,"H1,L1",1253965824.0,1253966336.0,processing,,1775352333.0027606
3857,317,"H1,L1",1253965824.0,1253966336.0,processing,,1775352905.9748821
3858,318,"H1,L1",1253965824.0,1253966336.0,processing,,1775353479.234625
3859,319,"H1,L1",1253965824.0,1253966336.0,processing,,1775354061.491602
3860,320,"H1,L1",1253965824.0,1253966336.0,processing,,1775354634.4806395
3861,321,"H1,L1",1253965824.0,1253966336.0,processing,,1775355215.9399803
3862,322,"H1,L1",1253965824.0,1253966336.0,processing,,1775355787.2426798
3863,323,"H1,L1",1253965824.0,1253966336.0,processing,,1775356359.97796
3864,324,"H1,L1",1253965824.0,1253966336.0,processing,,1775356933.9675198
3865,325,"H1,L1",1253965824.0,1253966336.0,processing,,1775357507.2226386
3866,326,"H1,L1",1253965824.0,1253966336.0,processing,,1775358081.2018728
3867,327,"H1,L1",1253965824.0,1253966336.0,processing,,1775358653.4889755
3868,328,"H1,L1",1253965824.0,1253966336.0,processing,,1775359227.9675853
3869,329,"H1,L1",1253965824.0,1253966336.0,processing,,1775359799.968477
3870,330,"H1,L1",1253965824.0,1253966336.0,processing,,1775360373.236827
3871,331,"H1,L1",1253965824.0,1253966336.0,processing,,1775360945.961022
3872,332,"H1,L1",1253965824.0,1253966336.0,processing,,1775361517.948211
3873,333,"H1,L1",1253965824.0,1253966336.0,processing,,1775362089.4889247
3874,334,"H1,L1",1253965824.0,1253966336.0,processing,,1775362661.9945142
3875,335,"H1,L1",1253965824.0,1253966336.0,processing,,1775363234.9954169
3876,336,"H1,L1",1253965824.0,1253966336.0,processing,,1775363806.7383587
3877,337,"H1,L1",1253965824.0,1253966336.0,processing,,1775364379.0517383
3878,338,"H1,L1",1253965824.0,1253966336.0,processing,,1775364959.9756033
3879,339,"H1,L1",1253965824.0,1253966336.0,processing,,1775365531.4944344
3880,340,"H1,L1",1253965824.0,1253966336.0,processing,,1775366104.9894145
3881,341,"H1,L1",1253965824.0,1253966336.0,processing,,1775366675.9770727
3882,342,"H1,L1",1253965824.0,1253966336.0,processing,,1775367249.5283856
3883,343,"H1,L1",1253965824.0,1253966336.0,processing,,1775367822.4884377
3884,344,"H1,L1",1253965824.0,1253966336.0,processing,,1775368397.2398555
3885,345,"H1,L1",1253965824.0,1253966336.0,processing,,1775368967.7540681
3886,346,"H1,L1",1253965824.0,1253966336.0,processing,,1775369540.4421954
3887,347,"H1,L1",1253965824.0,1253966336.0,processing,,1775370112.2215092
3888,348,"H1,L1",1253965824.0,1253966336.0,processing,,1775370684.22955
3889,349,"H1,L1",1253965824.0,1253966336.0,processing,,1775371256.7229967
3890,350,"H1,L1",1253965824.0,1253966336.0,processing,,1775371829.7216313
3891,351,"H1,L1",1253965824.0,1253966336.0,processing,,1775372403.0027654
3892,352,"H1,L1",1253965824.0,1253966336.0,processing,,1775372974.4905183
3893,353,"H1,L1",1253965824.0,1253966336.0,processing,,1775373546.9851716
3894,354,"H1,L1",1253965824.0,1253966336.0,processing,,1775374130.7211134
3895,355,"H1,L1",1253965824.0,1253966336.0,processing,,1775374701.2453592
3896,356,"H1,L1",1253965824.0,1253966336.0,processing,,1775375271.962519
3897,357,"H1,L1",1253965824.0,1253966336.0,processing,,1775375844.013254
3898,358,"H1,L1",1253965824.0,1253966336.0,processing,,1775376418.723946
3899,359,"H1,L1",1253965824.0,1253966336.0,processing,,1775376990.6989653
3900,360,"H1,L1",1253965824.0,1253966336.0,processing,,1775377563.7394621
3901,361,"H1,L1",1253965824.0,1253966336.0,processing,,1775378137.5079439
3902,362,"H1,L1",1253965824.0,1253966336.0,processing,,1775378710.4516687
3903,363,"H1,L1",1253965824.0,1253966336.0,processing,,1775379283.4955208
3904,364,"H1,L1",1253965824.0,1253966336.0,processing,,1775379856.4866874
3905,365,"H1,L1",1253965824.0,1253966336.0,processing,,1775380429.4841993
3906,366,"H1,L1",1253965824.0,1253966336.0,processing,,1775381002.215243
3907,367,"H1,L1",1253965824.0,1253966336.0,processing,,1775381575.4600244
3908,368,"H1,L1",1253965824.0,1253966336.0,processing,,1775382157.2082517
3909,369,"H1,L1",1253965824.0,1253966336.0,processing,,1775382732.1928065
3910,370,"H1,L1",1253965824.0,1253966336.0,processing,,1775383304.7149062
3911,371,"H1,L1",1253965824.0,1253966336.0,processing,,1775383876.0022454
3912,372,"H1,L1",1253965824.0,1253966336.0,processing,,1775384457.9917407
3913,373,"H1,L1",1253965824.0,1253966336.0,processing,,1775385037.7367406
3914,374,"H1,L1",1253965824.0,1253966336.0,processing,,1775385610.9897406
3915,375,"H1,L1",1253965824.0,1253966336.0,processing,,1775386184.2150977
3916,376,"H1,L1",1253965824.0,1253966336.0,processing,,1775386756.7628784
3917,377,"H1,L1",1253965824.0,1253966336.0,processing,,1775387330.4513097
3918,378,"H1,L1",1253965824.0,1253966336.0,processing,,1775387902.5008602
3919,379,"H1,L1",1253965824.0,1253966336.0,processing,,1775388484.2367308
3920,380,"H1,L1",1253965824.0,1253966336.0,processing,,1775389056.219477
3921,381,"H1,L1",1253965824.0,1253966336.0,processing,,1775389628.979515
3922,382,"H1,L1",1253965824.0,1253966336.0,processing,,1775390201.4786623
3923,383,"H1,L1",1253965824.0,1253966336.0,processing,,1775390792.7533975
3924,384,"H1,L1",1253965824.0,1253966336.0,processing,,1775391366.0019455
3925,385,"H1,L1",1253965824.0,1253966336.0,processing,,1775391936.7415442
3926,386,"H1,L1",1253965824.0,1253966336.0,processing,,1775392510.7480986
3927,387,"H1,L1",1253965824.0,1253966336.0,processing,,1775393082.2517304
3928,388,"H1,L1",1253965824.0,1253966336.0,processing,,1775393670.729677
3929,389,"H1,L1",1253965824.0,1253966336.0,processing,,1775394242.4793966
3930,390,"H1,L1",1253965824.0,1253966336.0,processing,,1775394811.9685576
3931,391,"H1,L1",1253965824.0,1253966336.0,processing,,1775395384.009032
3932,392,"H1,L1",1253965824.0,1253966336.0,processing,,1775395954.9666982
3933,393,"H1,L1",1253965824.0,1253966336.0,processing,,1775396529.001913
3934,394,"H1,L1",1253965824.0,1253966336.0,processing,,1775397102.2265081
3935,395,"H1,L1",1253965824.0,1253966336.0,processing,,1775397676.2419136
3936,396,"H1,L1",1253965824.0,1253966336.0,processing,,1775398246.2396386
3937,397,"H1,L1",1253965824.0,1253966336.0,processing,,1775398819.520249
3938,398,"H1,L1",1253965824.0,1253966336.0,processing,,1775399392.5036378
3939,399,"H1,L1",1253965824.0,1253966336.0,processing,,1775399963.7368042
3940,400,"H1,L1",1253965824.0,1253966336.0,processing,,1775400535.7028975
3941,401,"H1,L1",1253965824.0,1253966336.0,processing,,1775401107.7550495
3942,402,"H1,L1",1253965824.0,1253966336.0,processing,,1775401681.9762974
3943,403,"H1,L1",1253965824.0,1253966336.0,processing,,1775402252.7281675
3944,404,"H1,L1",1253965824.0,1253966336.0,processing,,1775402825.4903169
3945,405,"H1,L1",1253965824.0,1253966336.0,processing,,1775403396.7347891
3946,406,"H1,L1",1253965824.0,1253966336.0,processing,,1775403968.7325425
3947,407,"H1,L1",1253965824.0,1253966336.0,processing,,1775404540.7534828
3948,408,"H1,L1",1253965824.0,1253966336.0,processing,,1775405113.2240543
3949,409,"H1,L1",1253965824.0,1253966336.0,processing,,1775405690.2081535
3950,410,"H1,L1",1253965824.0,1253966336.0,processing,,1775406264.3362975
3951,411,"H1,L1",1253965824.0,1253966336.0,processing,,1775406836.999916
3952,412,"H1,L1",1253965824.0,1253966336.0,processing,,1775407413.2479625
3953,413,"H1,L1",1253965824.0,1253966336.0,processing,,1775407986.242399
3954,414,"H1,L1",1253965824.0,1253966336.0,processing,,1775408558.466939
3955,415,"H1,L1",1253965824.0,1253966336.0,processing,,1775409130.308793
3956,416,"H1,L1",1253965824.0,1253966336.0,processing,,1775409703.2511134
3957,417,"H1,L1",1253965824.0,1253966336.0,processing,,1775410275.4695446
3958,418,"H1,L1",1253965824.0,1253966336.0,processing,,1775410847.2410405
3959,419,"H1,L1",1253965824.0,1253966336.0,processing,,1775411420.5157983
3960,420,"H1,L1",1253965824.0,1253966336.0,processing,,1775411993.2371418
3961,421,"H1,L1",1253965824.0,1253966336.0,processing,,1775412567.9620168
3962,422,"H1,L1",1253965824.0,1253966336.0,processing,,1775413140.7479994
3963,423,"H1,L1",1253965824.0,1253966336.0,processing,,1775413715.215464
3964,424,"H1,L1",1253965824.0,1253966336.0,processing,,1775414287.4973805
3965,425,"H1,L1",1253965824.0,1253966336.0,processing,,1775414859.240636
3966,426,"H1,L1",1253965824.0,1253966336.0,processing,,1775415432.994947
3967,427,"H1,L1",1253965824.0,1253966336.0,processing,,1775416061.2523234
3968,428,"H1,L1",1253965824.0,1253966336.0,processing,,1775416634.2545989
3969,429,"H1,L1",1253965824.0,1253966336.0,processing,,1775417217.0028756
3970,430,"H1,L1",1253965824.0,1253966336.0,processing,,1775417832.0334823
3971,431,"H1,L1",1253965824.0,1253966336.0,processing,,1775418412.7305677
3972,432,"H1,L1",1253965824.0,1253966336.0,processing,,1775418985.7383153
3973,433,"H1,L1",1253965824.0,1253966336.0,processing,,1775419646.2261536
3974,434,"H1,L1",1253965824.0,1253966336.0,processing,,1775420218.963125
3975,435,"H1,L1",1253965824.0,1253966336.0,processing,,1775420791.471117
3976,436,"H1,L1",1253965824.0,1253966336.0,processing,,1775421364.2186332
3977,437,"H1,L1",1253965824.0,1253966336.0,processing,,1775421936.4809623
3978,438,"H1,L1",1253965824.0,1253966336.0,processing,,1775422508.2485292
3979,439,"H1,L1",1253965824.0,1253966336.0,processing,,1775423080.2419875
3980,440,"H1,L1",1253965824.0,1253966336.0,processing,,1775423650.517381
3981,441,"H1,L1",1253965824.0,1253966336.0,processing,,1775424223.228885
3982,442,"H1,L1",1253965824.0,1253966336.0,processing,,1775424796.2414691
3983,443,"H1,L1",1253965824.0,1253966336.0,processing,,1775425368.7238126
3984,444,"H1,L1",1253965824.0,1253966336.0,processing,,1775425938.9947033
3985,445,"H1,L1",1253965824.0,1253966336.0,processing,,1775426511.493056
3986,446,"H1,L1",1253965824.0,1253966336.0,processing,,1775427082.4521637
3987,447,"H1,L1",1253965824.0,1253966336.0,processing,,1775427664.4919567
3988,448,"H1,L1",1253965824.0,1253966336.0,processing,,1775428237.2333164
3989,449,"H1,L1",1253965824.0,1253966336.0,processing,,1775428809.7430115
3990,450,"H1,L1",1253965824.0,1253966336.0,processing,,1775429383.4996274
3991,451,"H1,L1",1253965824.0,1253966336.0,processing,,1775429954.480648
3992,452,"H1,L1",1253965824.0,1253966336.0,processing,,1775430526.728933
3993,453,"H1,L1",1253965824.0,1253966336.0,processing,,1775431098.4700189
3994,454,"H1,L1",1253965824.0,1253966336.0,processing,,1775431678.7352085
3995,455,"H1,L1",1253965824.0,1253966336.0,processing,,1775432260.513374
3996,456,"H1,L1",1253965824.0,1253966336.0,processing,,1775432837.737282
3997,457,"H1,L1",1253965824.0,1253966336.0,processing,,1775433415.487036
3998,458,"H1,L1",1253965824.0,1253966336.0,processing,,1775433988.7341423
3999,459,"H1,L1",1253965824.0,1253966336.0,processing,,1775434561.228059
4000,460,"H1,L1",1253965824.0,1253966336.0,processing,,1775435135.020954
4001,461,"H1,L1",1253965824.0,1253966336.0,processing,,1775435708.7331696
4002,462,"H1,L1",1253965824.0,1253966336.0,processing,,1775436279.9618642
4003,463,"H1,L1",1253965824.0,1253966336.0,processing,,1775436851.2690315
4004,464,"H1,L1",1253965824.0,1253966336.0,processing,,1775437421.737016
4005,465,"H1,L1",1253965824.0,1253966336.0,processing,,1775437994.4879978
4006,466,"H1,L1",1253965824.0,1253966336.0,processing,,1775438566.264494
4007,467,"H1,L1",1253965824.0,1253966336.0,processing,,1775439138.2064872
4008,468,"H1,L1",1253965824.0,1253966336.0,processing,,1775439709.7378793
4009,469,"H1,L1",1253965824.0,1253966336.0,processing,,1775440283.248664
4010,470,"H1,L1",1253965824.0,1253966336.0,processing,,1775440854.4498396
4011,471,"H1,L1",1253965824.0,1253966336.0,processing,,1775441431.218911
4012,472,"H1,L1",1253965824.0,1253966336.0,processing,,1775442003.2054946
4013,473,"H1,L1",1253965824.0,1253966336.0,processing,,1775442574.7180884
4014,474,"H1,L1",1253965824.0,1253966336.0,processing,,1775443149.9706104
4015,475,"H1,L1",1253965824.0,1253966336.0,processing,,1775443728.9711223
4016,476,"H1,L1",1253965824.0,1253966336.0,processing,,1775444301.2146573
4017,477,"H1,L1",1253965824.0,1253966336.0,processing,,1775444874.7371073
4018,478,"H1,L1",1253965824.0,1253966336.0,processing,,1775445456.2443545
4019,479,"H1,L1",1253965824.0,1253966336.0,processing,,1775446026.9929993
4020,480,"H1,L1",1253965824.0,1253966336.0,processing,,1775446599.258989
4021,481,"H1,L1",1253965824.0,1253966336.0,processing,,1775447170.7566555
4022,482,"H1,L1",1253965824.0,1253966336.0,processing,,1775447743.2302275
4023,483,"H1,L1",1253965824.0,1253966336.0,processing,,1775448315.7599826
4024,484,"H1,L1",1253965824.0,1253966336.0,processing,,1775448888.4920034
4025,485,"H1,L1",1253965824.0,1253966336.0,processing,,1775449496.2547657
4026,486,"H1,L1",1253965824.0,1253966336.0,processing,,1775450123.2602124
4027,487,"H1,L1",1253965824.0,1253966336.0,processing,,1775450696.4318726
4028,488,"H1,L1",1253965824.0,1253966336.0,processing,,1775451269.5160387
4029,489,"H1,L1",1253965824.0,1253966336.0,processing,,1775451843.0149527
4030,490,"H1,L1",1253965824.0,1253966336.0,processing,,1775452416.244909
4031,491,"H1,L1",1253965824.0,1253966336.0,processing,,1775452998.968816
4032,492,"H1,L1",1253965824.0,1253966336.0,processing,,1775453570.8408318
4033,493,"H1,L1",1253965824.0,1253966336.0,processing,,1775454183.2264707
4034,494,"H1,L1",1253965824.0,1253966336.0,processing,,1775454754.4674911
4035,495,"H1,L1",1253965824.0,1253966336.0,processing,,1775455327.986683
4036,496,"H1,L1",1253965824.0,1253966336.0,processing,,1775455899.4588785
4037,497,"H1,L1",1253965824.0,1253966336.0,processing,,1775456472.7413337
4038,498,"H1,L1",1253965824.0,1253966336.0,processing,,1775457046.7334225
4039,499,"H1,L1",1253965824.0,1253966336.0,processing,,1775457618.973452
4040,500,"H1,L1",1253965824.0,1253966336.0,processing,,1775458190.9865885
4041,501,"H1,L1",1253965824.0,1253966336.0,processing,,1775458767.252537
4042,502,"H1,L1",1253965824.0,1253966336.0,processing,,1775459338.961756
4043,503,"H1,L1",1253965824.0,1253966336.0,processing,,1775459910.8159177
4044,504,"H1,L1",1253965824.0,1253966336.0,processing,,1775460484.2308547
4045,505,"H1,L1",1253965824.0,1253966336.0,processing,,1775461059.9719424
4046,506,"H1,L1",1253965824.0,1253966336.0,processing,,1775461631.9738696
4047,507,"H1,L1",1253965824.0,1253966336.0,processing,,1775462204.2436411
4048,508,"H1,L1",1253965824.0,1253966336.0,processing,,1775462786.7431843
4049,509,"H1,L1",1253965824.0,1253966336.0,processing,,1775463360.2266612
4050,510,"H1,L1",1253965824.0,1253966336.0,processing,,1775463931.4694035
4051,511,"H1,L1",1253965824.0,1253966336.0,processing,,1775464501.9839282
4052,512,"H1,L1",1253965824.0,1253966336.0,processing,,1775465075.2326899
4053,513,"H1,L1",1253965824.0,1253966336.0,processing,,1775465649.9759526
4054,514,"H1,L1",1253965824.0,1253966336.0,processing,,1775466222.7286716
4055,515,"H1,L1",1253965824.0,1253966336.0,processing,,1775466796.2297995
4056,516,"H1,L1",1253965824.0,1253966336.0,processing,,1775467369.7483914
4057,517,"H1,L1",1253965824.0,1253966336.0,processing,,1775467942.9419518
4058,518,"H1,L1",1253965824.0,1253966336.0,processing,,1775468515.9999697
4059,519,"H1,L1",1253965824.0,1253966336.0,processing,,1775469088.2287102
4060,520,"H1,L1",1253965824.0,1253966336.0,processing,,1775469662.2344422
4061,521,"H1,L1",1253965824.0,1253966336.0,processing,,1775470236.4789262
4062,522,"H1,L1",1253965824.0,1253966336.0,processing,,1775470808.9766703
4063,523,"H1,L1",1253965824.0,1253966336.0,processing,,1775471381.243795
4064,524,"H1,L1",1253965824.0,1253966336.0,processing,,1775471956.4974632
4065,525,"H1,L1",1253965824.0,1253966336.0,processing,,1775472529.4847589
4066,526,"H1,L1",1253965824.0,1253966336.0,processing,,1775473100.9697907
4067,527,"H1,L1",1253965824.0,1253966336.0,processing,,1775473672.9754288
4068,528,"H1,L1",1253965824.0,1253966336.0,processing,,1775474243.711266
4069,529,"H1,L1",1253965824.0,1253966336.0,processing,,1775474826.2518299
4070,530,"H1,L1",1253965824.0,1253966336.0,processing,,1775475399.2103918
4071,531,"H1,L1",1253965824.0,1253966336.0,processing,,1775475972.4846103
4072,532,"H1,L1",1253965824.0,1253966336.0,processing,,1775476543.7505774
4073,533,"H1,L1",1253965824.0,1253966336.0,processing,,1775477117.960451
4074,534,"H1,L1",1253965824.0,1253966336.0,processing,,1775477690.473626
4075,535,"H1,L1",1253965824.0,1253966336.0,processing,,1775478263.2366328
4076,536,"H1,L1",1253965824.0,1253966336.0,processing,,1775478840.4577725
4077,537,"H1,L1",1253965824.0,1253966336.0,processing,,1775479412.7203288
4078,538,"H1,L1",1253965824.0,1253966336.0,processing,,1775479983.719932
4079,539,"H1,L1",1253965824.0,1253966336.0,processing,,1775480556.9495265
4080,540,"H1,L1",1253965824.0,1253966336.0,processing,,1775481129.7426622
4081,541,"H1,L1",1253965824.0,1253966336.0,processing,,1775481704.9807222
4082,542,"H1,L1",1253965824.0,1253966336.0,processing,,1775482277.7270832
4083,543,"H1,L1",1253965824.0,1253966336.0,processing,,1775482849.512757
4084,544,"H1,L1",1253965824.0,1253966336.0,processing,,1775483422.9647565
4085,545,"H1,L1",1253965824.0,1253966336.0,processing,,1775483994.2129161
4086,546,"H1,L1",1253965824.0,1253966336.0,processing,,1775484566.2085943
4087,547,"H1,L1",1253965824.0,1253966336.0,processing,,1775485137.2316637
4088,548,"H1,L1",1253965824.0,1253966336.0,processing,,1775485708.9778924
4089,549,"H1,L1",1253965824.0,1253966336.0,processing,,1775486280.2525213
4090,550,"H1,L1",1253965824.0,1253966336.0,processing,,1775486851.7215514
4091,551,"H1,L1",1253965824.0,1253966336.0,processing,,1775487424.238006
4092,552,"H1,L1",1253965824.0,1253966336.0,processing,,1775487996.5122917
4093,553,"H1,L1",1253965824.0,1253966336.0,processing,,1775488570.7442153
4094,554,"H1,L1",1253965824.0,1253966336.0,processing,,1775489140.2259057
4095,555,"H1,L1",1253965824.0,1253966336.0,processing,,1775489711.7303457
4096,556,"H1,L1",1253965824.0,1253966336.0,processing,,1775490286.4661553
4097,557,"H1,L1",1253965824.0,1253966336.0,processing,,1775490859.9678254
4098,558,"H1,L1",1253965824.0,1253966336.0,processing,,1775491434.9819124
4099,559,"H1,L1",1253965824.0,1253966336.0,processing,,1775492007.199082
4100,560,"H1,L1",1253965824.0,1253966336.0,processing,,1775492580.982015
4101,561,"H1,L1",1253965824.0,1253966336.0,processing,,1775493152.482376
4102,562,"H1,L1",1253965824.0,1253966336.0,processing,,1775493724.4600215
4103,563,"H1,L1",1253965824.0,1253966336.0,processing,,1775494296.743056
4104,564,"H1,L1",1253965824.0,1253966336.0,processing,,1775494867.9943748
4105,565,"H1,L1",1253965824.0,1253966336.0,processing,,1775495441.237037
4106,566,"H1,L1",1253965824.0,1253966336.0,processing,,1775496012.6652398
4107,567,"H1,L1",1253965824.0,1253966336.0,processing,,1775496585.4717684
4108,568,"H1,L1",1253965824.0,1253966336.0,processing,,1775497157.2313948
4109,569,"H1,L1",1253965824.0,1253966336.0,processing,,1775497729.7129855
4110,570,"H1,L1",1253965824.0,1253966336.0,processing,,1775498303.2068949
4111,571,"H1,L1",1253965824.0,1253966336.0,processing,,1775498874.9768093
4112,572,"H1,L1",1253965824.0,1253966336.0,processing,,1775499449.4868598
4113,573,"H1,L1",1253965824.0,1253966336.0,processing,,1775500021.9885764
4114,574,"H1,L1",1253965824.0,1253966336.0,processing,,1775500593.7425818
4115,575,"H1,L1",1253965824.0,1253966336.0,processing,,1775501172.716296
4116,576,"H1,L1",1253965824.0,1253966336.0,processing,,1775501762.9633331
4117,577,"H1,L1",1253965824.0,1253966336.0,processing,,1775502341.2214155
4118,578,"H1,L1",1253965824.0,1253966336.0,processing,,1775502914.9591022
4119,579,"H1,L1",1253965824.0,1253966336.0,processing,,1775503487.952735
4120,580,"H1,L1",1253965824.0,1253966336.0,processing,,1775504059.514582
4121,581,"H1,L1",1253965824.0,1253966336.0,processing,,1775504630.9585123
4122,582,"H1,L1",1253965824.0,1253966336.0,processing,,1775505204.9368165
4123,583,"H1,L1",1253965824.0,1253966336.0,processing,,1775505778.7422187
4124,584,"H1,L1",1253965824.0,1253966336.0,processing,,1775506350.4668963
4125,585,"H1,L1",1253965824.0,1253966336.0,processing,,1775506923.233433
4126,586,"H1,L1",1253965824.0,1253966336.0,processing,,1775507500.9988043
4127,587,"H1,L1",1253965824.0,1253966336.0,processing,,1775508074.4510918
4128,588,"H1,L1",1253965824.0,1253966336.0,processing,,1775508648.2533455
4129,589,"H1,L1",1253965824.0,1253966336.0,processing,,1775509219.7343009
4130,590,"H1,L1",1253965824.0,1253966336.0,processing,,1775509791.0135643
4131,591,"H1,L1",1253965824.0,1253966336.0,processing,,1775510362.2409315
4132,592,"H1,L1",1253965824.0,1253966336.0,processing,,1775510934.9918082
4133,593,"H1,L1",1253965824.0,1253966336.0,processing,,1775511505.235969
4134,594,"H1,L1",1253965824.0,1253966336.0,processing,,1775512077.219881
4135,595,"H1,L1",1253965824.0,1253966336.0,processing,,1775512650.2489495
4136,596,"H1,L1",1253965824.0,1253966336.0,processing,,1775513222.0046992
4137,597,"H1,L1",1253965824.0,1253966336.0,processing,,1775513793.981681
4138,598,"H1,L1",1253965824.0,1253966336.0,processing,,1775514366.7130613
4139,599,"H1,L1",1253965824.0,1253966336.0,processing,,1775514939.4778402
4140,600,"H1,L1",1253965824.0,1253966336.0,processing,,1775515521.6973844
4141,601,"H1,L1",1253965824.0,1253966336.0,processing,,1775516093.7328026
4142,602,"H1,L1",1253965824.0,1253966336.0,processing,,1775516668.7120707
4143,603,"H1,L1",1253965824.0,1253966336.0,processing,,1775517240.9818995
4144,604,"H1,L1",1253965824.0,1253966336.0,processing,,1775517813.9926858
4145,605,"H1,L1",1253965824.0,1253966336.0,processing,,1775518387.2257693
4146,606,"H1,L1",1253965824.0,1253966336.0,processing,,1775518959.9763834
4147,607,"H1,L1",1253965824.0,1253966336.0,processing,,1775519532.7273223
4148,608,"H1,L1",1253965824.0,1253966336.0,processing,,1775520104.9743779
4149,609,"H1,L1",1253965824.0,1253966336.0,processing,,1775520675.0038927
4150,610,"H1,L1",1253965824.0,1253966336.0,processing,,1775521248.7417703
4151,611,"H1,L1",1253965824.0,1253966336.0,processing,,1775521822.232568
4152,612,"H1,L1",1253965824.0,1253966336.0,processing,,1775522394.961505
4153,613,"H1,L1",1253965824.0,1253966336.0,processing,,1775522966.257527
4154,614,"H1,L1",1253965824.0,1253966336.0,processing,,1775523539.2295449
4155,615,"H1,L1",1253965824.0,1253966336.0,processing,,1775524111.985923
4156,616,"H1,L1",1253965824.0,1253966336.0,processing,,1775524684.7426858
4157,617,"H1,L1",1253965824.0,1253966336.0,processing,,1775525256.241054
4158,618,"H1,L1",1253965824.0,1253966336.0,processing,,1775525831.0149796
4159,619,"H1,L1",1253965824.0,1253966336.0,processing,,1775526403.2689867
4160,620,"H1,L1",1253965824.0,1253966336.0,processing,,1775526975.2196882
4161,621,"H1,L1",1253965824.0,1253966336.0,processing,,1775527548.255511
4162,622,"H1,L1",1253965824.0,1253966336.0,processing,,1775528119.96918
4163,623,"H1,L1",1253965824.0,1253966336.0,processing,,1775528700.0363448
4164,624,"H1,L1",1253965824.0,1253966336.0,processing,,1775529272.4632802
4165,625,"H1,L1",1253965824.0,1253966336.0,processing,,1775529846.9489372
4166,626,"H1,L1",1253965824.0,1253966336.0,processing,,1775530421.5165591
4167,627,"H1,L1",1253965824.0,1253966336.0,processing,,1775530996.221985
4168,628,"H1,L1",1253965824.0,1253966336.0,processing,,1775531568.9516623
4169,629,"H1,L1",1253965824.0,1253966336.0,processing,,1775532141.4983244
4170,630,"H1,L1",1253965824.0,1253966336.0,processing,,1775532715.2196004
4171,631,"H1,L1",1253965824.0,1253966336.0,processing,,1775533285.9749348
4172,632,"H1,L1",1253965824.0,1253966336.0,processing,,1775533858.2389522
4173,633,"H1,L1",1253965824.0,1253966336.0,processing,,1775534432.4731066
4174,634,"H1,L1",1253965824.0,1253966336.0,processing,,1775535006.4775572
4175,635,"H1,L1",1253965824.0,1253966336.0,processing,,1775535579.480844
4176,636,"H1,L1",1253965824.0,1253966336.0,processing,,1775536159.7393565
4177,637,"H1,L1",1253965824.0,1253966336.0,processing,,1775536729.7376091
4178,638,"H1,L1",1253965824.0,1253966336.0,processing,,1775537301.5035157
4179,639,"H1,L1",1253965824.0,1253966336.0,processing,,1775537873.4654555
4180,640,"H1,L1",1253965824.0,1253966336.0,processing,,1775538446.2303033
4181,641,"H1,L1",1253965824.0,1253966336.0,processing,,1775539017.2295833
4182,642,"H1,L1",1253965824.0,1253966336.0,processing,,1775539589.9750242
4183,643,"H1,L1",1253965824.0,1253966336.0,processing,,1775540163.735771
4184,644,"H1,L1",1253965824.0,1253966336.0,processing,,1775540739.2396743
4185,645,"H1,L1",1253965824.0,1253966336.0,processing,,1775541309.7403705
4186,646,"H1,L1",1253965824.0,1253966336.0,processing,,1775541882.723106
4187,647,"H1,L1",1253965824.0,1253966336.0,processing,,1775542455.0006573
4188,648,"H1,L1",1253965824.0,1253966336.0,processing,,1775543028.9697216
4189,649,"H1,L1",1253965824.0,1253966336.0,processing,,1775543600.4673665
4190,650,"H1,L1",1253965824.0,1253966336.0,processing,,1775544173.197165
4191,651,"H1,L1",1253965824.0,1253966336.0,processing,,1775544748.4899502
4192,652,"H1,L1",1253965824.0,1253966336.0,processing,,1775545321.4684956
4193,653,"H1,L1",1253965824.0,1253966336.0,processing,,1775545894.479721
4194,654,"H1,L1",1253965824.0,1253966336.0,processing,,1775546469.2470756
4195,655,"H1,L1",1253965824.0,1253966336.0,processing,,1775547041.2423885
4196,656,"H1,L1",1253965824.0,1253966336.0,processing,,1775547612.9869576
4197,657,"H1,L1",1253965824.0,1253966336.0,processing,,1775548184.2178617
4198,658,"H1,L1",1253965824.0,1253966336.0,processing,,1775548754.7260919
4199,659,"H1,L1",1253965824.0,1253966336.0,processing,,1775549326.977509
4200,660,"H1,L1",1253965824.0,1253966336.0,processing,,1775549899.4799807
4201,661,"H1,L1",1253965824.0,1253966336.0,processing,,1775550472.4591563
4202,662,"H1,L1",1253965824.0,1253966336.0,processing,,1775551047.7407377
4203,663,"H1,L1",1253965824.0,1253966336.0,processing,,1775551619.9725766
4204,664,"H1,L1",1253965824.0,1253966336.0,processing,,1775552493.7313423
4205,665,"H1,L1",1253965824.0,1253966336.0,processing,,1775553582.257097
4206,666,"H1,L1",1253965824.0,1253966336.0,processing,,1775554323.3016808
4207,667,"H1,L1",1253965824.0,1253966336.0,processing,,1775554893.7326565
4208,668,"H1,L1",1253965824.0,1253966336.0,processing,,1775556034.7456932
4209,669,"H1,L1",1253965824.0,1253966336.0,processing,,1775557112.2504299
4210,670,"H1,L1",1253965824.0,1253966336.0,processing,,1775557921.4685056
4211,671,"H1,L1",1253965824.0,1253966336.0,processing,,1775559028.2361052
4212,672,"H1,L1",1253965824.0,1253966336.0,processing,,1775560104.2504761
4213,673,"H1,L1",1253965824.0,1253966336.0,processing,,1775561086.7286851
4214,674,"H1,L1",1253965824.0,1253966336.0,processing,,1775561661.9671078
4215,675,"H1,L1",1253965824.0,1253966336.0,processing,,1775562777.9827113
4216,676,"H1,L1",1253965824.0,1253966336.0,processing,,1775563350.243685
4217,677,"H1,L1",1253965824.0,1253966336.0,processing,,1775563922.460752
4218,678,"H1,L1",1253965824.0,1253966336.0,processing,,1775564512.7114868
4219,679,"H1,L1",1253965824.0,1253966336.0,processing,,1775565179.2258525
4220,680,"H1,L1",1253965824.0,1253966336.0,processing,,1775565751.225899
4221,681,"H1,L1",1253965824.0,1253966336.0,processing,,1775566323.9766958
4222,682,"H1,L1",1253965824.0,1253966336.0,processing,,1775566897.0236897
4223,683,"H1,L1",1253965824.0,1253966336.0,processing,,1775567467.9857345
4224,684,"H1,L1",1253965824.0,1253966336.0,processing,,1775568039.4320397
4225,685,"H1,L1",1253965824.0,1253966336.0,processing,,1775568611.228114
4226,686,"H1,L1",1253965824.0,1253966336.0,processing,,1775569182.7517638
4227,687,"H1,L1",1253965824.0,1253966336.0,processing,,1775569754.5031314
4228,688,"H1,L1",1253965824.0,1253966336.0,processing,,1775570326.4666095
4229,689,"H1,L1",1253965824.0,1253966336.0,processing,,1775570897.2390482
4230,690,"H1,L1",1253965824.0,1253966336.0,processing,,1775571469.2252638
4231,691,"H1,L1",1253965824.0,1253966336.0,processing,,1775572043.0054226
4232,692,"H1,L1",1253965824.0,1253966336.0,processing,,1775572614.9799333
4233,693,"H1,L1",1253965824.0,1253966336.0,processing,,1775573196.230319
4234,694,"H1,L1",1253965824.0,1253966336.0,processing,,1775573772.9446015
4235,695,"H1,L1",1253965824.0,1253966336.0,processing,,1775574345.0089877
4236,696,"H1,L1",1253965824.0,1253966336.0,processing,,1775574916.7580018
4237,697,"H1,L1",1253965824.0,1253966336.0,processing,,1775575488.9760954
4238,698,"H1,L1",1253965824.0,1253966336.0,processing,,1775576059.991238
4239,699,"H1,L1",1253965824.0,1253966336.0,processing,,1775576633.2407193
4240,700,"H1,L1",1253965824.0,1253966336.0,processing,,1775577206.7217803
4241,701,"H1,L1",1253965824.0,1253966336.0,processing,,1775577779.0066617
4242,702,"H1,L1",1253965824.0,1253966336.0,processing,,1775578361.7546957
4243,703,"H1,L1",1253965824.0,1253966336.0,processing,,1775578934.4779482
4244,704,"H1,L1",1253965824.0,1253966336.0,processing,,1775579508.964719
4245,705,"H1,L1",1253965824.0,1253966336.0,processing,,1775580082.74433
4246,706,"H1,L1",1253965824.0,1253966336.0,processing,,1775580655.9999175
4247,707,"H1,L1",1253965824.0,1253966336.0,processing,,1775581227.2228284
4248,708,"H1,L1",1253965824.0,1253966336.0,processing,,1775581801.9904144
4249,709,"H1,L1",1253965824.0,1253966336.0,processing,,1775582374.7312207
4250,710,"H1,L1",1253965824.0,1253966336.0,processing,,1775582947.9690244
4251,711,"H1,L1",1253965824.0,1253966336.0,processing,,1775583520.9942114
4252,712,"H1,L1",1253965824.0,1253966336.0,processing,,1775584093.5033455
4253,713,"H1,L1",1253965824.0,1253966336.0,processing,,1775584667.2474217
4254,714,"H1,L1",1253965824.0,1253966336.0,processing,,1775585237.9947882
4255,715,"H1,L1",1253965824.0,1253966336.0,processing,,1775585809.985641
4256,716,"H1,L1",1253965824.0,1253966336.0,processing,,1775586387.4837058
4257,717,"H1,L1",1253965824.0,1253966336.0,processing,,1775586961.2248638
4258,718,"H1,L1",1253965824.0,1253966336.0,processing,,1775587532.2459717
4259,719,"H1,L1",1253965824.0,1253966336.0,processing,,1775588104.7409694
4260,720,"H1,L1",1253965824.0,1253966336.0,processing,,1775588678.2383828
4261,721,"H1,L1",1253965824.0,1253966336.0,processing,,1775589248.746693
4262,722,"H1,L1",1253965824.0,1253966336.0,processing,,1775589821.493026
4263,723,"H1,L1",1253965824.0,1253966336.0,processing,,1775590392.2504206
4264,724,"H1,L1",1253965824.0,1253966336.0,processing,,1775590964.72448
4265,725,"H1,L1",1253965824.0,1253966336.0,processing,,1775591536.7497637
4266,726,"H1,L1",1253965824.0,1253966336.0,processing,,1775592109.7533033
4267,727,"H1,L1",1253965824.0,1253966336.0,processing,,1775592680.4953728
4268,728,"H1,L1",1253965824.0,1253966336.0,processing,,1775593262.9647145
4269,729,"H1,L1",1253965824.0,1253966336.0,processing,,1775593834.4474182
4270,730,"H1,L1",1253965824.0,1253966336.0,processing,,1775594405.2140875
4271,731,"H1,L1",1253965824.0,1253966336.0,processing,,1775594979.1852777
4272,732,"H1,L1",1253965824.0,1253966336.0,processing,,1775595550.916355
4273,733,"H1,L1",1253965824.0,1253966336.0,processing,,1775596120.4890738
4274,734,"H1,L1",1253965824.0,1253966336.0,processing,,1775596691.0020666
4275,735,"H1,L1",1253965824.0,1253966336.0,processing,,1775597262.0444396
4276,736,"H1,L1",1253965824.0,1253966336.0,processing,,1775597834.2302654
4277,737,"H1,L1",1253965824.0,1253966336.0,processing,,1775598405.2524147
4278,738,"H1,L1",1253965824.0,1253966336.0,processing,,1775598975.9947264
4279,739,"H1,L1",1253965824.0,1253966336.0,processing,,1775599548.4822376
4280,740,"H1,L1",1253965824.0,1253966336.0,processing,,1775600120.4997854
4281,741,"H1,L1",1253965824.0,1253966336.0,processing,,1775600693.0121238
4282,742,"H1,L1",1253965824.0,1253966336.0,processing,,1775601264.465416
4283,743,"H1,L1",1253965824.0,1253966336.0,processing,,1775601835.9782841
4284,744,"H1,L1",1253965824.0,1253966336.0,processing,,1775602408.2462468
4285,745,"H1,L1",1253965824.0,1253966336.0,processing,,1775602979.2391355
4286,746,"H1,L1",1253965824.0,1253966336.0,processing,,1775603553.9923058
4287,747,"H1,L1",1253965824.0,1253966336.0,processing,,1775604123.9586816
4288,748,"H1,L1",1253965824.0,1253966336.0,processing,,1775604705.240402
4289,749,"H1,L1",1253965824.0,1253966336.0,processing,,1775605278.731751
4290,750,"H1,L1",1253965824.0,1253966336.0,processing,,1775605856.054816
4291,751,"H1,L1",1253965824.0,1253966336.0,processing,,1775606527.2287114
4292,752,"H1,L1",1253965824.0,1253966336.0,processing,,1775607101.4749358
4293,753,"H1,L1",1253965824.0,1253966336.0,processing,,1775607673.4831996
4294,754,"H1,L1",1253965824.0,1253966336.0,processing,,1775608245.2138207
4295,755,"H1,L1",1253965824.0,1253966336.0,processing,,1775608818.2159069
4296,756,"H1,L1",1253965824.0,1253966336.0,processing,,1775609390.224988
4297,757,"H1,L1",1253965824.0,1253966336.0,processing,,1775609961.7530093
4298,758,"H1,L1",1253965824.0,1253966336.0,processing,,1775610536.2173443
4299,759,"H1,L1",1253965824.0,1253966336.0,processing,,1775611118.4743216
4300,760,"H1,L1",1253965824.0,1253966336.0,processing,,1775611691.2590895
4301,761,"H1,L1",1253965824.0,1253966336.0,processing,,1775612264.4749177
4302,762,"H1,L1",1253965824.0,1253966336.0,processing,,1775612836.7617192
4303,763,"H1,L1",1253965824.0,1253966336.0,processing,,1775613407.4708586
4304,764,"H1,L1",1253965824.0,1253966336.0,processing,,1775613980.212121
4305,765,"H1,L1",1253965824.0,1253966336.0,processing,,1775614552.7274365
4306,766,"H1,L1",1253965824.0,1253966336.0,processing,,1775615125.2280414
4307,767,"H1,L1",1253965824.0,1253966336.0,processing,,1775615698.2284408
4308,768,"H1,L1",1253965824.0,1253966336.0,processing,,1775616281.9983084
4309,769,"H1,L1",1253965824.0,1253966336.0,processing,,1775616860.2216883
4310,770,"H1,L1",1253965824.0,1253966336.0,processing,,1775617432.2100377
4311,771,"H1,L1",1253965824.0,1253966336.0,processing,,1775618015.7313132
4312,772,"H1,L1",1253965824.0,1253966336.0,processing,,1775618594.9901726
4313,773,"H1,L1",1253965824.0,1253966336.0,processing,,1775619624.502369
4314,774,"H1,L1",1253965824.0,1253966336.0,processing,,1775620730.9800577
4315,775,"H1,L1",1253965824.0,1253966336.0,processing,,1775621302.9619963
4316,776,"H1,L1",1253965824.0,1253966336.0,processing,,1775621879.0014288
4317,777,"H1,L1",1253965824.0,1253966336.0,processing,,1775622451.2385442
4318,778,"H1,L1",1253965824.0,1253966336.0,processing,,1775623022.4867346
4319,779,"H1,L1",1253965824.0,1253966336.0,processing,,1775623593.252131
4320,780,"H1,L1",1253965824.0,1253966336.0,processing,,1775624163.94619
4321,781,"H1,L1",1253965824.0,1253966336.0,processing,,1775624738.2386963
4322,782,"H1,L1",1253965824.0,1253966336.0,processing,,1775625308.9771876
4323,783,"H1,L1",1253965824.0,1253966336.0,processing,,1775625882.9697425
4324,784,"H1,L1",1253965824.0,1253966336.0,processing,,1775626454.9938166
4325,785,"H1,L1",1253965824.0,1253966336.0,processing,,1775627026.7334864
4326,786,"H1,L1",1253965824.0,1253966336.0,processing,,1775627598.2568884
4327,787,"H1,L1",1253965824.0,1253966336.0,processing,,1775628169.4505522
4328,788,"H1,L1",1253965824.0,1253966336.0,processing,,1775628741.230633
4329,789,"H1,L1",1253965824.0,1253966336.0,processing,,1775629312.716896
4330,790,"H1,L1",1253965824.0,1253966336.0,processing,,1775629884.2246883
4331,791,"H1,L1",1253965824.0,1253966336.0,processing,,1775630455.7301066
4332,792,"H1,L1",1253965824.0,1253966336.0,processing,,1775631026.0252945
4333,793,"H1,L1",1253965824.0,1253966336.0,processing,,1775631599.2341053
4334,794,"H1,L1",1253965824.0,1253966336.0,processing,,1775632172.221238
4335,795,"H1,L1",1253965824.0,1253966336.0,processing,,1775632743.475825
4336,796,"H1,L1",1253965824.0,1253966336.0,processing,,1775633314.2316053
4337,797,"H1,L1",1253965824.0,1253966336.0,processing,,1775633888.2512262
4338,798,"H1,L1",1253965824.0,1253966336.0,processing,,1775634464.770162
4339,799,"H1,L1",1253965824.0,1253966336.0,processing,,1775635037.71915
4340,800,"H1,L1",1253965824.0,1253966336.0,processing,,1775635611.7287762
4341,801,"H1,L1",1253965824.0,1253966336.0,processing,,1775636182.2322955
4342,802,"H1,L1",1253965824.0,1253966336.0,processing,,1775636755.0403755
4343,803,"H1,L1",1253965824.0,1253966336.0,processing,,1775637326.2327971
4344,804,"H1,L1",1253965824.0,1253966336.0,processing,,1775637897.7091494
4345,805,"H1,L1",1253965824.0,1253966336.0,processing,,1775638472.2180333
4346,806,"H1,L1",1253965824.0,1253966336.0,processing,,1775639046.2316554
4347,807,"H1,L1",1253965824.0,1253966336.0,processing,,1775639620.2044573
4348,808,"H1,L1",1253965824.0,1253966336.0,processing,,1775640193.743783
4349,809,"H1,L1",1253965824.0,1253966336.0,processing,,1775640765.7365806
4350,810,"H1,L1",1253965824.0,1253966336.0,processing,,1775641337.4433677
4351,811,"H1,L1",1253965824.0,1253966336.0,processing,,1775641910.2543547
4352,812,"H1,L1",1253965824.0,1253966336.0,processing,,1775642482.9966543
4353,813,"H1,L1",1253965824.0,1253966336.0,processing,,1775643055.2338624
4354,814,"H1,L1",1253965824.0,1253966336.0,processing,,1775643627.4747195
4355,815,"H1,L1",1253965824.0,1253966336.0,processing,,1775644199.000487
4356,816,"H1,L1",1253965824.0,1253966336.0,processing,,1775644769.7260313
4357,817,"H1,L1",1253965824.0,1253966336.0,processing,,1775645342.0142436
4358,818,"H1,L1",1253965824.0,1253966336.0,processing,,1775645916.2616959
4359,819,"H1,L1",1253965824.0,1253966336.0,processing,,1775646489.7362924
4360,820,"H1,L1",1253965824.0,1253966336.0,processing,,1775647062.9657774
4361,821,"H1,L1",1253965824.0,1253966336.0,processing,,1775647634.9851067
4362,822,"H1,L1",1253965824.0,1253966336.0,processing,,1775648205.9779196
4363,823,"H1,L1",1253965824.0,1253966336.0,processing,,1775648778.2442765
4364,824,"H1,L1",1253965824.0,1253966336.0,processing,,1775649351.4787784
4365,825,"H1,L1",1253965824.0,1253966336.0,processing,,1775649921.9385605
4366,826,"H1,L1",1253965824.0,1253966336.0,processing,,1775650493.481387
4367,827,"H1,L1",1253965824.0,1253966336.0,processing,,1775651064.47848
4368,828,"H1,L1",1253965824.0,1253966336.0,processing,,1775651636.7317107
4369,829,"H1,L1",1253965824.0,1253966336.0,processing,,1775652208.987741
4370,830,"H1,L1",1253965824.0,1253966336.0,processing,,1775652782.9736345
4371,831,"H1,L1",1253965824.0,1253966336.0,processing,,1775653354.4935281
4372,832,"H1,L1",1253965824.0,1253966336.0,processing,,1775653926.2218382
4373,833,"H1,L1",1253965824.0,1253966336.0,processing,,1775654499.7398891
4374,834,"H1,L1",1253965824.0,1253966336.0,processing,,1775655071.9999652
4375,835,"H1,L1",1253965824.0,1253966336.0,processing,,1775655645.0046766
4376,836,"H1,L1",1253965824.0,1253966336.0,processing,,1775656218.7416303
4377,837,"H1,L1",1253965824.0,1253966336.0,processing,,1775656790.2489707
4378,838,"H1,L1",1253965824.0,1253966336.0,processing,,1775657360.499441
4379,839,"H1,L1",1253965824.0,1253966336.0,processing,,1775657932.2419133
4380,840,"H1,L1",1253965824.0,1253966336.0,processing,,1775658503.481399
4381,841,"H1,L1",1253965824.0,1253966336.0,processing,,1775659076.002509
4382,842,"H1,L1",1253965824.0,1253966336.0,processing,,1775659647.4812663
4383,843,"H1,L1",1253965824.0,1253966336.0,processing,,1775660220.2182765
4384,844,"H1,L1",1253965824.0,1253966336.0,processing,,1775660793.741135
4385,845,"H1,L1",1253965824.0,1253966336.0,processing,,1775661364.7270107
4386,846,"H1,L1",1253965824.0,1253966336.0,processing,,1775661936.5062246
4387,847,"H1,L1",1253965824.0,1253966336.0,processing,,1775662510.505613
4388,848,"H1,L1",1253965824.0,1253966336.0,processing,,1775663082.9890213
4389,849,"H1,L1",1253965824.0,1253966336.0,processing,,1775663654.2157195
4390,850,"H1,L1",1253965824.0,1253966336.0,processing,,1775664227.4608603
4391,851,"H1,L1",1253965824.0,1253966336.0,processing,,1775664800.250551
4392,852,"H1,L1",1253965824.0,1253966336.0,processing,,1775665374.205137
4393,853,"H1,L1",1253965824.0,1253966336.0,processing,,1775665947.243835
4394,854,"H1,L1",1253965824.0,1253966336.0,processing,,1775666520.2043276
4395,855,"H1,L1",1253965824.0,1253966336.0,processing,,1775667092.7330287
4396,856,"H1,L1",1253965824.0,1253966336.0,processing,,1775667666.2428386
4397,857,"H1,L1",1253965824.0,1253966336.0,processing,,1775668237.7490396
4398,858,"H1,L1",1253965824.0,1253966336.0,processing,,1775668809.2440999
4399,859,"H1,L1",1253965824.0,1253966336.0,processing,,1775669382.4859545
4400,860,"H1,L1",1253965824.0,1253966336.0,processing,,1775669953.2122338
4401,861,"H1,L1",1253965824.0,1253966336.0,processing,,1775670526.4718616
4402,862,"H1,L1",1253965824.0,1253966336.0,processing,,1775671097.9604027
4403,863,"H1,L1",1253965824.0,1253966336.0,processing,,1775671670.2372131
4404,864,"H1,L1",1253965824.0,1253966336.0,processing,,1775672240.7533324
4405,865,"H1,L1",1253965824.0,1253966336.0,processing,,1775672810.4921615
4406,866,"H1,L1",1253965824.0,1253966336.0,processing,,1775673382.7251875
4407,867,"H1,L1",1253965824.0,1253966336.0,processing,,1775673957.2166276
4408,868,"H1,L1",1253965824.0,1253966336.0,processing,,1775674532.9805503
4409,869,"H1,L1",1253965824.0,1253966336.0,processing,,1775675107.0257428
4410,870,"H1,L1",1253965824.0,1253966336.0,processing,,1775675680.197762
4411,871,"H1,L1",1253965824.0,1253966336.0,processing,,1775676255.0442793
4412,872,"H1,L1",1253965824.0,1253966336.0,processing,,1775676830.9514751
4413,873,"H1,L1",1253965824.0,1253966336.0,processing,,1775677402.482386
4414,874,"H1,L1",1253965824.0,1253966336.0,processing,,1775677974.7715456
4415,875,"H1,L1",1253965824.0,1253966336.0,processing,,1775678547.0106287
4416,876,"H1,L1",1253965824.0,1253966336.0,processing,,1775679119.9882948
4417,877,"H1,L1",1253965824.0,1253966336.0,processing,,1775679691.7519975
4418,878,"H1,L1",1253965824.0,1253966336.0,processing,,1775680264.6971416
4419,879,"H1,L1",1253965824.0,1253966336.0,processing,,1775680838.7425666
4420,880,"H1,L1",1253965824.0,1253966336.0,processing,,1775681409.9740076
4421,881,"H1,L1",1253965824.0,1253966336.0,processing,,1775681983.9873543
4422,882,"H1,L1",1253965824.0,1253966336.0,processing,,1775682555.99222
4423,883,"H1,L1",1253965824.0,1253966336.0,processing,,1775683128.735514
4424,884,"H1,L1",1253965824.0,1253966336.0,processing,,1775683700.2590125
4425,885,"H1,L1",1253965824.0,1253966336.0,processing,,1775684269.7260084
4426,886,"H1,L1",1253965824.0,1253966336.0,processing,,1775684840.4700916
4427,887,"H1,L1",1253965824.0,1253966336.0,processing,,1775685412.4861526
4428,888,"H1,L1",1253965824.0,1253966336.0,processing,,1775685984.9951894
4429,889,"H1,L1",1253965824.0,1253966336.0,processing,,1775686559.0086372
4430,890,"H1,L1",1253965824.0,1253966336.0,processing,,1775687132.2381577
4431,891,"H1,L1",1253965824.0,1253966336.0,processing,,1775687705.4892359
4432,892,"H1,L1",1253965824.0,1253966336.0,processing,,1775688276.4886122
4433,893,"H1,L1",1253965824.0,1253966336.0,processing,,1775688847.479077
4434,894,"H1,L1",1253965824.0,1253966336.0,processing,,1775689420.7380106
4435,895,"H1,L1",1253965824.0,1253966336.0,processing,,1775689994.4249713
4436,896,"H1,L1",1253965824.0,1253966336.0,processing,,1775690565.2167566
4437,897,"H1,L1",1253965824.0,1253966336.0,processing,,1775691136.9626832
4438,898,"H1,L1",1253965824.0,1253966336.0,processing,,1775691708.733294
4439,899,"H1,L1",1253965824.0,1253966336.0,processing,,1775692282.4898157
4440,900,"H1,L1",1253965824.0,1253966336.0,processing,,1775692855.037535
4441,901,"H1,L1",1253965824.0,1253966336.0,processing,,1775693426.2356029
4442,902,"H1,L1",1253965824.0,1253966336.0,processing,,1775693998.209883
4443,903,"H1,L1",1253965824.0,1253966336.0,processing,,1775694573.9689212
4444,904,"H1,L1",1253965824.0,1253966336.0,processing,,1775695146.494177
4445,905,"H1,L1",1253965824.0,1253966336.0,processing,,1775695718.216353
4446,906,"H1,L1",1253965824.0,1253966336.0,processing,,1775696289.2377043
4447,907,"H1,L1",1253965824.0,1253966336.0,processing,,1775696861.4703126
4448,908,"H1,L1",1253965824.0,1253966336.0,processing,,1775697433.0113025
4449,909,"H1,L1",1253965824.0,1253966336.0,processing,,1775698004.7147605
4450,910,"H1,L1",1253965824.0,1253966336.0,processing,,1775698578.2202573
4451,911,"H1,L1",1253965824.0,1253966336.0,processing,,1775699149.4970937
4452,912,"H1,L1",1253965824.0,1253966336.0,processing,,1775699723.4670367
4453,913,"H1,L1",1253965824.0,1253966336.0,processing,,1775700294.2596376
4454,914,"H1,L1",1253965824.0,1253966336.0,processing,,1775700867.9863627
4455,915,"H1,L1",1253965824.0,1253966336.0,processing,,1775701443.9910405
4456,916,"H1,L1",1253965824.0,1253966336.0,processing,,1775702015.7394216
4457,917,"H1,L1",1253965824.0,1253966336.0,processing,,1775702585.9984825
4458,918,"H1,L1",1253965824.0,1253966336.0,processing,,1775703157.9584572
4459,919,"H1,L1",1253965824.0,1253966336.0,processing,,1775703732.2560484
4460,920,"H1,L1",1253965824.0,1253966336.0,processing,,1775704305.2578106
4461,921,"H1,L1",1253965824.0,1253966336.0,processing,,1775704877.9910953
4462,922,"H1,L1",1253965824.0,1253966336.0,processing,,1775705449.2479477
4463,923,"H1,L1",1253965824.0,1253966336.0,processing,,1775705660.059932
4464,924,"H1,L1",1253965824.0,1253966336.0,processing,,1775706231.9887314
4465,925,"H1,L1",1253965824.0,1253966336.0,processing,,1775706804.2186131
4466,926,"H1,L1",1253965824.0,1253966336.0,processing,,1775707378.2396793
4467,927,"H1,L1",1253965824.0,1253966336.0,processing,,1775707947.9855564
4468,928,"H1,L1",1253965824.0,1253966336.0,processing,,1775708523.7308147
4469,929,"H1,L1",1253965824.0,1253966336.0,processing,,1775709095.7357392
4470,930,"H1,L1",1253965824.0,1253966336.0,processing,,1775709669.2546945
4471,931,"H1,L1",1253965824.0,1253966336.0,processing,,1775710239.7262585
4472,932,"H1,L1",1253965824.0,1253966336.0,processing,,1775710808.7304895
4473,933,"H1,L1",1253965824.0,1253966336.0,processing,,1775711377.9938238
4474,934,"H1,L1",1253965824.0,1253966336.0,processing,,1775711947.006925
4475,935,"H1,L1",1253965824.0,1253966336.0,processing,,1775712518.4683537
4476,936,"H1,L1",1253965824.0,1253966336.0,processing,,1775713089.4853606
4477,937,"H1,L1",1253965824.0,1253966336.0,processing,,1775713662.2376223
4478,938,"H1,L1",1253965824.0,1253966336.0,processing,,1775714233.7295864
4479,939,"H1,L1",1253965824.0,1253966336.0,processing,,1775714805.2025821
4480,940,"H1,L1",1253965824.0,1253966336.0,processing,,1775715376.4880705
4481,941,"H1,L1",1253965824.0,1253966336.0,processing,,1775715946.987204
4482,942,"H1,L1",1253965824.0,1253966336.0,processing,,1775716516.203882
4483,943,"H1,L1",1253965824.0,1253966336.0,processing,,1775717086.9660575
4484,944,"H1,L1",1253965824.0,1253966336.0,processing,,1775717659.988418
4485,945,"H1,L1",1253965824.0,1253966336.0,processing,,1775718231.4500766
4486,946,"H1,L1",1253965824.0,1253966336.0,processing,,1775718801.1955028
4487,947,"H1,L1",1253965824.0,1253966336.0,processing,,1775719371.221789
4488,948,"H1,L1",1253965824.0,1253966336.0,processing,,1775719943.2232594
4489,949,"H1,L1",1253965824.0,1253966336.0,processing,,1775720515.5147893
4490,950,"H1,L1",1253965824.0,1253966336.0,processing,,1775721085.4748673
4491,951,"H1,L1",1253965824.0,1253966336.0,processing,,1775721656.9810138
4492,952,"H1,L1",1253965824.0,1253966336.0,processing,,1775722229.7297146
4493,953,"H1,L1",1253965824.0,1253966336.0,processing,,1775722800.747534
4494,954,"H1,L1",1253965824.0,1253966336.0,processing,,1775723371.5310056
4495,955,"H1,L1",1253965824.0,1253966336.0,processing,,1775723945.0301468
4496,956,"H1,L1",1253965824.0,1253966336.0,processing,,1775724515.294526
4497,957,"H1,L1",1253965824.0,1253966336.0,processing,,1775725087.724221
4498,958,"H1,L1",1253965824.0,1253966336.0,processing,,1775725658.7318003
4499,959,"H1,L1",1253965824.0,1253966336.0,processing,,1775726230.7080264
4500,960,"H1,L1",1253965824.0,1253966336.0,processing,,1775726800.1995378
4501,961,"H1,L1",1253965824.0,1253966336.0,processing,,1775727370.972294
4502,962,"H1,L1",1253965824.0,1253966336.0,processing,,1775727943.4838543
4503,963,"H1,L1",1253965824.0,1253966336.0,processing,,1775728515.50313
4504,964,"H1,L1",1253965824.0,1253966336.0,processing,,1775729088.9747403
4505,965,"H1,L1",1253965824.0,1253966336.0,processing,,1775729659.982441
4506,966,"H1,L1",1253965824.0,1253966336.0,processing,,1775730230.2161288
4507,967,"H1,L1",1253965824.0,1253966336.0,processing,,1775730801.7562244
4508,968,"H1,L1",1253965824.0,1253966336.0,processing,,1775731372.5312781
4509,969,"H1,L1",1253965824.0,1253966336.0,processing,,1775731943.7134995
4510,970,"H1,L1",1253965824.0,1253966336.0,processing,,1775732517.514888
4511,971,"H1,L1",1253965824.0,1253966336.0,processing,,1775733089.245559
4512,972,"H1,L1",1253965824.0,1253966336.0,processing,,1775733660.2444818
4513,973,"H1,L1",1253965824.0,1253966336.0,processing,,1775734234.2505617
4514,974,"H1,L1",1253965824.0,1253966336.0,processing,,1775734806.7595632
4515,975,"H1,L1",1253965824.0,1253966336.0,processing,,1775735378.216682
4516,976,"H1,L1",1253965824.0,1253966336.0,processing,,1775735948.4884837
4517,977,"H1,L1",1253965824.0,1253966336.0,processing,,1775736520.2768981
4518,978,"H1,L1",1253965824.0,1253966336.0,processing,,1775737091.4386346
4519,979,"H1,L1",1253965824.0,1253966336.0,processing,,1775737662.4873536
4520,980,"H1,L1",1253965824.0,1253966336.0,processing,,1775738234.2540126
4521,981,"H1,L1",1253965824.0,1253966336.0,processing,,1775738806.4729574
4522,982,"H1,L1",1253965824.0,1253966336.0,processing,,1775739378.7344687
4523,983,"H1,L1",1253965824.0,1253966336.0,processing,,1775739949.9828558
4524,984,"H1,L1",1253965824.0,1253966336.0,processing,,1775740521.2817795
4525,985,"H1,L1",1253965824.0,1253966336.0,processing,,1775741093.7177482
4526,986,"H1,L1",1253965824.0,1253966336.0,processing,,1775741666.4944484
4527,987,"H1,L1",1253965824.0,1253966336.0,processing,,1775742237.2297988
4528,988,"H1,L1",1253965824.0,1253966336.0,processing,,1775742809.4648633
4529,989,"H1,L1",1253965824.0,1253966336.0,processing,,1775743378.4556725
4530,990,"H1,L1",1253965824.0,1253966336.0,processing,,1775743950.992898
4531,991,"H1,L1",1253965824.0,1253966336.0,processing,,1775744523.7366557
4532,992,"H1,L1",1253965824.0,1253966336.0,processing,,1775745095.5294218
4533,993,"H1,L1",1253965824.0,1253966336.0,processing,,1775745666.9836042
4534,994,"H1,L1",1253965824.0,1253966336.0,processing,,1775746237.9855847
4535,995,"H1,L1",1253965824.0,1253966336.0,processing,,1775746807.2284486
4536,996,"H1,L1",1253965824.0,1253966336.0,processing,,1775747378.4761426
4537,997,"H1,L1",1253965824.0,1253966336.0,processing,,1775747952.0027585
4538,998,"H1,L1",1253965824.0,1253966336.0,processing,,1775748521.2091184
4539,999,"H1,L1",1253965824.0,1253966336.0,processing,,1775749092.9659753
4540,1000,"H1,L1",1253965824.0,1253966336.0,processing,,1775749665.2376184
4541,1001,"H1,L1",1253965824.0,1253966336.0,processing,,1775750236.218895
4542,1002,"H1,L1",1253965824.0,1253966336.0,processing,,1775750806.4656706
4543,1003,"H1,L1",1253965824.0,1253966336.0,processing,,1775751377.9980004
4544,1004,"H1,L1",1253965824.0,1253966336.0,processing,,1775751948.7184117
4545,1005,"H1,L1",1253965824.0,1253966336.0,processing,,1775752519.7458856
4546,1006,"H1,L1",1253965824.0,1253966336.0,processing,,1775753092.7428572
4547,1007,"H1,L1",1253965824.0,1253966336.0,processing,,1775753665.212216
4548,1008,"H1,L1",1253965824.0,1253966336.0,processing,,1775754236.001896
4549,1009,"H1,L1",1253965824.0,1253966336.0,processing,,1775754807.7355533
4550,1010,"H1,L1",1253965824.0,1253966336.0,processing,,1775755379.969045
4551,1011,"H1,L1",1253965824.0,1253966336.0,processing,,1775755951.5000925
4552,1012,"H1,L1",1253965824.0,1253966336.0,processing,,1775756523.747142
4553,1013,"H1,L1",1253965824.0,1253966336.0,processing,,1775757095.0140133
4554,1014,"H1,L1",1253965824.0,1253966336.0,processing,,1775757668.4593782
4555,1015,"H1,L1",1253965824.0,1253966336.0,processing,,1775758242.7332096
4556,1016,"H1,L1",1253965824.0,1253966336.0,processing,,1775758813.5008054
4557,1017,"H1,L1",1253965824.0,1253966336.0,processing,,1775759383.4967241
4558,1018,"H1,L1",1253965824.0,1253966336.0,processing,,1775759953.254734
4559,1019,"H1,L1",1253965824.0,1253966336.0,processing,,1775760524.9907556
4560,1020,"H1,L1",1253965824.0,1253966336.0,processing,,1775761096.4956672
4561,1021,"H1,L1",1253965824.0,1253966336.0,processing,,1775761668.4862552
4562,1022,"H1,L1",1253965824.0,1253966336.0,processing,,1775762239.9978545
4563,1023,"H1,L1",1253965824.0,1253966336.0,processing,,1775762812.2223818
4564,1024,"H1,L1",1253965824.0,1253966336.0,processing,,1775763381.972699
4565,1025,"H1,L1",1253965824.0,1253966336.0,processing,,1775763953.4965103
4566,1026,"H1,L1",1253965824.0,1253966336.0,processing,,1775764524.0007572
4567,1027,"H1,L1",1253965824.0,1253966336.0,processing,,1775765097.4744802
4568,1028,"H1,L1",1253965824.0,1253966336.0,processing,,1775765667.2481422
4569,1029,"H1,L1",1253965824.0,1253966336.0,processing,,1775766241.737778
4570,1030,"H1,L1",1253965824.0,1253966336.0,processing,,1775766812.498328
4571,1031,"H1,L1",1253965824.0,1253966336.0,processing,,1775767384.4828157
4572,1032,"H1,L1",1253965824.0,1253966336.0,processing,,1775767955.206034
4573,1033,"H1,L1",1253965824.0,1253966336.0,processing,,1775768528.244788
4574,1034,"H1,L1",1253965824.0,1253966336.0,processing,,1775769100.7042425
4575,1035,"H1,L1",1253965824.0,1253966336.0,processing,,1775769673.995179
4576,1036,"H1,L1",1253965824.0,1253966336.0,processing,,1775770243.23559
4577,1037,"H1,L1",1253965824.0,1253966336.0,processing,,1775770815.0062294
4578,1038,"H1,L1",1253965824.0,1253966336.0,processing,,1775771386.4820669
4579,1039,"H1,L1",1253965824.0,1253966336.0,processing,,1775771957.729614
4580,1040,"H1,L1",1253965824.0,1253966336.0,processing,,1775772529.7466908
4581,1041,"H1,L1",1253965824.0,1253966336.0,processing,,1775773102.207166
4582,1042,"H1,L1",1253965824.0,1253966336.0,processing,,1775773672.4655728
4583,1043,"H1,L1",1253965824.0,1253966336.0,processing,,1775774244.206459
4584,1044,"H1,L1",1253965824.0,1253966336.0,processing,,1775774817.4854236
4585,1045,"H1,L1",1253965824.0,1253966336.0,processing,,1775775390.7281728
4586,1046,"H1,L1",1253965824.0,1253966336.0,processing,,1775775964.9544115
4587,1047,"H1,L1",1253965824.0,1253966336.0,processing,,1775776535.4839556
4588,1048,"H1,L1",1253965824.0,1253966336.0,processing,,1775777107.7350295
4589,1049,"H1,L1",1253965824.0,1253966336.0,processing,,1775777679.4782348
4590,1050,"H1,L1",1253965824.0,1253966336.0,processing,,1775778251.733803
4591,1051,"H1,L1",1253965824.0,1253966336.0,processing,,1775778822.0038679
4592,1052,"H1,L1",1253965824.0,1253966336.0,processing,,1775779392.5067904
4593,1053,"H1,L1",1253965824.0,1253966336.0,processing,,1775779963.2254012
4594,1054,"H1,L1",1253965824.0,1253966336.0,processing,,1775780537.0004082
4595,1055,"H1,L1",1253965824.0,1253966336.0,processing,,1775781108.49997
4596,1056,"H1,L1",1253965824.0,1253966336.0,processing,,1775781680.7318246
4597,1057,"H1,L1",1253965824.0,1253966336.0,processing,,1775782252.9772608
4598,1058,"H1,L1",1253965824.0,1253966336.0,processing,,1775782825.2542207
4599,1059,"H1,L1",1253965824.0,1253966336.0,processing,,1775783418.2453942
4600,1060,"H1,L1",1253965824.0,1253966336.0,processing,,1775783989.1860232
4601,1061,"H1,L1",1253965824.0,1253966336.0,processing,,1775784560.9659877
4602,1062,"H1,L1",1253965824.0,1253966336.0,processing,,1775785133.4513438
4603,1063,"H1,L1",1253965824.0,1253966336.0,processing,,1775785704.2309964
4604,1064,"H1,L1",1253965824.0,1253966336.0,processing,,1775786275.7116992
4605,1065,"H1,L1",1253965824.0,1253966336.0,processing,,1775786848.9962368
4606,1066,"H1,L1",1253965824.0,1253966336.0,processing,,1775787422.2484367
4607,1067,"H1,L1",1253965824.0,1253966336.0,processing,,1775787995.2499967
4608,1068,"H1,L1",1253965824.0,1253966336.0,processing,,1775788568.4732208
4609,1069,"H1,L1",1253965824.0,1253966336.0,processing,,1775789142.2353792
4610,1070,"H1,L1",1253965824.0,1253966336.0,processing,,1775789716.4765508
4611,1071,"H1,L1",1253965824.0,1253966336.0,processing,,1775790288.7349486
4612,1072,"H1,L1",1253965824.0,1253966336.0,processing,,1775790860.7394037
4613,1073,"H1,L1",1253965824.0,1253966336.0,processing,,1775791433.7319448
4614,1074,"H1,L1",1253965824.0,1253966336.0,processing,,1775792008.2817125
4615,1075,"H1,L1",1253965824.0,1253966336.0,processing,,1775792581.7666173
4616,1076,"H1,L1",1253965824.0,1253966336.0,processing,,1775793254.9749415
4617,1077,"H1,L1",1253965824.0,1253966336.0,processing,,1775793830.0107703
4618,1078,"H1,L1",1253965824.0,1253966336.0,processing,,1775794401.5185187
4619,1079,"H1,L1",1253965824.0,1253966336.0,processing,,1775794972.9466717
4620,1080,"H1,L1",1253965824.0,1253966336.0,processing,,1775795545.4314048
4621,1081,"H1,L1",1253965824.0,1253966336.0,processing,,1775796117.224597
4622,1082,"H1,L1",1253965824.0,1253966336.0,processing,,1775796691.448726
4623,1083,"H1,L1",1253965824.0,1253966336.0,processing,,1775797263.7183728
4624,1084,"H1,L1",1253965824.0,1253966336.0,processing,,1775797837.2230897
4625,1085,"H1,L1",1253965824.0,1253966336.0,processing,,1775798409.4908109
4626,1086,"H1,L1",1253965824.0,1253966336.0,processing,,1775798983.4915814
4627,1087,"H1,L1",1253965824.0,1253966336.0,processing,,1775799555.209244
4628,1088,"H1,L1",1253965824.0,1253966336.0,processing,,1775800130.2301304
4629,1089,"H1,L1",1253965824.0,1253966336.0,processing,,1775800706.456184
4630,1090,"H1,L1",1253965824.0,1253966336.0,processing,,1775801279.0011573
4631,1091,"H1,L1",1253965824.0,1253966336.0,processing,,1775801851.9567587
4632,1092,"H1,L1",1253965824.0,1253966336.0,processing,,1775802423.4669175
4633,1093,"H1,L1",1253965824.0,1253966336.0,processing,,1775802994.228314
4634,1094,"H1,L1",1253965824.0,1253966336.0,processing,,1775803569.257216
4635,1095,"H1,L1",1253965824.0,1253966336.0,processing,,1775804141.7168922
4636,1096,"H1,L1",1253965824.0,1253966336.0,processing,,1775804714.2049224
4637,1097,"H1,L1",1253965824.0,1253966336.0,processing,,1775805284.7568104
4638,1098,"H1,L1",1253965824.0,1253966336.0,processing,,1775805855.9737277
4639,1099,"H1,L1",1253965824.0,1253966336.0,processing,,1775806429.4936435
4640,1100,"H1,L1",1253965824.0,1253966336.0,processing,,1775807001.7080534
4641,1101,"H1,L1",1253965824.0,1253966336.0,processing,,1775807572.9807107
4642,1102,"H1,L1",1253965824.0,1253966336.0,processing,,1775808145.2688587
4643,1103,"H1,L1",1253965824.0,1253966336.0,processing,,1775808718.7519925
4644,1104,"H1,L1",1253965824.0,1253966336.0,processing,,1775809293.9662504
4645,1105,"H1,L1",1253965824.0,1253966336.0,processing,,1775809866.9952629
4646,1106,"H1,L1",1253965824.0,1253966336.0,processing,,1775810441.9874434
4647,1107,"H1,L1",1253965824.0,1253966336.0,processing,,1775811015.7442575
4648,1108,"H1,L1",1253965824.0,1253966336.0,processing,,1775811589.7527936
4649,1109,"H1,L1",1253965824.0,1253966336.0,processing,,1775812163.2247486
4650,1110,"H1,L1",1253965824.0,1253966336.0,processing,,1775812739.746749
4651,1111,"H1,L1",1253965824.0,1253966336.0,processing,,1775813312.7384632
4652,1112,"H1,L1",1253965824.0,1253966336.0,processing,,1775813887.7531292
4653,1113,"H1,L1",1253965824.0,1253966336.0,processing,,1775814460.7247317
4654,1114,"H1,L1",1253965824.0,1253966336.0,processing,,1775815032.707943
4655,1115,"H1,L1",1253965824.0,1253966336.0,processing,,1775815604.7360952
4656,1116,"H1,L1",1253965824.0,1253966336.0,processing,,1775816178.0018642
4657,1117,"H1,L1",1253965824.0,1253966336.0,processing,,1775816751.559131
4658,1118,"H1,L1",1253965824.0,1253966336.0,processing,,1775817326.471151
4659,1119,"H1,L1",1253965824.0,1253966336.0,processing,,1775817902.4707944
4660,1120,"H1,L1",1253965824.0,1253966336.0,processing,,1775818475.2405314
4661,1121,"H1,L1",1253965824.0,1253966336.0,processing,,1775819049.7376328
4662,1122,"H1,L1",1253965824.0,1253966336.0,processing,,1775819626.1904502
4663,1123,"H1,L1",1253965824.0,1253966336.0,processing,,1775820198.4584696
4664,1124,"H1,L1",1253965824.0,1253966336.0,processing,,1775820771.4696403
4665,1125,"H1,L1",1253965824.0,1253966336.0,processing,,1775821345.733782
4666,1126,"H1,L1",1253965824.0,1253966336.0,processing,,1775821919.7423234
4667,1127,"H1,L1",1253965824.0,1253966336.0,processing,,1775822491.256997
4668,1128,"H1,L1",1253965824.0,1253966336.0,processing,,1775823066.0026386
4669,1129,"H1,L1",1253965824.0,1253966336.0,processing,,1775823640.723055
4670,1130,"H1,L1",1253965824.0,1253966336.0,processing,,1775824213.0161183
4671,1131,"H1,L1",1253965824.0,1253966336.0,processing,,1775824786.241659
4672,1132,"H1,L1",1253965824.0,1253966336.0,processing,,1775825361.2302241
4673,1133,"H1,L1",1253965824.0,1253966336.0,processing,,1775825933.7363856
4674,1134,"H1,L1",1253965824.0,1253966336.0,processing,,1775826509.5128508
4675,1135,"H1,L1",1253965824.0,1253966336.0,processing,,1775827084.7358055
4676,1136,"H1,L1",1253965824.0,1253966336.0,processing,,1775827658.4908142
4677,1137,"H1,L1",1253965824.0,1253966336.0,processing,,1775828230.0049284
4678,1138,"H1,L1",1253965824.0,1253966336.0,processing,,1775828801.2234404
4679,1139,"H1,L1",1253965824.0,1253966336.0,processing,,1775829373.7231107
4680,1140,"H1,L1",1253965824.0,1253966336.0,processing,,1775829944.7422035
4681,1141,"H1,L1",1253965824.0,1253966336.0,processing,,1775830517.0049963
4682,1142,"H1,L1",1253965824.0,1253966336.0,processing,,1775831089.4697096
4683,1143,"H1,L1",1253965824.0,1253966336.0,processing,,1775831663.2187932
4684,1144,"H1,L1",1253965824.0,1253966336.0,processing,,1775832236.238626
4685,1145,"H1,L1",1253965824.0,1253966336.0,processing,,1775832809.731564
4686,1146,"H1,L1",1253965824.0,1253966336.0,processing,,1775833382.7220125
4687,1147,"H1,L1",1253965824.0,1253966336.0,processing,,1775833954.2341962
4688,1148,"H1,L1",1253965824.0,1253966336.0,processing,,1775834527.7576919
4689,1149,"H1,L1",1253965824.0,1253966336.0,processing,,1775835102.1868267
4690,1150,"H1,L1",1253965824.0,1253966336.0,processing,,1775835676.239973
4691,1151,"H1,L1",1253965824.0,1253966336.0,processing,,1775836248.0037584
4692,1152,"H1,L1",1253965824.0,1253966336.0,processing,,1775836823.9855335
4693,1153,"H1,L1",1253965824.0,1253966336.0,processing,,1775837397.2411213
4694,1154,"H1,L1",1253965824.0,1253966336.0,processing,,1775837969.985123
4695,1155,"H1,L1",1253965824.0,1253966336.0,processing,,1775838540.2484467
4696,1156,"H1,L1",1253965824.0,1253966336.0,processing,,1775839112.7318041
4697,1157,"H1,L1",1253965824.0,1253966336.0,processing,,1775839684.9950955
4698,1158,"H1,L1",1253965824.0,1253966336.0,processing,,1775840258.5144231
4699,1159,"H1,L1",1253965824.0,1253966336.0,processing,,1775840833.480417
4700,1160,"H1,L1",1253965824.0,1253966336.0,processing,,1775841404.9737546
4701,1161,"H1,L1",1253965824.0,1253966336.0,processing,,1775841978.2271616
4702,1162,"H1,L1",1253965824.0,1253966336.0,processing,,1775842550.4657156
4703,1163,"H1,L1",1253965824.0,1253966336.0,processing,,1775843124.229862
4704,1164,"H1,L1",1253965824.0,1253966336.0,processing,,1775843696.216476
4705,1165,"H1,L1",1253965824.0,1253966336.0,processing,,1775844268.4746842
4706,1166,"H1,L1",1253965824.0,1253966336.0,processing,,1775844841.9486625
4707,1167,"H1,L1",1253965824.0,1253966336.0,processing,,1775845415.4719172
4708,1168,"H1,L1",1253965824.0,1253966336.0,processing,,1775845989.9553251
4709,1169,"H1,L1",1253965824.0,1253966336.0,processing,,1775846562.2230275
4710,1170,"H1,L1",1253965824.0,1253966336.0,processing,,1775847135.2273695
4711,1171,"H1,L1",1253965824.0,1253966336.0,processing,,1775847707.4888968
4712,1172,"H1,L1",1253965824.0,1253966336.0,processing,,1775848281.2340643
4713,1173,"H1,L1",1253965824.0,1253966336.0,processing,,1775848854.7342458
4714,1174,"H1,L1",1253965824.0,1253966336.0,processing,,1775849429.7259412
4715,1175,"H1,L1",1253965824.0,1253966336.0,processing,,1775850001.2219906
4716,1176,"H1,L1",1253965824.0,1253966336.0,processing,,1775850575.5104961
4717,1177,"H1,L1",1253965824.0,1253966336.0,processing,,1775851145.485621
4718,1178,"H1,L1",1253965824.0,1253966336.0,processing,,1775851717.2498686
4719,1179,"H1,L1",1253965824.0,1253966336.0,processing,,1775852299.2176363
4720,1180,"H1,L1",1253965824.0,1253966336.0,processing,,1775852871.7400963
4721,1181,"H1,L1",1253965824.0,1253966336.0,processing,,1775853448.2488208
4722,1182,"H1,L1",1253965824.0,1253966336.0,processing,,1775854021.472532
4723,1183,"H1,L1",1253965824.0,1253966336.0,processing,,1775854593.9892943
4724,1184,"H1,L1",1253965824.0,1253966336.0,processing,,1775855165.4614506
4725,1185,"H1,L1",1253965824.0,1253966336.0,processing,,1775855738.8218942
4726,1186,"H1,L1",1253965824.0,1253966336.0,processing,,1775856312.7157423
4727,1187,"H1,L1",1253965824.0,1253966336.0,processing,,1775856886.2249563
4728,1188,"H1,L1",1253965824.0,1253966336.0,processing,,1775857458.7180533
4729,1189,"H1,L1",1253965824.0,1253966336.0,processing,,1775858032.7585015
4730,1190,"H1,L1",1253965824.0,1253966336.0,processing,,1775858610.9991457
4731,1191,"H1,L1",1253965824.0,1253966336.0,processing,,1775859184.7417192
4732,1192,"H1,L1",1253965824.0,1253966336.0,processing,,1775859756.242814
4733,1193,"H1,L1",1253965824.0,1253966336.0,processing,,1775860328.4774237
4734,1194,"H1,L1",1253965824.0,1253966336.0,processing,,1775860900.492578
4735,1195,"H1,L1",1253965824.0,1253966336.0,processing,,1775861471.7130983
4736,1196,"H1,L1",1253965824.0,1253966336.0,processing,,1775862043.7116084
4737,1197,"H1,L1",1253965824.0,1253966336.0,processing,,1775862616.2668185
4738,1198,"H1,L1",1253965824.0,1253966336.0,processing,,1775863189.9654286
4739,1199,"H1,L1",1253965824.0,1253966336.0,processing,,1775863763.7262883
4740,1200,"H1,L1",1253965824.0,1253966336.0,processing,,1775864335.97659
4741,1201,"H1,L1",1253965824.0,1253966336.0,processing,,1775864909.5253992
4742,1202,"H1,L1",1253965824.0,1253966336.0,processing,,1775865579.732319
4743,1203,"H1,L1",1253965824.0,1253966336.0,processing,,1775866152.9953039
4744,1204,"H1,L1",1253965824.0,1253966336.0,processing,,1775866725.7197952
4745,1205,"H1,L1",1253965824.0,1253966336.0,processing,,1775867296.4709494
4746,1206,"H1,L1",1253965824.0,1253966336.0,processing,,1775867869.4892986
4747,1207,"H1,L1",1253965824.0,1253966336.0,processing,,1775868444.9908984
4748,1208,"H1,L1",1253965824.0,1253966336.0,processing,,1775869018.4997218
4749,1209,"H1,L1",1253965824.0,1253966336.0,processing,,1775869589.7406695
4750,1210,"H1,L1",1253965824.0,1253966336.0,processing,,1775870169.4593883
4751,1211,"H1,L1",1253965824.0,1253966336.0,processing,,1775870744.9430077
4752,1212,"H1,L1",1253965824.0,1253966336.0,processing,,1775871317.2482622
4753,1213,"H1,L1",1253965824.0,1253966336.0,processing,,1775871890.7482426
4754,1214,"H1,L1",1253965824.0,1253966336.0,processing,,1775872461.7229886
4755,1215,"H1,L1",1253965824.0,1253966336.0,processing,,1775873034.0011096
4756,1216,"H1,L1",1253965824.0,1253966336.0,processing,,1775873606.9904559
4757,1217,"H1,L1",1253965824.0,1253966336.0,processing,,1775874179.0017743
4758,1218,"H1,L1",1253965824.0,1253966336.0,processing,,1775874752.501683
4759,1219,"H1,L1",1253965824.0,1253966336.0,processing,,1775875327.7327888
4760,1220,"H1,L1",1253965824.0,1253966336.0,processing,,1775875901.4635494
4761,1221,"H1,L1",1253965824.0,1253966336.0,processing,,1775876475.5029564
4762,1222,"H1,L1",1253965824.0,1253966336.0,processing,,1775877049.7175798
4763,1223,"H1,L1",1253965824.0,1253966336.0,processing,,1775877621.983004
4764,1224,"H1,L1",1253965824.0,1253966336.0,processing,,1775878194.245183
4765,1225,"H1,L1",1253965824.0,1253966336.0,processing,,1775878766.219215
4766,1226,"H1,L1",1253965824.0,1253966336.0,processing,,1775879339.9695816
4767,1227,"H1,L1",1253965824.0,1253966336.0,processing,,1775879912.723068
4768,1228,"H1,L1",1253965824.0,1253966336.0,processing,,1775880484.4790728
4769,1229,"H1,L1",1253965824.0,1253966336.0,processing,,1775881056.7413254
4770,1230,"H1,L1",1253965824.0,1253966336.0,processing,,1775881629.5175912
4771,1231,"H1,L1",1253965824.0,1253966336.0,processing,,1775882205.4447355
4772,1232,"H1,L1",1253965824.0,1253966336.0,processing,,1775882779.2365086
4773,1233,"H1,L1",1253965824.0,1253966336.0,processing,,1775883352.6941378
4774,1234,"H1,L1",1253965824.0,1253966336.0,processing,,1775883922.9860835
4775,1235,"H1,L1",1253965824.0,1253966336.0,processing,,1775884495.765809
4776,1236,"H1,L1",1253965824.0,1253966336.0,processing,,1775885068.9808552
4777,1237,"H1,L1",1253965824.0,1253966336.0,processing,,1775885641.7354283
4778,1238,"H1,L1",1253965824.0,1253966336.0,processing,,1775886213.7382622
4779,1239,"H1,L1",1253965824.0,1253966336.0,processing,,1775886784.5180554
4780,1240,"H1,L1",1253965824.0,1253966336.0,processing,,1775887357.9922383
4781,1241,"H1,L1",1253965824.0,1253966336.0,processing,,1775887941.2276523
4782,1242,"H1,L1",1253965824.0,1253966336.0,processing,,1775888514.965867
4783,1243,"H1,L1",1253965824.0,1253966336.0,processing,,1775889089.967795
4784,1244,"H1,L1",1253965824.0,1253966336.0,processing,,1775889664.4860487
4785,1245,"H1,L1",1253965824.0,1253966336.0,processing,,1775890235.9738297
4786,1246,"H1,L1",1253965824.0,1253966336.0,processing,,1775890808.211884
4787,1247,"H1,L1",1253965824.0,1253966336.0,processing,,1775891385.2314446
4788,1248,"H1,L1",1253965824.0,1253966336.0,processing,,1775891957.2659886
4789,1249,"H1,L1",1253965824.0,1253966336.0,processing,,1775892528.7628837
4790,1250,"H1,L1",1253965824.0,1253966336.0,processing,,1775893110.1806455
4791,1251,"H1,L1",1253965824.0,1253966336.0,processing,,1775893682.2499418
4792,1252,"H1,L1",1253965824.0,1253966336.0,processing,,1775894255.0101295
4793,1253,"H1,L1",1253965824.0,1253966336.0,processing,,1775894827.9978037
4794,1254,"H1,L1",1253965824.0,1253966336.0,processing,,1775895400.7448254
4795,1255,"H1,L1",1253965824.0,1253966336.0,processing,,1775895976.9883087
4796,1256,"H1,L1",1253965824.0,1253966336.0,processing,,1775896550.2181575
4797,1257,"H1,L1",1253965824.0,1253966336.0,processing,,1775897123.4607718
4798,1258,"H1,L1",1253965824.0,1253966336.0,processing,,1775897696.9841383
4799,1259,"H1,L1",1253965824.0,1253966336.0,processing,,1775898270.239643
4800,1260,"H1,L1",1253965824.0,1253966336.0,processing,,1775898843.4789476
4801,1261,"H1,L1",1253965824.0,1253966336.0,processing,,1775899416.9516985
4802,1262,"H1,L1",1253965824.0,1253966336.0,processing,,1775899990.5072255
4803,1263,"H1,L1",1253965824.0,1253966336.0,processing,,1775900564.7455468
4804,1264,"H1,L1",1253965824.0,1253966336.0,processing,,1775901136.7537034
4805,1265,"H1,L1",1253965824.0,1253966336.0,processing,,1775901714.4897878
4806,1266,"H1,L1",1253965824.0,1253966336.0,processing,,1775902285.9885674
4807,1267,"H1,L1",1253965824.0,1253966336.0,processing,,1775902858.22616
4808,1268,"H1,L1",1253965824.0,1253966336.0,processing,,1775903435.2321556
4809,1269,"H1,L1",1253965824.0,1253966336.0,processing,,1775904009.036625
4810,1270,"H1,L1",1253965824.0,1253966336.0,processing,,1775904582.5068078
4811,1271,"H1,L1",1253965824.0,1253966336.0,processing,,1775905154.755173
4812,1272,"H1,L1",1253965824.0,1253966336.0,processing,,1775905725.7613184
4813,1273,"H1,L1",1253965824.0,1253966336.0,processing,,1775906297.9942706
4814,1274,"H1,L1",1253965824.0,1253966336.0,processing,,1775906873.735092
4815,1275,"H1,L1",1253965824.0,1253966336.0,processing,,1775907444.9684894
4816,1276,"H1,L1",1253965824.0,1253966336.0,processing,,1775908017.7494025
4817,1277,"H1,L1",1253965824.0,1253966336.0,processing,,1775908590.4848807
4818,1278,"H1,L1",1253965824.0,1253966336.0,processing,,1775909162.5061102
4819,1279,"H1,L1",1253965824.0,1253966336.0,processing,,1775909735.988371
4820,1280,"H1,L1",1253965824.0,1253966336.0,processing,,1775910308.7175875
4821,1281,"H1,L1",1253965824.0,1253966336.0,processing,,1775910881.4542358
4822,1282,"H1,L1",1253965824.0,1253966336.0,processing,,1775911461.7285697
4823,1283,"H1,L1",1253965824.0,1253966336.0,processing,,1775912034.5081005
4824,1284,"H1,L1",1253965824.0,1253966336.0,processing,,1775912605.7634199
4825,1285,"H1,L1",1253965824.0,1253966336.0,processing,,1775913177.1547546
4826,1286,"H1,L1",1253965824.0,1253966336.0,processing,,1775913750.0124557
4827,1287,"H1,L1",1253965824.0,1253966336.0,processing,,1775914322.725553
4828,1288,"H1,L1",1253965824.0,1253966336.0,processing,,1775914895.984125
4829,1289,"H1,L1",1253965824.0,1253966336.0,processing,,1775915469.9815369
4830,1290,"H1,L1",1253965824.0,1253966336.0,processing,,1775916042.5069606
4831,1291,"H1,L1",1253965824.0,1253966336.0,processing,,1775916613.5256214
4832,1292,"H1,L1",1253965824.0,1253966336.0,processing,,1775917185.247873
4833,1293,"H1,L1",1253965824.0,1253966336.0,processing,,1775917756.2430289
4834,1294,"H1,L1",1253965824.0,1253966336.0,processing,,1775918331.4796453
4835,1295,"H1,L1",1253965824.0,1253966336.0,processing,,1775918903.7195063
4836,1296,"H1,L1",1253965824.0,1253966336.0,processing,,1775919479.0003598
4837,1297,"H1,L1",1253965824.0,1253966336.0,processing,,1775920050.4775255
4838,1298,"H1,L1",1253965824.0,1253966336.0,processing,,1775920620.506079
4839,1299,"H1,L1",1253965824.0,1253966336.0,processing,,1775921193.4690056
4840,1300,"H1,L1",1253965824.0,1253966336.0,processing,,1775921766.2328188
4841,1301,"H1,L1",1253965824.0,1253966336.0,processing,,1775922336.9966016
4842,1302,"H1,L1",1253965824.0,1253966336.0,processing,,1775922906.5005732
4843,1303,"H1,L1",1253965824.0,1253966336.0,processing,,1775923479.2196994
4844,1304,"H1,L1",1253965824.0,1253966336.0,processing,,1775924050.0025618
4845,1305,"H1,L1",1253965824.0,1253966336.0,processing,,1775924623.1947358
4846,1306,"H1,L1",1253965824.0,1253966336.0,processing,,1775925194.2433646
4847,1307,"H1,L1",1253965824.0,1253966336.0,processing,,1775925766.996226
4848,1308,"H1,L1",1253965824.0,1253966336.0,processing,,1775926340.2171588
4849,1309,"H1,L1",1253965824.0,1253966336.0,processing,,1775926916.2651086
4850,1310,"H1,L1",1253965824.0,1253966336.0,processing,,1775927490.735181
4851,1311,"H1,L1",1253965824.0,1253966336.0,processing,,1775928062.2470484
4852,1312,"H1,L1",1253965824.0,1253966336.0,processing,,1775928633.9803607
4853,1313,"H1,L1",1253965824.0,1253966336.0,processing,,1775929205.7299478
4854,1314,"H1,L1",1253965824.0,1253966336.0,processing,,1775929776.2721677
4855,1315,"H1,L1",1253965824.0,1253966336.0,processing,,1775930347.2699332
4856,1316,"H1,L1",1253965824.0,1253966336.0,processing,,1775930921.2443876
4857,1317,"H1,L1",1253965824.0,1253966336.0,processing,,1775931503.2485716
4858,1318,"H1,L1",1253965824.0,1253966336.0,processing,,1775932076.4984167
4859,1319,"H1,L1",1253965824.0,1253966336.0,processing,,1775932647.970079
4860,1320,"H1,L1",1253965824.0,1253966336.0,processing,,1775933220.7172627
4861,1321,"H1,L1",1253965824.0,1253966336.0,processing,,1775933793.4532554
4862,1322,"H1,L1",1253965824.0,1253966336.0,processing,,1775934377.7293804
4863,1323,"H1,L1",1253965824.0,1253966336.0,processing,,1775934955.946011
4864,1324,"H1,L1",1253965824.0,1253966336.0,processing,,1775935532.5015695
4865,1325,"H1,L1",1253965824.0,1253966336.0,processing,,1775936104.479113
4866,1326,"H1,L1",1253965824.0,1253966336.0,processing,,1775936679.2391934
4867,1327,"H1,L1",1253965824.0,1253966336.0,processing,,1775937251.733196
4868,1328,"H1,L1",1253965824.0,1253966336.0,processing,,1775937828.979803
4869,1329,"H1,L1",1253965824.0,1253966336.0,processing,,1775938399.7247846
4870,1330,"H1,L1",1253965824.0,1253966336.0,processing,,1775938970.9739769
4871,1331,"H1,L1",1253965824.0,1253966336.0,processing,,1775939543.1932719
4872,1332,"H1,L1",1253965824.0,1253966336.0,processing,,1775940117.0218897
4873,1333,"H1,L1",1253965824.0,1253966336.0,processing,,1775940689.47583
4874,1334,"H1,L1",1253965824.0,1253966336.0,processing,,1775941264.4896712
4875,1335,"H1,L1",1253965824.0,1253966336.0,processing,,1775941839.5534234
4876,1336,"H1,L1",1253965824.0,1253966336.0,processing,,1775942414.2649899
4877,1337,"H1,L1",1253965824.0,1253966336.0,processing,,1775942987.0075855
4878,1338,"H1,L1",1253965824.0,1253966336.0,processing,,1775943558.4664023
4879,1339,"H1,L1",1253965824.0,1253966336.0,processing,,1775944130.4247317
4880,1340,"H1,L1",1253965824.0,1253966336.0,processing,,1775944703.2130818
4881,1341,"H1,L1",1253965824.0,1253966336.0,processing,,1775945277.7147021
4882,1342,"H1,L1",1253965824.0,1253966336.0,processing,,1775945851.485389
4883,1343,"H1,L1",1253965824.0,1253966336.0,processing,,1775946423.7304053
4884,1344,"H1,L1",1253965824.0,1253966336.0,processing,,1775946997.9838953
4885,1345,"H1,L1",1253965824.0,1253966336.0,processing,,1775947568.9809453
4886,1346,"H1,L1",1253965824.0,1253966336.0,processing,,1775948141.2455354
4887,1347,"H1,L1",1253965824.0,1253966336.0,processing,,1775948714.1943634
4888,1348,"H1,L1",1253965824.0,1253966336.0,processing,,1775949285.231287
4889,1349,"H1,L1",1253965824.0,1253966336.0,processing,,1775949868.9451735
4890,1350,"H1,L1",1253965824.0,1253966336.0,processing,,1775950442.240736
4891,1351,"H1,L1",1253965824.0,1253966336.0,processing,,1775951016.2520401
4892,1352,"H1,L1",1253965824.0,1253966336.0,processing,,1775951589.9676962
4893,1353,"H1,L1",1253965824.0,1253966336.0,processing,,1775952164.2350233
4894,1354,"H1,L1",1253965824.0,1253966336.0,processing,,1775952736.9926162
4895,1355,"H1,L1",1253965824.0,1253966336.0,processing,,1775953319.9788785
4896,1356,"H1,L1",1253965824.0,1253966336.0,processing,,1775953893.4858217
4897,1357,"H1,L1",1253965824.0,1253966336.0,processing,,1775954466.0103114
4898,1358,"H1,L1",1253965824.0,1253966336.0,processing,,1775955036.967021
4899,1359,"H1,L1",1253965824.0,1253966336.0,processing,,1775955609.0026963
4900,1360,"H1,L1",1253965824.0,1253966336.0,processing,,1775956183.70497
4901,1361,"H1,L1",1253965824.0,1253966336.0,processing,,1775956758.47204
4902,1362,"H1,L1",1253965824.0,1253966336.0,processing,,1775957330.9459677
4903,1363,"H1,L1",1253965824.0,1253966336.0,processing,,1775957902.9899864
4904,1364,"H1,L1",1253965824.0,1253966336.0,processing,,1775958474.2392616
4905,1365,"H1,L1",1253965824.0,1253966336.0,processing,,1775959047.7206197
4906,1366,"H1,L1",1253965824.0,1253966336.0,processing,,1775959618.9985445
4907,1367,"H1,L1",1253965824.0,1253966336.0,processing,,1775960192.7367187
4908,1368,"H1,L1",1253965824.0,1253966336.0,processing,,1775960769.9830005
4909,1369,"H1,L1",1253965824.0,1253966336.0,processing,,1775961343.7186775
4910,1370,"H1,L1",1253965824.0,1253966336.0,processing,,1775961916.9428518
4911,1371,"H1,L1",1253965824.0,1253966336.0,processing,,1775962494.493234
4912,1372,"H1,L1",1253965824.0,1253966336.0,processing,,1775963065.4878109
4913,1373,"H1,L1",1253965824.0,1253966336.0,processing,,1775963640.4879546
4914,1374,"H1,L1",1253965824.0,1253966336.0,processing,,1775964213.4888086
4915,1375,"H1,L1",1253965824.0,1253966336.0,processing,,1775964787.48424
4916,1376,"H1,L1",1253965824.0,1253966336.0,processing,,1775965358.7110746
4917,1377,"H1,L1",1253965824.0,1253966336.0,processing,,1775965933.7284434
4918,1378,"H1,L1",1253965824.0,1253966336.0,processing,,1775966507.4943485
4919,1379,"H1,L1",1253965824.0,1253966336.0,processing,,1775967081.4638197
4920,1380,"H1,L1",1253965824.0,1253966336.0,processing,,1775967656.7214162
4921,1381,"H1,L1",1253965824.0,1253966336.0,processing,,1775968230.2357512
4922,1382,"H1,L1",1253965824.0,1253966336.0,processing,,1775968802.4985921
4923,1383,"H1,L1",1253965824.0,1253966336.0,processing,,1775969374.488294
4924,1384,"H1,L1",1253965824.0,1253966336.0,processing,,1775969948.0044858
4925,1385,"H1,L1",1253965824.0,1253966336.0,processing,,1775970521.02357
4926,1386,"H1,L1",1253965824.0,1253966336.0,processing,,1775971093.2655592
4927,1387,"H1,L1",1253965824.0,1253966336.0,processing,,1775971665.4875016
4928,1388,"H1,L1",1253965824.0,1253966336.0,processing,,1775972237.7377598
4929,1389,"H1,L1",1253965824.0,1253966336.0,processing,,1775972811.237497
4930,1390,"H1,L1",1253965824.0,1253966336.0,processing,,1775973384.702282
4931,1391,"H1,L1",1253965824.0,1253966336.0,processing,,1775973958.2500513
4932,1392,"H1,L1",1253965824.0,1253966336.0,processing,,1775974530.492742
4933,1393,"H1,L1",1253965824.0,1253966336.0,processing,,1775975122.1796002
4934,1394,"H1,L1",1253965824.0,1253966336.0,processing,,1775975692.7439656
4935,1395,"H1,L1",1253965824.0,1253966336.0,processing,,1775976266.4629605
4936,1396,"H1,L1",1253965824.0,1253966336.0,processing,,1775976839.2300475
4937,1397,"H1,L1",1253965824.0,1253966336.0,processing,,1775977410.7216136
4938,1398,"H1,L1",1253965824.0,1253966336.0,processing,,1775977982.2358584
4939,1399,"H1,L1",1253965824.0,1253966336.0,processing,,1775978553.2212572
4940,1400,"H1,L1",1253965824.0,1253966336.0,processing,,1775979127.7011259
4941,1401,"H1,L1",1253965824.0,1253966336.0,processing,,1775979701.7172341
4942,1402,"H1,L1",1253965824.0,1253966336.0,processing,,1775980276.521771
4943,1403,"H1,L1",1253965824.0,1253966336.0,processing,,1775980848.0026705
4944,1404,"H1,L1",1253965824.0,1253966336.0,processing,,1775981420.4906337
4945,1405,"H1,L1",1253965824.0,1253966336.0,processing,,1775981991.6837914
4946,1406,"H1,L1",1253965824.0,1253966336.0,processing,,1775982572.215605
4947,1407,"H1,L1",1253965824.0,1253966336.0,processing,,1775983146.2047415
4948,1408,"H1,L1",1253965824.0,1253966336.0,processing,,1775983718.7549303
4949,1409,"H1,L1",1253965824.0,1253966336.0,processing,,1775984293.2507093
4950,1410,"H1,L1",1253965824.0,1253966336.0,processing,,1775984866.496643
4951,1411,"H1,L1",1253965824.0,1253966336.0,processing,,1775985440.501022
4952,1412,"H1,L1",1253965824.0,1253966336.0,processing,,1775986012.2342212
4953,1413,"H1,L1",1253965824.0,1253966336.0,processing,,1775986582.2097752
4954,1414,"H1,L1",1253965824.0,1253966336.0,processing,,1775987154.2355857
4955,1415,"H1,L1",1253965824.0,1253966336.0,processing,,1775987727.9888053
4956,1416,"H1,L1",1253965824.0,1253966336.0,processing,,1775988301.9920006
4957,1417,"H1,L1",1253965824.0,1253966336.0,processing,,1775988872.7129047
4958,1418,"H1,L1",1253965824.0,1253966336.0,processing,,1775989443.5071342
4959,1419,"H1,L1",1253965824.0,1253966336.0,processing,,1775990014.003655
4960,1420,"H1,L1",1253965824.0,1253966336.0,processing,,1775990585.4794028
4961,1421,"H1,L1",1253965824.0,1253966336.0,processing,,1775991159.4825058
4962,1422,"H1,L1",1253965824.0,1253966336.0,processing,,1775991731.9964914
4963,1423,"H1,L1",1253965824.0,1253966336.0,processing,,1775992305.5089183
4964,1424,"H1,L1",1253965824.0,1253966336.0,processing,,1775992876.216519
4965,1425,"H1,L1",1253965824.0,1253966336.0,processing,,1775993457.6520264
4966,1426,"H1,L1",1253965824.0,1253966336.0,processing,,1775994030.2237885
4967,1427,"H1,L1",1253965824.0,1253966336.0,processing,,1775994601.986031
4968,1428,"H1,L1",1253965824.0,1253966336.0,processing,,1775995174.7510798
4969,1429,"H1,L1",1253965824.0,1253966336.0,processing,,1775995754.2090425
4970,1430,"H1,L1",1253965824.0,1253966336.0,processing,,1775996324.486988
4971,1431,"H1,L1",1253965824.0,1253966336.0,processing,,1775996898.4923003
4972,1432,"H1,L1",1253965824.0,1253966336.0,processing,,1775997473.7424848
4973,1433,"H1,L1",1253965824.0,1253966336.0,processing,,1775998050.5232115
4974,1434,"H1,L1",1253965824.0,1253966336.0,processing,,1775998623.7050192
4975,1435,"H1,L1",1253965824.0,1253966336.0,processing,,1775999205.7200456
4976,1436,"H1,L1",1253965824.0,1253966336.0,processing,,1775999777.9727795
4977,1437,"H1,L1",1253965824.0,1253966336.0,processing,,1776000349.998431
4978,1438,"H1,L1",1253965824.0,1253966336.0,processing,,1776000924.0197852
4979,1439,"H1,L1",1253965824.0,1253966336.0,processing,,1776001500.2667096
4980,1440,"H1,L1",1253965824.0,1253966336.0,processing,,1776002073.4747498
4981,1441,"H1,L1",1253965824.0,1253966336.0,processing,,1776002646.139163
4982,1442,"H1,L1",1253965824.0,1253966336.0,processing,,1776003219.238959
4983,1443,"H1,L1",1253965824.0,1253966336.0,processing,,1776003790.7465415
4984,1444,"H1,L1",1253965824.0,1253966336.0,processing,,1776004362.7257814
4985,1445,"H1,L1",1253965824.0,1253966336.0,processing,,1776004936.234714
4986,1446,"H1,L1",1253965824.0,1253966336.0,processing,,1776005511.9871068
4987,1447,"H1,L1",1253965824.0,1253966336.0,processing,,1776006084.2276921
4988,1448,"H1,L1",1253965824.0,1253966336.0,processing,,1776006656.731718
4989,1449,"H1,L1",1253965824.0,1253966336.0,processing,,1776007240.7579813
4990,1450,"H1,L1",1253965824.0,1253966336.0,processing,,1776007811.976403
4991,1451,"H1,L1",1253965824.0,1253966336.0,processing,,1776008386.2207162
4992,1452,"H1,L1",1253965824.0,1253966336.0,processing,,1776008960.740555
4993,1453,"H1,L1",1253965824.0,1253966336.0,processing,,1776009533.2120476
4994,1454,"H1,L1",1253965824.0,1253966336.0,processing,,1776010106.5059066
4995,1455,"H1,L1",1253965824.0,1253966336.0,processing,,1776010708.5082376
4996,1456,"H1,L1",1253965824.0,1253966336.0,processing,,1776011281.4901457
4997,1457,"H1,L1",1253965824.0,1253966336.0,processing,,1776011857.490623
4998,1458,"H1,L1",1253965824.0,1253966336.0,processing,,1776012431.738574
4999,1459,"H1,L1",1253965824.0,1253966336.0,processing,,1776013005.4650958
5000,1460,"H1,L1",1253965824.0,1253966336.0,processing,,1776013577.7391343
5001,1461,"H1,L1",1253965824.0,1253966336.0,processing,,1776014149.972325
5002,1462,"H1,L1",1253965824.0,1253966336.0,processing,,1776014721.7417479
5003,1463,"H1,L1",1253965824.0,1253966336.0,processing,,1776015295.2349117
5004,1464,"H1,L1",1253965824.0,1253966336.0,processing,,1776015867.9694223
5005,1465,"H1,L1",1253965824.0,1253966336.0,processing,,1776016441.732384
5006,1466,"H1,L1",1253965824.0,1253966336.0,processing,,1776017015.708862
5007,1467,"H1,L1",1253965824.0,1253966336.0,processing,,1776017590.476878
5008,1468,"H1,L1",1253965824.0,1253966336.0,processing,,1776018162.468185
5009,1469,"H1,L1",1253965824.0,1253966336.0,processing,,1776018741.4977229
5010,1470,"H1,L1",1253965824.0,1253966336.0,processing,,1776019315.96747
5011,1471,"H1,L1",1253965824.0,1253966336.0,processing,,1776019891.2150633
5012,1472,"H1,L1",1253965824.0,1253966336.0,processing,,1776020462.740315
5013,1473,"H1,L1",1253965824.0,1253966336.0,processing,,1776021036.4760222
5014,1474,"H1,L1",1253965824.0,1253966336.0,processing,,1776021609.747561
5015,1475,"H1,L1",1253965824.0,1253966336.0,processing,,1776022182.4855049
5016,1476,"H1,L1",1253965824.0,1253966336.0,processing,,1776022765.2487912
5017,1477,"H1,L1",1253965824.0,1253966336.0,processing,,1776023338.7150674
5018,1478,"H1,L1",1253965824.0,1253966336.0,processing,,1776023912.992764
5019,1479,"H1,L1",1253965824.0,1253966336.0,processing,,1776024495.4897044
5020,1480,"H1,L1",1253965824.0,1253966336.0,processing,,1776025066.9731483
5021,1481,"H1,L1",1253965824.0,1253966336.0,processing,,1776025638.9680226
5022,1482,"H1,L1",1253965824.0,1253966336.0,processing,,1776026213.0051298
5023,1483,"H1,L1",1253965824.0,1253966336.0,processing,,1776026782.8033166
5024,1484,"H1,L1",1253965824.0,1253966336.0,processing,,1776027365.7272713
5025,1485,"H1,L1",1253965824.0,1253966336.0,processing,,1776027935.988705
5026,1486,"H1,L1",1253965824.0,1253966336.0,processing,,1776028508.729639
5027,1487,"H1,L1",1253965824.0,1253966336.0,processing,,1776029081.4935925
5028,1488,"H1,L1",1253965824.0,1253966336.0,processing,,1776029654.7457843
5029,1489,"H1,L1",1253965824.0,1253966336.0,processing,,1776030226.9806666
5030,1490,"H1,L1",1253965824.0,1253966336.0,processing,,1776030800.4779754
5031,1491,"H1,L1",1253965824.0,1253966336.0,processing,,1776031383.7348511
5032,1492,"H1,L1",1253965824.0,1253966336.0,processing,,1776031958.788035
5033,1493,"H1,L1",1253965824.0,1253966336.0,processing,,1776032529.7655046
5034,1494,"H1,L1",1253965824.0,1253966336.0,processing,,1776033101.7510338
5035,1495,"H1,L1",1253965824.0,1253966336.0,processing,,1776033675.7000525
5036,1496,"H1,L1",1253965824.0,1253966336.0,processing,,1776034247.734441
5037,1497,"H1,L1",1253965824.0,1253966336.0,processing,,1776034819.9709082
5038,1498,"H1,L1",1253965824.0,1253966336.0,processing,,1776035395.2658427
5039,1499,"H1,L1",1253965824.0,1253966336.0,processing,,1776035967.739159
5040,1500,"H1,L1",1253965824.0,1253966336.0,processing,,1776036539.001599
5041,1501,"H1,L1",1253965824.0,1253966336.0,processing,,1776037112.7188401
5042,1502,"H1,L1",1253965824.0,1253966336.0,processing,,1776037695.2408035
5043,1503,"H1,L1",1253965824.0,1253966336.0,processing,,1776038274.2158759
5044,1504,"H1,L1",1253965824.0,1253966336.0,processing,,1776038846.3388095
5045,1505,"H1,L1",1253965824.0,1253966336.0,processing,,1776039418.0012884
5046,1506,"H1,L1",1253965824.0,1253966336.0,processing,,1776039988.0078955
5047,1507,"H1,L1",1253965824.0,1253966336.0,processing,,1776040561.214114
5048,1508,"H1,L1",1253965824.0,1253966336.0,processing,,1776041133.9001656
5049,1509,"H1,L1",1253965824.0,1253966336.0,processing,,1776041721.4998457
5050,1510,"H1,L1",1253965824.0,1253966336.0,processing,,1776042296.2539687
5051,1511,"H1,L1",1253965824.0,1253966336.0,processing,,1776042870.2332203
5052,1512,"H1,L1",1253965824.0,1253966336.0,processing,,1776043442.2055929
5053,1513,"H1,L1",1253965824.0,1253966336.0,processing,,1776044011.4698966
5054,1514,"H1,L1",1253965824.0,1253966336.0,processing,,1776044595.2287142
5055,1515,"H1,L1",1253965824.0,1253966336.0,processing,,1776045182.492733
5056,1516,"H1,L1",1253965824.0,1253966336.0,processing,,1776045753.2504625
5057,1517,"H1,L1",1253965824.0,1253966336.0,processing,,1776046325.9700015
5058,1518,"H1,L1",1253965824.0,1253966336.0,processing,,1776046899.044608
5059,1519,"H1,L1",1253965824.0,1253966336.0,processing,,1776047479.5243554
5060,1520,"H1,L1",1253965824.0,1253966336.0,processing,,1776048052.4695253
5061,1521,"H1,L1",1253965824.0,1253966336.0,processing,,1776048623.4789681
5062,1522,"H1,L1",1253965824.0,1253966336.0,processing,,1776049195.4933841
5063,1523,"H1,L1",1253965824.0,1253966336.0,processing,,1776049766.733224
5064,1524,"H1,L1",1253965824.0,1253966336.0,processing,,1776050339.2236285
5065,1525,"H1,L1",1253965824.0,1253966336.0,processing,,1776050915.9939723
5066,1526,"H1,L1",1253965824.0,1253966336.0,processing,,1776051488.503307
5067,1527,"H1,L1",1253965824.0,1253966336.0,processing,,1776052061.4913836
5068,1528,"H1,L1",1253965824.0,1253966336.0,processing,,1776052634.7218754
5069,1529,"H1,L1",1253965824.0,1253966336.0,processing,,1776053209.971957
5070,1530,"H1,L1",1253965824.0,1253966336.0,processing,,1776053784.726834
5071,1531,"H1,L1",1253965824.0,1253966336.0,processing,,1776054358.241063
5072,1532,"H1,L1",1253965824.0,1253966336.0,processing,,1776054931.233938
5073,1533,"H1,L1",1253965824.0,1253966336.0,processing,,1776055504.992034
5074,1534,"H1,L1",1253965824.0,1253966336.0,processing,,1776056078.979795
5075,1535,"H1,L1",1253965824.0,1253966336.0,processing,,1776056651.723542
5076,1536,"H1,L1",1253965824.0,1253966336.0,processing,,1776057225.0001745
5077,1537,"H1,L1",1253965824.0,1253966336.0,processing,,1776057801.4764154
5078,1538,"H1,L1",1253965824.0,1253966336.0,processing,,1776058396.493684
5079,1539,"H1,L1",1253965824.0,1253966336.0,processing,,1776058969.2086596
5080,1540,"H1,L1",1253965824.0,1253966336.0,processing,,1776059539.4817603
5081,1541,"H1,L1",1253965824.0,1253966336.0,processing,,1776060111.9779973
5082,1542,"H1,L1",1253965824.0,1253966336.0,processing,,1776060684.4461
5083,1543,"H1,L1",1253965824.0,1253966336.0,processing,,1776061266.9750016
5084,1544,"H1,L1",1253965824.0,1253966336.0,processing,,1776061839.287322
5085,1545,"H1,L1",1253965824.0,1253966336.0,processing,,1776062410.719972
5086,1546,"H1,L1",1253965824.0,1253966336.0,processing,,1776062983.4937115
5087,1547,"H1,L1",1253965824.0,1253966336.0,processing,,1776063554.2296576
5088,1548,"H1,L1",1253965824.0,1253966336.0,processing,,1776064126.737181
5089,1549,"H1,L1",1253965824.0,1253966336.0,processing,,1776064697.7515056
5090,1550,"H1,L1",1253965824.0,1253966336.0,processing,,1776065270.7243114
5091,1551,"H1,L1",1253965824.0,1253966336.0,processing,,1776065842.7339067
5092,1552,"H1,L1",1253965824.0,1253966336.0,processing,,1776066413.4831605
5093,1553,"H1,L1",1253965824.0,1253966336.0,processing,,1776066985.977581
5094,1554,"H1,L1",1253965824.0,1253966336.0,processing,,1776067557.5013964
5095,1555,"H1,L1",1253965824.0,1253966336.0,processing,,1776068131.4668515
5096,1556,"H1,L1",1253965824.0,1253966336.0,processing,,1776068702.719668
5097,1557,"H1,L1",1253965824.0,1253966336.0,processing,,1776069277.2425513
5098,1558,"H1,L1",1253965824.0,1253966336.0,processing,,1776069849.7434146
5099,1559,"H1,L1",1253965824.0,1253966336.0,processing,,1776070421.7430875
5100,1560,"H1,L1",1253965824.0,1253966336.0,processing,,1776070993.7419436
5101,1561,"H1,L1",1253965824.0,1253966336.0,processing,,1776071565.4773493
5102,1562,"H1,L1",1253965824.0,1253966336.0,processing,,1776072140.5259974
5103,1563,"H1,L1",1253965824.0,1253966336.0,processing,,1776072711.9798005
5104,1564,"H1,L1",1253965824.0,1253966336.0,processing,,1776073284.2362995
5105,1565,"H1,L1",1253965824.0,1253966336.0,processing,,1776073865.7329602
5106,1566,"H1,L1",1253965824.0,1253966336.0,processing,,1776074438.214099
5107,1567,"H1,L1",1253965824.0,1253966336.0,processing,,1776075010.251484
5108,1568,"H1,L1",1253965824.0,1253966336.0,processing,,1776075588.753035
5109,1569,"H1,L1",1253965824.0,1253966336.0,processing,,1776076160.741059
5110,1570,"H1,L1",1253965824.0,1253966336.0,processing,,1776076732.7288141
5111,1571,"H1,L1",1253965824.0,1253966336.0,processing,,1776077304.984328
5112,1572,"H1,L1",1253965824.0,1253966336.0,processing,,1776077885.7338316
5113,1573,"H1,L1",1253965824.0,1253966336.0,processing,,1776078458.9780831
5114,1574,"H1,L1",1253965824.0,1253966336.0,processing,,1776079033.7079356
5115,1575,"H1,L1",1253965824.0,1253966336.0,processing,,1776079606.739015
5116,1576,"H1,L1",1253965824.0,1253966336.0,processing,,1776080179.51446
5117,1577,"H1,L1",1253965824.0,1253966336.0,processing,,1776080752.4975338
5118,1578,"H1,L1",1253965824.0,1253966336.0,processing,,1776081326.996679
5119,1579,"H1,L1",1253965824.0,1253966336.0,processing,,1776081898.7375326
5120,1580,"H1,L1",1253965824.0,1253966336.0,processing,,1776082472.9733098
5121,1581,"H1,L1",1253965824.0,1253966336.0,processing,,1776083044.2217305
5122,1582,"H1,L1",1253965824.0,1253966336.0,processing,,1776083613.982687
5123,1583,"H1,L1",1253965824.0,1253966336.0,processing,,1776084186.2157469
5124,1584,"H1,L1",1253965824.0,1253966336.0,processing,,1776084760.9779117
5125,1585,"H1,L1",1253965824.0,1253966336.0,processing,,1776085333.7057285
5126,1586,"H1,L1",1253965824.0,1253966336.0,processing,,1776085906.5142388
5127,1587,"H1,L1",1253965824.0,1253966336.0,processing,,1776086479.7158518
5128,1588,"H1,L1",1253965824.0,1253966336.0,processing,,1776087052.2052073
5129,1589,"H1,L1",1253965824.0,1253966336.0,processing,,1776087624.7301123
5130,1590,"H1,L1",1253965824.0,1253966336.0,processing,,1776088196.9405541
5131,1591,"H1,L1",1253965824.0,1253966336.0,processing,,1776088769.9620128
5132,1592,"H1,L1",1253965824.0,1253966336.0,processing,,1776089342.7171443
5133,1593,"H1,L1",1253965824.0,1253966336.0,processing,,1776089911.217333
5134,1594,"H1,L1",1253965824.0,1253966336.0,processing,,1776090482.4279845
5135,1595,"H1,L1",1253965824.0,1253966336.0,processing,,1776091055.4821632
5136,1596,"H1,L1",1253965824.0,1253966336.0,processing,,1776091628.7406044
5137,1597,"H1,L1",1253965824.0,1253966336.0,processing,,1776092205.99626
5138,1598,"H1,L1",1253965824.0,1253966336.0,processing,,1776092775.4703295
5139,1599,"H1,L1",1253965824.0,1253966336.0,processing,,1776093349.5033717
5140,1600,"H1,L1",1253965824.0,1253966336.0,processing,,1776093922.8037765
5141,1601,"H1,L1",1253965824.0,1253966336.0,processing,,1776094492.776918
5142,1602,"H1,L1",1253965824.0,1253966336.0,processing,,1776095064.9865332
5143,1603,"H1,L1",1253965824.0,1253966336.0,processing,,1776095636.4808767
5144,1604,"H1,L1",1253965824.0,1253966336.0,processing,,1776096209.4824526
5145,1605,"H1,L1",1253965824.0,1253966336.0,processing,,1776096781.991923
5146,1606,"H1,L1",1253965824.0,1253966336.0,processing,,1776097353.9986148
5147,1607,"H1,L1",1253965824.0,1253966336.0,processing,,1776097926.763018
5148,1608,"H1,L1",1253965824.0,1253966336.0,processing,,1776098499.9930036
5149,1609,"H1,L1",1253965824.0,1253966336.0,processing,,1776099071.740222
5150,1610,"H1,L1",1253965824.0,1253966336.0,processing,,1776099642.972977
5151,1611,"H1,L1",1253965824.0,1253966336.0,processing,,1776100215.7166135
5152,1612,"H1,L1",1253965824.0,1253966336.0,processing,,1776100787.7549665
5153,1613,"H1,L1",1253965824.0,1253966336.0,processing,,1776101359.2391438
5154,1614,"H1,L1",1253965824.0,1253966336.0,processing,,1776101930.9664536
5155,1615,"H1,L1",1253965824.0,1253966336.0,processing,,1776102504.974934
5156,1616,"H1,L1",1253965824.0,1253966336.0,processing,,1776103076.2314124
5157,1617,"H1,L1",1253965824.0,1253966336.0,processing,,1776103648.2432518
5158,1618,"H1,L1",1253965824.0,1253966336.0,processing,,1776104220.2119732
5159,1619,"H1,L1",1253965824.0,1253966336.0,processing,,1776104791.7160904
5160,1620,"H1,L1",1253965824.0,1253966336.0,processing,,1776105363.4985592
5161,1621,"H1,L1",1253965824.0,1253966336.0,processing,,1776105935.9966304
5162,1622,"H1,L1",1253965824.0,1253966336.0,processing,,1776106512.7468028
5163,1623,"H1,L1",1253965824.0,1253966336.0,processing,,1776107085.4969296
5164,1624,"H1,L1",1253965824.0,1253966336.0,processing,,1776107656.7204967
5165,1625,"H1,L1",1253965824.0,1253966336.0,processing,,1776108228.510773
5166,1626,"H1,L1",1253965824.0,1253966336.0,processing,,1776108802.7247927
5167,1627,"H1,L1",1253965824.0,1253966336.0,processing,,1776109378.4876995
5168,1628,"H1,L1",1253965824.0,1253966336.0,processing,,1776109949.4741726
5169,1629,"H1,L1",1253965824.0,1253966336.0,processing,,1776110521.237584
5170,1630,"H1,L1",1253965824.0,1253966336.0,processing,,1776111093.7290804
5171,1631,"H1,L1",1253965824.0,1253966336.0,processing,,1776111665.7289474
5172,1632,"H1,L1",1253965824.0,1253966336.0,processing,,1776112238.4772334
5173,1633,"H1,L1",1253965824.0,1253966336.0,processing,,1776112810.4824421
5174,1634,"H1,L1",1253965824.0,1253966336.0,processing,,1776113382.225777
5175,1635,"H1,L1",1253965824.0,1253966336.0,processing,,1776113953.9728081
5176,1636,"H1,L1",1253965824.0,1253966336.0,processing,,1776114526.967439
5177,1637,"H1,L1",1253965824.0,1253966336.0,processing,,1776115099.7589703
5178,1638,"H1,L1",1253965824.0,1253966336.0,processing,,1776115671.9557557
5179,1639,"H1,L1",1253965824.0,1253966336.0,processing,,1776116243.5093672
5180,1640,"H1,L1",1253965824.0,1253966336.0,processing,,1776116816.7381458
5181,1641,"H1,L1",1253965824.0,1253966336.0,processing,,1776117388.502266
5182,1642,"H1,L1",1253965824.0,1253966336.0,processing,,1776117970.490064
5183,1643,"H1,L1",1253965824.0,1253966336.0,processing,,1776118541.721012
5184,1644,"H1,L1",1253965824.0,1253966336.0,processing,,1776119112.7462637
5185,1645,"H1,L1",1253965824.0,1253966336.0,processing,,1776119685.472803
5186,1646,"H1,L1",1253965824.0,1253966336.0,processing,,1776120256.2592597
5187,1647,"H1,L1",1253965824.0,1253966336.0,processing,,1776120837.956896
5188,1648,"H1,L1",1253965824.0,1253966336.0,processing,,1776121416.2634203
5189,1649,"H1,L1",1253965824.0,1253966336.0,processing,,1776121987.7104561
5190,1650,"H1,L1",1253965824.0,1253966336.0,processing,,1776122561.7610564
5191,1651,"H1,L1",1253965824.0,1253966336.0,processing,,1776123132.4958007
5192,1652,"H1,L1",1253965824.0,1253966336.0,processing,,1776123703.7380233
5193,1653,"H1,L1",1253965824.0,1253966336.0,processing,,1776124280.4885876
5194,1654,"H1,L1",1253965824.0,1253966336.0,processing,,1776124851.7347126
5195,1655,"H1,L1",1253965824.0,1253966336.0,processing,,1776125438.4586504
5196,1656,"H1,L1",1253965824.0,1253966336.0,processing,,1776126010.7475755
5197,1657,"H1,L1",1253965824.0,1253966336.0,processing,,1776126582.2496698
5198,1658,"H1,L1",1253965824.0,1253966336.0,processing,,1776127156.706773
5199,1659,"H1,L1",1253965824.0,1253966336.0,processing,,1776127729.7450016
5200,1660,"H1,L1",1253965824.0,1253966336.0,processing,,1776128302.5108001
5201,1661,"H1,L1",1253965824.0,1253966336.0,processing,,1776128883.988687
5202,1662,"H1,L1",1253965824.0,1253966336.0,processing,,1776129466.7300436
5203,1663,"H1,L1",1253965824.0,1253966336.0,processing,,1776130037.485205
5204,1664,"H1,L1",1253965824.0,1253966336.0,processing,,1776130608.2652407
5205,1665,"H1,L1",1253965824.0,1253966336.0,processing,,1776131190.486128
5206,1666,"H1,L1",1253965824.0,1253966336.0,processing,,1776131762.7092626
5207,1667,"H1,L1",1253965824.0,1253966336.0,processing,,1776132335.9726787
5208,1668,"H1,L1",1253965824.0,1253966336.0,processing,,1776132907.9794042
5209,1669,"H1,L1",1253965824.0,1253966336.0,processing,,1776133480.994821
5210,1670,"H1,L1",1253965824.0,1253966336.0,processing,,1776134051.0108936
5211,1671,"H1,L1",1253965824.0,1253966336.0,processing,,1776134628.0065415
5212,1672,"H1,L1",1253965824.0,1253966336.0,processing,,1776135200.4569383
5213,1673,"H1,L1",1253965824.0,1253966336.0,processing,,1776135792.2128177
5214,1674,"H1,L1",1253965824.0,1253966336.0,processing,,1776136369.217783
5215,1675,"H1,L1",1253965824.0,1253966336.0,processing,,1776136956.4758313
5216,1676,"H1,L1",1253965824.0,1253966336.0,processing,,1776137528.9765003
5217,1677,"H1,L1",1253965824.0,1253966336.0,processing,,1776138107.729458
5218,1678,"H1,L1",1253965824.0,1253966336.0,processing,,1776138679.732554
5219,1679,"H1,L1",1253965824.0,1253966336.0,processing,,1776139250.7312407
5220,1680,"H1,L1",1253965824.0,1253966336.0,processing,,1776139822.0067785
5221,1681,"H1,L1",1253965824.0,1253966336.0,processing,,1776140393.2340634
5222,1682,"H1,L1",1253965824.0,1253966336.0,processing,,1776140978.4714954
5223,1683,"H1,L1",1253965824.0,1253966336.0,processing,,1776141549.4897175
5224,1684,"H1,L1",1253965824.0,1253966336.0,processing,,1776142120.7018845
5225,1685,"H1,L1",1253965824.0,1253966336.0,processing,,1776142691.0110435
5226,1686,"H1,L1",1253965824.0,1253966336.0,processing,,1776143262.9929051
5227,1687,"H1,L1",1253965824.0,1253966336.0,processing,,1776143835.275801
5228,1688,"H1,L1",1253965824.0,1253966336.0,processing,,1776144410.9810698
5229,1689,"H1,L1",1253965824.0,1253966336.0,processing,,1776144992.228302
5230,1690,"H1,L1",1253965824.0,1253966336.0,processing,,1776145561.995552
5231,1691,"H1,L1",1253965824.0,1253966336.0,processing,,1776146133.0056508
5232,1692,"H1,L1",1253965824.0,1253966336.0,processing,,1776146706.743964
5233,1693,"H1,L1",1253965824.0,1253966336.0,processing,,1776147278.7316537
5234,1694,"H1,L1",1253965824.0,1253966336.0,processing,,1776147849.7230787
5235,1695,"H1,L1",1253965824.0,1253966336.0,processing,,1776148421.4876761
5236,1696,"H1,L1",1253965824.0,1253966336.0,processing,,1776148993.9755225
5237,1697,"H1,L1",1253965824.0,1253966336.0,processing,,1776149566.5413392
5238,1698,"H1,L1",1253965824.0,1253966336.0,processing,,1776150139.2199755
5239,1699,"H1,L1",1253965824.0,1253966336.0,processing,,1776150711.5032027
5240,1700,"H1,L1",1253965824.0,1253966336.0,processing,,1776151283.744507
5241,1701,"H1,L1",1253965824.0,1253966336.0,processing,,1776151858.4948359
5242,1702,"H1,L1",1253965824.0,1253966336.0,processing,,1776152431.74452
5243,1703,"H1,L1",1253965824.0,1253966336.0,processing,,1776153001.973444
5244,1704,"H1,L1",1253965824.0,1253966336.0,processing,,1776153574.7223825
5245,1705,"H1,L1",1253965824.0,1253966336.0,processing,,1776154146.2409866
5246,1706,"H1,L1",1253965824.0,1253966336.0,processing,,1776154717.6984153
5247,1707,"H1,L1",1253965824.0,1253966336.0,processing,,1776155291.7164073
5248,1708,"H1,L1",1253965824.0,1253966336.0,processing,,1776155863.980703
5249,1709,"H1,L1",1253965824.0,1253966336.0,processing,,1776156436.0336974
5250,1710,"H1,L1",1253965824.0,1253966336.0,processing,,1776157006.9684064
5251,1711,"H1,L1",1253965824.0,1253966336.0,processing,,1776157577.7513168
5252,1712,"H1,L1",1253965824.0,1253966336.0,processing,,1776158150.248713
5253,1713,"H1,L1",1253965824.0,1253966336.0,processing,,1776158722.2236898
5254,1714,"H1,L1",1253965824.0,1253966336.0,processing,,1776159293.2528594
5255,1715,"H1,L1",1253965824.0,1253966336.0,processing,,1776159866.008273
5256,1716,"H1,L1",1253965824.0,1253966336.0,processing,,1776160438.4824889
5257,1717,"H1,L1",1253965824.0,1253966336.0,processing,,1776161010.7367585
5258,1718,"H1,L1",1253965824.0,1253966336.0,processing,,1776161581.9894974
5259,1719,"H1,L1",1253965824.0,1253966336.0,processing,,1776162154.986397
5260,1720,"H1,L1",1253965824.0,1253966336.0,processing,,1776162726.4747443
5261,1721,"H1,L1",1253965824.0,1253966336.0,processing,,1776163299.6052616
5262,1722,"H1,L1",1253965824.0,1253966336.0,processing,,1776163872.5093672
5263,1723,"H1,L1",1253965824.0,1253966336.0,processing,,1776164444.7515287
5264,1724,"H1,L1",1253965824.0,1253966336.0,processing,,1776165015.9895616
5265,1725,"H1,L1",1253965824.0,1253966336.0,processing,,1776165587.4710567
5266,1726,"H1,L1",1253965824.0,1253966336.0,processing,,1776166159.497035
5267,1727,"H1,L1",1253965824.0,1253966336.0,processing,,1776166731.9821274
5268,1728,"H1,L1",1253965824.0,1253966336.0,processing,,1776167303.9910283
5269,1729,"H1,L1",1253965824.0,1253966336.0,processing,,1776167875.4954967
5270,1730,"H1,L1",1253965824.0,1253966336.0,processing,,1776168445.4611495
5271,1731,"H1,L1",1253965824.0,1253966336.0,processing,,1776169018.7410102
5272,1732,"H1,L1",1253965824.0,1253966336.0,processing,,1776169590.9697409
5273,1733,"H1,L1",1253965824.0,1253966336.0,processing,,1776170162.205378
5274,1734,"H1,L1",1253965824.0,1253966336.0,processing,,1776170732.994093
5275,1735,"H1,L1",1253965824.0,1253966336.0,processing,,1776171303.9876566
5276,1736,"H1,L1",1253965824.0,1253966336.0,processing,,1776171875.2276065
5277,1737,"H1,L1",1253965824.0,1253966336.0,processing,,1776172447.2499256
5278,1738,"H1,L1",1253965824.0,1253966336.0,processing,,1776173077.2457826
5279,1739,"H1,L1",1253965824.0,1253966336.0,processing,,1776173649.714632
5280,1740,"H1,L1",1253965824.0,1253966336.0,processing,,1776174222.9633937
5281,1741,"H1,L1",1253965824.0,1253966336.0,processing,,1776174793.7514973
5282,1742,"H1,L1",1253965824.0,1253966336.0,processing,,1776175363.7166297
5283,1743,"H1,L1",1253965824.0,1253966336.0,processing,,1776175936.731906
5284,1744,"H1,L1",1253965824.0,1253966336.0,processing,,1776176509.4758217
5285,1745,"H1,L1",1253965824.0,1253966336.0,processing,,1776177082.7279537
5286,1746,"H1,L1",1253965824.0,1253966336.0,processing,,1776177653.752087
5287,1747,"H1,L1",1253965824.0,1253966336.0,processing,,1776178225.9625528
5288,1748,"H1,L1",1253965824.0,1253966336.0,processing,,1776178798.23036
5289,1749,"H1,L1",1253965824.0,1253966336.0,processing,,1776179368.9916253
5290,1750,"H1,L1",1253965824.0,1253966336.0,processing,,1776179942.2160091
5291,1751,"H1,L1",1253965824.0,1253966336.0,processing,,1776180514.956778
5292,1752,"H1,L1",1253965824.0,1253966336.0,processing,,1776181100.7273474
5293,1753,"H1,L1",1253965824.0,1253966336.0,processing,,1776181671.9848075
5294,1754,"H1,L1",1253965824.0,1253966336.0,processing,,1776182253.963107
5295,1755,"H1,L1",1253965824.0,1253966336.0,processing,,1776182824.7470481
5296,1756,"H1,L1",1253965824.0,1253966336.0,processing,,1776183396.992356
5297,1757,"H1,L1",1253965824.0,1253966336.0,processing,,1776183966.979123
5298,1758,"H1,L1",1253965824.0,1253966336.0,processing,,1776184539.003175
5299,1759,"H1,L1",1253965824.0,1253966336.0,processing,,1776185120.0030966
5300,1760,"H1,L1",1253965824.0,1253966336.0,processing,,1776185690.9927206
5301,1761,"H1,L1",1253965824.0,1253966336.0,processing,,1776186262.2585912
5302,1762,"H1,L1",1253965824.0,1253966336.0,processing,,1776186834.2200475
5303,1763,"H1,L1",1253965824.0,1253966336.0,processing,,1776187405.2360375
5304,1764,"H1,L1",1253965824.0,1253966336.0,processing,,1776187978.7150376
5305,1765,"H1,L1",1253965824.0,1253966336.0,processing,,1776188557.238085
5306,1766,"H1,L1",1253965824.0,1253966336.0,processing,,1776189135.9904535
5307,1767,"H1,L1",1253965824.0,1253966336.0,processing,,1776189716.726084
5308,1768,"H1,L1",1253965824.0,1253966336.0,processing,,1776190295.0042315
5309,1769,"H1,L1",1253965824.0,1253966336.0,processing,,1776190873.9915097
5310,1770,"H1,L1",1253965824.0,1253966336.0,processing,,1776191454.2206402
5311,1771,"H1,L1",1253965824.0,1253966336.0,processing,,1776192034.5121295
5312,1772,"H1,L1",1253965824.0,1253966336.0,processing,,1776192624.4688087
5313,1773,"H1,L1",1253965824.0,1253966336.0,processing,,1776193205.7378604
5314,1774,"H1,L1",1253965824.0,1253966336.0,processing,,1776193784.5067134
5315,1775,"H1,L1",1253965824.0,1253966336.0,processing,,1776194363.4602334
5316,1776,"H1,L1",1253965824.0,1253966336.0,processing,,1776194946.259109
5317,1777,"H1,L1",1253965824.0,1253966336.0,processing,,1776195545.7564256
5318,1778,"H1,L1",1253965824.0,1253966336.0,processing,,1776196170.95435
5319,1779,"H1,L1",1253965824.0,1253966336.0,processing,,1776196750.9934416
5320,1780,"H1,L1",1253965824.0,1253966336.0,processing,,1776197348.9783754
5321,1781,"H1,L1",1253965824.0,1253966336.0,processing,,1776197928.6959496
5322,1782,"H1,L1",1253965824.0,1253966336.0,processing,,1776198507.9973767
5323,1783,"H1,L1",1253965824.0,1253966336.0,processing,,1776199088.210987
5324,1784,"H1,L1",1253965824.0,1253966336.0,processing,,1776199668.224876
5325,1785,"H1,L1",1253965824.0,1253966336.0,processing,,1776200246.2320826
5326,1786,"H1,L1",1253965824.0,1253966336.0,processing,,1776200817.7504878
5327,1787,"H1,L1",1253965824.0,1253966336.0,processing,,1776201387.7271144
5328,1788,"H1,L1",1253965824.0,1253966336.0,processing,,1776201963.013361
5329,1789,"H1,L1",1253965824.0,1253966336.0,processing,,1776202535.4635396
5330,1790,"H1,L1",1253965824.0,1253966336.0,processing,,1776203108.2610562
5331,1791,"H1,L1",1253965824.0,1253966336.0,processing,,1776203680.7306767
5332,1792,"H1,L1",1253965824.0,1253966336.0,processing,,1776204252.5531948
5333,1793,"H1,L1",1253965824.0,1253966336.0,processing,,1776204922.9782054
5334,1794,"H1,L1",1253965824.0,1253966336.0,processing,,1776205497.2381244
5335,1795,"H1,L1",1253965824.0,1253966336.0,processing,,1776206068.960874
5336,1796,"H1,L1",1253965824.0,1253966336.0,processing,,1776206640.4901376
5337,1797,"H1,L1",1253965824.0,1253966336.0,processing,,1776207212.7296584
5338,1798,"H1,L1",1253965824.0,1253966336.0,processing,,1776207784.4856048
5339,1799,"H1,L1",1253965824.0,1253966336.0,processing,,1776208356.2391493
5340,1800,"H1,L1",1253965824.0,1253966336.0,processing,,1776208938.4773312
5341,1801,"H1,L1",1253965824.0,1253966336.0,processing,,1776209509.7312367
5342,1802,"H1,L1",1253965824.0,1253966336.0,processing,,1776210082.2608607
5343,1803,"H1,L1",1253965824.0,1253966336.0,processing,,1776210665.7370749
5344,1804,"H1,L1",1253965824.0,1253966336.0,processing,,1776211238.451281
5345,1805,"H1,L1",1253965824.0,1253966336.0,processing,,1776211809.5001347
5346,1806,"H1,L1",1253965824.0,1253966336.0,processing,,1776212380.7275846
5347,1807,"H1,L1",1253965824.0,1253966336.0,processing,,1776212953.7802248
5348,1808,"H1,L1",1253965824.0,1253966336.0,processing,,1776213526.245161
5349,1809,"H1,L1",1253965824.0,1253966336.0,processing,,1776214098.7535079
5350,1810,"H1,L1",1253965824.0,1253966336.0,processing,,1776214671.5059943
5351,1811,"H1,L1",1253965824.0,1253966336.0,processing,,1776215242.9490278
5352,1812,"H1,L1",1253965824.0,1253966336.0,processing,,1776215815.0092537
5353,1813,"H1,L1",1253965824.0,1253966336.0,processing,,1776216388.4959354
5354,1814,"H1,L1",1253965824.0,1253966336.0,processing,,1776216959.4808607
5355,1815,"H1,L1",1253965824.0,1253966336.0,processing,,1776217532.484303
5356,1816,"H1,L1",1253965824.0,1253966336.0,processing,,1776218103.4834204
5357,1817,"H1,L1",1253965824.0,1253966336.0,processing,,1776218681.9728327
5358,1818,"H1,L1",1253965824.0,1253966336.0,processing,,1776219250.9982708
5359,1819,"H1,L1",1253965824.0,1253966336.0,processing,,1776219824.730213
5360,1820,"H1,L1",1253965824.0,1253966336.0,processing,,1776220393.9877138
5361,1821,"H1,L1",1253965824.0,1253966336.0,processing,,1776220966.9897585
5362,1822,"H1,L1",1253965824.0,1253966336.0,processing,,1776221537.5246031
5363,1823,"H1,L1",1253965824.0,1253966336.0,processing,,1776222108.9921627
5364,1824,"H1,L1",1253965824.0,1253966336.0,processing,,1776222680.2394655
5365,1825,"H1,L1",1253965824.0,1253966336.0,processing,,1776223256.9757934
5366,1826,"H1,L1",1253965824.0,1253966336.0,processing,,1776223829.9501214
5367,1827,"H1,L1",1253965824.0,1253966336.0,processing,,1776224401.9880426
5368,1828,"H1,L1",1253965824.0,1253966336.0,processing,,1776224974.4833674
5369,1829,"H1,L1",1253965824.0,1253966336.0,processing,,1776225546.2479744
5370,1830,"H1,L1",1253965824.0,1253966336.0,processing,,1776226116.9863229
5371,1831,"H1,L1",1253965824.0,1253966336.0,processing,,1776226690.727837
5372,1832,"H1,L1",1253965824.0,1253966336.0,processing,,1776227264.4687378
5373,1833,"H1,L1",1253965824.0,1253966336.0,processing,,1776227845.7764106
5374,1834,"H1,L1",1253965824.0,1253966336.0,processing,,1776228418.7330456
5375,1835,"H1,L1",1253965824.0,1253966336.0,processing,,1776228991.2080863
5376,1836,"H1,L1",1253965824.0,1253966336.0,processing,,1776229561.9940326
5377,1837,"H1,L1",1253965824.0,1253966336.0,processing,,1776230135.9757288
5378,1838,"H1,L1",1253965824.0,1253966336.0,processing,,1776230708.479935
5379,1839,"H1,L1",1253965824.0,1253966336.0,processing,,1776231282.4978647
5380,1840,"H1,L1",1253965824.0,1253966336.0,processing,,1776231854.180612
5381,1841,"H1,L1",1253965824.0,1253966336.0,processing,,1776232425.4592283
5382,1842,"H1,L1",1253965824.0,1253966336.0,processing,,1776233000.972217
5383,1843,"H1,L1",1253965824.0,1253966336.0,processing,,1776233571.9940805
5384,1844,"H1,L1",1253965824.0,1253966336.0,processing,,1776234144.7608166
5385,1845,"H1,L1",1253965824.0,1253966336.0,processing,,1776234716.5085497
5386,1846,"H1,L1",1253965824.0,1253966336.0,processing,,1776235290.7297692
5387,1847,"H1,L1",1253965824.0,1253966336.0,processing,,1776235861.4645488
5388,1848,"H1,L1",1253965824.0,1253966336.0,processing,,1776236431.2109272
5389,1849,"H1,L1",1253965824.0,1253966336.0,processing,,1776237004.2297838
5390,1850,"H1,L1",1253965824.0,1253966336.0,processing,,1776237577.240089
5391,1851,"H1,L1",1253965824.0,1253966336.0,processing,,1776238148.5079522
5392,1852,"H1,L1",1253965824.0,1253966336.0,processing,,1776238721.4738102
5393,1853,"H1,L1",1253965824.0,1253966336.0,processing,,1776239292.264027
5394,1854,"H1,L1",1253965824.0,1253966336.0,processing,,1776239864.4807022
5395,1855,"H1,L1",1253965824.0,1253966336.0,processing,,1776240440.223006
5396,1856,"H1,L1",1253965824.0,1253966336.0,processing,,1776241012.6990533
5397,1857,"H1,L1",1253965824.0,1253966336.0,processing,,1776241584.9752998
5398,1858,"H1,L1",1253965824.0,1253966336.0,processing,,1776242157.7634945
5399,1859,"H1,L1",1253965824.0,1253966336.0,processing,,1776242728.4790962
5400,1860,"H1,L1",1253965824.0,1253966336.0,processing,,1776243301.994792
5401,1861,"H1,L1",1253965824.0,1253966336.0,processing,,1776243873.2317522
5402,1862,"H1,L1",1253965824.0,1253966336.0,processing,,1776244445.2290063
5403,1863,"H1,L1",1253965824.0,1253966336.0,processing,,1776245022.0145204
5404,1864,"H1,L1",1253965824.0,1253966336.0,processing,,1776245592.7504454
5405,1865,"H1,L1",1253965824.0,1253966336.0,processing,,1776246164.001805
5406,1866,"H1,L1",1253965824.0,1253966336.0,processing,,1776246736.242812
5407,1867,"H1,L1",1253965824.0,1253966336.0,processing,,1776247305.996719
5408,1868,"H1,L1",1253965824.0,1253966336.0,processing,,1776247877.9715865
5409,1869,"H1,L1",1253965824.0,1253966336.0,processing,,1776248448.9896617
5410,1870,"H1,L1",1253965824.0,1253966336.0,processing,,1776249019.4579778
5411,1871,"H1,L1",1253965824.0,1253966336.0,processing,,1776249591.7208872
5412,1872,"H1,L1",1253965824.0,1253966336.0,processing,,1776250163.5638664
5413,1873,"H1,L1",1253965824.0,1253966336.0,processing,,1776250736.2363396
5414,1874,"H1,L1",1253965824.0,1253966336.0,processing,,1776251308.4737642
5415,1875,"H1,L1",1253965824.0,1253966336.0,processing,,1776251881.462987
5416,1876,"H1,L1",1253965824.0,1253966336.0,processing,,1776252453.760325
5417,1877,"H1,L1",1253965824.0,1253966336.0,processing,,1776253027.4873323
5418,1878,"H1,L1",1253965824.0,1253966336.0,processing,,1776253599.4623742
5419,1879,"H1,L1",1253965824.0,1253966336.0,processing,,1776254171.246636
5420,1880,"H1,L1",1253965824.0,1253966336.0,processing,,1776254744.2648818
5421,1881,"H1,L1",1253965824.0,1253966336.0,processing,,1776255317.2256463
5422,1882,"H1,L1",1253965824.0,1253966336.0,processing,,1776255889.7367465
5423,1883,"H1,L1",1253965824.0,1253966336.0,processing,,1776256459.483979
5424,1884,"H1,L1",1253965824.0,1253966336.0,processing,,1776257032.725655
5425,1885,"H1,L1",1253965824.0,1253966336.0,processing,,1776257605.2368968
5426,1886,"H1,L1",1253965824.0,1253966336.0,processing,,1776258178.2744951
5427,1887,"H1,L1",1253965824.0,1253966336.0,processing,,1776258751.479093
5428,1888,"H1,L1",1253965824.0,1253966336.0,processing,,1776259323.7265718
5429,1889,"H1,L1",1253965824.0,1253966336.0,processing,,1776259901.7344632
5430,1890,"H1,L1",1253965824.0,1253966336.0,processing,,1776260475.2563477
5431,1891,"H1,L1",1253965824.0,1253966336.0,processing,,1776261047.2307172
5432,1892,"H1,L1",1253965824.0,1253966336.0,processing,,1776261622.2428913
5433,1893,"H1,L1",1253965824.0,1253966336.0,processing,,1776262195.7296457
5434,1894,"H1,L1",1253965824.0,1253966336.0,processing,,1776262781.7018974
5435,1895,"H1,L1",1253965824.0,1253966336.0,processing,,1776263353.9904377
5436,1896,"H1,L1",1253965824.0,1253966336.0,processing,,1776263926.9671116
5437,1897,"H1,L1",1253965824.0,1253966336.0,processing,,1776264498.7335615
5438,1898,"H1,L1",1253965824.0,1253966336.0,processing,,1776265072.4861093
5439,1899,"H1,L1",1253965824.0,1253966336.0,processing,,1776265645.492129
5440,1900,"H1,L1",1253965824.0,1253966336.0,processing,,1776266218.215528
5441,1901,"H1,L1",1253965824.0,1253966336.0,processing,,1776266791.0329492
5442,1902,"H1,L1",1253965824.0,1253966336.0,processing,,1776267380.7192166
5443,1903,"H1,L1",1253965824.0,1253966336.0,processing,,1776267952.7160423
5444,1904,"H1,L1",1253965824.0,1253966336.0,processing,,1776268523.2100084
5445,1905,"H1,L1",1253965824.0,1253966336.0,processing,,1776269096.758765
5446,1906,"H1,L1",1253965824.0,1253966336.0,processing,,1776269668.4820445
5447,1907,"H1,L1",1253965824.0,1253966336.0,processing,,1776270249.7357497
5448,1908,"H1,L1",1253965824.0,1253966336.0,processing,,1776270821.2326787
5449,1909,"H1,L1",1253965824.0,1253966336.0,processing,,1776271391.9934132
5450,1910,"H1,L1",1253965824.0,1253966336.0,processing,,1776271963.977856
5451,1911,"H1,L1",1253965824.0,1253966336.0,processing,,1776272541.9798942
5452,1912,"H1,L1",1253965824.0,1253966336.0,processing,,1776273114.5992723
5453,1913,"H1,L1",1253965824.0,1253966336.0,processing,,1776273686.002902
5454,1914,"H1,L1",1253965824.0,1253966336.0,processing,,1776274257.4738312
5455,1915,"H1,L1",1253965824.0,1253966336.0,processing,,1776274830.501808
5456,1916,"H1,L1",1253965824.0,1253966336.0,processing,,1776275403.4967408
5457,1917,"H1,L1",1253965824.0,1253966336.0,processing,,1776275974.7196913
5458,1918,"H1,L1",1253965824.0,1253966336.0,processing,,1776276545.4580007
5459,1919,"H1,L1",1253965824.0,1253966336.0,processing,,1776277119.494221
5460,1920,"H1,L1",1253965824.0,1253966336.0,processing,,1776277692.7287183
5461,1921,"H1,L1",1253965824.0,1253966336.0,processing,,1776278265.7184367
5462,1922,"H1,L1",1253965824.0,1253966336.0,processing,,1776278838.7664337
5463,1923,"H1,L1",1253965824.0,1253966336.0,processing,,1776279415.2289784
5464,1924,"H1,L1",1253965824.0,1253966336.0,processing,,1776279989.2272549
5465,1925,"H1,L1",1253965824.0,1253966336.0,processing,,1776280571.725311
5466,1926,"H1,L1",1253965824.0,1253966336.0,processing,,1776281143.4803524
5467,1927,"H1,L1",1253965824.0,1253966336.0,processing,,1776281717.9658773
5468,1928,"H1,L1",1253965824.0,1253966336.0,processing,,1776282290.206034
5469,1929,"H1,L1",1253965824.0,1253966336.0,processing,,1776282863.5113752
5470,1930,"H1,L1",1253965824.0,1253966336.0,processing,,1776283436.2427459
5471,1931,"H1,L1",1253965824.0,1253966336.0,processing,,1776284008.752823
5472,1932,"H1,L1",1253965824.0,1253966336.0,processing,,1776284581.9878628
5473,1933,"H1,L1",1253965824.0,1253966336.0,processing,,1776285154.7318623
5474,1934,"H1,L1",1253965824.0,1253966336.0,processing,,1776285738.2247646
5475,1935,"H1,L1",1253965824.0,1253966336.0,processing,,1776286312.4988935
5476,1936,"H1,L1",1253965824.0,1253966336.0,processing,,1776286884.7140627
5477,1937,"H1,L1",1253965824.0,1253966336.0,processing,,1776287455.2375333
5478,1938,"H1,L1",1253965824.0,1253966336.0,processing,,1776288029.981107
5479,1939,"H1,L1",1253965824.0,1253966336.0,processing,,1776288602.4878032
5480,1940,"H1,L1",1253965824.0,1253966336.0,processing,,1776289175.7365022
5481,1941,"H1,L1",1253965824.0,1253966336.0,processing,,1776289755.214778
5482,1942,"H1,L1",1253965824.0,1253966336.0,processing,,1776290328.467807
5483,1943,"H1,L1",1253965824.0,1253966336.0,processing,,1776290902.238779
5484,1944,"H1,L1",1253965824.0,1253966336.0,processing,,1776291474.7554045
5485,1945,"H1,L1",1253965824.0,1253966336.0,processing,,1776292049.7366314
5486,1946,"H1,L1",1253965824.0,1253966336.0,processing,,1776292623.4867938
5487,1947,"H1,L1",1253965824.0,1253966336.0,processing,,1776293196.7286804
5488,1948,"H1,L1",1253965824.0,1253966336.0,processing,,1776293768.250775
5489,1949,"H1,L1",1253965824.0,1253966336.0,processing,,1776294341.2291057
5490,1950,"H1,L1",1253965824.0,1253966336.0,processing,,1776294913.239077
5491,1951,"H1,L1",1253965824.0,1253966336.0,processing,,1776295485.0007193
5492,1952,"H1,L1",1253965824.0,1253966336.0,processing,,1776296058.9886627
5493,1953,"H1,L1",1253965824.0,1253966336.0,processing,,1776296631.9851239
5494,1954,"H1,L1",1253965824.0,1253966336.0,processing,,1776297205.241884
5495,1955,"H1,L1",1253965824.0,1253966336.0,processing,,1776297776.4713073
5496,1956,"H1,L1",1253965824.0,1253966336.0,processing,,1776298439.9622135
5497,1957,"H1,L1",1253965824.0,1253966336.0,processing,,1776299106.2361927
5498,1958,"H1,L1",1253965824.0,1253966336.0,processing,,1776299678.4994514
5499,1959,"H1,L1",1253965824.0,1253966336.0,processing,,1776300249.7138145
5500,1960,"H1,L1",1253965824.0,1253966336.0,processing,,1776300823.734519
5501,1961,"H1,L1",1253965824.0,1253966336.0,processing,,1776301396.495198
5502,1962,"H1,L1",1253965824.0,1253966336.0,processing,,1776301968.722964
5503,1963,"H1,L1",1253965824.0,1253966336.0,processing,,1776302541.7343864
5504,1964,"H1,L1",1253965824.0,1253966336.0,processing,,1776303114.2357001
5505,1965,"H1,L1",1253965824.0,1253966336.0,processing,,1776303684.4519985
5506,1966,"H1,L1",1253965824.0,1253966336.0,processing,,1776304255.472655
5507,1967,"H1,L1",1253965824.0,1253966336.0,processing,,1776304827.2457972
5508,1968,"H1,L1",1253965824.0,1253966336.0,processing,,1776305409.5043633
5509,1969,"H1,L1",1253965824.0,1253966336.0,processing,,1776305981.2577085
5510,1970,"H1,L1",1253965824.0,1253966336.0,processing,,1776306554.5401602
5511,1971,"H1,L1",1253965824.0,1253966336.0,processing,,1776307128.7002876
5512,1972,"H1,L1",1253965824.0,1253966336.0,processing,,1776307701.2210903
5513,1973,"H1,L1",1253965824.0,1253966336.0,processing,,1776308273.2320042
5514,1974,"H1,L1",1253965824.0,1253966336.0,processing,,1776308846.1958196
5515,1975,"H1,L1",1253965824.0,1253966336.0,processing,,1776309416.7489583
5516,1976,"H1,L1",1253965824.0,1253966336.0,processing,,1776309990.7812417
5517,1977,"H1,L1",1253965824.0,1253966336.0,processing,,1776310564.7246182
5518,1978,"H1,L1",1253965824.0,1253966336.0,processing,,1776311137.2309825
5519,1979,"H1,L1",1253965824.0,1253966336.0,processing,,1776311710.4845228
5520,1980,"H1,L1",1253965824.0,1253966336.0,processing,,1776312281.702129
5521,1981,"H1,L1",1253965824.0,1253966336.0,processing,,1776312854.9510114
5522,1982,"H1,L1",1253965824.0,1253966336.0,processing,,1776313427.2387536
5523,1983,"H1,L1",1253965824.0,1253966336.0,processing,,1776313999.7365057
5524,1984,"H1,L1",1253965824.0,1253966336.0,processing,,1776314572.2180433
5525,1985,"H1,L1",1253965824.0,1253966336.0,processing,,1776315145.6933277
5526,1986,"H1,L1",1253965824.0,1253966336.0,processing,,1776315718.9937763
5527,1987,"H1,L1",1253965824.0,1253966336.0,processing,,1776316292.4749045
5528,1988,"H1,L1",1253965824.0,1253966336.0,processing,,1776316864.7278597
5529,1989,"H1,L1",1253965824.0,1253966336.0,processing,,1776317438.2276802
5530,1990,"H1,L1",1253965824.0,1253966336.0,processing,,1776318009.9648147
5531,1991,"H1,L1",1253965824.0,1253966336.0,processing,,1776318583.71274
5532,1992,"H1,L1",1253965824.0,1253966336.0,processing,,1776319156.0240467
5533,1993,"H1,L1",1253965824.0,1253966336.0,processing,,1776319727.4942136
5534,1994,"H1,L1",1253965824.0,1253966336.0,processing,,1776320300.485631
5535,1995,"H1,L1",1253965824.0,1253966336.0,processing,,1776320875.4931934
5536,1996,"H1,L1",1253965824.0,1253966336.0,processing,,1776321450.7533681
5537,1997,"H1,L1",1253965824.0,1253966336.0,processing,,1776322023.2459269
5538,1998,"H1,L1",1253965824.0,1253966336.0,processing,,1776322594.4577644
5539,1999,"H1,L1",1253965824.0,1253966336.0,processing,,1776323168.1958427
5540,2000,"H1,L1",1253965824.0,1253966336.0,processing,,1776323740.454214
5541,2001,"H1,L1",1253965824.0,1253966336.0,processing,,1776324315.9939132
5542,2002,"H1,L1",1253965824.0,1253966336.0,processing,,1776324888.9627988
5543,2003,"H1,L1",1253965824.0,1253966336.0,processing,,1776325463.7345433
5544,2004,"H1,L1",1253965824.0,1253966336.0,processing,,1776326036.992965
5545,2005,"H1,L1",1253965824.0,1253966336.0,processing,,1776326608.5201766
5546,2006,"H1,L1",1253965824.0,1253966336.0,processing,,1776327181.5039318
5547,2007,"H1,L1",1253965824.0,1253966336.0,processing,,1776327754.2419066
5548,2008,"H1,L1",1253965824.0,1253966336.0,processing,,1776328327.2632174
5549,2009,"H1,L1",1253965824.0,1253966336.0,processing,,1776328902.4521255
5550,2010,"H1,L1",1253965824.0,1253966336.0,processing,,1776329475.2162929
5551,2011,"H1,L1",1253965824.0,1253966336.0,processing,,1776330051.9709623
5552,2012,"H1,L1",1253965824.0,1253966336.0,processing,,1776330624.7150595
5553,2013,"H1,L1",1253965824.0,1253966336.0,processing,,1776331198.4761128
5554,2014,"H1,L1",1253965824.0,1253966336.0,processing,,1776331770.4629264
5555,2015,"H1,L1",1253965824.0,1253966336.0,processing,,1776332344.7476876
5556,2016,"H1,L1",1253965824.0,1253966336.0,processing,,1776332917.9637213
5557,2017,"H1,L1",1253965824.0,1253966336.0,processing,,1776333491.7257552
5558,2018,"H1,L1",1253965824.0,1253966336.0,processing,,1776334067.740711
5559,2019,"H1,L1",1253965824.0,1253966336.0,processing,,1776334641.6995769
5560,2020,"H1,L1",1253965824.0,1253966336.0,processing,,1776335214.7161293
5561,2021,"H1,L1",1253965824.0,1253966336.0,processing,,1776335787.4615307
5562,2022,"H1,L1",1253965824.0,1253966336.0,processing,,1776336359.2285008
5563,2023,"H1,L1",1253965824.0,1253966336.0,processing,,1776336932.2530894
5564,2024,"H1,L1",1253965824.0,1253966336.0,processing,,1776337516.4597702
5565,2025,"H1,L1",1253965824.0,1253966336.0,processing,,1776338089.4775655
5566,2026,"H1,L1",1253965824.0,1253966336.0,processing,,1776338663.4602225
5567,2027,"H1,L1",1253965824.0,1253966336.0,processing,,1776339237.9514759
5568,2028,"H1,L1",1253965824.0,1253966336.0,processing,,1776339809.981097
5569,2029,"H1,L1",1253965824.0,1253966336.0,processing,,1776340384.454403
5570,2030,"H1,L1",1253965824.0,1253966336.0,processing,,1776340957.2028806
5571,2031,"H1,L1",1253965824.0,1253966336.0,processing,,1776341531.2232974
5572,2032,"H1,L1",1253965824.0,1253966336.0,processing,,1776342104.4893947
5573,2033,"H1,L1",1253965824.0,1253966336.0,processing,,1776342678.7257466
5574,2034,"H1,L1",1253965824.0,1253966336.0,processing,,1776343249.739785
5575,2035,"H1,L1",1253965824.0,1253966336.0,processing,,1776343821.721933
5576,2036,"H1,L1",1253965824.0,1253966336.0,processing,,1776344396.2032015
5577,2037,"H1,L1",1253965824.0,1253966336.0,processing,,1776344967.990147
5578,2038,"H1,L1",1253965824.0,1253966336.0,processing,,1776345540.9439971
5579,2039,"H1,L1",1253965824.0,1253966336.0,processing,,1776346114.4824746
5580,2040,"H1,L1",1253965824.0,1253966336.0,processing,,1776346686.251004
5581,2041,"H1,L1",1253965824.0,1253966336.0,processing,,1776347259.3034582
5582,2042,"H1,L1",1253965824.0,1253966336.0,processing,,1776347834.4617908
5583,2043,"H1,L1",1253965824.0,1253966336.0,processing,,1776348405.7187781
5584,2044,"H1,L1",1253965824.0,1253966336.0,processing,,1776348978.48478
5585,2045,"H1,L1",1253965824.0,1253966336.0,processing,,1776349550.6980128
5586,2046,"H1,L1",1253965824.0,1253966336.0,processing,,1776350123.7221549
5587,2047,"H1,L1",1253965824.0,1253966336.0,processing,,1776350722.708864
5588,2048,"H1,L1",1253965824.0,1253966336.0,processing,,1776351296.2122357
5589,2049,"H1,L1",1253965824.0,1253966336.0,processing,,1776351870.4493444
5590,2050,"H1,L1",1253965824.0,1253966336.0,processing,,1776352442.496609
5591,2051,"H1,L1",1253965824.0,1253966336.0,processing,,1776353015.2032115
5592,2052,"H1,L1",1253965824.0,1253966336.0,processing,,1776353588.9546025
5593,2053,"H1,L1",1253965824.0,1253966336.0,processing,,1776354160.9512901
5594,2054,"H1,L1",1253965824.0,1253966336.0,processing,,1776354734.6816266
5595,2055,"H1,L1",1253965824.0,1253966336.0,processing,,1776355308.7245333
5596,2056,"H1,L1",1253965824.0,1253966336.0,processing,,1776355884.198135
5597,2057,"H1,L1",1253965824.0,1253966336.0,processing,,1776356457.9661112
5598,2058,"H1,L1",1253965824.0,1253966336.0,processing,,1776357031.1742535
5599,2059,"H1,L1",1253965824.0,1253966336.0,processing,,1776357603.758154
5600,2060,"H1,L1",1253965824.0,1253966336.0,processing,,1776358187.4885917
5601,2061,"H1,L1",1253965824.0,1253966336.0,processing,,1776358761.193511
5602,2062,"H1,L1",1253965824.0,1253966336.0,processing,,1776359333.4366982
5603,2063,"H1,L1",1253965824.0,1253966336.0,processing,,1776359906.4734285
5604,2064,"H1,L1",1253965824.0,1253966336.0,processing,,1776360479.4911294
5605,2065,"H1,L1",1253965824.0,1253966336.0,processing,,1776361052.4493375
5606,2066,"H1,L1",1253965824.0,1253966336.0,processing,,1776361624.5055447
5607,2067,"H1,L1",1253965824.0,1253966336.0,processing,,1776362206.457489
5608,2068,"H1,L1",1253965824.0,1253966336.0,processing,,1776362779.9852622
5609,2069,"H1,L1",1253965824.0,1253966336.0,processing,,1776363352.9574723
5610,2070,"H1,L1",1253965824.0,1253966336.0,processing,,1776363927.4745433
5611,2071,"H1,L1",1253965824.0,1253966336.0,processing,,1776364499.73976
5612,2072,"H1,L1",1253965824.0,1253966336.0,processing,,1776365074.239255
5613,2073,"H1,L1",1253965824.0,1253966336.0,processing,,1776365654.9806826
5614,2074,"H1,L1",1253965824.0,1253966336.0,processing,,1776366229.4973712
5615,2075,"H1,L1",1253965824.0,1253966336.0,processing,,1776366801.465464
5616,2076,"H1,L1",1253965824.0,1253966336.0,processing,,1776367375.9539685
5617,2077,"H1,L1",1253965824.0,1253966336.0,processing,,1776367949.1873772
5618,2078,"H1,L1",1253965824.0,1253966336.0,processing,,1776368522.4686954
5619,2079,"H1,L1",1253965824.0,1253966336.0,processing,,1776369095.4646435
5620,2080,"H1,L1",1253965824.0,1253966336.0,processing,,1776369667.4616425
5621,2081,"H1,L1",1253965824.0,1253966336.0,processing,,1776370239.958185
5622,2082,"H1,L1",1253965824.0,1253966336.0,processing,,1776370815.2163558
5623,2083,"H1,L1",1253965824.0,1253966336.0,processing,,1776371388.956185
5624,2084,"H1,L1",1253965824.0,1253966336.0,processing,,1776371961.1926394
5625,2085,"H1,L1",1253965824.0,1253966336.0,processing,,1776372536.239015
5626,2086,"H1,L1",1253965824.0,1253966336.0,processing,,1776373107.9782183
5627,2087,"H1,L1",1253965824.0,1253966336.0,processing,,1776373679.977076
5628,2088,"H1,L1",1253965824.0,1253966336.0,processing,,1776374254.222261
5629,2089,"H1,L1",1253965824.0,1253966336.0,processing,,1776374827.4795783
5630,2090,"H1,L1",1253965824.0,1253966336.0,processing,,1776375400.9622161
5631,2091,"H1,L1",1253965824.0,1253966336.0,processing,,1776375976.2219281
5632,2092,"H1,L1",1253965824.0,1253966336.0,processing,,1776376549.9818404
5633,2093,"H1,L1",1253965824.0,1253966336.0,processing,,1776377121.4734495
5634,2094,"H1,L1",1253965824.0,1253966336.0,processing,,1776377705.4769566
5635,2095,"H1,L1",1253965824.0,1253966336.0,processing,,1776378280.227565
5636,2096,"H1,L1",1253965824.0,1253966336.0,processing,,1776378854.2430463
5637,2097,"H1,L1",1253965824.0,1253966336.0,processing,,1776379426.4792333
5638,2098,"H1,L1",1253965824.0,1253966336.0,processing,,1776380000.2251794
5639,2099,"H1,L1",1253965824.0,1253966336.0,processing,,1776380572.7236793
5640,2100,"H1,L1",1253965824.0,1253966336.0,processing,,1776381155.220293
5641,2101,"H1,L1",1253965824.0,1253966336.0,processing,,1776381728.7017856
5642,2102,"H1,L1",1253965824.0,1253966336.0,processing,,1776382300.9897454
5643,2103,"H1,L1",1253965824.0,1253966336.0,processing,,1776382876.2332904
5644,2104,"H1,L1",1253965824.0,1253966336.0,processing,,1776383449.7444284
5645,2105,"H1,L1",1253965824.0,1253966336.0,processing,,1776384022.9577627
5646,2106,"H1,L1",1253965824.0,1253966336.0,processing,,1776384595.475028
5647,2107,"H1,L1",1253965824.0,1253966336.0,processing,,1776385168.1919878
5648,2108,"H1,L1",1253965824.0,1253966336.0,processing,,1776385751.4815202
5649,2109,"H1,L1",1253965824.0,1253966336.0,processing,,1776386324.741993
5650,2110,"H1,L1",1253965824.0,1253966336.0,processing,,1776386899.9859571
5651,2111,"H1,L1",1253965824.0,1253966336.0,processing,,1776387473.2033052
5652,2112,"H1,L1",1253965824.0,1253966336.0,processing,,1776388046.7117279
5653,2113,"H1,L1",1253965824.0,1253966336.0,processing,,1776388619.4528666
5654,2114,"H1,L1",1253965824.0,1253966336.0,processing,,1776389193.7034485
5655,2115,"H1,L1",1253965824.0,1253966336.0,processing,,1776389765.531567
5656,2116,"H1,L1",1253965824.0,1253966336.0,processing,,1776390335.4845276
5657,2117,"H1,L1",1253965824.0,1253966336.0,processing,,1776390908.4623766
5658,2118,"H1,L1",1253965824.0,1253966336.0,processing,,1776391482.215611
5659,2119,"H1,L1",1253965824.0,1253966336.0,processing,,1776392056.6975276
5660,2120,"H1,L1",1253965824.0,1253966336.0,processing,,1776392629.2398741
5661,2121,"H1,L1",1253965824.0,1253966336.0,processing,,1776393201.7256656
5662,2122,"H1,L1",1253965824.0,1253966336.0,processing,,1776393775.7079144
5663,2123,"H1,L1",1253965824.0,1253966336.0,processing,,1776394348.4645019
5664,2124,"H1,L1",1253965824.0,1253966336.0,processing,,1776394921.709068
5665,2125,"H1,L1",1253965824.0,1253966336.0,processing,,1776395495.4891386
5666,2126,"H1,L1",1253965824.0,1253966336.0,processing,,1776396069.2048063
5667,2127,"H1,L1",1253965824.0,1253966336.0,processing,,1776396651.9934003
5668,2128,"H1,L1",1253965824.0,1253966336.0,processing,,1776397237.757903
5669,2129,"H1,L1",1253965824.0,1253966336.0,processing,,1776398214.4898849
5670,2130,"H1,L1",1253965824.0,1253966336.0,processing,,1776398890.7073781
5671,2131,"H1,L1",1253965824.0,1253966336.0,processing,,1776399463.4795766
5672,2132,"H1,L1",1253965824.0,1253966336.0,processing,,1776400033.23497
5673,2133,"H1,L1",1253965824.0,1253966336.0,processing,,1776400603.712285
5674,2134,"H1,L1",1253965824.0,1253966336.0,processing,,1776401173.1968498
5675,2135,"H1,L1",1253965824.0,1253966336.0,processing,,1776401743.5105367
5676,2136,"H1,L1",1253965824.0,1253966336.0,processing,,1776402315.237571
5677,2137,"H1,L1",1253965824.0,1253966336.0,processing,,1776402884.4722896
5678,2138,"H1,L1",1253965824.0,1253966336.0,processing,,1776403454.715636
5679,2139,"H1,L1",1253965824.0,1253966336.0,processing,,1776404024.2239134
5680,2140,"H1,L1",1253965824.0,1253966336.0,processing,,1776404597.2028944
5681,2141,"H1,L1",1253965824.0,1253966336.0,processing,,1776405166.9495604
5682,2142,"H1,L1",1253965824.0,1253966336.0,processing,,1776405735.9796154
5683,2143,"H1,L1",1253965824.0,1253966336.0,processing,,1776406305.7003763
5684,2144,"H1,L1",1253965824.0,1253966336.0,processing,,1776406876.2069645
5685,2145,"H1,L1",1253965824.0,1253966336.0,processing,,1776407446.7082522
5686,2146,"H1,L1",1253965824.0,1253966336.0,processing,,1776408016.7317166
5687,2147,"H1,L1",1253965824.0,1253966336.0,processing,,1776408591.1925619
5688,2148,"H1,L1",1253965824.0,1253966336.0,processing,,1776409161.2411983
5689,2149,"H1,L1",1253965824.0,1253966336.0,processing,,1776409730.2443917
5690,2150,"H1,L1",1253965824.0,1253966336.0,processing,,1776410299.9505758
5691,2151,"H1,L1",1253965824.0,1253966336.0,processing,,1776410869.7169273
5692,2152,"H1,L1",1253965824.0,1253966336.0,processing,,1776411441.2071755
5693,2153,"H1,L1",1253965824.0,1253966336.0,processing,,1776412011.4771078
5694,2154,"H1,L1",1253965824.0,1253966336.0,processing,,1776412582.9806345
5695,2155,"H1,L1",1253965824.0,1253966336.0,processing,,1776413153.9568143
5696,2156,"H1,L1",1253965824.0,1253966336.0,processing,,1776413732.7033195
5697,2157,"H1,L1",1253965824.0,1253966336.0,processing,,1776414301.950109
5698,2158,"H1,L1",1253965824.0,1253966336.0,processing,,1776414871.1893654
5699,2159,"H1,L1",1253965824.0,1253966336.0,processing,,1776415442.6939023
5700,2160,"H1,L1",1253965824.0,1253966336.0,processing,,1776416013.7328572
5701,2161,"H1,L1",1253965824.0,1253966336.0,processing,,1776416584.2144887
5702,2162,"H1,L1",1253965824.0,1253966336.0,processing,,1776417153.2162905
5703,2163,"H1,L1",1253965824.0,1253966336.0,processing,,1776417728.4772031
5704,2164,"H1,L1",1253965824.0,1253966336.0,processing,,1776418297.4575977
5705,2165,"H1,L1",1253965824.0,1253966336.0,processing,,1776418867.4667501
5706,2166,"H1,L1",1253965824.0,1253966336.0,processing,,1776419438.9615464
5707,2167,"H1,L1",1253965824.0,1253966336.0,processing,,1776420006.9571822
5708,2168,"H1,L1",1253965824.0,1253966336.0,processing,,1776420577.195674
5709,2169,"H1,L1",1253965824.0,1253966336.0,processing,,1776421148.2469609
5710,2170,"H1,L1",1253965824.0,1253966336.0,processing,,1776421720.9306011
5711,2171,"H1,L1",1253965824.0,1253966336.0,processing,,1776422290.2480283
5712,2172,"H1,L1",1253965824.0,1253966336.0,processing,,1776422859.4803338
5713,2173,"H1,L1",1253965824.0,1253966336.0,processing,,1776423429.4858692
5714,2174,"H1,L1",1253965824.0,1253966336.0,processing,,1776424000.2507384
5715,2175,"H1,L1",1253965824.0,1253966336.0,processing,,1776424579.7286282
5716,2176,"H1,L1",1253965824.0,1253966336.0,processing,,1776425149.714459
5717,2177,"H1,L1",1253965824.0,1253966336.0,processing,,1776425721.201667
5718,2178,"H1,L1",1253965824.0,1253966336.0,processing,,1776426292.4829834
5719,2179,"H1,L1",1253965824.0,1253966336.0,processing,,1776426862.7089362
5720,2180,"H1,L1",1253965824.0,1253966336.0,processing,,1776427432.4714305
5721,2181,"H1,L1",1253965824.0,1253966336.0,processing,,1776428001.2220073
5722,2182,"H1,L1",1253965824.0,1253966336.0,processing,,1776428571.1840823
5723,2183,"H1,L1",1253965824.0,1253966336.0,processing,,1776429140.7068214
5724,2184,"H1,L1",1253965824.0,1253966336.0,processing,,1776429710.4785283
5725,2185,"H1,L1",1253965824.0,1253966336.0,processing,,1776430280.7149816
5726,2186,"H1,L1",1253965824.0,1253966336.0,processing,,1776430849.9705374
5727,2187,"H1,L1",1253965824.0,1253966336.0,processing,,1776431420.236059
5728,2188,"H1,L1",1253965824.0,1253966336.0,processing,,1776431990.9673707
5729,2189,"H1,L1",1253965824.0,1253966336.0,processing,,1776432558.9341717
5730,2190,"H1,L1",1253965824.0,1253966336.0,processing,,1776433129.7131412
5731,2191,"H1,L1",1253965824.0,1253966336.0,processing,,1776433700.2108834
5732,2192,"H1,L1",1253965824.0,1253966336.0,processing,,1776434270.716419
5733,2193,"H1,L1",1253965824.0,1253966336.0,processing,,1776434841.4800045
5734,2194,"H1,L1",1253965824.0,1253966336.0,processing,,1776435411.4430928
5735,2195,"H1,L1",1253965824.0,1253966336.0,processing,,1776435982.970026
5736,2196,"H1,L1",1253965824.0,1253966336.0,processing,,1776436552.9816105
5737,2197,"H1,L1",1253965824.0,1253966336.0,processing,,1776437122.7115536
5738,2198,"H1,L1",1253965824.0,1253966336.0,processing,,1776437693.215326
5739,2199,"H1,L1",1253965824.0,1253966336.0,processing,,1776438265.4795253
5740,2200,"H1,L1",1253965824.0,1253966336.0,processing,,1776438836.953495
5741,2201,"H1,L1",1253965824.0,1253966336.0,processing,,1776439408.733493
5742,2202,"H1,L1",1253965824.0,1253966336.0,processing,,1776439977.221768
5743,2203,"H1,L1",1253965824.0,1253966336.0,processing,,1776440549.747036
5744,2204,"H1,L1",1253965824.0,1253966336.0,processing,,1776441118.4774253
5745,2205,"H1,L1",1253965824.0,1253966336.0,processing,,1776441688.4661953
5746,2206,"H1,L1",1253965824.0,1253966336.0,processing,,1776442258.686556
5747,2207,"H1,L1",1253965824.0,1253966336.0,processing,,1776442827.4917436
5748,2208,"H1,L1",1253965824.0,1253966336.0,processing,,1776443398.210317
5749,2209,"H1,L1",1253965824.0,1253966336.0,processing,,1776443967.488602
5750,2210,"H1,L1",1253965824.0,1253966336.0,processing,,1776444538.2230506
5751,2211,"H1,L1",1253965824.0,1253966336.0,processing,,1776445109.7269964
5752,2212,"H1,L1",1253965824.0,1253966336.0,processing,,1776445679.4911642
5753,2213,"H1,L1",1253965824.0,1253966336.0,processing,,1776446249.5479083
5754,2214,"H1,L1",1253965824.0,1253966336.0,processing,,1776446920.4583063
5755,2215,"H1,L1",1253965824.0,1253966336.0,processing,,1776447490.7060633
5756,2216,"H1,L1",1253965824.0,1253966336.0,processing,,1776448059.2512395
5757,2217,"H1,L1",1253965824.0,1253966336.0,processing,,1776448631.2188618
5758,2218,"H1,L1",1253965824.0,1253966336.0,processing,,1776449200.4822493
5759,2219,"H1,L1",1253965824.0,1253966336.0,processing,,1776449769.9756572
5760,2220,"H1,L1",1253965824.0,1253966336.0,processing,,1776450339.4661646
5761,2221,"H1,L1",1253965824.0,1253966336.0,processing,,1776450911.4751394
5762,2222,"H1,L1",1253965824.0,1253966336.0,processing,,1776451483.723783
5763,2223,"H1,L1",1253965824.0,1253966336.0,processing,,1776452054.2003312
5764,2224,"H1,L1",1253965824.0,1253966336.0,processing,,1776452625.7400374
5765,2225,"H1,L1",1253965824.0,1253966336.0,processing,,1776453196.728543
5766,2226,"H1,L1",1253965824.0,1253966336.0,processing,,1776453767.1950774
5767,2227,"H1,L1",1253965824.0,1253966336.0,processing,,1776454338.4822648
5768,2228,"H1,L1",1253965824.0,1253966336.0,processing,,1776454910.2297661
5769,2229,"H1,L1",1253965824.0,1253966336.0,processing,,1776455479.502905
5770,2230,"H1,L1",1253965824.0,1253966336.0,processing,,1776456050.2405055
5771,2231,"H1,L1",1253965824.0,1253966336.0,processing,,1776456620.6997342
5772,2232,"H1,L1",1253965824.0,1253966336.0,processing,,1776457189.7134178
5773,2233,"H1,L1",1253965824.0,1253966336.0,processing,,1776457758.9678113
5774,2234,"H1,L1",1253965824.0,1253966336.0,processing,,1776458328.2462986
5775,2235,"H1,L1",1253965824.0,1253966336.0,processing,,1776458899.9589894
5776,2236,"H1,L1",1253965824.0,1253966336.0,processing,,1776459470.2129822
5777,2237,"H1,L1",1253965824.0,1253966336.0,processing,,1776460039.476015
5778,2238,"H1,L1",1253965824.0,1253966336.0,processing,,1776460609.2145927
5779,2239,"H1,L1",1253965824.0,1253966336.0,processing,,1776461180.4666893
5780,2240,"H1,L1",1253965824.0,1253966336.0,processing,,1776461752.4898741
5781,2241,"H1,L1",1253965824.0,1253966336.0,processing,,1776462321.9652238
5782,2242,"H1,L1",1253965824.0,1253966336.0,processing,,1776462890.2459986
5783,2243,"H1,L1",1253965824.0,1253966336.0,processing,,1776463459.4546413
5784,2244,"H1,L1",1253965824.0,1253966336.0,processing,,1776464028.9707253
5785,2245,"H1,L1",1253965824.0,1253966336.0,processing,,1776464599.226085
5786,2246,"H1,L1",1253965824.0,1253966336.0,processing,,1776465169.4620469
5787,2247,"H1,L1",1253965824.0,1253966336.0,processing,,1776465738.469926
5788,2248,"H1,L1",1253965824.0,1253966336.0,processing,,1776466308.241352
5789,2249,"H1,L1",1253965824.0,1253966336.0,processing,,1776466880.1878989
5790,2250,"H1,L1",1253965824.0,1253966336.0,processing,,1776467449.9637437
5791,2251,"H1,L1",1253965824.0,1253966336.0,processing,,1776468020.7264624
5792,2252,"H1,L1",1253965824.0,1253966336.0,processing,,1776468592.473044
5793,2253,"H1,L1",1253965824.0,1253966336.0,processing,,1776469161.7251935
5794,2254,"H1,L1",1253965824.0,1253966336.0,processing,,1776469731.949574
5795,2255,"H1,L1",1253965824.0,1253966336.0,processing,,1776470301.449393
5796,2256,"H1,L1",1253965824.0,1253966336.0,processing,,1776470870.4624484
5797,2257,"H1,L1",1253965824.0,1253966336.0,processing,,1776471439.485066
5798,2258,"H1,L1",1253965824.0,1253966336.0,processing,,1776472008.9578073
5799,2259,"H1,L1",1253965824.0,1253966336.0,processing,,1776472580.0171797
5800,2260,"H1,L1",1253965824.0,1253966336.0,processing,,1776473149.4710274
5801,2261,"H1,L1",1253965824.0,1253966336.0,processing,,1776473717.9542084
5802,2262,"H1,L1",1253965824.0,1253966336.0,processing,,1776474287.9770617
5803,2263,"H1,L1",1253965824.0,1253966336.0,processing,,1776474858.215926
5804,2264,"H1,L1",1253965824.0,1253966336.0,processing,,1776475425.989313
5805,2265,"H1,L1",1253965824.0,1253966336.0,processing,,1776475996.4939559
5806,2266,"H1,L1",1253965824.0,1253966336.0,processing,,1776476665.698188
5807,2267,"H1,L1",1253965824.0,1253966336.0,processing,,1776477234.2437458
5808,2268,"H1,L1",1253965824.0,1253966336.0,processing,,1776477802.9589906
5809,2269,"H1,L1",1253965824.0,1253966336.0,processing,,1776478372.982555
5810,2270,"H1,L1",1253965824.0,1253966336.0,processing,,1776478944.5000048
5811,2271,"H1,L1",1253965824.0,1253966336.0,processing,,1776479514.7221384
5812,2272,"H1,L1",1253965824.0,1253966336.0,processing,,1776480085.4662483
5813,2273,"H1,L1",1253965824.0,1253966336.0,processing,,1776480655.9468608
5814,2274,"H1,L1",1253965824.0,1253966336.0,processing,,1776481227.7221923
5815,2275,"H1,L1",1253965824.0,1253966336.0,processing,,1776481796.512015
5816,2276,"H1,L1",1253965824.0,1253966336.0,processing,,1776482365.4915118
5817,2277,"H1,L1",1253965824.0,1253966336.0,processing,,1776482937.9889362
5818,2278,"H1,L1",1253965824.0,1253966336.0,processing,,1776483508.5128028
5819,2279,"H1,L1",1253965824.0,1253966336.0,processing,,1776484080.464309
5820,2280,"H1,L1",1253965824.0,1253966336.0,processing,,1776484651.2325737
5821,2281,"H1,L1",1253965824.0,1253966336.0,processing,,1776485222.2401822
5822,2282,"H1,L1",1253965824.0,1253966336.0,processing,,1776485792.9866984
5823,2283,"H1,L1",1253965824.0,1253966336.0,processing,,1776486361.9772847
5824,2284,"H1,L1",1253965824.0,1253966336.0,processing,,1776486932.273642
5825,2285,"H1,L1",1253965824.0,1253966336.0,processing,,1776487502.232262
5826,2286,"H1,L1",1253965824.0,1253966336.0,processing,,1776488080.9578073
5827,2287,"H1,L1",1253965824.0,1253966336.0,processing,,1776488652.7253754
5828,2288,"H1,L1",1253965824.0,1253966336.0,processing,,1776489220.7271056
5829,2289,"H1,L1",1253965824.0,1253966336.0,processing,,1776489792.2252378
5830,2290,"H1,L1",1253965824.0,1253966336.0,processing,,1776490363.467554
5831,2291,"H1,L1",1253965824.0,1253966336.0,processing,,1776490943.456448
5832,2292,"H1,L1",1253965824.0,1253966336.0,processing,,1776491515.73205
5833,2293,"H1,L1",1253965824.0,1253966336.0,processing,,1776492086.6951654
5834,2294,"H1,L1",1253965824.0,1253966336.0,processing,,1776492657.222813
5835,2295,"H1,L1",1253965824.0,1253966336.0,processing,,1776493228.959909
5836,2296,"H1,L1",1253965824.0,1253966336.0,processing,,1776493799.720739
5837,2297,"H1,L1",1253965824.0,1253966336.0,processing,,1776494370.4568455
5838,2298,"H1,L1",1253965824.0,1253966336.0,processing,,1776494946.724731
5839,2299,"H1,L1",1253965824.0,1253966336.0,processing,,1776495517.7288392
5840,2300,"H1,L1",1253965824.0,1253966336.0,processing,,1776496087.7225146
5841,2301,"H1,L1",1253965824.0,1253966336.0,processing,,1776496659.677285
5842,2302,"H1,L1",1253965824.0,1253966336.0,processing,,1776497232.4592633
5843,2303,"H1,L1",1253965824.0,1253966336.0,processing,,1776497804.4518704
5844,2304,"H1,L1",1253965824.0,1253966336.0,processing,,1776498377.7049139
5845,2305,"H1,L1",1253965824.0,1253966336.0,processing,,1776498947.9659474
5846,2306,"H1,L1",1253965824.0,1253966336.0,processing,,1776499518.4910607
5847,2307,"H1,L1",1253965824.0,1253966336.0,processing,,1776500088.9792287
5848,2308,"H1,L1",1253965824.0,1253966336.0,processing,,1776500660.2050314
5849,2309,"H1,L1",1253965824.0,1253966336.0,processing,,1776501231.2238593
5850,2310,"H1,L1",1253965824.0,1253966336.0,processing,,1776501801.695444
5851,2311,"H1,L1",1253965824.0,1253966336.0,processing,,1776502373.9609997
5852,2312,"H1,L1",1253965824.0,1253966336.0,processing,,1776502942.9556894
5853,2313,"H1,L1",1253965824.0,1253966336.0,processing,,1776503512.206171
5854,2314,"H1,L1",1253965824.0,1253966336.0,processing,,1776504081.2150588
5855,2315,"H1,L1",1253965824.0,1253966336.0,processing,,1776504651.4873474
5856,2316,"H1,L1",1253965824.0,1253966336.0,processing,,1776505222.7244961
5857,2317,"H1,L1",1253965824.0,1253966336.0,processing,,1776505792.9678242
5858,2318,"H1,L1",1253965824.0,1253966336.0,processing,,1776506363.7011466
5859,2319,"H1,L1",1253965824.0,1253966336.0,processing,,1776506930.9868624
5860,2320,"H1,L1",1253965824.0,1253966336.0,processing,,1776507503.9544854
5861,2321,"H1,L1",1253965824.0,1253966336.0,processing,,1776508074.7258782
5862,2322,"H1,L1",1253965824.0,1253966336.0,processing,,1776508644.207997
5863,2323,"H1,L1",1253965824.0,1253966336.0,processing,,1776509217.4838367
5864,2324,"H1,L1",1253965824.0,1253966336.0,processing,,1776509787.1977024
5865,2325,"H1,L1",1253965824.0,1253966336.0,processing,,1776510361.243721
5866,2326,"H1,L1",1253965824.0,1253966336.0,processing,,1776510931.9580789
5867,2327,"H1,L1",1253965824.0,1253966336.0,processing,,1776511505.2195141
5868,2328,"H1,L1",1253965824.0,1253966336.0,processing,,1776512075.4706423
5869,2329,"H1,L1",1253965824.0,1253966336.0,processing,,1776512645.2478378
5870,2330,"H1,L1",1253965824.0,1253966336.0,processing,,1776513214.4747272
5871,2331,"H1,L1",1253965824.0,1253966336.0,processing,,1776513781.2372217
5872,2332,"H1,L1",1253965824.0,1253966336.0,processing,,1776514351.2463253
5873,2333,"H1,L1",1253965824.0,1253966336.0,processing,,1776514921.221381
5874,2334,"H1,L1",1253965824.0,1253966336.0,processing,,1776515492.4800975
5875,2335,"H1,L1",1253965824.0,1253966336.0,processing,,1776516062.9600108
5876,2336,"H1,L1",1253965824.0,1253966336.0,processing,,1776516642.9595509
5877,2337,"H1,L1",1253965824.0,1253966336.0,processing,,1776517211.9754293
5878,2338,"H1,L1",1253965824.0,1253966336.0,processing,,1776517781.9603698
5879,2339,"H1,L1",1253965824.0,1253966336.0,processing,,1776518354.4781578
5880,2340,"H1,L1",1253965824.0,1253966336.0,processing,,1776518925.6732447
5881,2341,"H1,L1",1253965824.0,1253966336.0,processing,,1776519495.6986597
5882,2342,"H1,L1",1253965824.0,1253966336.0,processing,,1776520067.4537725
5883,2343,"H1,L1",1253965824.0,1253966336.0,processing,,1776520638.4635575
5884,2344,"H1,L1",1253965824.0,1253966336.0,processing,,1776521212.4932723
5885,2345,"H1,L1",1253965824.0,1253966336.0,processing,,1776521779.4539406
5886,2346,"H1,L1",1253965824.0,1253966336.0,processing,,1776522354.2280025
5887,2347,"H1,L1",1253965824.0,1253966336.0,processing,,1776522924.497447
5888,2348,"H1,L1",1253965824.0,1253966336.0,processing,,1776523494.227181
5889,2349,"H1,L1",1253965824.0,1253966336.0,processing,,1776524063.9594944
5890,2350,"H1,L1",1253965824.0,1253966336.0,processing,,1776524633.9605155
5891,2351,"H1,L1",1253965824.0,1253966336.0,processing,,1776525203.704981
5892,2352,"H1,L1",1253965824.0,1253966336.0,processing,,1776525773.7102387
5893,2353,"H1,L1",1253965824.0,1253966336.0,processing,,1776526344.4967692
5894,2354,"H1,L1",1253965824.0,1253966336.0,processing,,1776526915.7310066
5895,2355,"H1,L1",1253965824.0,1253966336.0,processing,,1776527484.9640198
5896,2356,"H1,L1",1253965824.0,1253966336.0,processing,,1776528055.96587
5897,2357,"H1,L1",1253965824.0,1253966336.0,processing,,1776528626.9559462
5898,2358,"H1,L1",1253965824.0,1253966336.0,processing,,1776529207.1932776
5899,2359,"H1,L1",1253965824.0,1253966336.0,processing,,1776529778.9759188
5900,2360,"H1,L1",1253965824.0,1253966336.0,processing,,1776530346.476713
5901,2361,"H1,L1",1253965824.0,1253966336.0,processing,,1776530918.947975
5902,2362,"H1,L1",1253965824.0,1253966336.0,processing,,1776531498.4581366
5903,2363,"H1,L1",1253965824.0,1253966336.0,processing,,1776532067.9540656
5904,2364,"H1,L1",1253965824.0,1253966336.0,processing,,1776532638.7060313
5905,2365,"H1,L1",1253965824.0,1253966336.0,processing,,1776533210.2230067
5906,2366,"H1,L1",1253965824.0,1253966336.0,processing,,1776533780.9512994
5907,2367,"H1,L1",1253965824.0,1253966336.0,processing,,1776534351.445563
5908,2368,"H1,L1",1253965824.0,1253966336.0,processing,,1776534922.4887288
5909,2369,"H1,L1",1253965824.0,1253966336.0,processing,,1776535490.9380922
5910,2370,"H1,L1",1253965824.0,1253966336.0,processing,,1776536068.2194881
5911,2371,"H1,L1",1253965824.0,1253966336.0,processing,,1776536649.4356093
5912,2372,"H1,L1",1253965824.0,1253966336.0,processing,,1776537218.71826
5913,2373,"H1,L1",1253965824.0,1253966336.0,processing,,1776537789.4967551
5914,2374,"H1,L1",1253965824.0,1253966336.0,processing,,1776538360.0001166
5915,2375,"H1,L1",1253965824.0,1253966336.0,processing,,1776538929.2253304
5916,2376,"H1,L1",1253965824.0,1253966336.0,processing,,1776539498.218343
5917,2377,"H1,L1",1253965824.0,1253966336.0,processing,,1776540072.734467
5918,2378,"H1,L1",1253965824.0,1253966336.0,processing,,1776540644.19865
5919,2379,"H1,L1",1253965824.0,1253966336.0,processing,,1776541215.452757
5920,2380,"H1,L1",1253965824.0,1253966336.0,processing,,1776541788.2148933
5921,2381,"H1,L1",1253965824.0,1253966336.0,processing,,1776542356.9640777
5922,2382,"H1,L1",1253965824.0,1253966336.0,processing,,1776542927.7118413
5923,2383,"H1,L1",1253965824.0,1253966336.0,processing,,1776543496.1957252
5924,2384,"H1,L1",1253965824.0,1253966336.0,processing,,1776544065.4769258
5925,2385,"H1,L1",1253965824.0,1253966336.0,processing,,1776544634.4756458
5926,2386,"H1,L1",1253965824.0,1253966336.0,processing,,1776545203.4802146
5927,2387,"H1,L1",1253965824.0,1253966336.0,processing,,1776545774.7406738
5928,2388,"H1,L1",1253965824.0,1253966336.0,processing,,1776546343.4690845
5929,2389,"H1,L1",1253965824.0,1253966336.0,processing,,1776546914.7398326
5930,2390,"H1,L1",1253965824.0,1253966336.0,processing,,1776547483.6967847
5931,2391,"H1,L1",1253965824.0,1253966336.0,processing,,1776548054.1946301
5932,2392,"H1,L1",1253965824.0,1253966336.0,processing,,1776548625.4558895
5933,2393,"H1,L1",1253965824.0,1253966336.0,processing,,1776549197.7220407
5934,2394,"H1,L1",1253965824.0,1253966336.0,processing,,1776549767.9628363
5935,2395,"H1,L1",1253965824.0,1253966336.0,processing,,1776550339.2141888
5936,2396,"H1,L1",1253965824.0,1253966336.0,processing,,1776550908.9602427
5937,2397,"H1,L1",1253965824.0,1253966336.0,processing,,1776551478.01339
5938,2398,"H1,L1",1253965824.0,1253966336.0,processing,,1776552049.196689
5939,2399,"H1,L1",1253965824.0,1253966336.0,processing,,1776552619.7302263
5940,2400,"H1,L1",1253965824.0,1253966336.0,processing,,1776553192.1983232
5941,2401,"H1,L1",1253965824.0,1253966336.0,processing,,1776553762.7106576
5942,2402,"H1,L1",1253965824.0,1253966336.0,processing,,1776554333.7243712
5943,2403,"H1,L1",1253965824.0,1253966336.0,processing,,1776554913.1841161
5944,2404,"H1,L1",1253965824.0,1253966336.0,processing,,1776555482.9701555
5945,2405,"H1,L1",1253965824.0,1253966336.0,processing,,1776556052.9391155
5946,2406,"H1,L1",1253965824.0,1253966336.0,processing,,1776556625.202933
5947,2407,"H1,L1",1253965824.0,1253966336.0,processing,,1776557195.2256634
5948,2408,"H1,L1",1253965824.0,1253966336.0,processing,,1776557764.957623
5949,2409,"H1,L1",1253965824.0,1253966336.0,processing,,1776558335.4663408
5950,2410,"H1,L1",1253965824.0,1253966336.0,processing,,1776558905.7158496
5951,2411,"H1,L1",1253965824.0,1253966336.0,processing,,1776559490.9505012
5952,2412,"H1,L1",1253965824.0,1253966336.0,processing,,1776560070.9760137
5953,2413,"H1,L1",1253965824.0,1253966336.0,processing,,1776560641.5072322
5954,2414,"H1,L1",1253965824.0,1253966336.0,processing,,1776561211.2564456
5955,2415,"H1,L1",1253965824.0,1253966336.0,processing,,1776561780.949647
5956,2416,"H1,L1",1253965824.0,1253966336.0,processing,,1776562350.7211242
5957,2417,"H1,L1",1253965824.0,1253966336.0,processing,,1776562920.4272885
5958,2418,"H1,L1",1253965824.0,1253966336.0,processing,,1776563490.9654357
5959,2419,"H1,L1",1253965824.0,1253966336.0,processing,,1776564059.9770539
5960,2420,"H1,L1",1253965824.0,1253966336.0,processing,,1776564629.7563803
5961,2421,"H1,L1",1253965824.0,1253966336.0,processing,,1776565208.6943498
5962,2422,"H1,L1",1253965824.0,1253966336.0,processing,,1776565778.9733808
5963,2423,"H1,L1",1253965824.0,1253966336.0,processing,,1776566358.9441533
5964,2424,"H1,L1",1253965824.0,1253966336.0,processing,,1776566934.214444
5965,2425,"H1,L1",1253965824.0,1253966336.0,processing,,1776567505.9458888
5966,2426,"H1,L1",1253965824.0,1253966336.0,processing,,1776568076.4616175
5967,2427,"H1,L1",1253965824.0,1253966336.0,processing,,1776568645.9903176
5968,2428,"H1,L1",1253965824.0,1253966336.0,processing,,1776569215.461466
5969,2429,"H1,L1",1253965824.0,1253966336.0,processing,,1776569785.7190244
5970,2430,"H1,L1",1253965824.0,1253966336.0,processing,,1776570357.948099
5971,2431,"H1,L1",1253965824.0,1253966336.0,processing,,1776570928.4911149
5972,2432,"H1,L1",1253965824.0,1253966336.0,processing,,1776571500.705608
5973,2433,"H1,L1",1253965824.0,1253966336.0,processing,,1776572070.4713728
5974,2434,"H1,L1",1253965824.0,1253966336.0,processing,,1776572640.1909196
5975,2435,"H1,L1",1253965824.0,1253966336.0,processing,,1776573211.7049727
5976,2436,"H1,L1",1253965824.0,1253966336.0,processing,,1776573782.4662936
5977,2437,"H1,L1",1253965824.0,1253966336.0,processing,,1776574365.710554
5978,2438,"H1,L1",1253965824.0,1253966336.0,processing,,1776574934.9992394
5979,2439,"H1,L1",1253965824.0,1253966336.0,processing,,1776575506.729338
5980,2440,"H1,L1",1253965824.0,1253966336.0,processing,,1776576076.0166779
5981,2441,"H1,L1",1253965824.0,1253966336.0,processing,,1776576648.2067926
5982,2442,"H1,L1",1253965824.0,1253966336.0,processing,,1776577219.7117484
5983,2443,"H1,L1",1253965824.0,1253966336.0,processing,,1776577790.459396
5984,2444,"H1,L1",1253965824.0,1253966336.0,processing,,1776578362.9729316
5985,2445,"H1,L1",1253965824.0,1253966336.0,processing,,1776578939.2236745
5986,2446,"H1,L1",1253965824.0,1253966336.0,processing,,1776579509.23636
5987,2447,"H1,L1",1253965824.0,1253966336.0,processing,,1776580078.706365
5988,2448,"H1,L1",1253965824.0,1253966336.0,processing,,1776580649.220565
5989,2449,"H1,L1",1253965824.0,1253966336.0,processing,,1776581217.93995
5990,2450,"H1,L1",1253965824.0,1253966336.0,processing,,1776581787.9936426
5991,2451,"H1,L1",1253965824.0,1253966336.0,processing,,1776582358.972358
5992,2452,"H1,L1",1253965824.0,1253966336.0,processing,,1776582929.2253056
5993,2453,"H1,L1",1253965824.0,1253966336.0,processing,,1776583500.7004037
5994,2454,"H1,L1",1253965824.0,1253966336.0,processing,,1776584070.2070842
5995,2455,"H1,L1",1253965824.0,1253966336.0,processing,,1776584641.4626796
5996,2456,"H1,L1",1253965824.0,1253966336.0,processing,,1776585212.4621658
5997,2457,"H1,L1",1253965824.0,1253966336.0,processing,,1776585784.4539344
5998,2458,"H1,L1",1253965824.0,1253966336.0,processing,,1776586362.959878
5999,2459,"H1,L1",1253965824.0,1253966336.0,processing,,1776586933.2352698
6000,2460,"H1,L1",1253965824.0,1253966336.0,processing,,1776587503.9524915
6001,2461,"H1,L1",1253965824.0,1253966336.0,processing,,1776588073.7217016
6002,2462,"H1,L1",1253965824.0,1253966336.0,processing,,1776588641.970999
6003,2463,"H1,L1",1253965824.0,1253966336.0,processing,,1776589212.7192235
6004,2464,"H1,L1",1253965824.0,1253966336.0,processing,,1776589782.7001088
6005,2465,"H1,L1",1253965824.0,1253966336.0,processing,,1776590351.499438
6006,2466,"H1,L1",1253965824.0,1253966336.0,processing,,1776590921.984868
6007,2467,"H1,L1",1253965824.0,1253966336.0,processing,,1776591503.2154436
6008,2468,"H1,L1",1253965824.0,1253966336.0,processing,,1776592073.4751017
6009,2469,"H1,L1",1253965824.0,1253966336.0,processing,,1776592643.9809942
6010,2470,"H1,L1",1253965824.0,1253966336.0,processing,,1776593213.4767869
6011,2471,"H1,L1",1253965824.0,1253966336.0,processing,,1776593783.4770305
6012,2472,"H1,L1",1253965824.0,1253966336.0,processing,,1776594353.2058945
6013,2473,"H1,L1",1253965824.0,1253966336.0,processing,,1776594924.7132277
6014,2474,"H1,L1",1253965824.0,1253966336.0,processing,,1776595494.4607866
6015,2475,"H1,L1",1253965824.0,1253966336.0,processing,,1776596082.4688058
6016,2476,"H1,L1",1253965824.0,1253966336.0,processing,,1776596653.9831436
6017,2477,"H1,L1",1253965824.0,1253966336.0,processing,,1776597224.4697196
6018,2478,"H1,L1",1253965824.0,1253966336.0,processing,,1776597795.7243319
6019,2479,"H1,L1",1253965824.0,1253966336.0,processing,,1776598366.692207
6020,2480,"H1,L1",1253965824.0,1253966336.0,processing,,1776598938.238011
6021,2481,"H1,L1",1253965824.0,1253966336.0,processing,,1776599508.2026217
6022,2482,"H1,L1",1253965824.0,1253966336.0,processing,,1776600077.9623613
6023,2483,"H1,L1",1253965824.0,1253966336.0,processing,,1776600647.0021253
6024,2484,"H1,L1",1253965824.0,1253966336.0,processing,,1776601216.494046
6025,2485,"H1,L1",1253965824.0,1253966336.0,processing,,1776601787.2181468
6026,2486,"H1,L1",1253965824.0,1253966336.0,processing,,1776602358.9506764
6027,2487,"H1,L1",1253965824.0,1253966336.0,processing,,1776602938.2180035
6028,2488,"H1,L1",1253965824.0,1253966336.0,processing,,1776603510.2378972
6029,2489,"H1,L1",1253965824.0,1253966336.0,processing,,1776604081.207816
6030,2490,"H1,L1",1253965824.0,1253966336.0,processing,,1776604652.218466
6031,2491,"H1,L1",1253965824.0,1253966336.0,processing,,1776605226.4901366
6032,2492,"H1,L1",1253965824.0,1253966336.0,processing,,1776605797.7080941
6033,2493,"H1,L1",1253965824.0,1253966336.0,processing,,1776606368.4627166
6034,2494,"H1,L1",1253965824.0,1253966336.0,processing,,1776606944.9522414
6035,2495,"H1,L1",1253965824.0,1253966336.0,processing,,1776607527.1887102
6036,2496,"H1,L1",1253965824.0,1253966336.0,processing,,1776608100.2514179
6037,2497,"H1,L1",1253965824.0,1253966336.0,processing,,1776608671.4627857
6038,2498,"H1,L1",1253965824.0,1253966336.0,processing,,1776609243.9638534
6039,2499,"H1,L1",1253965824.0,1253966336.0,processing,,1776609816.7263942
6040,2500,"H1,L1",1253965824.0,1253966336.0,processing,,1776610390.9663851
6041,2501,"H1,L1",1253965824.0,1253966336.0,processing,,1776610960.965928
6042,2502,"H1,L1",1253965824.0,1253966336.0,processing,,1776611532.9616833
6043,2503,"H1,L1",1253965824.0,1253966336.0,processing,,1776612102.7276146
6044,2504,"H1,L1",1253965824.0,1253966336.0,processing,,1776612677.4666798
6045,2505,"H1,L1",1253965824.0,1253966336.0,processing,,1776613250.7214048
6046,2506,"H1,L1",1253965824.0,1253966336.0,processing,,1776613820.564377
6047,2507,"H1,L1",1253965824.0,1253966336.0,processing,,1776614391.1754968
6048,2508,"H1,L1",1253965824.0,1253966336.0,processing,,1776614961.9607975
6049,2509,"H1,L1",1253965824.0,1253966336.0,processing,,1776615535.9474845
6050,2510,"H1,L1",1253965824.0,1253966336.0,processing,,1776616108.2182508
6051,2511,"H1,L1",1253965824.0,1253966336.0,processing,,1776616678.2105865
6052,2512,"H1,L1",1253965824.0,1253966336.0,processing,,1776617249.9589038
6053,2513,"H1,L1",1253965824.0,1253966336.0,processing,,1776617821.2315092
6054,2514,"H1,L1",1253965824.0,1253966336.0,processing,,1776618392.4739263
6055,2515,"H1,L1",1253965824.0,1253966336.0,processing,,1776618962.4772341
6056,2516,"H1,L1",1253965824.0,1253966336.0,processing,,1776619532.2133157
6057,2517,"H1,L1",1253965824.0,1253966336.0,processing,,1776620109.4407206
6058,2518,"H1,L1",1253965824.0,1253966336.0,processing,,1776620679.2237632
6059,2519,"H1,L1",1253965824.0,1253966336.0,processing,,1776621249.4701748
6060,2520,"H1,L1",1253965824.0,1253966336.0,processing,,1776621818.977014
6061,2521,"H1,L1",1253965824.0,1253966336.0,processing,,1776622388.4869123
6062,2522,"H1,L1",1253965824.0,1253966336.0,processing,,1776622956.9731243
6063,2523,"H1,L1",1253965824.0,1253966336.0,processing,,1776623526.4804468
6064,2524,"H1,L1",1253965824.0,1253966336.0,processing,,1776624099.7148805
6065,2525,"H1,L1",1253965824.0,1253966336.0,processing,,1776624668.6954231
6066,2526,"H1,L1",1253965824.0,1253966336.0,processing,,1776625238.4565694
6067,2527,"H1,L1",1253965824.0,1253966336.0,processing,,1776625808.7034528
6068,2528,"H1,L1",1253965824.0,1253966336.0,processing,,1776626378.2196803
6069,2529,"H1,L1",1253965824.0,1253966336.0,processing,,1776626955.4518628
6070,2530,"H1,L1",1253965824.0,1253966336.0,processing,,1776627533.2356143
6071,2531,"H1,L1",1253965824.0,1253966336.0,processing,,1776628102.1827977
6072,2532,"H1,L1",1253965824.0,1253966336.0,processing,,1776628672.7204072
6073,2533,"H1,L1",1253965824.0,1253966336.0,processing,,1776629240.7392614
6074,2534,"H1,L1",1253965824.0,1253966336.0,processing,,1776629810.2350996
6075,2535,"H1,L1",1253965824.0,1253966336.0,processing,,1776630379.9549994
6076,2536,"H1,L1",1253965824.0,1253966336.0,processing,,1776630947.7286692
6077,2537,"H1,L1",1253965824.0,1253966336.0,processing,,1776631518.4577446
6078,2538,"H1,L1",1253965824.0,1253966336.0,processing,,1776632087.985316
6079,2539,"H1,L1",1253965824.0,1253966336.0,processing,,1776632659.250013
6080,2540,"H1,L1",1253965824.0,1253966336.0,processing,,1776633229.4447956
6081,2541,"H1,L1",1253965824.0,1253966336.0,processing,,1776633798.7370696
6082,2542,"H1,L1",1253965824.0,1253966336.0,processing,,1776634367.9765265
6083,2543,"H1,L1",1253965824.0,1253966336.0,processing,,1776634935.6986775
6084,2544,"H1,L1",1253965824.0,1253966336.0,processing,,1776635502.7283292
6085,2545,"H1,L1",1253965824.0,1253966336.0,processing,,1776636073.480277
6086,2546,"H1,L1",1253965824.0,1253966336.0,processing,,1776636642.9771264
6087,2547,"H1,L1",1253965824.0,1253966336.0,processing,,1776637212.4476774
6088,2548,"H1,L1",1253965824.0,1253966336.0,processing,,1776637782.2180214
6089,2549,"H1,L1",1253965824.0,1253966336.0,processing,,1776638353.492778
6090,2550,"H1,L1",1253965824.0,1253966336.0,processing,,1776638924.222605
6091,2551,"H1,L1",1253965824.0,1253966336.0,processing,,1776639493.7174215
6092,2552,"H1,L1",1253965824.0,1253966336.0,processing,,1776640065.9700325
6093,2553,"H1,L1",1253965824.0,1253966336.0,processing,,1776640636.9584653
6094,2554,"H1,L1",1253965824.0,1253966336.0,processing,,1776641206.95222
6095,2555,"H1,L1",1253965824.0,1253966336.0,processing,,1776641776.215637
6096,2556,"H1,L1",1253965824.0,1253966336.0,processing,,1776642345.9770312
6097,2557,"H1,L1",1253965824.0,1253966336.0,processing,,1776642917.742051
6098,2558,"H1,L1",1253965824.0,1253966336.0,processing,,1776643487.4665744
6099,2559,"H1,L1",1253965824.0,1253966336.0,processing,,1776644056.718521
6100,2560,"H1,L1",1253965824.0,1253966336.0,processing,,1776644625.6938324
6101,2561,"H1,L1",1253965824.0,1253966336.0,processing,,1776645204.4659913
6102,2562,"H1,L1",1253965824.0,1253966336.0,processing,,1776645774.9752166
6103,2563,"H1,L1",1253965824.0,1253966336.0,processing,,1776646344.2120447
6104,2564,"H1,L1",1253965824.0,1253966336.0,processing,,1776646925.952204
6105,2565,"H1,L1",1253965824.0,1253966336.0,processing,,1776647495.968904
6106,2566,"H1,L1",1253965824.0,1253966336.0,processing,,1776648066.7423215
6107,2567,"H1,L1",1253965824.0,1253966336.0,processing,,1776648637.475743
6108,2568,"H1,L1",1253965824.0,1253966336.0,processing,,1776649207.4754
6109,2569,"H1,L1",1253965824.0,1253966336.0,processing,,1776649779.0519092
6110,2570,"H1,L1",1253965824.0,1253966336.0,processing,,1776650348.4579442
6111,2571,"H1,L1",1253965824.0,1253966336.0,processing,,1776650919.4541776
6112,2572,"H1,L1",1253965824.0,1253966336.0,processing,,1776651487.7086215
6113,2573,"H1,L1",1253965824.0,1253966336.0,processing,,1776652056.9565473
6114,2574,"H1,L1",1253965824.0,1253966336.0,processing,,1776652628.479867
6115,2575,"H1,L1",1253965824.0,1253966336.0,processing,,1776653199.208492
6116,2576,"H1,L1",1253965824.0,1253966336.0,processing,,1776653768.187528
6117,2577,"H1,L1",1253965824.0,1253966336.0,processing,,1776654337.9479167
6118,2578,"H1,L1",1253965824.0,1253966336.0,processing,,1776654907.4716747
6119,2579,"H1,L1",1253965824.0,1253966336.0,processing,,1776655477.4757056
6120,2580,"H1,L1",1253965824.0,1253966336.0,processing,,1776656048.9661753
6121,2581,"H1,L1",1253965824.0,1253966336.0,processing,,1776656620.9716961
6122,2582,"H1,L1",1253965824.0,1253966336.0,processing,,1776657191.459448
6123,2583,"H1,L1",1253965824.0,1253966336.0,processing,,1776657761.4644136
6124,2584,"H1,L1",1253965824.0,1253966336.0,processing,,1776658332.7052178
6125,2585,"H1,L1",1253965824.0,1253966336.0,processing,,1776658903.73439
6126,2586,"H1,L1",1253965824.0,1253966336.0,processing,,1776659476.7289581
6127,2587,"H1,L1",1253965824.0,1253966336.0,processing,,1776660049.1905098
6128,2588,"H1,L1",1253965824.0,1253966336.0,processing,,1776660620.735422
6129,2589,"H1,L1",1253965824.0,1253966336.0,processing,,1776661191.4907002
6130,2590,"H1,L1",1253965824.0,1253966336.0,processing,,1776661762.7354167
6131,2591,"H1,L1",1253965824.0,1253966336.0,processing,,1776662332.9894614
6132,2592,"H1,L1",1253965824.0,1253966336.0,processing,,1776662902.7060544
6133,2593,"H1,L1",1253965824.0,1253966336.0,processing,,1776663471.239361
6134,2594,"H1,L1",1253965824.0,1253966336.0,processing,,1776664042.2217271
6135,2595,"H1,L1",1253965824.0,1253966336.0,processing,,1776664612.6759224
6136,2596,"H1,L1",1253965824.0,1253966336.0,processing,,1776665181.5147536
6137,2597,"H1,L1",1253965824.0,1253966336.0,processing,,1776665750.9753003
6138,2598,"H1,L1",1253965824.0,1253966336.0,processing,,1776666319.2214205
6139,2599,"H1,L1",1253965824.0,1253966336.0,processing,,1776666889.4553719
6140,2600,"H1,L1",1253965824.0,1253966336.0,processing,,1776667458.6862974
6141,2601,"H1,L1",1253965824.0,1253966336.0,processing,,1776668028.9725082
6142,2602,"H1,L1",1253965824.0,1253966336.0,processing,,1776668608.4552197
6143,2603,"H1,L1",1253965824.0,1253966336.0,processing,,1776669177.9577382
6144,2604,"H1,L1",1253965824.0,1253966336.0,processing,,1776669748.7356477
6145,2605,"H1,L1",1253965824.0,1253966336.0,processing,,1776670319.2235045
6146,2606,"H1,L1",1253965824.0,1253966336.0,processing,,1776670888.4831913
6147,2607,"H1,L1",1253965824.0,1253966336.0,processing,,1776671458.4789598
6148,2608,"H1,L1",1253965824.0,1253966336.0,processing,,1776672027.7366984
6149,2609,"H1,L1",1253965824.0,1253966336.0,processing,,1776672598.2302372
6150,2610,"H1,L1",1253965824.0,1253966336.0,processing,,1776673168.9966757
6151,2611,"H1,L1",1253965824.0,1253966336.0,processing,,1776673738.950201
6152,2612,"H1,L1",1253965824.0,1253966336.0,processing,,1776674307.4690857
6153,2613,"H1,L1",1253965824.0,1253966336.0,processing,,1776674877.4756434
6154,2614,"H1,L1",1253965824.0,1253966336.0,processing,,1776675448.9110773
6155,2615,"H1,L1",1253965824.0,1253966336.0,processing,,1776676019.210659
6156,2616,"H1,L1",1253965824.0,1253966336.0,processing,,1776676589.3971474
6157,2617,"H1,L1",1253965824.0,1253966336.0,processing,,1776677159.9623263
6158,2618,"H1,L1",1253965824.0,1253966336.0,processing,,1776677730.706996
6159,2619,"H1,L1",1253965824.0,1253966336.0,processing,,1776678301.0099053
6160,2620,"H1,L1",1253965824.0,1253966336.0,processing,,1776678871.4864118
6161,2621,"H1,L1",1253965824.0,1253966336.0,processing,,1776679442.4777973
6162,2622,"H1,L1",1253965824.0,1253966336.0,processing,,1776680015.2133546
6163,2623,"H1,L1",1253965824.0,1253966336.0,processing,,1776680585.7103498
6164,2624,"H1,L1",1253965824.0,1253966336.0,processing,,1776681155.2338493
6165,2625,"H1,L1",1253965824.0,1253966336.0,processing,,1776681724.2279842
6166,2626,"H1,L1",1253965824.0,1253966336.0,processing,,1776682295.1951194
6167,2627,"H1,L1",1253965824.0,1253966336.0,processing,,1776682865.9542787
6168,2628,"H1,L1",1253965824.0,1253966336.0,processing,,1776683434.4619126
6169,2629,"H1,L1",1253965824.0,1253966336.0,processing,,1776684004.473897
6170,2630,"H1,L1",1253965824.0,1253966336.0,processing,,1776684575.2224538
6171,2631,"H1,L1",1253965824.0,1253966336.0,processing,,1776685148.008405
6172,2632,"H1,L1",1253965824.0,1253966336.0,processing,,1776685720.2126021
6173,2633,"H1,L1",1253965824.0,1253966336.0,processing,,1776686289.3680465
6174,2634,"H1,L1",1253965824.0,1253966336.0,processing,,1776686859.7438354
6175,2635,"H1,L1",1253965824.0,1253966336.0,processing,,1776687429.0055087
6176,2636,"H1,L1",1253965824.0,1253966336.0,processing,,1776688002.444042
6177,2637,"H1,L1",1253965824.0,1253966336.0,processing,,1776688575.7034538
6178,2638,"H1,L1",1253965824.0,1253966336.0,processing,,1776689146.9711998
6179,2639,"H1,L1",1253965824.0,1253966336.0,processing,,1776689718.7137663
6180,2640,"H1,L1",1253965824.0,1253966336.0,processing,,1776690289.4875364
6181,2641,"H1,L1",1253965824.0,1253966336.0,processing,,1776690860.485749
6182,2642,"H1,L1",1253965824.0,1253966336.0,processing,,1776691432.2366958
6183,2643,"H1,L1",1253965824.0,1253966336.0,processing,,1776692000.7282865
6184,2644,"H1,L1",1253965824.0,1253966336.0,processing,,1776692570.231494
6185,2645,"H1,L1",1253965824.0,1253966336.0,processing,,1776693139.2202113
6186,2646,"H1,L1",1253965824.0,1253966336.0,processing,,1776693712.710193
6187,2647,"H1,L1",1253965824.0,1253966336.0,processing,,1776694284.4480562
6188,2648,"H1,L1",1253965824.0,1253966336.0,processing,,1776694855.2074354
6189,2649,"H1,L1",1253965824.0,1253966336.0,processing,,1776695430.4700708
6190,2650,"H1,L1",1253965824.0,1253966336.0,processing,,1776696000.255402
6191,2651,"H1,L1",1253965824.0,1253966336.0,processing,,1776696571.724163
6192,2652,"H1,L1",1253965824.0,1253966336.0,processing,,1776697141.7102616
6193,2653,"H1,L1",1253965824.0,1253966336.0,processing,,1776697721.4868796
6194,2654,"H1,L1",1253965824.0,1253966336.0,processing,,1776698300.459957
6195,2655,"H1,L1",1253965824.0,1253966336.0,processing,,1776698871.2156184
6196,2656,"H1,L1",1253965824.0,1253966336.0,processing,,1776699440.978173
6197,2657,"H1,L1",1253965824.0,1253966336.0,processing,,1776700020.470817
6198,2658,"H1,L1",1253965824.0,1253966336.0,processing,,1776700588.9284332
6199,2659,"H1,L1",1253965824.0,1253966336.0,processing,,1776701158.7130718
6200,2660,"H1,L1",1253965824.0,1253966336.0,processing,,1776701729.2117035
6201,2661,"H1,L1",1253965824.0,1253966336.0,processing,,1776702306.2202473
6202,2662,"H1,L1",1253965824.0,1253966336.0,processing,,1776702876.7518735
6203,2663,"H1,L1",1253965824.0,1253966336.0,processing,,1776703447.446673
6204,2664,"H1,L1",1253965824.0,1253966336.0,processing,,1776704018.9786923
6205,2665,"H1,L1",1253965824.0,1253966336.0,processing,,1776704589.1910884
6206,2666,"H1,L1",1253965824.0,1253966336.0,processing,,1776705158.4646783
6207,2667,"H1,L1",1253965824.0,1253966336.0,processing,,1776705728.7878823
6208,2668,"H1,L1",1253965824.0,1253966336.0,processing,,1776706299.7315583
6209,2669,"H1,L1",1253965824.0,1253966336.0,processing,,1776706871.19505
6210,2670,"H1,L1",1253965824.0,1253966336.0,processing,,1776707441.4662414
6211,2671,"H1,L1",1253965824.0,1253966336.0,processing,,1776708021.2155325
6212,2672,"H1,L1",1253965824.0,1253966336.0,processing,,1776708591.9665394
6213,2673,"H1,L1",1253965824.0,1253966336.0,processing,,1776709163.4577916
6214,2674,"H1,L1",1253965824.0,1253966336.0,processing,,1776709733.2159154
6215,2675,"H1,L1",1253965824.0,1253966336.0,processing,,1776710303.4774108
6216,2676,"H1,L1",1253965824.0,1253966336.0,processing,,1776710874.4695199
6217,2677,"H1,L1",1253965824.0,1253966336.0,processing,,1776711445.9685931
6218,2678,"H1,L1",1253965824.0,1253966336.0,processing,,1776712016.2253425
6219,2679,"H1,L1",1253965824.0,1253966336.0,processing,,1776712587.7248523
6220,2680,"H1,L1",1253965824.0,1253966336.0,processing,,1776713160.449282
6221,2681,"H1,L1",1253965824.0,1253966336.0,processing,,1776713731.4496734
6222,2682,"H1,L1",1253965824.0,1253966336.0,processing,,1776714300.722937
6223,2683,"H1,L1",1253965824.0,1253966336.0,processing,,1776714871.4695277
6224,2684,"H1,L1",1253965824.0,1253966336.0,processing,,1776715442.0009372
6225,2685,"H1,L1",1253965824.0,1253966336.0,processing,,1776716013.9879315
6226,2686,"H1,L1",1253965824.0,1253966336.0,processing,,1776716586.4445174
6227,2687,"H1,L1",1253965824.0,1253966336.0,processing,,1776717158.947552
6228,2688,"H1,L1",1253965824.0,1253966336.0,processing,,1776717729.743136
6229,2689,"H1,L1",1253965824.0,1253966336.0,processing,,1776718301.0330255
6230,2690,"H1,L1",1253965824.0,1253966336.0,processing,,1776718871.4472995
6231,2691,"H1,L1",1253965824.0,1253966336.0,processing,,1776719441.4756305
6232,2692,"H1,L1",1253965824.0,1253966336.0,processing,,1776720011.9663336
6233,2693,"H1,L1",1253965824.0,1253966336.0,processing,,1776720591.228205
6234,2694,"H1,L1",1253965824.0,1253966336.0,processing,,1776721161.72253
6235,2695,"H1,L1",1253965824.0,1253966336.0,processing,,1776721732.1927109
6236,2696,"H1,L1",1253965824.0,1253966336.0,processing,,1776722302.4701679
6237,2697,"H1,L1",1253965824.0,1253966336.0,processing,,1776722871.9532394
6238,2698,"H1,L1",1253965824.0,1253966336.0,processing,,1776723440.470439
6239,2699,"H1,L1",1253965824.0,1253966336.0,processing,,1776724009.4968433
6240,2700,"H1,L1",1253965824.0,1253966336.0,processing,,1776724579.6921117
6241,2701,"H1,L1",1253965824.0,1253966336.0,processing,,1776725149.7270722
6242,2702,"H1,L1",1253965824.0,1253966336.0,processing,,1776725721.7081654
6243,2703,"H1,L1",1253965824.0,1253966336.0,processing,,1776726291.7117474
6244,2704,"H1,L1",1253965824.0,1253966336.0,processing,,1776726863.1284075
6245,2705,"H1,L1",1253965824.0,1253966336.0,processing,,1776727433.7288816
6246,2706,"H1,L1",1253965824.0,1253966336.0,processing,,1776728003.732189
6247,2707,"H1,L1",1253965824.0,1253966336.0,processing,,1776728573.2240415
6248,2708,"H1,L1",1253965824.0,1253966336.0,processing,,1776729142.9430525
6249,2709,"H1,L1",1253965824.0,1253966336.0,processing,,1776729713.4526021
6250,2710,"H1,L1",1253965824.0,1253966336.0,processing,,1776730284.4977832
6251,2711,"H1,L1",1253965824.0,1253966336.0,processing,,1776730853.9813983
6252,2712,"H1,L1",1253965824.0,1253966336.0,processing,,1776731423.7133725
6253,2713,"H1,L1",1253965824.0,1253966336.0,processing,,1776731994.9742477
6254,2714,"H1,L1",1253965824.0,1253966336.0,processing,,1776732564.9327495
6255,2715,"H1,L1",1253965824.0,1253966336.0,processing,,1776733135.4955022
6256,2716,"H1,L1",1253965824.0,1253966336.0,processing,,1776733707.2256272
6257,2717,"H1,L1",1253965824.0,1253966336.0,processing,,1776734279.4841206
6258,2718,"H1,L1",1253965824.0,1253966336.0,processing,,1776734851.7147813
6259,2719,"H1,L1",1253965824.0,1253966336.0,processing,,1776735422.723914
6260,2720,"H1,L1",1253965824.0,1253966336.0,processing,,1776735992.9891143
6261,2721,"H1,L1",1253965824.0,1253966336.0,processing,,1776736573.4637096
6262,2722,"H1,L1",1253965824.0,1253966336.0,processing,,1776737143.453577
6263,2723,"H1,L1",1253965824.0,1253966336.0,processing,,1776737713.2220426
6264,2724,"H1,L1",1253965824.0,1253966336.0,processing,,1776738283.7252872
6265,2725,"H1,L1",1253965824.0,1253966336.0,processing,,1776738853.7504845
6266,2726,"H1,L1",1253965824.0,1253966336.0,processing,,1776739424.7215571
6267,2727,"H1,L1",1253965824.0,1253966336.0,processing,,1776739995.2223163
6268,2728,"H1,L1",1253965824.0,1253966336.0,processing,,1776740566.198552
6269,2729,"H1,L1",1253965824.0,1253966336.0,processing,,1776741137.2269921
6270,2730,"H1,L1",1253965824.0,1253966336.0,processing,,1776741706.9773657
6271,2731,"H1,L1",1253965824.0,1253966336.0,processing,,1776742276.4601533
6272,2732,"H1,L1",1253965824.0,1253966336.0,processing,,1776742846.3008883
6273,2733,"H1,L1",1253965824.0,1253966336.0,processing,,1776743417.9916394
6274,2734,"H1,L1",1253965824.0,1253966336.0,processing,,1776743985.9892
6275,2735,"H1,L1",1253965824.0,1253966336.0,processing,,1776744556.4767969
6276,2736,"H1,L1",1253965824.0,1253966336.0,processing,,1776745126.725634
6277,2737,"H1,L1",1253965824.0,1253966336.0,processing,,1776745695.7283418
6278,2738,"H1,L1",1253965824.0,1253966336.0,processing,,1776746275.4778175
6279,2739,"H1,L1",1253965824.0,1253966336.0,processing,,1776746843.4533496
6280,2740,"H1,L1",1253965824.0,1253966336.0,processing,,1776747413.7398078
6281,2741,"H1,L1",1253965824.0,1253966336.0,processing,,1776747984.4619212
6282,2742,"H1,L1",1253965824.0,1253966336.0,processing,,1776748553.9888906
6283,2743,"H1,L1",1253965824.0,1253966336.0,processing,,1776749224.9488304
6284,2744,"H1,L1",1253965824.0,1253966336.0,processing,,1776749793.9770901
6285,2745,"H1,L1",1253965824.0,1253966336.0,processing,,1776750365.4833045
6286,2746,"H1,L1",1253965824.0,1253966336.0,processing,,1776750934.4597688
6287,2747,"H1,L1",1253965824.0,1253966336.0,processing,,1776751504.4710605
6288,2748,"H1,L1",1253965824.0,1253966336.0,processing,,1776752074.968755
6289,2749,"H1,L1",1253965824.0,1253966336.0,processing,,1776752645.2112925
6290,2750,"H1,L1",1253965824.0,1253966336.0,processing,,1776753217.7455924
6291,2751,"H1,L1",1253965824.0,1253966336.0,processing,,1776753789.461004
6292,2752,"H1,L1",1253965824.0,1253966336.0,processing,,1776754360.7201598
6293,2753,"H1,L1",1253965824.0,1253966336.0,processing,,1776754932.6868002
6294,2754,"H1,L1",1253965824.0,1253966336.0,processing,,1776755503.9648225
6295,2755,"H1,L1",1253965824.0,1253966336.0,processing,,1776756075.95001
6296,2756,"H1,L1",1253965824.0,1253966336.0,processing,,1776756645.989368
6297,2757,"H1,L1",1253965824.0,1253966336.0,processing,,1776757215.473917
6298,2758,"H1,L1",1253965824.0,1253966336.0,processing,,1776757785.6802351
6299,2759,"H1,L1",1253965824.0,1253966336.0,processing,,1776758356.437235
6300,2760,"H1,L1",1253965824.0,1253966336.0,processing,,1776758925.9537756
6301,2761,"H1,L1",1253965824.0,1253966336.0,processing,,1776759498.6923876
6302,2762,"H1,L1",1253965824.0,1253966336.0,processing,,1776760069.4417202
6303,2763,"H1,L1",1253965824.0,1253966336.0,processing,,1776760639.9642422
6304,2764,"H1,L1",1253965824.0,1253966336.0,processing,,1776761211.730893
6305,2765,"H1,L1",1253965824.0,1253966336.0,processing,,1776761782.4723814
6306,2766,"H1,L1",1253965824.0,1253966336.0,processing,,1776762352.4498293
6307,2767,"H1,L1",1253965824.0,1253966336.0,processing,,1776762921.9638035
6308,2768,"H1,L1",1253965824.0,1253966336.0,processing,,1776763493.0613697
6309,2769,"H1,L1",1253965824.0,1253966336.0,processing,,1776764065.9783754
6310,2770,"H1,L1",1253965824.0,1253966336.0,processing,,1776764636.9702032
6311,2771,"H1,L1",1253965824.0,1253966336.0,processing,,1776765207.4396608
6312,2772,"H1,L1",1253965824.0,1253966336.0,processing,,1776765778.7275684
6313,2773,"H1,L1",1253965824.0,1253966336.0,processing,,1776766349.466096
6314,2774,"H1,L1",1253965824.0,1253966336.0,processing,,1776766921.4766543
6315,2775,"H1,L1",1253965824.0,1253966336.0,processing,,1776767491.7164428
6316,2776,"H1,L1",1253965824.0,1253966336.0,processing,,1776768063.486016
6317,2777,"H1,L1",1253965824.0,1253966336.0,processing,,1776768633.4814405
6318,2778,"H1,L1",1253965824.0,1253966336.0,processing,,1776769203.7455907
6319,2779,"H1,L1",1253965824.0,1253966336.0,processing,,1776769774.706384
6320,2780,"H1,L1",1253965824.0,1253966336.0,processing,,1776770347.2174356
6321,2781,"H1,L1",1253965824.0,1253966336.0,processing,,1776770917.7301297
6322,2782,"H1,L1",1253965824.0,1253966336.0,processing,,1776771489.6991413
6323,2783,"H1,L1",1253965824.0,1253966336.0,processing,,1776772060.2294283
6324,2784,"H1,L1",1253965824.0,1253966336.0,processing,,1776772629.2330768
6325,2785,"H1,L1",1253965824.0,1253966336.0,processing,,1776773200.2349803
6326,2786,"H1,L1",1253965824.0,1253966336.0,processing,,1776773769.9400516
6327,2787,"H1,L1",1253965824.0,1253966336.0,processing,,1776774339.7064123
6328,2788,"H1,L1",1253965824.0,1253966336.0,processing,,1776774910.0113235
6329,2789,"H1,L1",1253965824.0,1253966336.0,processing,,1776775480.7340226
6330,2790,"H1,L1",1253965824.0,1253966336.0,processing,,1776776050.9679732
6331,2791,"H1,L1",1253965824.0,1253966336.0,processing,,1776776621.7295082
6332,2792,"H1,L1",1253965824.0,1253966336.0,processing,,1776777192.4630203
6333,2793,"H1,L1",1253965824.0,1253966336.0,processing,,1776777762.4337728
6334,2794,"H1,L1",1253965824.0,1253966336.0,processing,,1776778331.9473855
6335,2795,"H1,L1",1253965824.0,1253966336.0,processing,,1776778901.4768276
6336,2796,"H1,L1",1253965824.0,1253966336.0,processing,,1776779471.186327
6337,2797,"H1,L1",1253965824.0,1253966336.0,processing,,1776780042.480581
6338,2798,"H1,L1",1253965824.0,1253966336.0,processing,,1776780611.733947
6339,2799,"H1,L1",1253965824.0,1253966336.0,processing,,1776781181.740063
6340,2800,"H1,L1",1253965824.0,1253966336.0,processing,,1776781752.4689507
6341,2801,"H1,L1",1253965824.0,1253966336.0,processing,,1776782323.6969924
6342,2802,"H1,L1",1253965824.0,1253966336.0,processing,,1776782892.4792378
6343,2803,"H1,L1",1253965824.0,1253966336.0,processing,,1776783462.484003
6344,2804,"H1,L1",1253965824.0,1253966336.0,processing,,1776784032.9841988
6345,2805,"H1,L1",1253965824.0,1253966336.0,processing,,1776784604.2061765
6346,2806,"H1,L1",1253965824.0,1253966336.0,processing,,1776785171.9876177
6347,2807,"H1,L1",1253965824.0,1253966336.0,processing,,1776785736.712685
6348,2808,"H1,L1",1253965824.0,1253966336.0,processing,,1776786309.7285616
6349,2809,"H1,L1",1253965824.0,1253966336.0,processing,,1776786879.7000105
6350,2810,"H1,L1",1253965824.0,1253966336.0,processing,,1776787448.4830468
6351,2811,"H1,L1",1253965824.0,1253966336.0,processing,,1776788017.2173057
6352,2812,"H1,L1",1253965824.0,1253966336.0,processing,,1776788589.2158203
6353,2813,"H1,L1",1253965824.0,1253966336.0,processing,,1776789158.982234
6354,2814,"H1,L1",1253965824.0,1253966336.0,processing,,1776789728.4899182
6355,2815,"H1,L1",1253965824.0,1253966336.0,processing,,1776790300.7195895
6356,2816,"H1,L1",1253965824.0,1253966336.0,processing,,1776790872.2352781
6357,2817,"H1,L1",1253965824.0,1253966336.0,processing,,1776791445.2174547
6358,2818,"H1,L1",1253965824.0,1253966336.0,processing,,1776792016.9919555
6359,2819,"H1,L1",1253965824.0,1253966336.0,processing,,1776792585.1931365
6360,2820,"H1,L1",1253965824.0,1253966336.0,processing,,1776793158.2200432
6361,2821,"H1,L1",1253965824.0,1253966336.0,processing,,1776793740.2057858
6362,2822,"H1,L1",1253965824.0,1253966336.0,processing,,1776794309.4386823
6363,2823,"H1,L1",1253965824.0,1253966336.0,processing,,1776794881.4350448
6364,2824,"H1,L1",1253965824.0,1253966336.0,processing,,1776795450.2333026
6365,2825,"H1,L1",1253965824.0,1253966336.0,processing,,1776796022.1839402
6366,2826,"H1,L1",1253965824.0,1253966336.0,processing,,1776796591.1898327
6367,2827,"H1,L1",1253965824.0,1253966336.0,processing,,1776797162.4789124
6368,2828,"H1,L1",1253965824.0,1253966336.0,processing,,1776797735.4450178
6369,2829,"H1,L1",1253965824.0,1253966336.0,processing,,1776798308.7163312
6370,2830,"H1,L1",1253965824.0,1253966336.0,processing,,1776798881.1837394
6371,2831,"H1,L1",1253965824.0,1253966336.0,processing,,1776799454.9715893
6372,2832,"H1,L1",1253965824.0,1253966336.0,processing,,1776800024.4318933
6373,2833,"H1,L1",1253965824.0,1253966336.0,processing,,1776800593.243707
6374,2834,"H1,L1",1253965824.0,1253966336.0,processing,,1776801169.4791846
6375,2835,"H1,L1",1253965824.0,1253966336.0,processing,,1776801739.7622757
6376,2836,"H1,L1",1253965824.0,1253966336.0,processing,,1776802309.4452431
6377,2837,"H1,L1",1253965824.0,1253966336.0,processing,,1776802880.2221022
6378,2838,"H1,L1",1253965824.0,1253966336.0,processing,,1776803450.4565926
6379,2839,"H1,L1",1253965824.0,1253966336.0,processing,,1776804019.4554768
6380,2840,"H1,L1",1253965824.0,1253966336.0,processing,,1776804588.9518256
6381,2841,"H1,L1",1253965824.0,1253966336.0,processing,,1776805157.9501503
6382,2842,"H1,L1",1253965824.0,1253966336.0,processing,,1776805727.753156
6383,2843,"H1,L1",1253965824.0,1253966336.0,processing,,1776806299.2301168
6384,2844,"H1,L1",1253965824.0,1253966336.0,processing,,1776806868.7463553
6385,2845,"H1,L1",1253965824.0,1253966336.0,processing,,1776807442.0846791
6386,2846,"H1,L1",1253965824.0,1253966336.0,processing,,1776808010.6868088
6387,2847,"H1,L1",1253965824.0,1253966336.0,processing,,1776808580.9345636
6388,2848,"H1,L1",1253965824.0,1253966336.0,processing,,1776809151.4455602
6389,2849,"H1,L1",1253965824.0,1253966336.0,processing,,1776809727.4715345
6390,2850,"H1,L1",1253965824.0,1253966336.0,processing,,1776810304.4527512
6391,2851,"H1,L1",1253965824.0,1253966336.0,processing,,1776810875.4848673
6392,2852,"H1,L1",1253965824.0,1253966336.0,processing,,1776811451.4752452
6393,2853,"H1,L1",1253965824.0,1253966336.0,processing,,1776812022.6843057
6394,2854,"H1,L1",1253965824.0,1253966336.0,processing,,1776812614.465489
6395,2855,"H1,L1",1253965824.0,1253966336.0,processing,,1776813184.475208
6396,2856,"H1,L1",1253965824.0,1253966336.0,processing,,1776813753.411266
6397,2857,"H1,L1",1253965824.0,1253966336.0,processing,,1776814323.4654522
6398,2858,"H1,L1",1253965824.0,1253966336.0,processing,,1776814893.6940644
6399,2859,"H1,L1",1253965824.0,1253966336.0,processing,,1776815462.4463909
6400,2860,"H1,L1",1253965824.0,1253966336.0,processing,,1776816032.6926892
6401,2861,"H1,L1",1253965824.0,1253966336.0,processing,,1776816604.2020814
6402,2862,"H1,L1",1253965824.0,1253966336.0,processing,,1776817184.9505467
6403,2863,"H1,L1",1253965824.0,1253966336.0,processing,,1776817754.2109964
6404,2864,"H1,L1",1253965824.0,1253966336.0,processing,,1776818325.699098
6405,2865,"H1,L1",1253965824.0,1253966336.0,processing,,1776818893.4759526
6406,2866,"H1,L1",1253965824.0,1253966336.0,processing,,1776819472.478812
6407,2867,"H1,L1",1253965824.0,1253966336.0,processing,,1776820050.4668522
6408,2868,"H1,L1",1253965824.0,1253966336.0,processing,,1776820618.716602
6409,2869,"H1,L1",1253965824.0,1253966336.0,processing,,1776821189.9610012
6410,2870,"H1,L1",1253965824.0,1253966336.0,processing,,1776821770.7125113
6411,2871,"H1,L1",1253965824.0,1253966336.0,processing,,1776822339.1993003
6412,2872,"H1,L1",1253965824.0,1253966336.0,processing,,1776822911.4583583
6413,2873,"H1,L1",1253965824.0,1253966336.0,processing,,1776823480.6880977
6414,2874,"H1,L1",1253965824.0,1253966336.0,processing,,1776824051.238134
6415,2875,"H1,L1",1253965824.0,1253966336.0,processing,,1776824619.47039
6416,2876,"H1,L1",1253965824.0,1253966336.0,processing,,1776825189.703965
6417,2877,"H1,L1",1253965824.0,1253966336.0,processing,,1776825762.4395
6418,2878,"H1,L1",1253965824.0,1253966336.0,processing,,1776826332.9528973
6419,2879,"H1,L1",1253965824.0,1253966336.0,processing,,1776826903.959139
6420,2880,"H1,L1",1253965824.0,1253966336.0,processing,,1776827473.7179778
6421,2881,"H1,L1",1253965824.0,1253966336.0,processing,,1776828044.4848425
6422,2882,"H1,L1",1253965824.0,1253966336.0,processing,,1776828614.9751894
6423,2883,"H1,L1",1253965824.0,1253966336.0,processing,,1776829184.200049
6424,2884,"H1,L1",1253965824.0,1253966336.0,processing,,1776829754.484514
6425,2885,"H1,L1",1253965824.0,1253966336.0,processing,,1776830129.5624244
6426,2886,"H1,L1",1253965824.0,1253966336.0,processing,,1776830695.7256155
6427,2887,"H1,L1",1253965824.0,1253966336.0,processing,,1776831262.9805048
6428,2888,"H1,L1",1253965824.0,1253966336.0,processing,,1776831832.4422534
6429,2889,"H1,L1",1253965824.0,1253966336.0,processing,,1776832398.6986823
6430,2890,"H1,L1",1253965824.0,1253966336.0,processing,,1776832966.223313
6431,2891,"H1,L1",1253965824.0,1253966336.0,processing,,1776833533.2021272
6432,2892,"H1,L1",1253965824.0,1253966336.0,processing,,1776834099.001017
6433,2893,"H1,L1",1253965824.0,1253966336.0,processing,,1776834668.194172
6434,2894,"H1,L1",1253965824.0,1253966336.0,processing,,1776835233.946809
6435,2895,"H1,L1",1253965824.0,1253966336.0,processing,,1776835800.7193317
6436,2896,"H1,L1",1253965824.0,1253966336.0,processing,,1776836368.9380972
6437,2897,"H1,L1",1253965824.0,1253966336.0,processing,,1776836936.217087
6438,2898,"H1,L1",1253965824.0,1253966336.0,processing,,1776837502.2330437
6439,2899,"H1,L1",1253965824.0,1253966336.0,processing,,1776838069.448459
6440,2900,"H1,L1",1253965824.0,1253966336.0,processing,,1776838636.46068
6441,2901,"H1,L1",1253965824.0,1253966336.0,processing,,1776839202.96334
6442,2902,"H1,L1",1253965824.0,1253966336.0,processing,,1776839768.4691968
6443,2903,"H1,L1",1253965824.0,1253966336.0,processing,,1776840334.929012
6444,2904,"H1,L1",1253965824.0,1253966336.0,processing,,1776840901.2040508
6445,2905,"H1,L1",1253965824.0,1253966336.0,processing,,1776841469.4576757
6446,2906,"H1,L1",1253965824.0,1253966336.0,processing,,1776842036.1938374
6447,2907,"H1,L1",1253965824.0,1253966336.0,processing,,1776842603.7107499
6448,2908,"H1,L1",1253965824.0,1253966336.0,processing,,1776843169.9925923
6449,2909,"H1,L1",1253965824.0,1253966336.0,processing,,1776843736.9522386
6450,2910,"H1,L1",1253965824.0,1253966336.0,processing,,1776844304.2392852
6451,2911,"H1,L1",1253965824.0,1253966336.0,processing,,1776844869.9600153
6452,2912,"H1,L1",1253965824.0,1253966336.0,processing,,1776845437.709419
6453,2913,"H1,L1",1253965824.0,1253966336.0,processing,,1776846002.193548
6454,2914,"H1,L1",1253965824.0,1253966336.0,processing,,1776846569.946605
6455,2915,"H1,L1",1253965824.0,1253966336.0,processing,,1776847141.7091832
6456,2916,"H1,L1",1253965824.0,1253966336.0,processing,,1776847708.9848714
6457,2917,"H1,L1",1253965824.0,1253966336.0,processing,,1776848274.746963
6458,2918,"H1,L1",1253965824.0,1253966336.0,processing,,1776848843.4671206
6459,2919,"H1,L1",1253965824.0,1253966336.0,processing,,1776849408.1877937
6460,2920,"H1,L1",1253965824.0,1253966336.0,processing,,1776849973.6997128
6461,2921,"H1,L1",1253965824.0,1253966336.0,processing,,1776850541.986517
6462,2922,"H1,L1",1253965824.0,1253966336.0,processing,,1776851108.733097
6463,2923,"H1,L1",1253965824.0,1253966336.0,processing,,1776851676.189645
6464,2924,"H1,L1",1253965824.0,1253966336.0,processing,,1776852251.4321342
6465,2925,"H1,L1",1253965824.0,1253966336.0,processing,,1776852828.203329
6466,2926,"H1,L1",1253965824.0,1253966336.0,processing,,1776853393.2257714
6467,2927,"H1,L1",1253965824.0,1253966336.0,processing,,1776853959.2364318
6468,2928,"H1,L1",1253965824.0,1253966336.0,processing,,1776854527.7142162
6469,2929,"H1,L1",1253965824.0,1253966336.0,processing,,1776855095.220981
6470,2930,"H1,L1",1253965824.0,1253966336.0,processing,,1776855663.9606712
6471,2931,"H1,L1",1253965824.0,1253966336.0,processing,,1776856230.2031105
6472,2932,"H1,L1",1253965824.0,1253966336.0,processing,,1776856794.686504
6473,2933,"H1,L1",1253965824.0,1253966336.0,processing,,1776857362.9704041
6474,2934,"H1,L1",1253965824.0,1253966336.0,processing,,1776857939.7109919
6475,2935,"H1,L1",1253965824.0,1253966336.0,processing,,1776858505.9404278
6476,2936,"H1,L1",1253965824.0,1253966336.0,processing,,1776859071.2265005
6477,2937,"H1,L1",1253965824.0,1253966336.0,processing,,1776859638.4900963
6478,2938,"H1,L1",1253965824.0,1253966336.0,processing,,1776860205.7118263
6479,2939,"H1,L1",1253965824.0,1253966336.0,processing,,1776860773.7140079
6480,2940,"H1,L1",1253965824.0,1253966336.0,processing,,1776861338.9772012
6481,2941,"H1,L1",1253965824.0,1253966336.0,processing,,1776861908.9734097
6482,2942,"H1,L1",1253965824.0,1253966336.0,processing,,1776862475.1828535
6483,2943,"H1,L1",1253965824.0,1253966336.0,processing,,1776863040.93956
6484,2944,"H1,L1",1253965824.0,1253966336.0,processing,,1776863608.2419295
6485,2945,"H1,L1",1253965824.0,1253966336.0,processing,,1776864176.2177725
6486,2946,"H1,L1",1253965824.0,1253966336.0,processing,,1776864744.683514
6487,2947,"H1,L1",1253965824.0,1253966336.0,processing,,1776865311.2349489
6488,2948,"H1,L1",1253965824.0,1253966336.0,processing,,1776865878.202092
6489,2949,"H1,L1",1253965824.0,1253966336.0,processing,,1776866444.6938696
6490,2950,"H1,L1",1253965824.0,1253966336.0,processing,,1776867011.711762
6491,2951,"H1,L1",1253965824.0,1253966336.0,processing,,1776867577.961558
6492,2952,"H1,L1",1253965824.0,1253966336.0,processing,,1776868144.9506412
6493,2953,"H1,L1",1253965824.0,1253966336.0,processing,,1776868711.954559
6494,2954,"H1,L1",1253965824.0,1253966336.0,processing,,1776869278.709823
6495,2955,"H1,L1",1253965824.0,1253966336.0,processing,,1776869847.738306
6496,2956,"H1,L1",1253965824.0,1253966336.0,processing,,1776870413.474489
6497,2957,"H1,L1",1253965824.0,1253966336.0,processing,,1776870979.7063057
6498,2958,"H1,L1",1253965824.0,1253966336.0,processing,,1776871545.5200527
6499,2959,"H1,L1",1253965824.0,1253966336.0,processing,,1776872111.9351377
6500,2960,"H1,L1",1253965824.0,1253966336.0,processing,,1776872679.7069235
6501,2961,"H1,L1",1253965824.0,1253966336.0,processing,,1776873247.4964569
6502,2962,"H1,L1",1253965824.0,1253966336.0,processing,,1776873816.2058158
6503,2963,"H1,L1",1253965824.0,1253966336.0,processing,,1776874386.720421
6504,2964,"H1,L1",1253965824.0,1253966336.0,processing,,1776874954.4509523
6505,2965,"H1,L1",1253965824.0,1253966336.0,processing,,1776875521.2026079
6506,2966,"H1,L1",1253965824.0,1253966336.0,processing,,1776876086.6906927
6507,2967,"H1,L1",1253965824.0,1253966336.0,processing,,1776876653.9479444
6508,2968,"H1,L1",1253965824.0,1253966336.0,processing,,1776877221.4556184
6509,2969,"H1,L1",1253965824.0,1253966336.0,processing,,1776877788.7354074
6510,2970,"H1,L1",1253965824.0,1253966336.0,processing,,1776878355.2355394
6511,2971,"H1,L1",1253965824.0,1253966336.0,processing,,1776878922.4554474
6512,2972,"H1,L1",1253965824.0,1253966336.0,processing,,1776879488.9413984
6513,2973,"H1,L1",1253965824.0,1253966336.0,processing,,1776880055.7029817
6514,2974,"H1,L1",1253965824.0,1253966336.0,processing,,1776880619.9377875
6515,2975,"H1,L1",1253965824.0,1253966336.0,processing,,1776881187.4541543
6516,2976,"H1,L1",1253965824.0,1253966336.0,processing,,1776881755.991343
6517,2977,"H1,L1",1253965824.0,1253966336.0,processing,,1776882322.4754183
6518,2978,"H1,L1",1253965824.0,1253966336.0,processing,,1776882890.7086046
6519,2979,"H1,L1",1253965824.0,1253966336.0,processing,,1776883457.980368
6520,2980,"H1,L1",1253965824.0,1253966336.0,processing,,1776884025.4874387
6521,2981,"H1,L1",1253965824.0,1253966336.0,processing,,1776884591.9629183
6522,2982,"H1,L1",1253965824.0,1253966336.0,processing,,1776885158.7108111
6523,2983,"H1,L1",1253965824.0,1253966336.0,processing,,1776885724.4957986
6524,2984,"H1,L1",1253965824.0,1253966336.0,processing,,1776886292.720029
6525,2985,"H1,L1",1253965824.0,1253966336.0,processing,,1776886859.2271066
6526,2986,"H1,L1",1253965824.0,1253966336.0,processing,,1776887425.466729
6527,2987,"H1,L1",1253965824.0,1253966336.0,processing,,1776887991.4434524
6528,2988,"H1,L1",1253965824.0,1253966336.0,processing,,1776888558.4432328
6529,2989,"H1,L1",1253965824.0,1253966336.0,processing,,1776889125.508924
6530,2990,"H1,L1",1253965824.0,1253966336.0,processing,,1776889691.9959753
6531,2991,"H1,L1",1253965824.0,1253966336.0,processing,,1776890260.722287
6532,2992,"H1,L1",1253965824.0,1253966336.0,processing,,1776890827.9390585
6533,2993,"H1,L1",1253965824.0,1253966336.0,processing,,1776891394.7099926
6534,2994,"H1,L1",1253965824.0,1253966336.0,processing,,1776891961.7046208
6535,2995,"H1,L1",1253965824.0,1253966336.0,processing,,1776892527.9486835
6536,2996,"H1,L1",1253965824.0,1253966336.0,processing,,1776893097.9758203
6537,2997,"H1,L1",1253965824.0,1253966336.0,processing,,1776893663.971812
6538,2998,"H1,L1",1253965824.0,1253966336.0,processing,,1776894233.2277915
6539,2999,"H1,L1",1253965824.0,1253966336.0,processing,,1776894801.2046793
6540,3000,"H1,L1",1253965824.0,1253966336.0,processing,,1776895369.216072
6541,3001,"H1,L1",1253965824.0,1253966336.0,processing,,1776895936.466433
6542,3002,"H1,L1",1253965824.0,1253966336.0,processing,,1776896501.7229557
6543,3003,"H1,L1",1253965824.0,1253966336.0,processing,,1776897068.4555674
6544,3004,"H1,L1",1253965824.0,1253966336.0,processing,,1776897636.7062452
6545,3005,"H1,L1",1253965824.0,1253966336.0,processing,,1776898204.9810307
6546,3006,"H1,L1",1253965824.0,1253966336.0,processing,,1776898772.2098653
6547,3007,"H1,L1",1253965824.0,1253966336.0,processing,,1776899336.970553
6548,3008,"H1,L1",1253965824.0,1253966336.0,processing,,1776899903.997822
6549,3009,"H1,L1",1253965824.0,1253966336.0,processing,,1776900470.7259896
6550,3010,"H1,L1",1253965824.0,1253966336.0,processing,,1776901036.9316258
6551,3011,"H1,L1",1253965824.0,1253966336.0,processing,,1776901604.1813004
6552,3012,"H1,L1",1253965824.0,1253966336.0,processing,,1776902170.734295
6553,3013,"H1,L1",1253965824.0,1253966336.0,processing,,1776902740.1830218
6554,3014,"H1,L1",1253965824.0,1253966336.0,processing,,1776903307.4699001
6555,3015,"H1,L1",1253965824.0,1253966336.0,processing,,1776903873.7047977
6556,3016,"H1,L1",1253965824.0,1253966336.0,processing,,1776904441.6940854
6557,3017,"H1,L1",1253965824.0,1253966336.0,processing,,1776905008.6936514
6558,3018,"H1,L1",1253965824.0,1253966336.0,processing,,1776905576.463508
6559,3019,"H1,L1",1253965824.0,1253966336.0,processing,,1776906144.472174
6560,3020,"H1,L1",1253965824.0,1253966336.0,processing,,1776906712.2094305
6561,3021,"H1,L1",1253965824.0,1253966336.0,processing,,1776907278.4499235
6562,3022,"H1,L1",1253965824.0,1253966336.0,processing,,1776907845.7239456
6563,3023,"H1,L1",1253965824.0,1253966336.0,processing,,1776908414.2332387
6564,3024,"H1,L1",1253965824.0,1253966336.0,processing,,1776908981.2254553
6565,3025,"H1,L1",1253965824.0,1253966336.0,processing,,1776909549.4445305
6566,3026,"H1,L1",1253965824.0,1253966336.0,processing,,1776910116.2138457
6567,3027,"H1,L1",1253965824.0,1253966336.0,processing,,1776910685.7457561
6568,3028,"H1,L1",1253965824.0,1253966336.0,processing,,1776911251.725014
6569,3029,"H1,L1",1253965824.0,1253966336.0,processing,,1776911819.473142
6570,3030,"H1,L1",1253965824.0,1253966336.0,processing,,1776912387.9381983
6571,3031,"H1,L1",1253965824.0,1253966336.0,processing,,1776912954.4256065
6572,3032,"H1,L1",1253965824.0,1253966336.0,processing,,1776913520.6918445
6573,3033,"H1,L1",1253965824.0,1253966336.0,processing,,1776914109.2151616
6574,3034,"H1,L1",1253965824.0,1253966336.0,processing,,1776914674.973217
6575,3035,"H1,L1",1253965824.0,1253966336.0,processing,,1776915242.2175705
6576,3036,"H1,L1",1253965824.0,1253966336.0,processing,,1776915810.4940927
6577,3037,"H1,L1",1253965824.0,1253966336.0,processing,,1776916376.9449792
6578,3038,"H1,L1",1253965824.0,1253966336.0,processing,,1776916944.2069168
6579,3039,"H1,L1",1253965824.0,1253966336.0,processing,,1776917511.4700046
6580,3040,"H1,L1",1253965824.0,1253966336.0,processing,,1776918078.2132692
6581,3041,"H1,L1",1253965824.0,1253966336.0,processing,,1776918644.203836
6582,3042,"H1,L1",1253965824.0,1253966336.0,processing,,1776919209.7322965
6583,3043,"H1,L1",1253965824.0,1253966336.0,processing,,1776919776.2114294
6584,3044,"H1,L1",1253965824.0,1253966336.0,processing,,1776920343.2206903
6585,3045,"H1,L1",1253965824.0,1253966336.0,processing,,1776920910.71079
6586,3046,"H1,L1",1253965824.0,1253966336.0,processing,,1776921479.6788247
6587,3047,"H1,L1",1253965824.0,1253966336.0,processing,,1776922049.4615788
6588,3048,"H1,L1",1253965824.0,1253966336.0,processing,,1776922618.6960557
6589,3049,"H1,L1",1253965824.0,1253966336.0,processing,,1776923184.9798636
6590,3050,"H1,L1",1253965824.0,1253966336.0,processing,,1776923752.700805
6591,3051,"H1,L1",1253965824.0,1253966336.0,processing,,1776924319.7374046
6592,3052,"H1,L1",1253965824.0,1253966336.0,processing,,1776924887.218884
6593,3053,"H1,L1",1253965824.0,1253966336.0,processing,,1776925454.232453
6594,3054,"H1,L1",1253965824.0,1253966336.0,processing,,1776926021.9711022
6595,3055,"H1,L1",1253965824.0,1253966336.0,processing,,1776926590.7112944
6596,3056,"H1,L1",1253965824.0,1253966336.0,processing,,1776927157.4689667
6597,3057,"H1,L1",1253965824.0,1253966336.0,processing,,1776927726.9741647
6598,3058,"H1,L1",1253965824.0,1253966336.0,processing,,1776928297.219947
6599,3059,"H1,L1",1253965824.0,1253966336.0,processing,,1776928864.2009668
6600,3060,"H1,L1",1253965824.0,1253966336.0,processing,,1776929429.9522727
6601,3061,"H1,L1",1253965824.0,1253966336.0,processing,,1776929996.8075616
6602,3062,"H1,L1",1253965824.0,1253966336.0,processing,,1776930563.7154899
6603,3063,"H1,L1",1253965824.0,1253966336.0,processing,,1776931130.45218
6604,3064,"H1,L1",1253965824.0,1253966336.0,processing,,1776931696.6974413
6605,3065,"H1,L1",1253965824.0,1253966336.0,processing,,1776932264.7084932
6606,3066,"H1,L1",1253965824.0,1253966336.0,processing,,1776932833.4508584
6607,3067,"H1,L1",1253965824.0,1253966336.0,processing,,1776933399.696907
6608,3068,"H1,L1",1253965824.0,1253966336.0,processing,,1776933967.99047
6609,3069,"H1,L1",1253965824.0,1253966336.0,processing,,1776934535.4748144
6610,3070,"H1,L1",1253965824.0,1253966336.0,processing,,1776935102.7500675
6611,3071,"H1,L1",1253965824.0,1253966336.0,processing,,1776935669.9516664
6612,3072,"H1,L1",1253965824.0,1253966336.0,processing,,1776936259.4530485
6613,3073,"H1,L1",1253965824.0,1253966336.0,processing,,1776936827.4657044
6614,3074,"H1,L1",1253965824.0,1253966336.0,processing,,1776937395.2762432
6615,3075,"H1,L1",1253965824.0,1253966336.0,processing,,1776937962.2410903
6616,3076,"H1,L1",1253965824.0,1253966336.0,processing,,1776938530.2124724
6617,3077,"H1,L1",1253965824.0,1253966336.0,processing,,1776939097.2153978
6618,3078,"H1,L1",1253965824.0,1253966336.0,processing,,1776939664.6894171
6619,3079,"H1,L1",1253965824.0,1253966336.0,processing,,1776940232.240639
6620,3080,"H1,L1",1253965824.0,1253966336.0,processing,,1776940800.4870298
6621,3081,"H1,L1",1253965824.0,1253966336.0,processing,,1776941369.2181673
6622,3082,"H1,L1",1253965824.0,1253966336.0,processing,,1776941936.4491498
6623,3083,"H1,L1",1253965824.0,1253966336.0,processing,,1776942506.2263992
6624,3084,"H1,L1",1253965824.0,1253966336.0,processing,,1776943072.5180826
6625,3085,"H1,L1",1253965824.0,1253966336.0,processing,,1776943639.7106526
6626,3086,"H1,L1",1253965824.0,1253966336.0,processing,,1776944206.4600184
6627,3087,"H1,L1",1253965824.0,1253966336.0,processing,,1776944773.456743
6628,3088,"H1,L1",1253965824.0,1253966336.0,processing,,1776945341.2082276
6629,3089,"H1,L1",1253965824.0,1253966336.0,processing,,1776945907.2285957
6630,3090,"H1,L1",1253965824.0,1253966336.0,processing,,1776946473.6822739
6631,3091,"H1,L1",1253965824.0,1253966336.0,processing,,1776947040.9432664
6632,3092,"H1,L1",1253965824.0,1253966336.0,processing,,1776947607.9350724
6633,3093,"H1,L1",1253965824.0,1253966336.0,processing,,1776948177.7382343
6634,3094,"H1,L1",1253965824.0,1253966336.0,processing,,1776948742.9627464
6635,3095,"H1,L1",1253965824.0,1253966336.0,processing,,1776949309.2248933
6636,3096,"H1,L1",1253965824.0,1253966336.0,processing,,1776949877.9795005
6637,3097,"H1,L1",1253965824.0,1253966336.0,processing,,1776950446.7267628
6638,3098,"H1,L1",1253965824.0,1253966336.0,processing,,1776951015.9479527
6639,3099,"H1,L1",1253965824.0,1253966336.0,processing,,1776951582.6976192
6640,3100,"H1,L1",1253965824.0,1253966336.0,processing,,1776952149.722404
6641,3101,"H1,L1",1253965824.0,1253966336.0,processing,,1776952716.9829416
6642,3102,"H1,L1",1253965824.0,1253966336.0,processing,,1776953285.9818015
6643,3103,"H1,L1",1253965824.0,1253966336.0,processing,,1776953853.43294
6644,3104,"H1,L1",1253965824.0,1253966336.0,processing,,1776954419.458849
6645,3105,"H1,L1",1253965824.0,1253966336.0,processing,,1776954986.751948
6646,3106,"H1,L1",1253965824.0,1253966336.0,processing,,1776955555.2337046
6647,3107,"H1,L1",1253965824.0,1253966336.0,processing,,1776956123.4745703
6648,3108,"H1,L1",1253965824.0,1253966336.0,processing,,1776956690.1873171
6649,3109,"H1,L1",1253965824.0,1253966336.0,processing,,1776957256.7262049
6650,3110,"H1,L1",1253965824.0,1253966336.0,processing,,1776957824.4547524
6651,3111,"H1,L1",1253965824.0,1253966336.0,processing,,1776958393.709766
6652,3112,"H1,L1",1253965824.0,1253966336.0,processing,,1776958962.24873
6653,3113,"H1,L1",1253965824.0,1253966336.0,processing,,1776959531.4533167
6654,3114,"H1,L1",1253965824.0,1253966336.0,processing,,1776960097.4849777
6655,3115,"H1,L1",1253965824.0,1253966336.0,processing,,1776960663.9591486
6656,3116,"H1,L1",1253965824.0,1253966336.0,processing,,1776961230.4507186
6657,3117,"H1,L1",1253965824.0,1253966336.0,processing,,1776961799.9541695
6658,3118,"H1,L1",1253965824.0,1253966336.0,processing,,1776962367.9487183
6659,3119,"H1,L1",1253965824.0,1253966336.0,processing,,1776962935.9711568
6660,3120,"H1,L1",1253965824.0,1253966336.0,processing,,1776963504.7091146
6661,3121,"H1,L1",1253965824.0,1253966336.0,processing,,1776964072.2445602
6662,3122,"H1,L1",1253965824.0,1253966336.0,processing,,1776964638.9323301
6663,3123,"H1,L1",1253965824.0,1253966336.0,processing,,1776965215.9661458
6664,3124,"H1,L1",1253965824.0,1253966336.0,processing,,1776965783.2317946
6665,3125,"H1,L1",1253965824.0,1253966336.0,processing,,1776966351.4715161
6666,3126,"H1,L1",1253965824.0,1253966336.0,processing,,1776966919.490426
6667,3127,"H1,L1",1253965824.0,1253966336.0,processing,,1776967487.2069702
6668,3128,"H1,L1",1253965824.0,1253966336.0,processing,,1776968054.9673953
6669,3129,"H1,L1",1253965824.0,1253966336.0,processing,,1776968621.4725473
6670,3130,"H1,L1",1253965824.0,1253966336.0,processing,,1776969189.7460375
6671,3131,"H1,L1",1253965824.0,1253966336.0,processing,,1776969766.9498835
6672,3132,"H1,L1",1253965824.0,1253966336.0,processing,,1776970340.2401245
6673,3133,"H1,L1",1253965824.0,1253966336.0,processing,,1776970907.4575317
6674,3134,"H1,L1",1253965824.0,1253966336.0,processing,,1776971474.705736
6675,3135,"H1,L1",1253965824.0,1253966336.0,processing,,1776972041.7147171
6676,3136,"H1,L1",1253965824.0,1253966336.0,processing,,1776972607.9667664
6677,3137,"H1,L1",1253965824.0,1253966336.0,processing,,1776973177.2207968
6678,3138,"H1,L1",1253965824.0,1253966336.0,processing,,1776973744.539318
6679,3139,"H1,L1",1253965824.0,1253966336.0,processing,,1776974312.9459445
6680,3140,"H1,L1",1253965824.0,1253966336.0,processing,,1776974879.4744508
6681,3141,"H1,L1",1253965824.0,1253966336.0,processing,,1776975448.7421293
6682,3142,"H1,L1",1253965824.0,1253966336.0,processing,,1776976017.9458544
6683,3143,"H1,L1",1253965824.0,1253966336.0,processing,,1776976585.4698102
6684,3144,"H1,L1",1253965824.0,1253966336.0,processing,,1776977152.734491
6685,3145,"H1,L1",1253965824.0,1253966336.0,processing,,1776977721.9699543
6686,3146,"H1,L1",1253965824.0,1253966336.0,processing,,1776978291.7292285
6687,3147,"H1,L1",1253965824.0,1253966336.0,processing,,1776978861.47163
6688,3148,"H1,L1",1253965824.0,1253966336.0,processing,,1776979431.2050836
6689,3149,"H1,L1",1253965824.0,1253966336.0,processing,,1776979997.4730809
6690,3150,"H1,L1",1253965824.0,1253966336.0,processing,,1776980565.9809165
6691,3151,"H1,L1",1253965824.0,1253966336.0,processing,,1776981133.7281692
6692,3152,"H1,L1",1253965824.0,1253966336.0,processing,,1776981700.9429314
6693,3153,"H1,L1",1253965824.0,1253966336.0,processing,,1776982270.0014713
6694,3154,"H1,L1",1253965824.0,1253966336.0,processing,,1776982838.728328
6695,3155,"H1,L1",1253965824.0,1253966336.0,processing,,1776983406.701118
6696,3156,"H1,L1",1253965824.0,1253966336.0,processing,,1776983976.7635787
6697,3157,"H1,L1",1253965824.0,1253966336.0,processing,,1776984543.2066946
6698,3158,"H1,L1",1253965824.0,1253966336.0,processing,,1776985112.989716
6699,3159,"H1,L1",1253965824.0,1253966336.0,processing,,1776985679.4634073
6700,3160,"H1,L1",1253965824.0,1253966336.0,processing,,1776986249.2078931
6701,3161,"H1,L1",1253965824.0,1253966336.0,processing,,1776986817.2395778
6702,3162,"H1,L1",1253965824.0,1253966336.0,processing,,1776987384.4377415
6703,3163,"H1,L1",1253965824.0,1253966336.0,processing,,1776987952.7347934
6704,3164,"H1,L1",1253965824.0,1253966336.0,processing,,1776988521.6966548
6705,3165,"H1,L1",1253965824.0,1253966336.0,processing,,1776989091.442491
6706,3166,"H1,L1",1253965824.0,1253966336.0,processing,,1776989661.1924436
6707,3167,"H1,L1",1253965824.0,1253966336.0,processing,,1776990230.4259343
6708,3168,"H1,L1",1253965824.0,1253966336.0,processing,,1776990797.7138352
6709,3169,"H1,L1",1253965824.0,1253966336.0,processing,,1776991364.2316558
6710,3170,"H1,L1",1253965824.0,1253966336.0,processing,,1776991931.4985187
6711,3171,"H1,L1",1253965824.0,1253966336.0,processing,,1776992500.7169867
6712,3172,"H1,L1",1253965824.0,1253966336.0,processing,,1776993067.4714665
6713,3173,"H1,L1",1253965824.0,1253966336.0,processing,,1776993635.726751
6714,3174,"H1,L1",1253965824.0,1253966336.0,processing,,1776994203.7279592
6715,3175,"H1,L1",1253965824.0,1253966336.0,processing,,1776994770.6948075
6716,3176,"H1,L1",1253965824.0,1253966336.0,processing,,1776995336.9732952
6717,3177,"H1,L1",1253965824.0,1253966336.0,processing,,1776995905.4456286
6718,3178,"H1,L1",1253965824.0,1253966336.0,processing,,1776996473.7165124
6719,3179,"H1,L1",1253965824.0,1253966336.0,processing,,1776997042.6875267
6720,3180,"H1,L1",1253965824.0,1253966336.0,processing,,1776997608.9508946
6721,3181,"H1,L1",1253965824.0,1253966336.0,processing,,1776998177.7004826
6722,3182,"H1,L1",1253965824.0,1253966336.0,processing,,1776998743.7162924
6723,3183,"H1,L1",1253965824.0,1253966336.0,processing,,1776999310.2468119
6724,3184,"H1,L1",1253965824.0,1253966336.0,processing,,1776999876.7273731
6725,3185,"H1,L1",1253965824.0,1253966336.0,processing,,1777000442.7259753
6726,3186,"H1,L1",1253965824.0,1253966336.0,processing,,1777001011.2109988
6727,3187,"H1,L1",1253965824.0,1253966336.0,processing,,1777001580.9661412
6728,3188,"H1,L1",1253965824.0,1253966336.0,processing,,1777002149.4543543
6729,3189,"H1,L1",1253965824.0,1253966336.0,processing,,1777002716.711328
6730,3190,"H1,L1",1253965824.0,1253966336.0,processing,,1777003284.4402654
6731,3191,"H1,L1",1253965824.0,1253966336.0,processing,,1777003853.4451637
6732,3192,"H1,L1",1253965824.0,1253966336.0,processing,,1777004428.9581966
6733,3193,"H1,L1",1253965824.0,1253966336.0,processing,,1777004996.4491708
6734,3194,"H1,L1",1253965824.0,1253966336.0,processing,,1777005563.2508836
6735,3195,"H1,L1",1253965824.0,1253966336.0,processing,,1777006130.4730713
6736,3196,"H1,L1",1253965824.0,1253966336.0,processing,,1777006697.9664729
6737,3197,"H1,L1",1253965824.0,1253966336.0,processing,,1777007266.9405513
6738,3198,"H1,L1",1253965824.0,1253966336.0,processing,,1777007835.4682739
6739,3199,"H1,L1",1253965824.0,1253966336.0,processing,,1777008402.4736643
6740,3200,"H1,L1",1253965824.0,1253966336.0,processing,,1777008970.4827096
6741,3201,"H1,L1",1253965824.0,1253966336.0,processing,,1777009537.94863
6742,3202,"H1,L1",1253965824.0,1253966336.0,processing,,1777010104.212339
6743,3203,"H1,L1",1253965824.0,1253966336.0,processing,,1777010671.9399357
6744,3204,"H1,L1",1253965824.0,1253966336.0,processing,,1777011238.9715261
6745,3205,"H1,L1",1253965824.0,1253966336.0,processing,,1777011806.9694412
6746,3206,"H1,L1",1253965824.0,1253966336.0,processing,,1777012373.4792492
6747,3207,"H1,L1",1253965824.0,1253966336.0,processing,,1777012942.9675786
6748,3208,"H1,L1",1253965824.0,1253966336.0,processing,,1777013510.438118
6749,3209,"H1,L1",1253965824.0,1253966336.0,processing,,1777014076.7380104
6750,3210,"H1,L1",1253965824.0,1253966336.0,processing,,1777014644.9958656
6751,3211,"H1,L1",1253965824.0,1253966336.0,processing,,1777015213.92893
6752,3212,"H1,L1",1253965824.0,1253966336.0,processing,,1777015781.9699893
6753,3213,"H1,L1",1253965824.0,1253966336.0,processing,,1777016360.4511235
6754,3214,"H1,L1",1253965824.0,1253966336.0,processing,,1777016929.2129552
6755,3215,"H1,L1",1253965824.0,1253966336.0,processing,,1777017497.2152221
6756,3216,"H1,L1",1253965824.0,1253966336.0,processing,,1777018065.2253628
6757,3217,"H1,L1",1253965824.0,1253966336.0,processing,,1777018634.2005434
6758,3218,"H1,L1",1253965824.0,1253966336.0,processing,,1777019202.7219038
6759,3219,"H1,L1",1253965824.0,1253966336.0,processing,,1777019772.6926262
6760,3220,"H1,L1",1253965824.0,1253966336.0,processing,,1777020340.953296
6761,3221,"H1,L1",1253965824.0,1253966336.0,processing,,1777020908.9918523
6762,3222,"H1,L1",1253965824.0,1253966336.0,processing,,1777021477.1750271
6763,3223,"H1,L1",1253965824.0,1253966336.0,processing,,1777022046.4721391
6764,3224,"H1,L1",1253965824.0,1253966336.0,processing,,1777022616.7157097
6765,3225,"H1,L1",1253965824.0,1253966336.0,processing,,1777023184.9790325
6766,3226,"H1,L1",1253965824.0,1253966336.0,processing,,1777023753.9609406
6767,3227,"H1,L1",1253965824.0,1253966336.0,processing,,1777024322.7129507
6768,3228,"H1,L1",1253965824.0,1253966336.0,processing,,1777024891.9645383
6769,3229,"H1,L1",1253965824.0,1253966336.0,processing,,1777025461.672062
6770,3230,"H1,L1",1253965824.0,1253966336.0,processing,,1777026031.9816592
6771,3231,"H1,L1",1253965824.0,1253966336.0,processing,,1777026601.2231297
6772,3232,"H1,L1",1253965824.0,1253966336.0,processing,,1777027169.6941533
6773,3233,"H1,L1",1253965824.0,1253966336.0,processing,,1777027738.451598
6774,3234,"H1,L1",1253965824.0,1253966336.0,processing,,1777028309.7009041
6775,3235,"H1,L1",1253965824.0,1253966336.0,processing,,1777028876.9664736
6776,3236,"H1,L1",1253965824.0,1253966336.0,processing,,1777029448.7113144
6777,3237,"H1,L1",1253965824.0,1253966336.0,processing,,1777030017.453353
6778,3238,"H1,L1",1253965824.0,1253966336.0,processing,,1777030585.4898338
6779,3239,"H1,L1",1253965824.0,1253966336.0,processing,,1777031153.2390602
6780,3240,"H1,L1",1253965824.0,1253966336.0,processing,,1777031723.9969802
6781,3241,"H1,L1",1253965824.0,1253966336.0,processing,,1777032291.4588118
6782,3242,"H1,L1",1253965824.0,1253966336.0,processing,,1777032857.19663
6783,3243,"H1,L1",1253965824.0,1253966336.0,processing,,1777033424.7263834
6784,3244,"H1,L1",1253965824.0,1253966336.0,processing,,1777033994.978479
6785,3245,"H1,L1",1253965824.0,1253966336.0,processing,,1777034563.2241678
6786,3246,"H1,L1",1253965824.0,1253966336.0,processing,,1777035132.9581988
6787,3247,"H1,L1",1253965824.0,1253966336.0,processing,,1777035699.94895
6788,3248,"H1,L1",1253965824.0,1253966336.0,processing,,1777036272.219916
6789,3249,"H1,L1",1253965824.0,1253966336.0,processing,,1777036850.7154622
6790,3250,"H1,L1",1253965824.0,1253966336.0,processing,,1777037418.9415472
6791,3251,"H1,L1",1253965824.0,1253966336.0,processing,,1777037987.728977
6792,3252,"H1,L1",1253965824.0,1253966336.0,processing,,1777038556.9808424
6793,3253,"H1,L1",1253965824.0,1253966336.0,processing,,1777039126.7270956
6794,3254,"H1,L1",1253965824.0,1253966336.0,processing,,1777039694.9441807
6795,3255,"H1,L1",1253965824.0,1253966336.0,processing,,1777040262.6998925
6796,3256,"H1,L1",1253965824.0,1253966336.0,processing,,1777040832.7037256
6797,3257,"H1,L1",1253965824.0,1253966336.0,processing,,1777041400.9980872
6798,3258,"H1,L1",1253965824.0,1253966336.0,processing,,1777041971.728863
6799,3259,"H1,L1",1253965824.0,1253966336.0,processing,,1777042541.4704278
6800,3260,"H1,L1",1253965824.0,1253966336.0,processing,,1777043108.5262506
6801,3261,"H1,L1",1253965824.0,1253966336.0,processing,,1777043673.9673402
6802,3262,"H1,L1",1253965824.0,1253966336.0,processing,,1777044240.4520025
6803,3263,"H1,L1",1253965824.0,1253966336.0,processing,,1777044807.4648204
6804,3264,"H1,L1",1253965824.0,1253966336.0,processing,,1777045374.945252
6805,3265,"H1,L1",1253965824.0,1253966336.0,processing,,1777045942.7254574
6806,3266,"H1,L1",1253965824.0,1253966336.0,processing,,1777046511.7169864
6807,3267,"H1,L1",1253965824.0,1253966336.0,processing,,1777047079.4594133
6808,3268,"H1,L1",1253965824.0,1253966336.0,processing,,1777047647.198806
6809,3269,"H1,L1",1253965824.0,1253966336.0,processing,,1777048215.9516282
6810,3270,"H1,L1",1253965824.0,1253966336.0,processing,,1777048783.488918
6811,3271,"H1,L1",1253965824.0,1253966336.0,processing,,1777049353.000387
6812,3272,"H1,L1",1253965824.0,1253966336.0,processing,,1777049919.7198908
6813,3273,"H1,L1",1253965824.0,1253966336.0,processing,,1777050488.2025778
6814,3274,"H1,L1",1253965824.0,1253966336.0,processing,,1777051060.7214756
6815,3275,"H1,L1",1253965824.0,1253966336.0,processing,,1777051631.2048411
6816,3276,"H1,L1",1253965824.0,1253966336.0,processing,,1777052199.4721634
6817,3277,"H1,L1",1253965824.0,1253966336.0,processing,,1777052766.4538944
6818,3278,"H1,L1",1253965824.0,1253966336.0,processing,,1777053333.1822388
6819,3279,"H1,L1",1253965824.0,1253966336.0,processing,,1777053906.7224972
6820,3280,"H1,L1",1253965824.0,1253966336.0,processing,,1777054474.4767087
6821,3281,"H1,L1",1253965824.0,1253966336.0,processing,,1777055039.9555476
6822,3282,"H1,L1",1253965824.0,1253966336.0,processing,,1777055608.4570863
6823,3283,"H1,L1",1253965824.0,1253966336.0,processing,,1777056180.7424293
6824,3284,"H1,L1",1253965824.0,1253966336.0,processing,,1777056749.4814956
6825,3285,"H1,L1",1253965824.0,1253966336.0,processing,,1777057316.4418595
6826,3286,"H1,L1",1253965824.0,1253966336.0,processing,,1777057884.9590235
6827,3287,"H1,L1",1253965824.0,1253966336.0,processing,,1777058450.9490354
6828,3288,"H1,L1",1253965824.0,1253966336.0,processing,,1777059019.2459888
6829,3289,"H1,L1",1253965824.0,1253966336.0,processing,,1777059685.9741156
6830,3290,"H1,L1",1253965824.0,1253966336.0,processing,,1777060253.9594388
6831,3291,"H1,L1",1253965824.0,1253966336.0,processing,,1777060821.6989024
6832,3292,"H1,L1",1253965824.0,1253966336.0,processing,,1777061393.9768271
6833,3293,"H1,L1",1253965824.0,1253966336.0,processing,,1777061961.499024
6834,3294,"H1,L1",1253965824.0,1253966336.0,processing,,1777062527.4516957
6835,3295,"H1,L1",1253965824.0,1253966336.0,processing,,1777063096.7316725
6836,3296,"H1,L1",1253965824.0,1253966336.0,processing,,1777063673.9626722
6837,3297,"H1,L1",1253965824.0,1253966336.0,processing,,1777064240.9420989
6838,3298,"H1,L1",1253965824.0,1253966336.0,processing,,1777064806.7251363
6839,3299,"H1,L1",1253965824.0,1253966336.0,processing,,1777065371.4881165
6840,3300,"H1,L1",1253965824.0,1253966336.0,processing,,1777065949.4530442
6841,3301,"H1,L1",1253965824.0,1253966336.0,processing,,1777066514.2252114
6842,3302,"H1,L1",1253965824.0,1253966336.0,processing,,1777067080.4292557
6843,3303,"H1,L1",1253965824.0,1253966336.0,processing,,1777067648.450873
6844,3304,"H1,L1",1253965824.0,1253966336.0,processing,,1777068218.200745
6845,3305,"H1,L1",1253965824.0,1253966336.0,processing,,1777068783.714796
6846,3306,"H1,L1",1253965824.0,1253966336.0,processing,,1777069351.9839637
6847,3307,"H1,L1",1253965824.0,1253966336.0,processing,,1777069919.4900854
6848,3308,"H1,L1",1253965824.0,1253966336.0,processing,,1777070487.7433734
6849,3309,"H1,L1",1253965824.0,1253966336.0,processing,,1777071063.935644
6850,3310,"H1,L1",1253965824.0,1253966336.0,processing,,1777071646.924835
6851,3311,"H1,L1",1253965824.0,1253966336.0,processing,,1777072215.690715
6852,3312,"H1,L1",1253965824.0,1253966336.0,processing,,1777072783.193945
6853,3313,"H1,L1",1253965824.0,1253966336.0,processing,,1777073353.2196193
6854,3314,"H1,L1",1253965824.0,1253966336.0,processing,,1777073921.2306817
6855,3315,"H1,L1",1253965824.0,1253966336.0,processing,,1777074488.471409
6856,3316,"H1,L1",1253965824.0,1253966336.0,processing,,1777075056.4748642
6857,3317,"H1,L1",1253965824.0,1253966336.0,processing,,1777075630.4379644
6858,3318,"H1,L1",1253965824.0,1253966336.0,processing,,1777076198.7176828
6859,3319,"H1,L1",1253965824.0,1253966336.0,processing,,1777076767.477332
6860,3320,"H1,L1",1253965824.0,1253966336.0,processing,,1777077333.942798
6861,3321,"H1,L1",1253965824.0,1253966336.0,processing,,1777077903.4652596
6862,3322,"H1,L1",1253965824.0,1253966336.0,processing,,1777078470.9870672
6863,3323,"H1,L1",1253965824.0,1253966336.0,processing,,1777079049.463507
6864,3324,"H1,L1",1253965824.0,1253966336.0,processing,,1777079616.7223368
6865,3325,"H1,L1",1253965824.0,1253966336.0,processing,,1777080184.9674942
6866,3326,"H1,L1",1253965824.0,1253966336.0,processing,,1777080762.4726553
6867,3327,"H1,L1",1253965824.0,1253966336.0,processing,,1777081328.4745948
6868,3328,"H1,L1",1253965824.0,1253966336.0,processing,,1777081906.9868498
6869,3329,"H1,L1",1253965824.0,1253966336.0,processing,,1777082475.7193387
6870,3330,"H1,L1",1253965824.0,1253966336.0,processing,,1777083043.4723623
6871,3331,"H1,L1",1253965824.0,1253966336.0,processing,,1777083612.2016022
6872,3332,"H1,L1",1253965824.0,1253966336.0,processing,,1777084180.2020469
6873,3333,"H1,L1",1253965824.0,1253966336.0,processing,,1777084749.478656
6874,3334,"H1,L1",1253965824.0,1253966336.0,processing,,1777085318.9866002
6875,3335,"H1,L1",1253965824.0,1253966336.0,processing,,1777085889.4720848
6876,3336,"H1,L1",1253965824.0,1253966336.0,processing,,1777086457.497716
6877,3337,"H1,L1",1253965824.0,1253966336.0,processing,,1777087025.4549556
6878,3338,"H1,L1",1253965824.0,1253966336.0,processing,,1777087591.9536605
6879,3339,"H1,L1",1253965824.0,1253966336.0,processing,,1777088159.97235
6880,3340,"H1,L1",1253965824.0,1253966336.0,processing,,1777088727.2061658
6881,3341,"H1,L1",1253965824.0,1253966336.0,processing,,1777089294.467098
6882,3342,"H1,L1",1253965824.0,1253966336.0,processing,,1777089861.7253397
6883,3343,"H1,L1",1253965824.0,1253966336.0,processing,,1777090430.2104836
6884,3344,"H1,L1",1253965824.0,1253966336.0,processing,,1777090998.210955
6885,3345,"H1,L1",1253965824.0,1253966336.0,processing,,1777091567.2202332
6886,3346,"H1,L1",1253965824.0,1253966336.0,processing,,1777092133.9508786
6887,3347,"H1,L1",1253965824.0,1253966336.0,processing,,1777092702.7291272
6888,3348,"H1,L1",1253965824.0,1253966336.0,processing,,1777093269.9570599
6889,3349,"H1,L1",1253965824.0,1253966336.0,processing,,1777093837.4463644
6890,3350,"H1,L1",1253965824.0,1253966336.0,processing,,1777094403.723983
6891,3351,"H1,L1",1253965824.0,1253966336.0,processing,,1777094970.9529498
6892,3352,"H1,L1",1253965824.0,1253966336.0,processing,,1777095539.2187898
6893,3353,"H1,L1",1253965824.0,1253966336.0,processing,,1777096105.433248
6894,3354,"H1,L1",1253965824.0,1253966336.0,processing,,1777096672.4850373
6895,3355,"H1,L1",1253965824.0,1253966336.0,processing,,1777097240.7008436
6896,3356,"H1,L1",1253965824.0,1253966336.0,processing,,1777097810.4781072
6897,3357,"H1,L1",1253965824.0,1253966336.0,processing,,1777098377.7219262
6898,3358,"H1,L1",1253965824.0,1253966336.0,processing,,1777098954.1978827
6899,3359,"H1,L1",1253965824.0,1253966336.0,processing,,1777099521.96344
6900,3360,"H1,L1",1253965824.0,1253966336.0,processing,,1777100088.7143514
6901,3361,"H1,L1",1253965824.0,1253966336.0,processing,,1777100662.976839
6902,3362,"H1,L1",1253965824.0,1253966336.0,processing,,1777101230.214981
6903,3363,"H1,L1",1253965824.0,1253966336.0,processing,,1777101825.462808
6904,3364,"H1,L1",1253965824.0,1253966336.0,processing,,1777102391.9624975
6905,3365,"H1,L1",1253965824.0,1253966336.0,processing,,1777102960.7014668
6906,3366,"H1,L1",1253965824.0,1253966336.0,processing,,1777103528.9474745
6907,3367,"H1,L1",1253965824.0,1253966336.0,processing,,1777104096.2184672
6908,3368,"H1,L1",1253965824.0,1253966336.0,processing,,1777104665.4581075
6909,3369,"H1,L1",1253965824.0,1253966336.0,processing,,1777105232.201644
6910,3370,"H1,L1",1253965824.0,1253966336.0,processing,,1777105801.449587
6911,3371,"H1,L1",1253965824.0,1253966336.0,processing,,1777106368.195737
6912,3372,"H1,L1",1253965824.0,1253966336.0,processing,,1777106936.4868598
6913,3373,"H1,L1",1253965824.0,1253966336.0,processing,,1777107504.0325892
6914,3374,"H1,L1",1253965824.0,1253966336.0,processing,,1777108070.7159946
6915,3375,"H1,L1",1253965824.0,1253966336.0,processing,,1777108639.1955793
6916,3376,"H1,L1",1253965824.0,1253966336.0,processing,,1777109208.2109601
6917,3377,"H1,L1",1253965824.0,1253966336.0,processing,,1777109775.707971
6918,3378,"H1,L1",1253965824.0,1253966336.0,processing,,1777110345.2635198
6919,3379,"H1,L1",1253965824.0,1253966336.0,processing,,1777110921.933953
6920,3380,"H1,L1",1253965824.0,1253966336.0,processing,,1777111488.7134016
6921,3381,"H1,L1",1253965824.0,1253966336.0,processing,,1777112056.9829466
6922,3382,"H1,L1",1253965824.0,1253966336.0,processing,,1777112625.760489
6923,3383,"H1,L1",1253965824.0,1253966336.0,processing,,1777113288.9698017
6924,3384,"H1,L1",1253965824.0,1253966336.0,processing,,1777113865.9624314
6925,3385,"H1,L1",1253965824.0,1253966336.0,processing,,1777114436.4485066
6926,3386,"H1,L1",1253965824.0,1253966336.0,processing,,1777115013.706888
6927,3387,"H1,L1",1253965824.0,1253966336.0,processing,,1777115580.9610717
6928,3388,"H1,L1",1253965824.0,1253966336.0,processing,,1777116149.7159784
6929,3389,"H1,L1",1253965824.0,1253966336.0,processing,,1777116716.938293
6930,3390,"H1,L1",1253965824.0,1253966336.0,processing,,1777117283.2175467
6931,3391,"H1,L1",1253965824.0,1253966336.0,processing,,1777117860.4318442
6932,3392,"H1,L1",1253965824.0,1253966336.0,processing,,1777118427.6957645
6933,3393,"H1,L1",1253965824.0,1253966336.0,processing,,1777118994.9446092
6934,3394,"H1,L1",1253965824.0,1253966336.0,processing,,1777119572.4664261
6935,3395,"H1,L1",1253965824.0,1253966336.0,processing,,1777120139.715531
6936,3396,"H1,L1",1253965824.0,1253966336.0,processing,,1777120706.4604213
6937,3397,"H1,L1",1253965824.0,1253966336.0,processing,,1777121272.9943109
6938,3398,"H1,L1",1253965824.0,1253966336.0,processing,,1777121845.2267668
6939,3399,"H1,L1",1253965824.0,1253966336.0,processing,,1777122413.225057
6940,3400,"H1,L1",1253965824.0,1253966336.0,processing,,1777122981.9769347
6941,3401,"H1,L1",1253965824.0,1253966336.0,processing,,1777123549.9540782
6942,3402,"H1,L1",1253965824.0,1253966336.0,processing,,1777124117.7098043
6943,3403,"H1,L1",1253965824.0,1253966336.0,processing,,1777124685.953019
6944,3404,"H1,L1",1253965824.0,1253966336.0,processing,,1777125254.2435641
6945,3405,"H1,L1",1253965824.0,1253966336.0,processing,,1777125834.9793427
6946,3406,"H1,L1",1253965824.0,1253966336.0,processing,,1777126403.9351428
6947,3407,"H1,L1",1253965824.0,1253966336.0,processing,,1777126972.7109852
6948,3408,"H1,L1",1253965824.0,1253966336.0,processing,,1777127540.4560351
6949,3409,"H1,L1",1253965824.0,1253966336.0,processing,,1777128107.712665
6950,3410,"H1,L1",1253965824.0,1253966336.0,processing,,1777128675.46951
6951,3411,"H1,L1",1253965824.0,1253966336.0,processing,,1777129244.45464
6952,3412,"H1,L1",1253965824.0,1253966336.0,processing,,1777129820.4843931
6953,3413,"H1,L1",1253965824.0,1253966336.0,processing,,1777130387.7108023
6954,3414,"H1,L1",1253965824.0,1253966336.0,processing,,1777130956.4557762
6955,3415,"H1,L1",1253965824.0,1253966336.0,processing,,1777131525.4433892
6956,3416,"H1,L1",1253965824.0,1253966336.0,processing,,1777132091.4869564
6957,3417,"H1,L1",1253965824.0,1253966336.0,processing,,1777132658.9437578
6958,3418,"H1,L1",1253965824.0,1253966336.0,processing,,1777133237.4942374
6959,3419,"H1,L1",1253965824.0,1253966336.0,processing,,1777133805.228183
6960,3420,"H1,L1",1253965824.0,1253966336.0,processing,,1777134374.7319822
6961,3421,"H1,L1",1253965824.0,1253966336.0,processing,,1777134941.2254114
6962,3422,"H1,L1",1253965824.0,1253966336.0,processing,,1777135507.9889789
6963,3423,"H1,L1",1253965824.0,1253966336.0,processing,,1777136076.4897213
6964,3424,"H1,L1",1253965824.0,1253966336.0,processing,,1777136645.4529195
6965,3425,"H1,L1",1253965824.0,1253966336.0,processing,,1777137212.7115538
6966,3426,"H1,L1",1253965824.0,1253966336.0,processing,,1777137779.4693892
6967,3427,"H1,L1",1253965824.0,1253966336.0,processing,,1777138346.4740129
6968,3428,"H1,L1",1253965824.0,1253966336.0,processing,,1777138913.6954272
6969,3429,"H1,L1",1253965824.0,1253966336.0,processing,,1777139484.4580352
6970,3430,"H1,L1",1253965824.0,1253966336.0,processing,,1777140053.7347784
6971,3431,"H1,L1",1253965824.0,1253966336.0,processing,,1777140624.4820423
6972,3432,"H1,L1",1253965824.0,1253966336.0,processing,,1777141193.1569026
6973,3433,"H1,L1",1253965824.0,1253966336.0,processing,,1777141761.4740674
6974,3434,"H1,L1",1253965824.0,1253966336.0,processing,,1777142329.743125
6975,3435,"H1,L1",1253965824.0,1253966336.0,processing,,1777142906.4503427
6976,3436,"H1,L1",1253965824.0,1253966336.0,processing,,1777143477.221687
6977,3437,"H1,L1",1253965824.0,1253966336.0,processing,,1777144046.4587781
6978,3438,"H1,L1",1253965824.0,1253966336.0,processing,,1777144614.9622357
6979,3439,"H1,L1",1253965824.0,1253966336.0,processing,,1777145182.9461205
6980,3440,"H1,L1",1253965824.0,1253966336.0,processing,,1777145752.4547806
6981,3441,"H1,L1",1253965824.0,1253966336.0,processing,,1777146320.9621015
6982,3442,"H1,L1",1253965824.0,1253966336.0,processing,,1777146888.9409049
6983,3443,"H1,L1",1253965824.0,1253966336.0,processing,,1777147459.73346
6984,3444,"H1,L1",1253965824.0,1253966336.0,processing,,1777148028.9779637
6985,3445,"H1,L1",1253965824.0,1253966336.0,processing,,1777148596.9522262
6986,3446,"H1,L1",1253965824.0,1253966336.0,processing,,1777149167.2121677
6987,3447,"H1,L1",1253965824.0,1253966336.0,processing,,1777149739.9503357
6988,3448,"H1,L1",1253965824.0,1253966336.0,processing,,1777150315.476674
6989,3449,"H1,L1",1253965824.0,1253966336.0,processing,,1777150884.494474
6990,3450,"H1,L1",1253965824.0,1253966336.0,processing,,1777151453.237788
6991,3451,"H1,L1",1253965824.0,1253966336.0,processing,,1777152020.4555385
6992,3452,"H1,L1",1253965824.0,1253966336.0,processing,,1777152589.9550784
6993,3453,"H1,L1",1253965824.0,1253966336.0,processing,,1777153157.7598813
6994,3454,"H1,L1",1253965824.0,1253966336.0,processing,,1777153724.9841843
6995,3455,"H1,L1",1253965824.0,1253966336.0,processing,,1777154293.6719115
6996,3456,"H1,L1",1253965824.0,1253966336.0,processing,,1777154862.2191799
6997,3457,"H1,L1",1253965824.0,1253966336.0,processing,,1777155433.2016673
6998,3458,"H1,L1",1253965824.0,1253966336.0,processing,,1777156002.4654505
6999,3459,"H1,L1",1253965824.0,1253966336.0,processing,,1777156569.4575882
7000,3460,"H1,L1",1253965824.0,1253966336.0,processing,,1777157139.2111742
7001,3461,"H1,L1",1253965824.0,1253966336.0,processing,,1777157709.478633
7002,3462,"H1,L1",1253965824.0,1253966336.0,processing,,1777158276.962885
7003,3463,"H1,L1",1253965824.0,1253966336.0,processing,,1777158846.229831
7004,3464,"H1,L1",1253965824.0,1253966336.0,processing,,1777159414.9702673
7005,3465,"H1,L1",1253965824.0,1253966336.0,processing,,1777159982.7173402
7006,3466,"H1,L1",1253965824.0,1253966336.0,processing,,1777160549.9429307
7007,3467,"H1,L1",1253965824.0,1253966336.0,processing,,1777161117.9528685
7008,3468,"H1,L1",1253965824.0,1253966336.0,processing,,1777161688.9574168
7009,3469,"H1,L1",1253965824.0,1253966336.0,processing,,1777162257.4800339
7010,3470,"H1,L1",1253965824.0,1253966336.0,processing,,1777162826.2075033
7011,3471,"H1,L1",1253965824.0,1253966336.0,processing,,1777163394.7265022
7012,3472,"H1,L1",1253965824.0,1253966336.0,processing,,1777163963.7028375
7013,3473,"H1,L1",1253965824.0,1253966336.0,processing,,1777164530.681652
7014,3474,"H1,L1",1253965824.0,1253966336.0,processing,,1777165104.7386022
7015,3475,"H1,L1",1253965824.0,1253966336.0,processing,,1777165742.70453
7016,3476,"H1,L1",1253965824.0,1253966336.0,processing,,1777166310.2274942
7017,3477,"H1,L1",1253965824.0,1253966336.0,processing,,1777166893.9676425
7018,3478,"H1,L1",1253965824.0,1253966336.0,processing,,1777167461.9768758
7019,3479,"H1,L1",1253965824.0,1253966336.0,processing,,1777168028.219574
7020,3480,"H1,L1",1253965824.0,1253966336.0,processing,,1777168598.461313
7021,3481,"H1,L1",1253965824.0,1253966336.0,processing,,1777169166.9546404
7022,3482,"H1,L1",1253965824.0,1253966336.0,processing,,1777169735.2096858
7023,3483,"H1,L1",1253965824.0,1253966336.0,processing,,1777170304.7066104
7024,3484,"H1,L1",1253965824.0,1253966336.0,processing,,1777170872.976108
7025,3485,"H1,L1",1253965824.0,1253966336.0,processing,,1777171441.9800668
7026,3486,"H1,L1",1253965824.0,1253966336.0,processing,,1777172009.190805
7027,3487,"H1,L1",1253965824.0,1253966336.0,processing,,1777172577.2167027
7028,3488,"H1,L1",1253965824.0,1253966336.0,processing,,1777173147.7347689
7029,3489,"H1,L1",1253965824.0,1253966336.0,processing,,1777173714.7060843
7030,3490,"H1,L1",1253965824.0,1253966336.0,processing,,1777174283.2217035
7031,3491,"H1,L1",1253965824.0,1253966336.0,processing,,1777174853.1867998
7032,3492,"H1,L1",1253965824.0,1253966336.0,processing,,1777175420.2058816
7033,3493,"H1,L1",1253965824.0,1253966336.0,processing,,1777175988.4527798
7034,3494,"H1,L1",1253965824.0,1253966336.0,processing,,1777176558.4641352
7035,3495,"H1,L1",1253965824.0,1253966336.0,processing,,1777177124.4665656
7036,3496,"H1,L1",1253965824.0,1253966336.0,processing,,1777177693.7193086
7037,3497,"H1,L1",1253965824.0,1253966336.0,processing,,1777178261.2309694
7038,3498,"H1,L1",1253965824.0,1253966336.0,processing,,1777178828.694244
7039,3499,"H1,L1",1253965824.0,1253966336.0,processing,,1777179398.0274591
7040,3500,"H1,L1",1253965824.0,1253966336.0,processing,,1777180064.1849625
7041,3501,"H1,L1",1253965824.0,1253966336.0,processing,,1777180634.2238824
7042,3502,"H1,L1",1253965824.0,1253966336.0,processing,,1777181210.9819543
7043,3503,"H1,L1",1253965824.0,1253966336.0,processing,,1777181779.469459
7044,3504,"H1,L1",1253965824.0,1253966336.0,processing,,1777182348.1917775
7045,3505,"H1,L1",1253965824.0,1253966336.0,processing,,1777182917.9769022
7046,3506,"H1,L1",1253965824.0,1253966336.0,processing,,1777183485.4935722
7047,3507,"H1,L1",1253965824.0,1253966336.0,processing,,1777184052.7145736
7048,3508,"H1,L1",1253965824.0,1253966336.0,processing,,1777184622.184208
7049,3509,"H1,L1",1253965824.0,1253966336.0,processing,,1777185190.6894007
7050,3510,"H1,L1",1253965824.0,1253966336.0,processing,,1777185758.9680166
7051,3511,"H1,L1",1253965824.0,1253966336.0,processing,,1777186328.2100654
7052,3512,"H1,L1",1253965824.0,1253966336.0,processing,,1777186897.2113783
7053,3513,"H1,L1",1253965824.0,1253966336.0,processing,,1777187467.4498181
7054,3514,"H1,L1",1253965824.0,1253966336.0,processing,,1777188036.7203445
7055,3515,"H1,L1",1253965824.0,1253966336.0,processing,,1777188606.4657133
7056,3516,"H1,L1",1253965824.0,1253966336.0,processing,,1777189175.245024
7057,3517,"H1,L1",1253965824.0,1253966336.0,processing,,1777189742.4802995
7058,3518,"H1,L1",1253965824.0,1253966336.0,processing,,1777190311.462962
7059,3519,"H1,L1",1253965824.0,1253966336.0,processing,,1777190878.7176135
7060,3520,"H1,L1",1253965824.0,1253966336.0,processing,,1777191446.9730947
7061,3521,"H1,L1",1253965824.0,1253966336.0,processing,,1777192014.9571438
7062,3522,"H1,L1",1253965824.0,1253966336.0,processing,,1777192584.2111542
7063,3523,"H1,L1",1253965824.0,1253966336.0,processing,,1777193152.970923
7064,3524,"H1,L1",1253965824.0,1253966336.0,processing,,1777193720.977724
7065,3525,"H1,L1",1253965824.0,1253966336.0,processing,,1777194286.7231174
7066,3526,"H1,L1",1253965824.0,1253966336.0,processing,,1777194854.9420018
7067,3527,"H1,L1",1253965824.0,1253966336.0,processing,,1777195421.2235692
7068,3528,"H1,L1",1253965824.0,1253966336.0,processing,,1777195988.7306318
7069,3529,"H1,L1",1253965824.0,1253966336.0,processing,,1777196557.2333977
7070,3530,"H1,L1",1253965824.0,1253966336.0,processing,,1777197125.9879532
7071,3531,"H1,L1",1253965824.0,1253966336.0,processing,,1777197693.4589593
7072,3532,"H1,L1",1253965824.0,1253966336.0,processing,,1777198260.4640262
7073,3533,"H1,L1",1253965824.0,1253966336.0,processing,,1777198828.9732342
7074,3534,"H1,L1",1253965824.0,1253966336.0,processing,,1777199395.719389
7075,3535,"H1,L1",1253965824.0,1253966336.0,processing,,1777199964.951605
7076,3536,"H1,L1",1253965824.0,1253966336.0,processing,,1777200532.7249691
7077,3537,"H1,L1",1253965824.0,1253966336.0,processing,,1777201101.4424193
7078,3538,"H1,L1",1253965824.0,1253966336.0,processing,,1777201669.2205315
7079,3539,"H1,L1",1253965824.0,1253966336.0,processing,,1777202237.9840214
7080,3540,"H1,L1",1253965824.0,1253966336.0,processing,,1777202807.9550261
7081,3541,"H1,L1",1253965824.0,1253966336.0,processing,,1777203376.7239974
7082,3542,"H1,L1",1253965824.0,1253966336.0,processing,,1777203944.6979039
7083,3543,"H1,L1",1253965824.0,1253966336.0,processing,,1777204511.476595
7084,3544,"H1,L1",1253965824.0,1253966336.0,processing,,1777205081.966959
7085,3545,"H1,L1",1253965824.0,1253966336.0,processing,,1777205651.7005608
7086,3546,"H1,L1",1253965824.0,1253966336.0,processing,,1777206220.1821404
7087,3547,"H1,L1",1253965824.0,1253966336.0,processing,,1777206787.220021
7088,3548,"H1,L1",1253965824.0,1253966336.0,processing,,1777207355.72292
7089,3549,"H1,L1",1253965824.0,1253966336.0,processing,,1777207923.4805346
7090,3550,"H1,L1",1253965824.0,1253966336.0,processing,,1777208491.72281
7091,3551,"H1,L1",1253965824.0,1253966336.0,processing,,1777209061.7250726
7092,3552,"H1,L1",1253965824.0,1253966336.0,processing,,1777209631.702793
7093,3553,"H1,L1",1253965824.0,1253966336.0,processing,,1777210201.6886475
7094,3554,"H1,L1",1253965824.0,1253966336.0,processing,,1777210771.7144284
7095,3555,"H1,L1",1253965824.0,1253966336.0,processing,,1777211342.203385
7096,3556,"H1,L1",1253965824.0,1253966336.0,processing,,1777211910.2253745
7097,3557,"H1,L1",1253965824.0,1253966336.0,processing,,1777212480.454041
7098,3558,"H1,L1",1253965824.0,1253966336.0,processing,,1777213049.4592705
7099,3559,"H1,L1",1253965824.0,1253966336.0,processing,,1777213618.9255579
7100,3560,"H1,L1",1253965824.0,1253966336.0,processing,,1777214187.9697745
7101,3561,"H1,L1",1253965824.0,1253966336.0,processing,,1777214758.2265522
7102,3562,"H1,L1",1253965824.0,1253966336.0,processing,,1777215327.4736953
7103,3563,"H1,L1",1253965824.0,1253966336.0,processing,,1777215898.7003481
7104,3564,"H1,L1",1253965824.0,1253966336.0,processing,,1777216468.9970627
7105,3565,"H1,L1",1253965824.0,1253966336.0,processing,,1777217038.2092593
7106,3566,"H1,L1",1253965824.0,1253966336.0,processing,,1777217608.4911914
7107,3567,"H1,L1",1253965824.0,1253966336.0,processing,,1777218179.7031195
7108,3568,"H1,L1",1253965824.0,1253966336.0,processing,,1777218747.960769
7109,3569,"H1,L1",1253965824.0,1253966336.0,processing,,1777219317.967169
7110,3570,"H1,L1",1253965824.0,1253966336.0,processing,,1777219886.468346
7111,3571,"H1,L1",1253965824.0,1253966336.0,processing,,1777220458.465339
7112,3572,"H1,L1",1253965824.0,1253966336.0,processing,,1777221027.200705
7113,3573,"H1,L1",1253965824.0,1253966336.0,processing,,1777221595.968017
7114,3574,"H1,L1",1253965824.0,1253966336.0,processing,,1777222164.9679894
7115,3575,"H1,L1",1253965824.0,1253966336.0,processing,,1777222733.7269282
7116,3576,"H1,L1",1253965824.0,1253966336.0,processing,,1777223301.954916
7117,3577,"H1,L1",1253965824.0,1253966336.0,processing,,1777223872.1921954
7118,3578,"H1,L1",1253965824.0,1253966336.0,processing,,1777224437.9712853
7119,3579,"H1,L1",1253965824.0,1253966336.0,processing,,1777225007.4620917
7120,3580,"H1,L1",1253965824.0,1253966336.0,processing,,1777225576.970579
7121,3581,"H1,L1",1253965824.0,1253966336.0,processing,,1777226145.70263
7122,3582,"H1,L1",1253965824.0,1253966336.0,processing,,1777226714.2239811
7123,3583,"H1,L1",1253965824.0,1253966336.0,processing,,1777227282.9741066
7124,3584,"H1,L1",1253965824.0,1253966336.0,processing,,1777227850.4865072
7125,3585,"H1,L1",1253965824.0,1253966336.0,processing,,1777228417.97847
7126,3586,"H1,L1",1253965824.0,1253966336.0,processing,,1777228984.9510522
7127,3587,"H1,L1",1253965824.0,1253966336.0,processing,,1777229554.228248
7128,3588,"H1,L1",1253965824.0,1253966336.0,processing,,1777230124.0014281
7129,3589,"H1,L1",1253965824.0,1253966336.0,processing,,1777230696.2035298
7130,3590,"H1,L1",1253965824.0,1253966336.0,processing,,1777231265.1849966
7131,3591,"H1,L1",1253965824.0,1253966336.0,processing,,1777231833.2393622
7132,3592,"H1,L1",1253965824.0,1253966336.0,processing,,1777232402.2290437
7133,3593,"H1,L1",1253965824.0,1253966336.0,processing,,1777232971.2021406
7134,3594,"H1,L1",1253965824.0,1253966336.0,processing,,1777233549.955091
7135,3595,"H1,L1",1253965824.0,1253966336.0,processing,,1777234119.2157118
7136,3596,"H1,L1",1253965824.0,1253966336.0,processing,,1777234686.22685
7137,3597,"H1,L1",1253965824.0,1253966336.0,processing,,1777235254.4544005
7138,3598,"H1,L1",1253965824.0,1253966336.0,processing,,1777235822.2227821
7139,3599,"H1,L1",1253965824.0,1253966336.0,processing,,1777236387.4518802
7140,3600,"H1,L1",1253965824.0,1253966336.0,processing,,1777236955.2030127
7141,3601,"H1,L1",1253965824.0,1253966336.0,processing,,1777237523.7504892
7142,3602,"H1,L1",1253965824.0,1253966336.0,processing,,1777238092.9736326
7143,3603,"H1,L1",1253965824.0,1253966336.0,processing,,1777238661.9844363
7144,3604,"H1,L1",1253965824.0,1253966336.0,processing,,1777239229.7249708
7145,3605,"H1,L1",1253965824.0,1253966336.0,processing,,1777239799.7187364
7146,3606,"H1,L1",1253965824.0,1253966336.0,processing,,1777240365.7134888
7147,3607,"H1,L1",1253965824.0,1253966336.0,processing,,1777240934.9509556
7148,3608,"H1,L1",1253965824.0,1253966336.0,processing,,1777241509.772669
7149,3609,"H1,L1",1253965824.0,1253966336.0,processing,,1777242079.4739556
7150,3610,"H1,L1",1253965824.0,1253966336.0,processing,,1777242645.9702005
7151,3611,"H1,L1",1253965824.0,1253966336.0,processing,,1777243214.4440322
7152,3612,"H1,L1",1253965824.0,1253966336.0,processing,,1777243781.9710689
7153,3613,"H1,L1",1253965824.0,1253966336.0,processing,,1777244350.4817657
7154,3614,"H1,L1",1253965824.0,1253966336.0,processing,,1777244918.4489903
7155,3615,"H1,L1",1253965824.0,1253966336.0,processing,,1777245487.9475157
7156,3616,"H1,L1",1253965824.0,1253966336.0,processing,,1777246057.7047493
7157,3617,"H1,L1",1253965824.0,1253966336.0,processing,,1777246628.0016024
7158,3618,"H1,L1",1253965824.0,1253966336.0,processing,,1777247195.9826655
7159,3619,"H1,L1",1253965824.0,1253966336.0,processing,,1777247764.7284503
7160,3620,"H1,L1",1253965824.0,1253966336.0,processing,,1777248333.2128084
7161,3621,"H1,L1",1253965824.0,1253966336.0,processing,,1777248910.7413888
7162,3622,"H1,L1",1253965824.0,1253966336.0,processing,,1777249479.4569085
7163,3623,"H1,L1",1253965824.0,1253966336.0,processing,,1777250047.721555
7164,3624,"H1,L1",1253965824.0,1253966336.0,processing,,1777250616.2173607
7165,3625,"H1,L1",1253965824.0,1253966336.0,processing,,1777251185.4031365
7166,3626,"H1,L1",1253965824.0,1253966336.0,processing,,1777251754.2334692
7167,3627,"H1,L1",1253965824.0,1253966336.0,processing,,1777252320.4465592
7168,3628,"H1,L1",1253965824.0,1253966336.0,processing,,1777252886.9734294
7169,3629,"H1,L1",1253965824.0,1253966336.0,processing,,1777253460.4603064
7170,3630,"H1,L1",1253965824.0,1253966336.0,processing,,1777254024.7245061
7171,3631,"H1,L1",1253965824.0,1253966336.0,processing,,1777254593.1915333
7172,3632,"H1,L1",1253965824.0,1253966336.0,processing,,1777255160.9599273
7173,3633,"H1,L1",1253965824.0,1253966336.0,processing,,1777255728.9504018
7174,3634,"H1,L1",1253965824.0,1253966336.0,processing,,1777256297.4615886
7175,3635,"H1,L1",1253965824.0,1253966336.0,processing,,1777256865.7018847
7176,3636,"H1,L1",1253965824.0,1253966336.0,processing,,1777257434.20995
7177,3637,"H1,L1",1253965824.0,1253966336.0,processing,,1777258002.4827945
7178,3638,"H1,L1",1253965824.0,1253966336.0,processing,,1777258568.6951618
7179,3639,"H1,L1",1253965824.0,1253966336.0,processing,,1777259137.722213
7180,3640,"H1,L1",1253965824.0,1253966336.0,processing,,1777259708.7170265
7181,3641,"H1,L1",1253965824.0,1253966336.0,processing,,1777260277.4863384
7182,3642,"H1,L1",1253965824.0,1253966336.0,processing,,1777260843.9818928
7183,3643,"H1,L1",1253965824.0,1253966336.0,processing,,1777261411.7222025
7184,3644,"H1,L1",1253965824.0,1253966336.0,processing,,1777261987.973866
7185,3645,"H1,L1",1253965824.0,1253966336.0,processing,,1777262556.7174363
7186,3646,"H1,L1",1253965824.0,1253966336.0,processing,,1777263125.723383
7187,3647,"H1,L1",1253965824.0,1253966336.0,processing,,1777263696.214189
7188,3648,"H1,L1",1253965824.0,1253966336.0,processing,,1777264263.9637232
7189,3649,"H1,L1",1253965824.0,1253966336.0,processing,,1777264832.469932
7190,3650,"H1,L1",1253965824.0,1253966336.0,processing,,1777265400.9667547
7191,3651,"H1,L1",1253965824.0,1253966336.0,processing,,1777265969.9815452
7192,3652,"H1,L1",1253965824.0,1253966336.0,processing,,1777266538.201243
7193,3653,"H1,L1",1253965824.0,1253966336.0,processing,,1777267104.9884074
7194,3654,"H1,L1",1253965824.0,1253966336.0,processing,,1777267671.7447839
7195,3655,"H1,L1",1253965824.0,1253966336.0,processing,,1777268239.7079086
7196,3656,"H1,L1",1253965824.0,1253966336.0,processing,,1777268807.9579203
7197,3657,"H1,L1",1253965824.0,1253966336.0,processing,,1777269375.7171328
7198,3658,"H1,L1",1253965824.0,1253966336.0,processing,,1777269940.9676428
7199,3659,"H1,L1",1253965824.0,1253966336.0,processing,,1777270509.7029274
7200,3660,"H1,L1",1253965824.0,1253966336.0,processing,,1777271076.9492567
7201,3661,"H1,L1",1253965824.0,1253966336.0,processing,,1777271643.2053728
7202,3662,"H1,L1",1253965824.0,1253966336.0,processing,,1777272213.7159452
7203,3663,"H1,L1",1253965824.0,1253966336.0,processing,,1777272782.233062
7204,3664,"H1,L1",1253965824.0,1253966336.0,processing,,1777273351.1917179
7205,3665,"H1,L1",1253965824.0,1253966336.0,processing,,1777273918.737513
7206,3666,"H1,L1",1253965824.0,1253966336.0,processing,,1777274488.7205632
7207,3667,"H1,L1",1253965824.0,1253966336.0,processing,,1777275057.96737
7208,3668,"H1,L1",1253965824.0,1253966336.0,processing,,1777275626.7022078
7209,3669,"H1,L1",1253965824.0,1253966336.0,processing,,1777276195.707469
7210,3670,"H1,L1",1253965824.0,1253966336.0,processing,,1777276763.7232697
7211,3671,"H1,L1",1253965824.0,1253966336.0,processing,,1777277332.9749455
7212,3672,"H1,L1",1253965824.0,1253966336.0,processing,,1777277902.213938
7213,3673,"H1,L1",1253965824.0,1253966336.0,processing,,1777278469.4552827
7214,3674,"H1,L1",1253965824.0,1253966336.0,processing,,1777279043.9958425
7215,3675,"H1,L1",1253965824.0,1253966336.0,processing,,1777279613.469764
7216,3676,"H1,L1",1253965824.0,1253966336.0,processing,,1777280182.2150059
7217,3677,"H1,L1",1253965824.0,1253966336.0,processing,,1777280752.7291026
7218,3678,"H1,L1",1253965824.0,1253966336.0,processing,,1777281322.9646327
7219,3679,"H1,L1",1253965824.0,1253966336.0,processing,,1777281892.7281272
7220,3680,"H1,L1",1253965824.0,1253966336.0,processing,,1777282463.2209282
7221,3681,"H1,L1",1253965824.0,1253966336.0,processing,,1777283028.956839
7222,3682,"H1,L1",1253965824.0,1253966336.0,processing,,1777283596.6884549
7223,3683,"H1,L1",1253965824.0,1253966336.0,processing,,1777284166.7298713
7224,3684,"H1,L1",1253965824.0,1253966336.0,processing,,1777284735.2230608
7225,3685,"H1,L1",1253965824.0,1253966336.0,processing,,1777285305.2053761
7226,3686,"H1,L1",1253965824.0,1253966336.0,processing,,1777285875.1883147
7227,3687,"H1,L1",1253965824.0,1253966336.0,processing,,1777286442.7120554
7228,3688,"H1,L1",1253965824.0,1253966336.0,processing,,1777287012.2090466
7229,3689,"H1,L1",1253965824.0,1253966336.0,processing,,1777287580.724287
7230,3690,"H1,L1",1253965824.0,1253966336.0,processing,,1777288147.7267845
7231,3691,"H1,L1",1253965824.0,1253966336.0,processing,,1777288714.7213025
7232,3692,"H1,L1",1253965824.0,1253966336.0,processing,,1777289285.9413798
7233,3693,"H1,L1",1253965824.0,1253966336.0,processing,,1777289859.696167
7234,3694,"H1,L1",1253965824.0,1253966336.0,processing,,1777290426.6964931
7235,3695,"H1,L1",1253965824.0,1253966336.0,processing,,1777290994.9562874
7236,3696,"H1,L1",1253965824.0,1253966336.0,processing,,1777291561.7527158
7237,3697,"H1,L1",1253965824.0,1253966336.0,processing,,1777292226.9887972
7238,3698,"H1,L1",1253965824.0,1253966336.0,processing,,1777292796.969638
7239,3699,"H1,L1",1253965824.0,1253966336.0,processing,,1777293364.2229903
7240,3700,"H1,L1",1253965824.0,1253966336.0,processing,,1777293933.4854753
7241,3701,"H1,L1",1253965824.0,1253966336.0,processing,,1777294507.7184331
7242,3702,"H1,L1",1253965824.0,1253966336.0,processing,,1777295077.9510593
7243,3703,"H1,L1",1253965824.0,1253966336.0,processing,,1777295647.4802682
7244,3704,"H1,L1",1253965824.0,1253966336.0,processing,,1777296216.5154214
7245,3705,"H1,L1",1253965824.0,1253966336.0,processing,,1777296783.9969752
7246,3706,"H1,L1",1253965824.0,1253966336.0,processing,,1777297353.9608681
7247,3707,"H1,L1",1253965824.0,1253966336.0,processing,,1777297922.7023292
7248,3708,"H1,L1",1253965824.0,1253966336.0,processing,,1777298488.9865844
7249,3709,"H1,L1",1253965824.0,1253966336.0,processing,,1777299058.4960735
7250,3710,"H1,L1",1253965824.0,1253966336.0,processing,,1777299626.946638
7251,3711,"H1,L1",1253965824.0,1253966336.0,processing,,1777300194.9626262
7252,3712,"H1,L1",1253965824.0,1253966336.0,processing,,1777300763.2190766
7253,3713,"H1,L1",1253965824.0,1253966336.0,processing,,1777301332.691428
7254,3714,"H1,L1",1253965824.0,1253966336.0,processing,,1777301901.9672096
7255,3715,"H1,L1",1253965824.0,1253966336.0,processing,,1777302470.197316
7256,3716,"H1,L1",1253965824.0,1253966336.0,processing,,1777303037.258574
7257,3717,"H1,L1",1253965824.0,1253966336.0,processing,,1777303607.4712257
7258,3718,"H1,L1",1253965824.0,1253966336.0,processing,,1777304176.2299843
7259,3719,"H1,L1",1253965824.0,1253966336.0,processing,,1777304749.3990855
7260,3720,"H1,L1",1253965824.0,1253966336.0,processing,,1777305318.4858942
7261,3721,"H1,L1",1253965824.0,1253966336.0,processing,,1777305886.9641378
7262,3722,"H1,L1",1253965824.0,1253966336.0,processing,,1777306458.4604592
7263,3723,"H1,L1",1253965824.0,1253966336.0,processing,,1777307029.2036436
7264,3724,"H1,L1",1253965824.0,1253966336.0,processing,,1777307597.4635422
7265,3725,"H1,L1",1253965824.0,1253966336.0,processing,,1777308170.9636118
7266,3726,"H1,L1",1253965824.0,1253966336.0,processing,,1777308739.7006671
7267,3727,"H1,L1",1253965824.0,1253966336.0,processing,,1777309308.4710445
7268,3728,"H1,L1",1253965824.0,1253966336.0,processing,,1777309875.9648044
7269,3729,"H1,L1",1253965824.0,1253966336.0,processing,,1777310444.2137225
7270,3730,"H1,L1",1253965824.0,1253966336.0,processing,,1777311012.2213764
7271,3731,"H1,L1",1253965824.0,1253966336.0,processing,,1777311578.7080004
7272,3732,"H1,L1",1253965824.0,1253966336.0,processing,,1777312147.4587016
7273,3733,"H1,L1",1253965824.0,1253966336.0,processing,,1777312716.9657958
7274,3734,"H1,L1",1253965824.0,1253966336.0,processing,,1777313287.2215047
7275,3735,"H1,L1",1253965824.0,1253966336.0,processing,,1777313854.4731634
7276,3736,"H1,L1",1253965824.0,1253966336.0,processing,,1777314421.9749794
7277,3737,"H1,L1",1253965824.0,1253966336.0,processing,,1777314992.2393658
7278,3738,"H1,L1",1253965824.0,1253966336.0,processing,,1777315561.4600332
7279,3739,"H1,L1",1253965824.0,1253966336.0,processing,,1777316133.2051826
7280,3740,"H1,L1",1253965824.0,1253966336.0,processing,,1777316704.4822795
7281,3741,"H1,L1",1253965824.0,1253966336.0,processing,,1777317275.9781635
7282,3742,"H1,L1",1253965824.0,1253966336.0,processing,,1777317848.2223828
7283,3743,"H1,L1",1253965824.0,1253966336.0,processing,,1777318417.979449
7284,3744,"H1,L1",1253965824.0,1253966336.0,processing,,1777319009.4723554
7285,3745,"H1,L1",1253965824.0,1253966336.0,processing,,1777319579.4546266
7286,3746,"H1,L1",1253965824.0,1253966336.0,processing,,1777320147.7313027
7287,3747,"H1,L1",1253965824.0,1253966336.0,processing,,1777320720.450078
7288,3748,"H1,L1",1253965824.0,1253966336.0,processing,,1777321288.7107625
7289,3749,"H1,L1",1253965824.0,1253966336.0,processing,,1777321857.452059
7290,3750,"H1,L1",1253965824.0,1253966336.0,processing,,1777322426.9779375
7291,3751,"H1,L1",1253965824.0,1253966336.0,processing,,1777322994.2105315
7292,3752,"H1,L1",1253965824.0,1253966336.0,processing,,1777323563.4508386
7293,3753,"H1,L1",1253965824.0,1253966336.0,processing,,1777324133.2450104
7294,3754,"H1,L1",1253965824.0,1253966336.0,processing,,1777324700.9661353
7295,3755,"H1,L1",1253965824.0,1253966336.0,processing,,1777325270.7357776
7296,3756,"H1,L1",1253965824.0,1253966336.0,processing,,1777325838.4785736
7297,3757,"H1,L1",1253965824.0,1253966336.0,processing,,1777326409.2228293
7298,3758,"H1,L1",1253965824.0,1253966336.0,processing,,1777326977.687012
7299,3759,"H1,L1",1253965824.0,1253966336.0,processing,,1777327544.7097044
7300,3760,"H1,L1",1253965824.0,1253966336.0,processing,,1777328114.9641385
7301,3761,"H1,L1",1253965824.0,1253966336.0,processing,,1777328685.196986
7302,3762,"H1,L1",1253965824.0,1253966336.0,processing,,1777329254.7284837
7303,3763,"H1,L1",1253965824.0,1253966336.0,processing,,1777329824.7087657
7304,3764,"H1,L1",1253965824.0,1253966336.0,processing,,1777330421.2063177
7305,3765,"H1,L1",1253965824.0,1253966336.0,processing,,1777330991.2259562
7306,3766,"H1,L1",1253965824.0,1253966336.0,processing,,1777331559.6746225
7307,3767,"H1,L1",1253965824.0,1253966336.0,processing,,1777332130.7378294
7308,3768,"H1,L1",1253965824.0,1253966336.0,processing,,1777332700.7412474
7309,3769,"H1,L1",1253965824.0,1253966336.0,processing,,1777333269.1971953
7310,3770,"H1,L1",1253965824.0,1253966336.0,processing,,1777333838.952619
7311,3771,"H1,L1",1253965824.0,1253966336.0,processing,,1777334407.4658992
7312,3772,"H1,L1",1253965824.0,1253966336.0,processing,,1777334977.9624248
7313,3773,"H1,L1",1253965824.0,1253966336.0,processing,,1777335546.7132363
7314,3774,"H1,L1",1253965824.0,1253966336.0,processing,,1777336123.4774199
7315,3775,"H1,L1",1253965824.0,1253966336.0,processing,,1777336690.7232301
7316,3776,"H1,L1",1253965824.0,1253966336.0,processing,,1777337261.2092657
7317,3777,"H1,L1",1253965824.0,1253966336.0,processing,,1777337830.4639115
7318,3778,"H1,L1",1253965824.0,1253966336.0,processing,,1777338399.4795012
7319,3779,"H1,L1",1253965824.0,1253966336.0,processing,,1777338969.9359956
7320,3780,"H1,L1",1253965824.0,1253966336.0,processing,,1777339537.9699273
7321,3781,"H1,L1",1253965824.0,1253966336.0,processing,,1777340106.9531682
7322,3782,"H1,L1",1253965824.0,1253966336.0,processing,,1777340674.4553432
7323,3783,"H1,L1",1253965824.0,1253966336.0,processing,,1777341242.2166748
7324,3784,"H1,L1",1253965824.0,1253966336.0,processing,,1777341811.226714
7325,3785,"H1,L1",1253965824.0,1253966336.0,processing,,1777342382.6981628
7326,3786,"H1,L1",1253965824.0,1253966336.0,processing,,1777342951.9851367
7327,3787,"H1,L1",1253965824.0,1253966336.0,processing,,1777343520.9485676
7328,3788,"H1,L1",1253965824.0,1253966336.0,processing,,1777344090.967321
7329,3789,"H1,L1",1253965824.0,1253966336.0,processing,,1777344664.727259
7330,3790,"H1,L1",1253965824.0,1253966336.0,processing,,1777345233.4713273
7331,3791,"H1,L1",1253965824.0,1253966336.0,processing,,1777345802.2287576
7332,3792,"H1,L1",1253965824.0,1253966336.0,processing,,1777346370.9562995
7333,3793,"H1,L1",1253965824.0,1253966336.0,processing,,1777346939.6871002
7334,3794,"H1,L1",1253965824.0,1253966336.0,processing,,1777347508.0565712
7335,3795,"H1,L1",1253965824.0,1253966336.0,processing,,1777348078.7134275
7336,3796,"H1,L1",1253965824.0,1253966336.0,processing,,1777348648.4754643
7337,3797,"H1,L1",1253965824.0,1253966336.0,processing,,1777349216.742394
7338,3798,"H1,L1",1253965824.0,1253966336.0,processing,,1777349785.447394
7339,3799,"H1,L1",1253965824.0,1253966336.0,processing,,1777350354.6989486
7340,3800,"H1,L1",1253965824.0,1253966336.0,processing,,1777350924.1880198
7341,3801,"H1,L1",1253965824.0,1253966336.0,processing,,1777351491.9699934
7342,3802,"H1,L1",1253965824.0,1253966336.0,processing,,1777352061.2190979
7343,3803,"H1,L1",1253965824.0,1253966336.0,processing,,1777352630.0130482
7344,3804,"H1,L1",1253965824.0,1253966336.0,processing,,1777353199.9956431
7345,3805,"H1,L1",1253965824.0,1253966336.0,processing,,1777353768.680245
7346,3806,"H1,L1",1253965824.0,1253966336.0,processing,,1777354339.2355227
7347,3807,"H1,L1",1253965824.0,1253966336.0,processing,,1777354908.9785264
7348,3808,"H1,L1",1253965824.0,1253966336.0,processing,,1777355476.7148302
7349,3809,"H1,L1",1253965824.0,1253966336.0,processing,,1777356053.4937444
7350,3810,"H1,L1",1253965824.0,1253966336.0,processing,,1777356622.2170818
7351,3811,"H1,L1",1253965824.0,1253966336.0,processing,,1777357193.4505637
7352,3812,"H1,L1",1253965824.0,1253966336.0,processing,,1777357763.71663
7353,3813,"H1,L1",1253965824.0,1253966336.0,processing,,1777358330.7046
7354,3814,"H1,L1",1253965824.0,1253966336.0,processing,,1777358901.2258832
7355,3815,"H1,L1",1253965824.0,1253966336.0,processing,,1777359469.4427135
7356,3816,"H1,L1",1253965824.0,1253966336.0,processing,,1777360037.4890022
7357,3817,"H1,L1",1253965824.0,1253966336.0,processing,,1777360607.4760633
7358,3818,"H1,L1",1253965824.0,1253966336.0,processing,,1777361177.7135396
7359,3819,"H1,L1",1253965824.0,1253966336.0,processing,,1777361744.4689696
7360,3820,"H1,L1",1253965824.0,1253966336.0,processing,,1777362322.1932762
7361,3821,"H1,L1",1253965824.0,1253966336.0,processing,,1777362891.976825
7362,3822,"H1,L1",1253965824.0,1253966336.0,processing,,1777363462.7132578
7363,3823,"H1,L1",1253965824.0,1253966336.0,processing,,1777364032.714428
7364,3824,"H1,L1",1253965824.0,1253966336.0,processing,,1777364602.9882154
7365,3825,"H1,L1",1253965824.0,1253966336.0,processing,,1777365172.1976092
7366,3826,"H1,L1",1253965824.0,1253966336.0,processing,,1777365739.2211726
7367,3827,"H1,L1",1253965824.0,1253966336.0,processing,,1777366306.2105007
7368,3828,"H1,L1",1253965824.0,1253966336.0,processing,,1777366876.2260303
7369,3829,"H1,L1",1253965824.0,1253966336.0,processing,,1777367445.4429586
7370,3830,"H1,L1",1253965824.0,1253966336.0,processing,,1777368013.7024877
7371,3831,"H1,L1",1253965824.0,1253966336.0,processing,,1777368583.5036385
7372,3832,"H1,L1",1253965824.0,1253966336.0,processing,,1777369151.946961
7373,3833,"H1,L1",1253965824.0,1253966336.0,processing,,1777369720.2031333
7374,3834,"H1,L1",1253965824.0,1253966336.0,processing,,1777370288.9533339
7375,3835,"H1,L1",1253965824.0,1253966336.0,processing,,1777370858.9554849
7376,3836,"H1,L1",1253965824.0,1253966336.0,processing,,1777371430.722562
7377,3837,"H1,L1",1253965824.0,1253966336.0,processing,,1777372000.207702
7378,3838,"H1,L1",1253965824.0,1253966336.0,processing,,1777372570.491371
7379,3839,"H1,L1",1253965824.0,1253966336.0,processing,,1777373140.4614482
7380,3840,"H1,L1",1253965824.0,1253966336.0,processing,,1777373710.278529
7381,3841,"H1,L1",1253965824.0,1253966336.0,processing,,1777374279.969858
7382,3842,"H1,L1",1253965824.0,1253966336.0,processing,,1777374850.9812758
7383,3843,"H1,L1",1253965824.0,1253966336.0,processing,,1777375420.47502
7384,3844,"H1,L1",1253965824.0,1253966336.0,processing,,1777375987.4652858
7385,3845,"H1,L1",1253965824.0,1253966336.0,processing,,1777376557.4573927
7386,3846,"H1,L1",1253965824.0,1253966336.0,processing,,1777377125.718158
7387,3847,"H1,L1",1253965824.0,1253966336.0,processing,,1777377693.9842205
7388,3848,"H1,L1",1253965824.0,1253966336.0,processing,,1777378262.937105
7389,3849,"H1,L1",1253965824.0,1253966336.0,processing,,1777378832.2431316
7390,3850,"H1,L1",1253965824.0,1253966336.0,processing,,1777379400.7319632
7391,3851,"H1,L1",1253965824.0,1253966336.0,processing,,1777379969.210092
7392,3852,"H1,L1",1253965824.0,1253966336.0,processing,,1777380538.936557
7393,3853,"H1,L1",1253965824.0,1253966336.0,processing,,1777381104.7326608
7394,3854,"H1,L1",1253965824.0,1253966336.0,processing,,1777381674.29588
7395,3855,"H1,L1",1253965824.0,1253966336.0,processing,,1777382242.9706836
7396,3856,"H1,L1",1253965824.0,1253966336.0,processing,,1777382810.987196
7397,3857,"H1,L1",1253965824.0,1253966336.0,processing,,1777383380.7146106
7398,3858,"H1,L1",1253965824.0,1253966336.0,processing,,1777383947.4663649
7399,3859,"H1,L1",1253965824.0,1253966336.0,processing,,1777384512.7374637
7400,3860,"H1,L1",1253965824.0,1253966336.0,processing,,1777385079.4941163
7401,3861,"H1,L1",1253965824.0,1253966336.0,processing,,1777385646.9714127
7402,3862,"H1,L1",1253965824.0,1253966336.0,processing,,1777386225.9450173
7403,3863,"H1,L1",1253965824.0,1253966336.0,processing,,1777386794.255258
7404,3864,"H1,L1",1253965824.0,1253966336.0,processing,,1777387361.9678633
7405,3865,"H1,L1",1253965824.0,1253966336.0,processing,,1777387928.9859679
7406,3866,"H1,L1",1253965824.0,1253966336.0,processing,,1777388499.1990364
7407,3867,"H1,L1",1253965824.0,1253966336.0,processing,,1777389068.5104384
7408,3868,"H1,L1",1253965824.0,1253966336.0,processing,,1777389636.2005308
7409,3869,"H1,L1",1253965824.0,1253966336.0,processing,,1777390208.4765942
7410,3870,"H1,L1",1253965824.0,1253966336.0,processing,,1777390775.470708
7411,3871,"H1,L1",1253965824.0,1253966336.0,processing,,1777391343.4532394
7412,3872,"H1,L1",1253965824.0,1253966336.0,processing,,1777391911.212352
7413,3873,"H1,L1",1253965824.0,1253966336.0,processing,,1777392479.709852
7414,3874,"H1,L1",1253965824.0,1253966336.0,processing,,1777393047.4976697
7415,3875,"H1,L1",1253965824.0,1253966336.0,processing,,1777393613.9658585
7416,3876,"H1,L1",1253965824.0,1253966336.0,processing,,1777394185.2091644
7417,3877,"H1,L1",1253965824.0,1253966336.0,processing,,1777394751.9621296
7418,3878,"H1,L1",1253965824.0,1253966336.0,processing,,1777395318.9520814
7419,3879,"H1,L1",1253965824.0,1253966336.0,processing,,1777395886.2141695
7420,3880,"H1,L1",1253965824.0,1253966336.0,processing,,1777396453.7170508
7421,3881,"H1,L1",1253965824.0,1253966336.0,processing,,1777397021.4902833
7422,3882,"H1,L1",1253965824.0,1253966336.0,processing,,1777397589.9441912
7423,3883,"H1,L1",1253965824.0,1253966336.0,processing,,1777398157.2488527
7424,3884,"H1,L1",1253965824.0,1253966336.0,processing,,1777398727.6955614
7425,3885,"H1,L1",1253965824.0,1253966336.0,processing,,1777399303.7163506
7426,3886,"H1,L1",1253965824.0,1253966336.0,processing,,1777399876.2089076
7427,3887,"H1,L1",1253965824.0,1253966336.0,processing,,1777400444.2022278
7428,3888,"H1,L1",1253965824.0,1253966336.0,processing,,1777401017.946915
7429,3889,"H1,L1",1253965824.0,1253966336.0,processing,,1777401591.2320006
7430,3890,"H1,L1",1253965824.0,1253966336.0,processing,,1777402165.4786465
7431,3891,"H1,L1",1253965824.0,1253966336.0,processing,,1777402739.7201123
7432,3892,"H1,L1",1253965824.0,1253966336.0,processing,,1777403309.4627404
7433,3893,"H1,L1",1253965824.0,1253966336.0,processing,,1777403882.994816
7434,3894,"H1,L1",1253965824.0,1253966336.0,processing,,1777404452.4910254
7435,3895,"H1,L1",1253965824.0,1253966336.0,processing,,1777405020.976087
7436,3896,"H1,L1",1253965824.0,1253966336.0,processing,,1777405588.6950374
7437,3897,"H1,L1",1253965824.0,1253966336.0,processing,,1777406155.4714422
7438,3898,"H1,L1",1253965824.0,1253966336.0,processing,,1777406722.9816127
7439,3899,"H1,L1",1253965824.0,1253966336.0,processing,,1777407291.4836962
7440,3900,"H1,L1",1253965824.0,1253966336.0,processing,,1777407857.9609315
7441,3901,"H1,L1",1253965824.0,1253966336.0,processing,,1777408427.2152195
7442,3902,"H1,L1",1253965824.0,1253966336.0,processing,,1777408995.9924483
7443,3903,"H1,L1",1253965824.0,1253966336.0,processing,,1777409563.7134461
7444,3904,"H1,L1",1253965824.0,1253966336.0,processing,,1777410132.2263575
7445,3905,"H1,L1",1253965824.0,1253966336.0,processing,,1777410698.7498953
7446,3906,"H1,L1",1253965824.0,1253966336.0,processing,,1777411272.738952
7447,3907,"H1,L1",1253965824.0,1253966336.0,processing,,1777411842.2084253
7448,3908,"H1,L1",1253965824.0,1253966336.0,processing,,1777412408.937855
7449,3909,"H1,L1",1253965824.0,1253966336.0,processing,,1777412976.4795277
7450,3910,"H1,L1",1253965824.0,1253966336.0,processing,,1777413543.7027652
7451,3911,"H1,L1",1253965824.0,1253966336.0,processing,,1777414110.442553
7452,3912,"H1,L1",1253965824.0,1253966336.0,processing,,1777414676.7210047
7453,3913,"H1,L1",1253965824.0,1253966336.0,processing,,1777415244.4728558
7454,3914,"H1,L1",1253965824.0,1253966336.0,processing,,1777415810.9613974
7455,3915,"H1,L1",1253965824.0,1253966336.0,processing,,1777416378.9666789
7456,3916,"H1,L1",1253965824.0,1253966336.0,processing,,1777416946.7010303
7457,3917,"H1,L1",1253965824.0,1253966336.0,processing,,1777417512.496288
7458,3918,"H1,L1",1253965824.0,1253966336.0,processing,,1777418092.4951482
7459,3919,"H1,L1",1253965824.0,1253966336.0,processing,,1777418659.7073855
7460,3920,"H1,L1",1253965824.0,1253966336.0,processing,,1777419227.7211697
7461,3921,"H1,L1",1253965824.0,1253966336.0,processing,,1777419795.9798374
7462,3922,"H1,L1",1253965824.0,1253966336.0,processing,,1777420362.9704225
7463,3923,"H1,L1",1253965824.0,1253966336.0,processing,,1777420928.963295
7464,3924,"H1,L1",1253965824.0,1253966336.0,processing,,1777421493.7293634
7465,3925,"H1,L1",1253965824.0,1253966336.0,processing,,1777422060.208203
7466,3926,"H1,L1",1253965824.0,1253966336.0,processing,,1777422626.9507616
7467,3927,"H1,L1",1253965824.0,1253966336.0,processing,,1777423194.2149882
7468,3928,"H1,L1",1253965824.0,1253966336.0,processing,,1777423763.4459546
7469,3929,"H1,L1",1253965824.0,1253966336.0,processing,,1777424330.1859639
7470,3930,"H1,L1",1253965824.0,1253966336.0,processing,,1777424897.9568107
7471,3931,"H1,L1",1253965824.0,1253966336.0,processing,,1777425465.709139
7472,3932,"H1,L1",1253965824.0,1253966336.0,processing,,1777426040.4540675
7473,3933,"H1,L1",1253965824.0,1253966336.0,processing,,1777426608.961091
7474,3934,"H1,L1",1253965824.0,1253966336.0,processing,,1777427174.7247205
7475,3935,"H1,L1",1253965824.0,1253966336.0,processing,,1777427740.702491
7476,3936,"H1,L1",1253965824.0,1253966336.0,processing,,1777428307.7115602
7477,3937,"H1,L1",1253965824.0,1253966336.0,processing,,1777428873.7488756
7478,3938,"H1,L1",1253965824.0,1253966336.0,processing,,1777429441.2188714
7479,3939,"H1,L1",1253965824.0,1253966336.0,processing,,1777430009.9761884
7480,3940,"H1,L1",1253965824.0,1253966336.0,processing,,1777430578.9617612
7481,3941,"H1,L1",1253965824.0,1253966336.0,processing,,1777431147.2489142
7482,3942,"H1,L1",1253965824.0,1253966336.0,processing,,1777431713.4836953
7483,3943,"H1,L1",1253965824.0,1253966336.0,processing,,1777432281.7216275
7484,3944,"H1,L1",1253965824.0,1253966336.0,processing,,1777432848.7031126
7485,3945,"H1,L1",1253965824.0,1253966336.0,processing,,1777433415.4464068
7486,3946,"H1,L1",1253965824.0,1253966336.0,processing,,1777433983.2259026
7487,3947,"H1,L1",1253965824.0,1253966336.0,processing,,1777434550.7186663
7488,3948,"H1,L1",1253965824.0,1253966336.0,processing,,1777435118.1951976
7489,3949,"H1,L1",1253965824.0,1253966336.0,processing,,1777435683.2354705
7490,3950,"H1,L1",1253965824.0,1253966336.0,processing,,1777436251.9519677
7491,3951,"H1,L1",1253965824.0,1253966336.0,processing,,1777436818.2068455
7492,3952,"H1,L1",1253965824.0,1253966336.0,processing,,1777437386.2409072
7493,3953,"H1,L1",1253965824.0,1253966336.0,processing,,1777437954.9859455
7494,3954,"H1,L1",1253965824.0,1253966336.0,processing,,1777438522.2055006
7495,3955,"H1,L1",1253965824.0,1253966336.0,processing,,1777439090.7728102
7496,3956,"H1,L1",1253965824.0,1253966336.0,processing,,1777439659.457437
7497,3957,"H1,L1",1253965824.0,1253966336.0,processing,,1777440225.9785948
7498,3958,"H1,L1",1253965824.0,1253966336.0,processing,,1777440794.9597375
7499,3959,"H1,L1",1253965824.0,1253966336.0,processing,,1777441360.4623883
7500,3960,"H1,L1",1253965824.0,1253966336.0,processing,,1777441927.447203
7501,3961,"H1,L1",1253965824.0,1253966336.0,processing,,1777442496.4885278
7502,3962,"H1,L1",1253965824.0,1253966336.0,processing,,1777443073.709207
7503,3963,"H1,L1",1253965824.0,1253966336.0,processing,,1777443639.4410913
7504,3964,"H1,L1",1253965824.0,1253966336.0,processing,,1777444208.2149463
7505,3965,"H1,L1",1253965824.0,1253966336.0,processing,,1777444775.973731
7506,3966,"H1,L1",1253965824.0,1253966336.0,processing,,1777445343.4502783
7507,3967,"H1,L1",1253965824.0,1253966336.0,processing,,1777445911.9601254
7508,3968,"H1,L1",1253965824.0,1253966336.0,processing,,1777446480.9609475
7509,3969,"H1,L1",1253965824.0,1253966336.0,processing,,1777447048.7058935
7510,3970,"H1,L1",1253965824.0,1253966336.0,processing,,1777447617.463921
7511,3971,"H1,L1",1253965824.0,1253966336.0,processing,,1777448186.4834993
7512,3972,"H1,L1",1253965824.0,1253966336.0,processing,,1777448751.9716914
7513,3973,"H1,L1",1253965824.0,1253966336.0,processing,,1777449318.4845486
7514,3974,"H1,L1",1253965824.0,1253966336.0,processing,,1777449886.2183723
7515,3975,"H1,L1",1253965824.0,1253966336.0,processing,,1777450451.4755752
7516,3976,"H1,L1",1253965824.0,1253966336.0,processing,,1777451017.2094817
7517,3977,"H1,L1",1253965824.0,1253966336.0,processing,,1777451582.6987994
7518,3978,"H1,L1",1253965824.0,1253966336.0,processing,,1777452153.190597
7519,3979,"H1,L1",1253965824.0,1253966336.0,processing,,1777452720.9591548
7520,3980,"H1,L1",1253965824.0,1253966336.0,processing,,1777453289.72082
7521,3981,"H1,L1",1253965824.0,1253966336.0,processing,,1777453861.4769967
7522,3982,"H1,L1",1253965824.0,1253966336.0,processing,,1777454435.5221744
7523,3983,"H1,L1",1253965824.0,1253966336.0,processing,,1777455004.2205932
7524,3984,"H1,L1",1253965824.0,1253966336.0,processing,,1777455575.9441218
7525,3985,"H1,L1",1253965824.0,1253966336.0,processing,,1777456146.4898844
7526,3986,"H1,L1",1253965824.0,1253966336.0,processing,,1777456719.4352412
7527,3987,"H1,L1",1253965824.0,1253966336.0,processing,,1777457289.4736154
7528,3988,"H1,L1",1253965824.0,1253966336.0,processing,,1777457865.702955
7529,3989,"H1,L1",1253965824.0,1253966336.0,processing,,1777458434.7208638
7530,3990,"H1,L1",1253965824.0,1253966336.0,processing,,1777459006.7140894
7531,3991,"H1,L1",1253965824.0,1253966336.0,processing,,1777459575.477364
7532,3992,"H1,L1",1253965824.0,1253966336.0,processing,,1777460149.2133164
7533,3993,"H1,L1",1253965824.0,1253966336.0,processing,,1777460717.96273
7534,3994,"H1,L1",1253965824.0,1253966336.0,processing,,1777461293.4713376
7535,3995,"H1,L1",1253965824.0,1253966336.0,processing,,1777461862.7250526
7536,3996,"H1,L1",1253965824.0,1253966336.0,processing,,1777462432.200654
7537,3997,"H1,L1",1253965824.0,1253966336.0,processing,,1777463001.2361584
7538,3998,"H1,L1",1253965824.0,1253966336.0,processing,,1777463574.716904
7539,3999,"H1,L1",1253965824.0,1253966336.0,processing,,1777464145.9578369
7540,4000,"H1,L1",1253965824.0,1253966336.0,processing,,1777464714.4395664
7541,4001,"H1,L1",1253965824.0,1253966336.0,processing,,1777465296.1968734
7542,4002,"H1,L1",1253965824.0,1253966336.0,processing,,1777465864.946629
7543,4003,"H1,L1",1253965824.0,1253966336.0,processing,,1777466435.2197406
7544,4004,"H1,L1",1253965824.0,1253966336.0,processing,,1777467002.9604743
7545,4005,"H1,L1",1253965824.0,1253966336.0,processing,,1777467572.2274878
7546,4006,"H1,L1",1253965824.0,1253966336.0,processing,,1777468141.4409292
7547,4007,"H1,L1",1253965824.0,1253966336.0,processing,,1777468711.747046
7548,4008,"H1,L1",1253965824.0,1253966336.0,processing,,1777469282.689183
7549,4009,"H1,L1",1253965824.0,1253966336.0,processing,,1777469854.4685013
7550,4010,"H1,L1",1253965824.0,1253966336.0,processing,,1777470423.7008178
7551,4011,"H1,L1",1253965824.0,1253966336.0,processing,,1777470993.4630911
7552,4012,"H1,L1",1253965824.0,1253966336.0,processing,,1777471567.4945908
7553,4013,"H1,L1",1253965824.0,1253966336.0,processing,,1777472136.7208073
7554,4014,"H1,L1",1253965824.0,1253966336.0,processing,,1777472704.2374942
7555,4015,"H1,L1",1253965824.0,1253966336.0,processing,,1777473272.7068694
7556,4016,"H1,L1",1253965824.0,1253966336.0,processing,,1777473839.9421952
7557,4017,"H1,L1",1253965824.0,1253966336.0,processing,,1777474407.959482
7558,4018,"H1,L1",1253965824.0,1253966336.0,processing,,1777474975.9690433
7559,4019,"H1,L1",1253965824.0,1253966336.0,processing,,1777475548.9698608
7560,4020,"H1,L1",1253965824.0,1253966336.0,processing,,1777476119.7469544
7561,4021,"H1,L1",1253965824.0,1253966336.0,processing,,1777476692.4712172
7562,4022,"H1,L1",1253965824.0,1253966336.0,processing,,1777477262.738043
7563,4023,"H1,L1",1253965824.0,1253966336.0,processing,,1777477831.9707546
7564,4024,"H1,L1",1253965824.0,1253966336.0,processing,,1777478401.9748487
7565,4025,"H1,L1",1253965824.0,1253966336.0,processing,,1777478971.6933308
7566,4026,"H1,L1",1253965824.0,1253966336.0,processing,,1777479538.7315056
7567,4027,"H1,L1",1253965824.0,1253966336.0,processing,,1777480113.474
7568,4028,"H1,L1",1253965824.0,1253966336.0,processing,,1777480685.42635
7569,4029,"H1,L1",1253965824.0,1253966336.0,processing,,1777481254.9566946
7570,4030,"H1,L1",1253965824.0,1253966336.0,processing,,1777481821.985738
7571,4031,"H1,L1",1253965824.0,1253966336.0,processing,,1777482389.6994798
7572,4032,"H1,L1",1253965824.0,1253966336.0,processing,,1777482956.4248738
7573,4033,"H1,L1",1253965824.0,1253966336.0,processing,,1777483528.478988
7574,4034,"H1,L1",1253965824.0,1253966336.0,processing,,1777484099.965164
7575,4035,"H1,L1",1253965824.0,1253966336.0,processing,,1777484670.469256
7576,4036,"H1,L1",1253965824.0,1253966336.0,processing,,1777485238.4462886
7577,4037,"H1,L1",1253965824.0,1253966336.0,processing,,1777485816.470375
7578,4038,"H1,L1",1253965824.0,1253966336.0,processing,,1777486394.4495983
7579,4039,"H1,L1",1253965824.0,1253966336.0,processing,,1777486972.4636552
7580,4040,"H1,L1",1253965824.0,1253966336.0,processing,,1777487546.9692094
7581,4041,"H1,L1",1253965824.0,1253966336.0,processing,,1777488119.740606
7582,4042,"H1,L1",1253965824.0,1253966336.0,processing,,1777488695.9851537
7583,4043,"H1,L1",1253965824.0,1253966336.0,processing,,1777489268.7113783
7584,4044,"H1,L1",1253965824.0,1253966336.0,processing,,1777489842.9707708
7585,4045,"H1,L1",1253965824.0,1253966336.0,processing,,1777490420.201586
7586,4046,"H1,L1",1253965824.0,1253966336.0,processing,,1777490992.2238832
7587,4047,"H1,L1",1253965824.0,1253966336.0,processing,,1777491571.7068849
7588,4048,"H1,L1",1253965824.0,1253966336.0,processing,,1777492146.7274578
7589,4049,"H1,L1",1253965824.0,1253966336.0,processing,,1777492715.2300375
7590,4050,"H1,L1",1253965824.0,1253966336.0,processing,,1777493288.4681945
7591,4051,"H1,L1",1253965824.0,1253966336.0,processing,,1777493863.234116
7592,4052,"H1,L1",1253965824.0,1253966336.0,processing,,1777494433.9589798
7593,4053,"H1,L1",1253965824.0,1253966336.0,processing,,1777495003.4534621
7594,4054,"H1,L1",1253965824.0,1253966336.0,processing,,1777495573.7134054
7595,4055,"H1,L1",1253965824.0,1253966336.0,processing,,1777496150.2361317
7596,4056,"H1,L1",1253965824.0,1253966336.0,processing,,1777496722.215843
7597,4057,"H1,L1",1253965824.0,1253966336.0,processing,,1777497297.4745657
7598,4058,"H1,L1",1253965824.0,1253966336.0,processing,,1777497867.9455833
7599,4059,"H1,L1",1253965824.0,1253966336.0,processing,,1777498438.4622862
7600,4060,"H1,L1",1253965824.0,1253966336.0,processing,,1777499007.1883326
7601,4061,"H1,L1",1253965824.0,1253966336.0,processing,,1777499585.9544735
7602,4062,"H1,L1",1253965824.0,1253966336.0,processing,,1777500157.945369
7603,4063,"H1,L1",1253965824.0,1253966336.0,processing,,1777500730.7170289
7604,4064,"H1,L1",1253965824.0,1253966336.0,processing,,1777501305.0020037
7605,4065,"H1,L1",1253965824.0,1253966336.0,processing,,1777501873.1819673
7606,4066,"H1,L1",1253965824.0,1253966336.0,processing,,1777502443.4562137
7607,4067,"H1,L1",1253965824.0,1253966336.0,processing,,1777503014.7176654
7608,4068,"H1,L1",1253965824.0,1253966336.0,processing,,1777503594.458851
7609,4069,"H1,L1",1253965824.0,1253966336.0,processing,,1777504163.4750276
7610,4070,"H1,L1",1253965824.0,1253966336.0,processing,,1777504730.961366
7611,4071,"H1,L1",1253965824.0,1253966336.0,processing,,1777505298.987657
7612,4072,"H1,L1",1253965824.0,1253966336.0,processing,,1777505869.2298257
7613,4073,"H1,L1",1253965824.0,1253966336.0,processing,,1777506437.2164042
7614,4074,"H1,L1",1253965824.0,1253966336.0,processing,,1777507007.7017276
7615,4075,"H1,L1",1253965824.0,1253966336.0,processing,,1777507579.9556832
7616,4076,"H1,L1",1253965824.0,1253966336.0,processing,,1777508147.733064
7617,4077,"H1,L1",1253965824.0,1253966336.0,processing,,1777508721.48252
7618,4078,"H1,L1",1253965824.0,1253966336.0,processing,,1777509290.717251
7619,4079,"H1,L1",1253965824.0,1253966336.0,processing,,1777509862.722357
7620,4080,"H1,L1",1253965824.0,1253966336.0,processing,,1777510435.4664695
7621,4081,"H1,L1",1253965824.0,1253966336.0,processing,,1777511003.507902
7622,4082,"H1,L1",1253965824.0,1253966336.0,processing,,1777511573.2154944
7623,4083,"H1,L1",1253965824.0,1253966336.0,processing,,1777512145.4687707
7624,4084,"H1,L1",1253965824.0,1253966336.0,processing,,1777512713.947628
7625,4085,"H1,L1",1253965824.0,1253966336.0,processing,,1777513282.4642055
7626,4086,"H1,L1",1253965824.0,1253966336.0,processing,,1777513854.175118
7627,4087,"H1,L1",1253965824.0,1253966336.0,processing,,1777514426.4451535
7628,4088,"H1,L1",1253965824.0,1253966336.0,processing,,1777514998.0002294
7629,4089,"H1,L1",1253965824.0,1253966336.0,processing,,1777515569.9733303
7630,4090,"H1,L1",1253965824.0,1253966336.0,processing,,1777516142.4803288
7631,4091,"H1,L1",1253965824.0,1253966336.0,processing,,1777516724.0026586
7632,4092,"H1,L1",1253965824.0,1253966336.0,processing,,1777517294.9751687
7633,4093,"H1,L1",1253965824.0,1253966336.0,processing,,1777517864.71402
7634,4094,"H1,L1",1253965824.0,1253966336.0,processing,,1777518435.2441359
7635,4095,"H1,L1",1253965824.0,1253966336.0,processing,,1777519003.460417
7636,4096,"H1,L1",1253965824.0,1253966336.0,processing,,1777519571.807099
7637,4097,"H1,L1",1253965824.0,1253966336.0,processing,,1777520141.2138762
7638,4098,"H1,L1",1253965824.0,1253966336.0,processing,,1777520709.965078
7639,4099,"H1,L1",1253965824.0,1253966336.0,processing,,1777521277.9352338
7640,4100,"H1,L1",1253965824.0,1253966336.0,processing,,1777521851.970202
7641,4101,"H1,L1",1253965824.0,1253966336.0,processing,,1777522422.469877
7642,4102,"H1,L1",1253965824.0,1253966336.0,processing,,1777522990.4538794
7643,4103,"H1,L1",1253965824.0,1253966336.0,processing,,1777523560.223054
7644,4104,"H1,L1",1253965824.0,1253966336.0,processing,,1777524136.234627
7645,4105,"H1,L1",1253965824.0,1253966336.0,processing,,1777524706.5044243
7646,4106,"H1,L1",1253965824.0,1253966336.0,processing,,1777525275.2158217
7647,4107,"H1,L1",1253965824.0,1253966336.0,processing,,1777525844.9692566
7648,4108,"H1,L1",1253965824.0,1253966336.0,processing,,1777526415.9599912
7649,4109,"H1,L1",1253965824.0,1253966336.0,processing,,1777526984.7130404
7650,4110,"H1,L1",1253965824.0,1253966336.0,processing,,1777527552.9830446
7651,4111,"H1,L1",1253965824.0,1253966336.0,processing,,1777528122.4721575
7652,4112,"H1,L1",1253965824.0,1253966336.0,processing,,1777528691.9672885
7653,4113,"H1,L1",1253965824.0,1253966336.0,processing,,1777529261.4643893
7654,4114,"H1,L1",1253965824.0,1253966336.0,processing,,1777529827.9603903
7655,4115,"H1,L1",1253965824.0,1253966336.0,processing,,1777530397.7128146
7656,4116,"H1,L1",1253965824.0,1253966336.0,processing,,1777530966.6968117
7657,4117,"H1,L1",1253965824.0,1253966336.0,processing,,1777531536.9774497
7658,4118,"H1,L1",1253965824.0,1253966336.0,processing,,1777532104.1950965
7659,4119,"H1,L1",1253965824.0,1253966336.0,processing,,1777532669.7311802
7660,4120,"H1,L1",1253965824.0,1253966336.0,processing,,1777533239.9730918
7661,4121,"H1,L1",1253965824.0,1253966336.0,processing,,1777533810.943965
7662,4122,"H1,L1",1253965824.0,1253966336.0,processing,,1777534378.6961544
7663,4123,"H1,L1",1253965824.0,1253966336.0,processing,,1777534954.712374
7664,4124,"H1,L1",1253965824.0,1253966336.0,processing,,1777535523.7189825
7665,4125,"H1,L1",1253965824.0,1253966336.0,processing,,1777536097.2174785
7666,4126,"H1,L1",1253965824.0,1253966336.0,processing,,1777536665.9820604
7667,4127,"H1,L1",1253965824.0,1253966336.0,processing,,1777537235.7378125
7668,4128,"H1,L1",1253965824.0,1253966336.0,processing,,1777537805.4668634
7669,4129,"H1,L1",1253965824.0,1253966336.0,processing,,1777538370.956677
7670,4130,"H1,L1",1253965824.0,1253966336.0,processing,,1777538939.7151427
7671,4131,"H1,L1",1253965824.0,1253966336.0,processing,,1777539507.9758182
7672,4132,"H1,L1",1253965824.0,1253966336.0,processing,,1777540074.9464362
7673,4133,"H1,L1",1253965824.0,1253966336.0,processing,,1777540644.9560013
7674,4134,"H1,L1",1253965824.0,1253966336.0,processing,,1777541213.4654171
7675,4135,"H1,L1",1253965824.0,1253966336.0,processing,,1777541782.1856818
7676,4136,"H1,L1",1253965824.0,1253966336.0,processing,,1777542352.2222693
7677,4137,"H1,L1",1253965824.0,1253966336.0,processing,,1777542921.5026119
7678,4138,"H1,L1",1253965824.0,1253966336.0,processing,,1777543486.7404141
7679,4139,"H1,L1",1253965824.0,1253966336.0,processing,,1777544054.4779916
7680,4140,"H1,L1",1253965824.0,1253966336.0,processing,,1777544622.7118177
7681,4141,"H1,L1",1253965824.0,1253966336.0,processing,,1777545191.6963606
7682,4142,"H1,L1",1253965824.0,1253966336.0,processing,,1777545760.4485347
7683,4143,"H1,L1",1253965824.0,1253966336.0,processing,,1777546327.492923
7684,4144,"H1,L1",1253965824.0,1253966336.0,processing,,1777546897.9711483
7685,4145,"H1,L1",1253965824.0,1253966336.0,processing,,1777547466.9795756
7686,4146,"H1,L1",1253965824.0,1253966336.0,processing,,1777548033.9584622
7687,4147,"H1,L1",1253965824.0,1253966336.0,processing,,1777548602.6990838
7688,4148,"H1,L1",1253965824.0,1253966336.0,processing,,1777549171.7053068
7689,4149,"H1,L1",1253965824.0,1253966336.0,processing,,1777549739.7116785
7690,4150,"H1,L1",1253965824.0,1253966336.0,processing,,1777550314.735698
7691,4151,"H1,L1",1253965824.0,1253966336.0,processing,,1777550882.449636
7692,4152,"H1,L1",1253965824.0,1253966336.0,processing,,1777551450.9525225
7693,4153,"H1,L1",1253965824.0,1253966336.0,processing,,1777552020.696025
7694,4154,"H1,L1",1253965824.0,1253966336.0,processing,,1777552588.4536755
7695,4155,"H1,L1",1253965824.0,1253966336.0,processing,,1777553158.6970634
7696,4156,"H1,L1",1253965824.0,1253966336.0,processing,,1777553728.4834728
7697,4157,"H1,L1",1253965824.0,1253966336.0,processing,,1777554298.9766104
7698,4158,"H1,L1",1253965824.0,1253966336.0,processing,,1777554867.710575
7699,4159,"H1,L1",1253965824.0,1253966336.0,processing,,1777555438.216384
7700,4160,"H1,L1",1253965824.0,1253966336.0,processing,,1777556006.945149
7701,4161,"H1,L1",1253965824.0,1253966336.0,processing,,1777556576.2227757
7702,4162,"H1,L1",1253965824.0,1253966336.0,processing,,1777557145.4534287
7703,4163,"H1,L1",1253965824.0,1253966336.0,processing,,1777557714.4466774
7704,4164,"H1,L1",1253965824.0,1253966336.0,processing,,1777558286.2183642
7705,4165,"H1,L1",1253965824.0,1253966336.0,processing,,1777558854.6806114
7706,4166,"H1,L1",1253965824.0,1253966336.0,processing,,1777559422.7131586
7707,4167,"H1,L1",1253965824.0,1253966336.0,processing,,1777559989.7452931
7708,4168,"H1,L1",1253965824.0,1253966336.0,processing,,1777560556.2064712
7709,4169,"H1,L1",1253965824.0,1253966336.0,processing,,1777561125.714741
7710,4170,"H1,L1",1253965824.0,1253966336.0,processing,,1777561694.961178
7711,4171,"H1,L1",1253965824.0,1253966336.0,processing,,1777562262.214929
7712,4172,"H1,L1",1253965824.0,1253966336.0,processing,,1777562831.4629753
7713,4173,"H1,L1",1253965824.0,1253966336.0,processing,,1777563399.7043052
7714,4174,"H1,L1",1253965824.0,1253966336.0,processing,,1777563969.4774992
7715,4175,"H1,L1",1253965824.0,1253966336.0,processing,,1777564535.213964
7716,4176,"H1,L1",1253965824.0,1253966336.0,processing,,1777565104.7230637
7717,4177,"H1,L1",1253965824.0,1253966336.0,processing,,1777565676.2309382
7718,4178,"H1,L1",1253965824.0,1253966336.0,processing,,1777566245.4376838
7719,4179,"H1,L1",1253965824.0,1253966336.0,processing,,1777566816.3876
7720,4180,"H1,L1",1253965824.0,1253966336.0,processing,,1777567388.704126
7721,4181,"H1,L1",1253965824.0,1253966336.0,processing,,1777567963.4651234
7722,4182,"H1,L1",1253965824.0,1253966336.0,processing,,1777568533.2058177
7723,4183,"H1,L1",1253965824.0,1253966336.0,processing,,1777569104.717486
7724,4184,"H1,L1",1253965824.0,1253966336.0,processing,,1777569677.9527423
7725,4185,"H1,L1",1253965824.0,1253966336.0,processing,,1777570247.1880653
7726,4186,"H1,L1",1253965824.0,1253966336.0,processing,,1777570817.1968796
7727,4187,"H1,L1",1253965824.0,1253966336.0,processing,,1777571390.961531
7728,4188,"H1,L1",1253965824.0,1253966336.0,processing,,1777571961.722922
7729,4189,"H1,L1",1253965824.0,1253966336.0,processing,,1777572530.9347463
7730,4190,"H1,L1",1253965824.0,1253966336.0,processing,,1777573099.2238438
7731,4191,"H1,L1",1253965824.0,1253966336.0,processing,,1777573667.970352
7732,4192,"H1,L1",1253965824.0,1253966336.0,processing,,1777574238.451307
7733,4193,"H1,L1",1253965824.0,1253966336.0,processing,,1777574815.9383218
7734,4194,"H1,L1",1253965824.0,1253966336.0,processing,,1777575391.2072816
7735,4195,"H1,L1",1253965824.0,1253966336.0,processing,,1777575964.221358
7736,4196,"H1,L1",1253965824.0,1253966336.0,processing,,1777576542.4962332
7737,4197,"H1,L1",1253965824.0,1253966336.0,processing,,1777577117.9731102
7738,4198,"H1,L1",1253965824.0,1253966336.0,processing,,1777577692.2016442
7739,4199,"H1,L1",1253965824.0,1253966336.0,processing,,1777578269.9448838
7740,4200,"H1,L1",1253965824.0,1253966336.0,processing,,1777578842.701998
7741,4201,"H1,L1",1253965824.0,1253966336.0,processing,,1777579417.231898
7742,4202,"H1,L1",1253965824.0,1253966336.0,processing,,1777579992.6906588
7743,4203,"H1,L1",1253965824.0,1253966336.0,processing,,1777580576.242381
7744,4204,"H1,L1",1253965824.0,1253966336.0,processing,,1777581158.2357945
7745,4205,"H1,L1",1253965824.0,1253966336.0,processing,,1777581731.2214813
7746,4206,"H1,L1",1253965824.0,1253966336.0,processing,,1777582303.2300327
7747,4207,"H1,L1",1253965824.0,1253966336.0,processing,,1777582872.460216
7748,4208,"H1,L1",1253965824.0,1253966336.0,processing,,1777583441.744843
7749,4209,"H1,L1",1253965824.0,1253966336.0,processing,,1777584013.7180648
7750,4210,"H1,L1",1253965824.0,1253966336.0,processing,,1777584583.7125196
7751,4211,"H1,L1",1253965824.0,1253966336.0,processing,,1777585152.9211776
7752,4212,"H1,L1",1253965824.0,1253966336.0,processing,,1777585725.6984584
7753,4213,"H1,L1",1253965824.0,1253966336.0,processing,,1777586295.4600532
7754,4214,"H1,L1",1253965824.0,1253966336.0,processing,,1777586865.2359364
7755,4215,"H1,L1",1253965824.0,1253966336.0,processing,,1777587431.9347148
7756,4216,"H1,L1",1253965824.0,1253966336.0,processing,,1777588000.481787
7757,4217,"H1,L1",1253965824.0,1253966336.0,processing,,1777588570.1831152
7758,4218,"H1,L1",1253965824.0,1253966336.0,processing,,1777589138.9473374
7759,4219,"H1,L1",1253965824.0,1253966336.0,processing,,1777589707.9835637
7760,4220,"H1,L1",1253965824.0,1253966336.0,processing,,1777590277.9544387
7761,4221,"H1,L1",1253965824.0,1253966336.0,processing,,1777590848.205271
7762,4222,"H1,L1",1253965824.0,1253966336.0,processing,,1777591417.4665456
7763,4223,"H1,L1",1253965824.0,1253966336.0,processing,,1777591985.7277532
7764,4224,"H1,L1",1253965824.0,1253966336.0,processing,,1777592552.7140753
7765,4225,"H1,L1",1253965824.0,1253966336.0,processing,,1777593119.2088096
7766,4226,"H1,L1",1253965824.0,1253966336.0,processing,,1777593689.4619484
7767,4227,"H1,L1",1253965824.0,1253966336.0,processing,,1777594256.7301192
7768,4228,"H1,L1",1253965824.0,1253966336.0,processing,,1777594826.686247
7769,4229,"H1,L1",1253965824.0,1253966336.0,processing,,1777595480.9554696
7770,4230,"H1,L1",1253965824.0,1253966336.0,processing,,1777596050.995043
7771,4231,"H1,L1",1253965824.0,1253966336.0,processing,,1777596619.210512
7772,4232,"H1,L1",1253965824.0,1253966336.0,processing,,1777597188.9555945
7773,4233,"H1,L1",1253965824.0,1253966336.0,processing,,1777597759.7529483
7774,4234,"H1,L1",1253965824.0,1253966336.0,processing,,1777598330.95218
7775,4235,"H1,L1",1253965824.0,1253966336.0,processing,,1777598901.4740646
7776,4236,"H1,L1",1253965824.0,1253966336.0,processing,,1777599469.710108
7777,4237,"H1,L1",1253965824.0,1253966336.0,processing,,1777600037.6938531
7778,4238,"H1,L1",1253965824.0,1253966336.0,processing,,1777600607.4559834
7779,4239,"H1,L1",1253965824.0,1253966336.0,processing,,1777601176.9701989
7780,4240,"H1,L1",1253965824.0,1253966336.0,processing,,1777601746.6991575
7781,4241,"H1,L1",1253965824.0,1253966336.0,processing,,1777602316.238487
7782,4242,"H1,L1",1253965824.0,1253966336.0,processing,,1777602886.214279
7783,4243,"H1,L1",1253965824.0,1253966336.0,processing,,1777603454.972695
7784,4244,"H1,L1",1253965824.0,1253966336.0,processing,,1777604024.9757156
7785,4245,"H1,L1",1253965824.0,1253966336.0,processing,,1777604596.2013302
7786,4246,"H1,L1",1253965824.0,1253966336.0,processing,,1777605166.2425072
7787,4247,"H1,L1",1253965824.0,1253966336.0,processing,,1777605734.1986403
7788,4248,"H1,L1",1253965824.0,1253966336.0,processing,,1777606304.2152088
7789,4249,"H1,L1",1253965824.0,1253966336.0,processing,,1777606873.4594193
7790,4250,"H1,L1",1253965824.0,1253966336.0,processing,,1777607443.470029
7791,4251,"H1,L1",1253965824.0,1253966336.0,processing,,1777608011.496514
7792,4252,"H1,L1",1253965824.0,1253966336.0,processing,,1777608580.4403317
7793,4253,"H1,L1",1253965824.0,1253966336.0,processing,,1777609150.4603004
7794,4254,"H1,L1",1253965824.0,1253966336.0,processing,,1777609720.4666805
7795,4255,"H1,L1",1253965824.0,1253966336.0,processing,,1777610297.446456
7796,4256,"H1,L1",1253965824.0,1253966336.0,processing,,1777610867.7145133
7797,4257,"H1,L1",1253965824.0,1253966336.0,processing,,1777611437.4755795
7798,4258,"H1,L1",1253965824.0,1253966336.0,processing,,1777612006.489308
7799,4259,"H1,L1",1253965824.0,1253966336.0,processing,,1777612576.706818
7800,4260,"H1,L1",1253965824.0,1253966336.0,processing,,1777613145.228023
7801,4261,"H1,L1",1253965824.0,1253966336.0,processing,,1777613714.4167688
7802,4262,"H1,L1",1253965824.0,1253966336.0,processing,,1777614284.7415822
7803,4263,"H1,L1",1253965824.0,1253966336.0,processing,,1777614853.6785047
7804,4264,"H1,L1",1253965824.0,1253966336.0,processing,,1777615424.9663122
7805,4265,"H1,L1",1253965824.0,1253966336.0,processing,,1777615996.9343348
7806,4266,"H1,L1",1253965824.0,1253966336.0,processing,,1777616567.47328
7807,4267,"H1,L1",1253965824.0,1253966336.0,processing,,1777617137.9790344
7808,4268,"H1,L1",1253965824.0,1253966336.0,processing,,1777617705.964213
7809,4269,"H1,L1",1253965824.0,1253966336.0,processing,,1777618284.4973915
7810,4270,"H1,L1",1253965824.0,1253966336.0,processing,,1777618854.9639335
7811,4271,"H1,L1",1253965824.0,1253966336.0,processing,,1777619424.220343
7812,4272,"H1,L1",1253965824.0,1253966336.0,processing,,1777619992.4730475
7813,4273,"H1,L1",1253965824.0,1253966336.0,processing,,1777620562.686979
7814,4274,"H1,L1",1253965824.0,1253966336.0,processing,,1777621130.187068
7815,4275,"H1,L1",1253965824.0,1253966336.0,processing,,1777621698.212973
7816,4276,"H1,L1",1253965824.0,1253966336.0,processing,,1777622266.2266135
7817,4277,"H1,L1",1253965824.0,1253966336.0,processing,,1777622835.6956484
7818,4278,"H1,L1",1253965824.0,1253966336.0,processing,,1777623405.7080498
7819,4279,"H1,L1",1253965824.0,1253966336.0,processing,,1777623974.733594
7820,4280,"H1,L1",1253965824.0,1253966336.0,processing,,1777624543.9529397
7821,4281,"H1,L1",1253965824.0,1253966336.0,processing,,1777625115.693216
7822,4282,"H1,L1",1253965824.0,1253966336.0,processing,,1777625686.192443
7823,4283,"H1,L1",1253965824.0,1253966336.0,processing,,1777626257.4475791
7824,4284,"H1,L1",1253965824.0,1253966336.0,processing,,1777626826.2256691
7825,4285,"H1,L1",1253965824.0,1253966336.0,processing,,1777627393.9562836
7826,4286,"H1,L1",1253965824.0,1253966336.0,processing,,1777627964.7038312
7827,4287,"H1,L1",1253965824.0,1253966336.0,processing,,1777628533.9383173
7828,4288,"H1,L1",1253965824.0,1253966336.0,processing,,1777629103.4819064
7829,4289,"H1,L1",1253965824.0,1253966336.0,processing,,1777629672.4656491
7830,4290,"H1,L1",1253965824.0,1253966336.0,processing,,1777630243.194692
7831,4291,"H1,L1",1253965824.0,1253966336.0,processing,,1777630812.2445822
7832,4292,"H1,L1",1253965824.0,1253966336.0,processing,,1777631381.001316
7833,4293,"H1,L1",1253965824.0,1253966336.0,processing,,1777631951.493274
7834,4294,"H1,L1",1253965824.0,1253966336.0,processing,,1777632522.208339
7835,4295,"H1,L1",1253965824.0,1253966336.0,processing,,1777633090.199368
7836,4296,"H1,L1",1253965824.0,1253966336.0,processing,,1777633658.2092698
7837,4297,"H1,L1",1253965824.0,1253966336.0,processing,,1777634227.7106228
7838,4298,"H1,L1",1253965824.0,1253966336.0,processing,,1777634796.9549568
7839,4299,"H1,L1",1253965824.0,1253966336.0,processing,,1777635369.701997
7840,4300,"H1,L1",1253965824.0,1253966336.0,processing,,1777635939.2245889
7841,4301,"H1,L1",1253965824.0,1253966336.0,processing,,1777636508.7457457
7842,4302,"H1,L1",1253965824.0,1253966336.0,processing,,1777637079.7440338
7843,4303,"H1,L1",1253965824.0,1253966336.0,processing,,1777637649.9778004
7844,4304,"H1,L1",1253965824.0,1253966336.0,processing,,1777638220.2208333
7845,4305,"H1,L1",1253965824.0,1253966336.0,processing,,1777638790.4639046
7846,4306,"H1,L1",1253965824.0,1253966336.0,processing,,1777639360.9645565
7847,4307,"H1,L1",1253965824.0,1253966336.0,processing,,1777639931.7287743
7848,4308,"H1,L1",1253965824.0,1253966336.0,processing,,1777640504.7328188
7849,4309,"H1,L1",1253965824.0,1253966336.0,processing,,1777641074.7054808
7850,4310,"H1,L1",1253965824.0,1253966336.0,processing,,1777641643.9606097
7851,4311,"H1,L1",1253965824.0,1253966336.0,processing,,1777642212.6876347
7852,4312,"H1,L1",1253965824.0,1253966336.0,processing,,1777642782.000914
7853,4313,"H1,L1",1253965824.0,1253966336.0,processing,,1777643352.203906
7854,4314,"H1,L1",1253965824.0,1253966336.0,processing,,1777643921.734749
7855,4315,"H1,L1",1253965824.0,1253966336.0,processing,,1777644492.2278574
7856,4316,"H1,L1",1253965824.0,1253966336.0,processing,,1777645059.728453
7857,4317,"H1,L1",1253965824.0,1253966336.0,processing,,1777645629.716036
7858,4318,"H1,L1",1253965824.0,1253966336.0,processing,,1777646198.4844577
7859,4319,"H1,L1",1253965824.0,1253966336.0,processing,,1777646768.716068
7860,4320,"H1,L1",1253965824.0,1253966336.0,processing,,1777647339.7113965
7861,4321,"H1,L1",1253965824.0,1253966336.0,processing,,1777647909.9869685
7862,4322,"H1,L1",1253965824.0,1253966336.0,processing,,1777648480.4816515
7863,4323,"H1,L1",1253965824.0,1253966336.0,processing,,1777649050.6933222
7864,4324,"H1,L1",1253965824.0,1253966336.0,processing,,1777649621.7167444
7865,4325,"H1,L1",1253965824.0,1253966336.0,processing,,1777650191.212881
7866,4326,"H1,L1",1253965824.0,1253966336.0,processing,,1777650762.4450858
7867,4327,"H1,L1",1253965824.0,1253966336.0,processing,,1777651332.7243788
7868,4328,"H1,L1",1253965824.0,1253966336.0,processing,,1777651901.960903
7869,4329,"H1,L1",1253965824.0,1253966336.0,processing,,1777652471.7106726
7870,4330,"H1,L1",1253965824.0,1253966336.0,processing,,1777653041.4680202
7871,4331,"H1,L1",1253965824.0,1253966336.0,processing,,1777653613.9452612
7872,4332,"H1,L1",1253965824.0,1253966336.0,processing,,1777654183.514909
7873,4333,"H1,L1",1253965824.0,1253966336.0,processing,,1777654751.4847705
7874,4334,"H1,L1",1253965824.0,1253966336.0,processing,,1777655321.9638915
7875,4335,"H1,L1",1253965824.0,1253966336.0,processing,,1777655890.449897
7876,4336,"H1,L1",1253965824.0,1253966336.0,processing,,1777656460.4557054
7877,4337,"H1,L1",1253965824.0,1253966336.0,processing,,1777657029.6995273
7878,4338,"H1,L1",1253965824.0,1253966336.0,processing,,1777657598.741095
7879,4339,"H1,L1",1253965824.0,1253966336.0,processing,,1777658168.9355114
7880,4340,"H1,L1",1253965824.0,1253966336.0,processing,,1777658735.9591253
7881,4341,"H1,L1",1253965824.0,1253966336.0,processing,,1777659306.0125043
7882,4342,"H1,L1",1253965824.0,1253966336.0,processing,,1777659874.7365015
7883,4343,"H1,L1",1253965824.0,1253966336.0,processing,,1777660442.7010806
7884,4344,"H1,L1",1253965824.0,1253966336.0,processing,,1777661011.4489794
7885,4345,"H1,L1",1253965824.0,1253966336.0,processing,,1777661579.4806886
7886,4346,"H1,L1",1253965824.0,1253966336.0,processing,,1777662148.7040532
7887,4347,"H1,L1",1253965824.0,1253966336.0,processing,,1777662717.201993
7888,4348,"H1,L1",1253965824.0,1253966336.0,processing,,1777663287.967787
7889,4349,"H1,L1",1253965824.0,1253966336.0,processing,,1777663855.1998024
7890,4350,"H1,L1",1253965824.0,1253966336.0,processing,,1777664425.7132232
7891,4351,"H1,L1",1253965824.0,1253966336.0,processing,,1777664993.2216496
7892,4352,"H1,L1",1253965824.0,1253966336.0,processing,,1777665560.7183228
7893,4353,"H1,L1",1253965824.0,1253966336.0,processing,,1777666129.72682
7894,4354,"H1,L1",1253965824.0,1253966336.0,processing,,1777666698.4817948
7895,4355,"H1,L1",1253965824.0,1253966336.0,processing,,1777667266.705881
7896,4356,"H1,L1",1253965824.0,1253966336.0,processing,,1777667834.966292
7897,4357,"H1,L1",1253965824.0,1253966336.0,processing,,1777668400.9685142
7898,4358,"H1,L1",1253965824.0,1253966336.0,processing,,1777668966.7036715
7899,4359,"H1,L1",1253965824.0,1253966336.0,processing,,1777669531.9970465
7900,4360,"H1,L1",1253965824.0,1253966336.0,processing,,1777670100.985057
7901,4361,"H1,L1",1253965824.0,1253966336.0,processing,,1777670672.7098875
7902,4362,"H1,L1",1253965824.0,1253966336.0,processing,,1777671239.6984122
7903,4363,"H1,L1",1253965824.0,1253966336.0,processing,,1777671808.7070127
7904,4364,"H1,L1",1253965824.0,1253966336.0,processing,,1777672373.7218993
7905,4365,"H1,L1",1253965824.0,1253966336.0,processing,,1777672941.4539115
7906,4366,"H1,L1",1253965824.0,1253966336.0,processing,,1777673509.7269297
7907,4367,"H1,L1",1253965824.0,1253966336.0,processing,,1777674076.481153
7908,4368,"H1,L1",1253965824.0,1253966336.0,processing,,1777674644.9580467
7909,4369,"H1,L1",1253965824.0,1253966336.0,processing,,1777675212.9722788
7910,4370,"H1,L1",1253965824.0,1253966336.0,processing,,1777675780.6999145
7911,4371,"H1,L1",1253965824.0,1253966336.0,processing,,1777676349.9734688
7912,4372,"H1,L1",1253965824.0,1253966336.0,processing,,1777676917.189967
7913,4373,"H1,L1",1253965824.0,1253966336.0,processing,,1777677482.705687
7914,4374,"H1,L1",1253965824.0,1253966336.0,processing,,1777678050.6915557
7915,4375,"H1,L1",1253965824.0,1253966336.0,processing,,1777678619.9807565
7916,4376,"H1,L1",1253965824.0,1253966336.0,processing,,1777679189.444708
7917,4377,"H1,L1",1253965824.0,1253966336.0,processing,,1777679757.9731376
7918,4378,"H1,L1",1253965824.0,1253966336.0,processing,,1777680326.45716
7919,4379,"H1,L1",1253965824.0,1253966336.0,processing,,1777680894.7434394
7920,4380,"H1,L1",1253965824.0,1253966336.0,processing,,1777681462.9420521
7921,4381,"H1,L1",1253965824.0,1253966336.0,processing,,1777682027.239487
7922,4382,"H1,L1",1253965824.0,1253966336.0,processing,,1777682595.9690812
7923,4383,"H1,L1",1253965824.0,1253966336.0,processing,,1777683163.009845
7924,4384,"H1,L1",1253965824.0,1253966336.0,processing,,1777683730.220296
7925,4385,"H1,L1",1253965824.0,1253966336.0,processing,,1777684297.9294188
7926,4386,"H1,L1",1253965824.0,1253966336.0,processing,,1777684865.7123327
7927,4387,"H1,L1",1253965824.0,1253966336.0,processing,,1777685433.9788458
7928,4388,"H1,L1",1253965824.0,1253966336.0,processing,,1777686002.720255
7929,4389,"H1,L1",1253965824.0,1253966336.0,processing,,1777686570.9854815
7930,4390,"H1,L1",1253965824.0,1253966336.0,processing,,1777687138.7111342
7931,4391,"H1,L1",1253965824.0,1253966336.0,processing,,1777687706.7039607
7932,4392,"H1,L1",1253965824.0,1253966336.0,processing,,1777688273.4565763
7933,4393,"H1,L1",1253965824.0,1253966336.0,processing,,1777688841.2114754
7934,4394,"H1,L1",1253965824.0,1253966336.0,processing,,1777689407.961791
7935,4395,"H1,L1",1253965824.0,1253966336.0,processing,,1777689975.978553
7936,4396,"H1,L1",1253965824.0,1253966336.0,processing,,1777690542.2162926
7937,4397,"H1,L1",1253965824.0,1253966336.0,processing,,1777691111.2210824
7938,4398,"H1,L1",1253965824.0,1253966336.0,processing,,1777691679.4991393
7939,4399,"H1,L1",1253965824.0,1253966336.0,processing,,1777692247.9823425
7940,4400,"H1,L1",1253965824.0,1253966336.0,processing,,1777692814.960693
7941,4401,"H1,L1",1253965824.0,1253966336.0,processing,,1777693384.2206287
7942,4402,"H1,L1",1253965824.0,1253966336.0,processing,,1777693952.4566886
7943,4403,"H1,L1",1253965824.0,1253966336.0,processing,,1777694520.1890345
7944,4404,"H1,L1",1253965824.0,1253966336.0,processing,,1777695088.1934595
7945,4405,"H1,L1",1253965824.0,1253966336.0,processing,,1777695655.189042
7946,4406,"H1,L1",1253965824.0,1253966336.0,processing,,1777696222.9759629
7947,4407,"H1,L1",1253965824.0,1253966336.0,processing,,1777696792.4072495
7948,4408,"H1,L1",1253965824.0,1253966336.0,processing,,1777697356.473606
7949,4409,"H1,L1",1253965824.0,1253966336.0,processing,,1777697926.4860368
7950,4410,"H1,L1",1253965824.0,1253966336.0,processing,,1777698494.4498863
7951,4411,"H1,L1",1253965824.0,1253966336.0,processing,,1777699064.4635553
7952,4412,"H1,L1",1253965824.0,1253966336.0,processing,,1777699630.232875
7953,4413,"H1,L1",1253965824.0,1253966336.0,processing,,1777700199.4590254
7954,4414,"H1,L1",1253965824.0,1253966336.0,processing,,1777700767.7339358
7955,4415,"H1,L1",1253965824.0,1253966336.0,processing,,1777701335.226372
7956,4416,"H1,L1",1253965824.0,1253966336.0,processing,,1777701901.6996815
7957,4417,"H1,L1",1253965824.0,1253966336.0,processing,,1777702468.46612
7958,4418,"H1,L1",1253965824.0,1253966336.0,processing,,1777703037.1805818
7959,4419,"H1,L1",1253965824.0,1253966336.0,processing,,1777703603.4901211
7960,4420,"H1,L1",1253965824.0,1253966336.0,processing,,1777704172.93558
7961,4421,"H1,L1",1253965824.0,1253966336.0,processing,,1777704739.972374
7962,4422,"H1,L1",1253965824.0,1253966336.0,processing,,1777705307.94239
7963,4423,"H1,L1",1253965824.0,1253966336.0,processing,,1777705876.4730673
7964,4424,"H1,L1",1253965824.0,1253966336.0,processing,,1777706445.6985383
7965,4425,"H1,L1",1253965824.0,1253966336.0,processing,,1777707012.2466373
7966,4426,"H1,L1",1253965824.0,1253966336.0,processing,,1777707579.9757826
7967,4427,"H1,L1",1253965824.0,1253966336.0,processing,,1777708148.7430615
7968,4428,"H1,L1",1253965824.0,1253966336.0,processing,,1777708716.4499812
7969,4429,"H1,L1",1253965824.0,1253966336.0,processing,,1777709285.4444523
7970,4430,"H1,L1",1253965824.0,1253966336.0,processing,,1777709853.9706593
7971,4431,"H1,L1",1253965824.0,1253966336.0,processing,,1777710421.2043202
7972,4432,"H1,L1",1253965824.0,1253966336.0,processing,,1777710987.7144852
7973,4433,"H1,L1",1253965824.0,1253966336.0,processing,,1777711556.7260036
7974,4434,"H1,L1",1253965824.0,1253966336.0,processing,,1777712125.9496593
7975,4435,"H1,L1",1253965824.0,1253966336.0,processing,,1777712693.962774
7976,4436,"H1,L1",1253965824.0,1253966336.0,processing,,1777713263.9886165
7977,4437,"H1,L1",1253965824.0,1253966336.0,processing,,1777713831.9747686
7978,4438,"H1,L1",1253965824.0,1253966336.0,processing,,1777714399.9446924
7979,4439,"H1,L1",1253965824.0,1253966336.0,processing,,1777714969.9539244
7980,4440,"H1,L1",1253965824.0,1253966336.0,processing,,1777715538.2403812
7981,4441,"H1,L1",1253965824.0,1253966336.0,processing,,1777716106.186194
7982,4442,"H1,L1",1253965824.0,1253966336.0,processing,,1777716676.4720242
7983,4443,"H1,L1",1253965824.0,1253966336.0,processing,,1777717244.449113
7984,4444,"H1,L1",1253965824.0,1253966336.0,processing,,1777717811.218096
7985,4445,"H1,L1",1253965824.0,1253966336.0,processing,,1777718380.218866
7986,4446,"H1,L1",1253965824.0,1253966336.0,processing,,1777718948.7007258
7987,4447,"H1,L1",1253965824.0,1253966336.0,processing,,1777719515.197194
7988,4448,"H1,L1",1253965824.0,1253966336.0,processing,,1777720084.9752288
7989,4449,"H1,L1",1253965824.0,1253966336.0,processing,,1777720655.477898
7990,4450,"H1,L1",1253965824.0,1253966336.0,processing,,1777721222.9391057
7991,4451,"H1,L1",1253965824.0,1253966336.0,processing,,1777721788.7338505
7992,4452,"H1,L1",1253965824.0,1253966336.0,processing,,1777722358.4704437
7993,4453,"H1,L1",1253965824.0,1253966336.0,processing,,1777722923.7068527
7994,4454,"H1,L1",1253965824.0,1253966336.0,processing,,1777723492.7134745
7995,4455,"H1,L1",1253965824.0,1253966336.0,processing,,1777724058.968264
7996,4456,"H1,L1",1253965824.0,1253966336.0,processing,,1777724625.4758136
7997,4457,"H1,L1",1253965824.0,1253966336.0,processing,,1777725194.47381
7998,4458,"H1,L1",1253965824.0,1253966336.0,processing,,1777725763.7313116
7999,4459,"H1,L1",1253965824.0,1253966336.0,processing,,1777726330.7075307
8000,4460,"H1,L1",1253965824.0,1253966336.0,processing,,1777726897.9444954
8001,4461,"H1,L1",1253965824.0,1253966336.0,processing,,1777727468.4287455
8002,4462,"H1,L1",1253965824.0,1253966336.0,processing,,1777728036.9771621
8003,4463,"H1,L1",1253965824.0,1253966336.0,processing,,1777728605.2382407
8004,4464,"H1,L1",1253965824.0,1253966336.0,processing,,1777729175.4719849
8005,4465,"H1,L1",1253965824.0,1253966336.0,processing,,1777729744.7539876
8006,4466,"H1,L1",1253965824.0,1253966336.0,processing,,1777730313.2123847
8007,4467,"H1,L1",1253965824.0,1253966336.0,processing,,1777730881.9704013
8008,4468,"H1,L1",1253965824.0,1253966336.0,processing,,1777731450.2070153
8009,4469,"H1,L1",1253965824.0,1253966336.0,processing,,1777732018.4975824
8010,4470,"H1,L1",1253965824.0,1253966336.0,processing,,1777732585.9619284
8011,4471,"H1,L1",1253965824.0,1253966336.0,processing,,1777733154.2257056
8012,4472,"H1,L1",1253965824.0,1253966336.0,processing,,1777733719.4477506
8013,4473,"H1,L1",1253965824.0,1253966336.0,processing,,1777734287.4926627
8014,4474,"H1,L1",1253965824.0,1253966336.0,processing,,1777734853.442365
8015,4475,"H1,L1",1253965824.0,1253966336.0,processing,,1777735420.46408
8016,4476,"H1,L1",1253965824.0,1253966336.0,processing,,1777735988.2131433
8017,4477,"H1,L1",1253965824.0,1253966336.0,processing,,1777736555.7116241
8018,4478,"H1,L1",1253965824.0,1253966336.0,processing,,1777737123.4289982
8019,4479,"H1,L1",1253965824.0,1253966336.0,processing,,1777737693.2055473
8020,4480,"H1,L1",1253965824.0,1253966336.0,processing,,1777738263.9687345
8021,4481,"H1,L1",1253965824.0,1253966336.0,processing,,1777738831.951006
8022,4482,"H1,L1",1253965824.0,1253966336.0,processing,,1777739401.0219407
8023,4483,"H1,L1",1253965824.0,1253966336.0,processing,,1777739968.97657
8024,4484,"H1,L1",1253965824.0,1253966336.0,processing,,1777740538.469034
8025,4485,"H1,L1",1253965824.0,1253966336.0,processing,,1777741105.4839156
8026,4486,"H1,L1",1253965824.0,1253966336.0,processing,,1777741674.9850743
8027,4487,"H1,L1",1253965824.0,1253966336.0,processing,,1777742244.191324
8028,4488,"H1,L1",1253965824.0,1253966336.0,processing,,1777742811.2460709
8029,4489,"H1,L1",1253965824.0,1253966336.0,processing,,1777743380.9319646
8030,4490,"H1,L1",1253965824.0,1253966336.0,processing,,1777743948.9823227
8031,4491,"H1,L1",1253965824.0,1253966336.0,processing,,1777744517.9596283
8032,4492,"H1,L1",1253965824.0,1253966336.0,processing,,1777745087.2084796
8033,4493,"H1,L1",1253965824.0,1253966336.0,processing,,1777745653.9860253
8034,4494,"H1,L1",1253965824.0,1253966336.0,processing,,1777746222.725879
8035,4495,"H1,L1",1253965824.0,1253966336.0,processing,,1777746791.7324364
8036,4496,"H1,L1",1253965824.0,1253966336.0,processing,,1777747359.9535532
8037,4497,"H1,L1",1253965824.0,1253966336.0,processing,,1777747928.2059608
8038,4498,"H1,L1",1253965824.0,1253966336.0,processing,,1777748495.477228
8039,4499,"H1,L1",1253965824.0,1253966336.0,processing,,1777749065.9832675
8040,4500,"H1,L1",1253965824.0,1253966336.0,processing,,1777749633.4505396
8041,4501,"H1,L1",1253965824.0,1253966336.0,processing,,1777750201.9431798
8042,4502,"H1,L1",1253965824.0,1253966336.0,processing,,1777750770.4556832
8043,4503,"H1,L1",1253965824.0,1253966336.0,processing,,1777751339.7164536
8044,4504,"H1,L1",1253965824.0,1253966336.0,processing,,1777751906.4852457
8045,4505,"H1,L1",1253965824.0,1253966336.0,processing,,1777752473.1998389
8046,4506,"H1,L1",1253965824.0,1253966336.0,processing,,1777753042.7259414
8047,4507,"H1,L1",1253965824.0,1253966336.0,processing,,1777753611.7202368
8048,4508,"H1,L1",1253965824.0,1253966336.0,processing,,1777754179.1790714
8049,4509,"H1,L1",1253965824.0,1253966336.0,processing,,1777754747.4740183
8050,4510,"H1,L1",1253965824.0,1253966336.0,processing,,1777755316.9706297
8051,4511,"H1,L1",1253965824.0,1253966336.0,processing,,1777755881.9815085
8052,4512,"H1,L1",1253965824.0,1253966336.0,processing,,1777756449.445509
8053,4513,"H1,L1",1253965824.0,1253966336.0,processing,,1777757016.4646
8054,4514,"H1,L1",1253965824.0,1253966336.0,processing,,1777757585.4535878
8055,4515,"H1,L1",1253965824.0,1253966336.0,processing,,1777758153.712851
8056,4516,"H1,L1",1253965824.0,1253966336.0,processing,,1777758721.1957233
8057,4517,"H1,L1",1253965824.0,1253966336.0,processing,,1777759289.4724154
8058,4518,"H1,L1",1253965824.0,1253966336.0,processing,,1777759856.2211266
8059,4519,"H1,L1",1253965824.0,1253966336.0,processing,,1777760424.2120736
8060,4520,"H1,L1",1253965824.0,1253966336.0,processing,,1777760988.716921
8061,4521,"H1,L1",1253965824.0,1253966336.0,processing,,1777761557.7172203
8062,4522,"H1,L1",1253965824.0,1253966336.0,processing,,1777762125.7427285
8063,4523,"H1,L1",1253965824.0,1253966336.0,processing,,1777762691.4717026
8064,4524,"H1,L1",1253965824.0,1253966336.0,processing,,1777763257.4730318
8065,4525,"H1,L1",1253965824.0,1253966336.0,processing,,1777763823.9675527
8066,4526,"H1,L1",1253965824.0,1253966336.0,processing,,1777764389.4722087
8067,4527,"H1,L1",1253965824.0,1253966336.0,processing,,1777764953.9653893
8068,4528,"H1,L1",1253965824.0,1253966336.0,processing,,1777765520.968058
8069,4529,"H1,L1",1253965824.0,1253966336.0,processing,,1777766088.4781458
8070,4530,"H1,L1",1253965824.0,1253966336.0,processing,,1777766655.4574013
8071,4531,"H1,L1",1253965824.0,1253966336.0,processing,,1777767222.9746413
8072,4532,"H1,L1",1253965824.0,1253966336.0,processing,,1777767790.4823377
8073,4533,"H1,L1",1253965824.0,1253966336.0,processing,,1777768357.9416986
8074,4534,"H1,L1",1253965824.0,1253966336.0,processing,,1777768925.1880536
8075,4535,"H1,L1",1253965824.0,1253966336.0,processing,,1777769493.2344728
8076,4536,"H1,L1",1253965824.0,1253966336.0,processing,,1777770061.461707
8077,4537,"H1,L1",1253965824.0,1253966336.0,processing,,1777770629.2295737
8078,4538,"H1,L1",1253965824.0,1253966336.0,processing,,1777771196.187841
8079,4539,"H1,L1",1253965824.0,1253966336.0,processing,,1777771762.7037673
8080,4540,"H1,L1",1253965824.0,1253966336.0,processing,,1777772330.1946461
8081,4541,"H1,L1",1253965824.0,1253966336.0,processing,,1777772896.971863
8082,4542,"H1,L1",1253965824.0,1253966336.0,processing,,1777773464.9750938
8083,4543,"H1,L1",1253965824.0,1253966336.0,processing,,1777774032.440031
8084,4544,"H1,L1",1253965824.0,1253966336.0,processing,,1777774600.227144
8085,4545,"H1,L1",1253965824.0,1253966336.0,processing,,1777775168.460712
8086,4546,"H1,L1",1253965824.0,1253966336.0,processing,,1777775736.696815
8087,4547,"H1,L1",1253965824.0,1253966336.0,processing,,1777776303.7189991
8088,4548,"H1,L1",1253965824.0,1253966336.0,processing,,1777776869.4472659
8089,4549,"H1,L1",1253965824.0,1253966336.0,processing,,1777777435.9545176
8090,4550,"H1,L1",1253965824.0,1253966336.0,processing,,1777778003.9607816
8091,4551,"H1,L1",1253965824.0,1253966336.0,processing,,1777778572.1917257
8092,4552,"H1,L1",1253965824.0,1253966336.0,processing,,1777779139.2196631
8093,4553,"H1,L1",1253965824.0,1253966336.0,processing,,1777779706.985669
8094,4554,"H1,L1",1253965824.0,1253966336.0,processing,,1777780274.9640944
8095,4555,"H1,L1",1253965824.0,1253966336.0,processing,,1777780842.7093606
8096,4556,"H1,L1",1253965824.0,1253966336.0,processing,,1777781411.960389
8097,4557,"H1,L1",1253965824.0,1253966336.0,processing,,1777781979.9776723
8098,4558,"H1,L1",1253965824.0,1253966336.0,processing,,1777782547.228183
8099,4559,"H1,L1",1253965824.0,1253966336.0,processing,,1777783112.978871
8100,4560,"H1,L1",1253965824.0,1253966336.0,processing,,1777783678.9551783
8101,4561,"H1,L1",1253965824.0,1253966336.0,processing,,1777784244.974593
8102,4562,"H1,L1",1253965824.0,1253966336.0,processing,,1777784811.9641294
8103,4563,"H1,L1",1253965824.0,1253966336.0,processing,,1777785379.211103
8104,4564,"H1,L1",1253965824.0,1253966336.0,processing,,1777785945.9574482
8105,4565,"H1,L1",1253965824.0,1253966336.0,processing,,1777786514.481247
8106,4566,"H1,L1",1253965824.0,1253966336.0,processing,,1777787080.4832418
8107,4567,"H1,L1",1253965824.0,1253966336.0,processing,,1777787649.2499728
8108,4568,"H1,L1",1253965824.0,1253966336.0,processing,,1777788218.1968164
8109,4569,"H1,L1",1253965824.0,1253966336.0,processing,,1777788782.7162163
8110,4570,"H1,L1",1253965824.0,1253966336.0,processing,,1777789352.7212298
8111,4571,"H1,L1",1253965824.0,1253966336.0,processing,,1777789921.4639049
8112,4572,"H1,L1",1253965824.0,1253966336.0,processing,,1777790486.7063375
8113,4573,"H1,L1",1253965824.0,1253966336.0,processing,,1777791055.4353921
8114,4574,"H1,L1",1253965824.0,1253966336.0,processing,,1777791622.7378676
8115,4575,"H1,L1",1253965824.0,1253966336.0,processing,,1777792191.2427328
8116,4576,"H1,L1",1253965824.0,1253966336.0,processing,,1777792757.6889102
8117,4577,"H1,L1",1253965824.0,1253966336.0,processing,,1777793323.9711525
8118,4578,"H1,L1",1253965824.0,1253966336.0,processing,,1777793889.7014787
8119,4579,"H1,L1",1253965824.0,1253966336.0,processing,,1777794456.9798603
8120,4580,"H1,L1",1253965824.0,1253966336.0,processing,,1777795022.936577
8121,4581,"H1,L1",1253965824.0,1253966336.0,processing,,1777795589.215304
8122,4582,"H1,L1",1253965824.0,1253966336.0,processing,,1777796155.9454122
8123,4583,"H1,L1",1253965824.0,1253966336.0,processing,,1777796724.1914265
8124,4584,"H1,L1",1253965824.0,1253966336.0,processing,,1777797289.4730432
8125,4585,"H1,L1",1253965824.0,1253966336.0,processing,,1777797858.2346272
8126,4586,"H1,L1",1253965824.0,1253966336.0,processing,,1777798425.4615076
8127,4587,"H1,L1",1253965824.0,1253966336.0,processing,,1777798991.4520514
8128,4588,"H1,L1",1253965824.0,1253966336.0,processing,,1777799557.9711812
8129,4589,"H1,L1",1253965824.0,1253966336.0,processing,,1777800127.704028
8130,4590,"H1,L1",1253965824.0,1253966336.0,processing,,1777800693.7255576
8131,4591,"H1,L1",1253965824.0,1253966336.0,processing,,1777801259.9679546
8132,4592,"H1,L1",1253965824.0,1253966336.0,processing,,1777801829.2372787
8133,4593,"H1,L1",1253965824.0,1253966336.0,processing,,1777802396.7180336
8134,4594,"H1,L1",1253965824.0,1253966336.0,processing,,1777802964.9548357
8135,4595,"H1,L1",1253965824.0,1253966336.0,processing,,1777803534.432691
8136,4596,"H1,L1",1253965824.0,1253966336.0,processing,,1777804099.9861357
8137,4597,"H1,L1",1253965824.0,1253966336.0,processing,,1777804668.1997023
8138,4598,"H1,L1",1253965824.0,1253966336.0,processing,,1777805236.7063165
8139,4599,"H1,L1",1253965824.0,1253966336.0,processing,,1777805805.2054446
8140,4600,"H1,L1",1253965824.0,1253966336.0,processing,,1777806370.746781
8141,4601,"H1,L1",1253965824.0,1253966336.0,processing,,1777806938.2062366
8142,4602,"H1,L1",1253965824.0,1253966336.0,processing,,1777807506.1960354
8143,4603,"H1,L1",1253965824.0,1253966336.0,processing,,1777808073.7186491
8144,4604,"H1,L1",1253965824.0,1253966336.0,processing,,1777808641.966013
8145,4605,"H1,L1",1253965824.0,1253966336.0,processing,,1777809207.221782
8146,4606,"H1,L1",1253965824.0,1253966336.0,processing,,1777809775.4526083
8147,4607,"H1,L1",1253965824.0,1253966336.0,processing,,1777810341.2241623
8148,4608,"H1,L1",1253965824.0,1253966336.0,processing,,1777810909.1937826
8149,4609,"H1,L1",1253965824.0,1253966336.0,processing,,1777811476.6840942
8150,4610,"H1,L1",1253965824.0,1253966336.0,processing,,1777812044.6873336
8151,4611,"H1,L1",1253965824.0,1253966336.0,processing,,1777812610.5347304
8152,4612,"H1,L1",1253965824.0,1253966336.0,processing,,1777813177.4679906
8153,4613,"H1,L1",1253965824.0,1253966336.0,processing,,1777813745.953976
8154,4614,"H1,L1",1253965824.0,1253966336.0,processing,,1777814314.724375
8155,4615,"H1,L1",1253965824.0,1253966336.0,processing,,1777814881.194409
8156,4616,"H1,L1",1253965824.0,1253966336.0,processing,,1777815447.9874213
8157,4617,"H1,L1",1253965824.0,1253966336.0,processing,,1777816015.7161405
8158,4618,"H1,L1",1253965824.0,1253966336.0,processing,,1777816582.201777
8159,4619,"H1,L1",1253965824.0,1253966336.0,processing,,1777817150.221472
8160,4620,"H1,L1",1253965824.0,1253966336.0,processing,,1777817718.954283
8161,4621,"H1,L1",1253965824.0,1253966336.0,processing,,1777818285.4766572
8162,4622,"H1,L1",1253965824.0,1253966336.0,processing,,1777818852.7106872
8163,4623,"H1,L1",1253965824.0,1253966336.0,processing,,1777819419.6875765
8164,4624,"H1,L1",1253965824.0,1253966336.0,processing,,1777819988.457616
8165,4625,"H1,L1",1253965824.0,1253966336.0,processing,,1777820556.4746642
8166,4626,"H1,L1",1253965824.0,1253966336.0,processing,,1777821124.1996257
8167,4627,"H1,L1",1253965824.0,1253966336.0,processing,,1777821690.4720178
8168,4628,"H1,L1",1253965824.0,1253966336.0,processing,,1777822258.0049987
8169,4629,"H1,L1",1253965824.0,1253966336.0,processing,,1777822827.1686482
8170,4630,"H1,L1",1253965824.0,1253966336.0,processing,,1777823395.5053713
8171,4631,"H1,L1",1253965824.0,1253966336.0,processing,,1777823962.7227924
8172,4632,"H1,L1",1253965824.0,1253966336.0,processing,,1777824529.7216637
8173,4633,"H1,L1",1253965824.0,1253966336.0,processing,,1777825097.4962173
8174,4634,"H1,L1",1253965824.0,1253966336.0,processing,,1777825664.227248
8175,4635,"H1,L1",1253965824.0,1253966336.0,processing,,1777826232.470997
8176,4636,"H1,L1",1253965824.0,1253966336.0,processing,,1777826799.533969
8177,4637,"H1,L1",1253965824.0,1253966336.0,processing,,1777827366.7071195
8178,4638,"H1,L1",1253965824.0,1253966336.0,processing,,1777827935.2106748
8179,4639,"H1,L1",1253965824.0,1253966336.0,processing,,1777828502.7167692
8180,4640,"H1,L1",1253965824.0,1253966336.0,processing,,1777829070.2196262
8181,4641,"H1,L1",1253965824.0,1253966336.0,processing,,1777829637.7144709
8182,4642,"H1,L1",1253965824.0,1253966336.0,processing,,1777830206.2331765
8183,4643,"H1,L1",1253965824.0,1253966336.0,processing,,1777830774.9629118
8184,4644,"H1,L1",1253965824.0,1253966336.0,processing,,1777831348.4753625
8185,4645,"H1,L1",1253965824.0,1253966336.0,processing,,1777831916.9863868
8186,4646,"H1,L1",1253965824.0,1253966336.0,processing,,1777832488.4738283
8187,4647,"H1,L1",1253965824.0,1253966336.0,processing,,1777833059.4631674
8188,4648,"H1,L1",1253965824.0,1253966336.0,processing,,1777833629.2158697
8189,4649,"H1,L1",1253965824.0,1253966336.0,processing,,1777834202.984668
8190,4650,"H1,L1",1253965824.0,1253966336.0,processing,,1777834777.2209408
8191,4651,"H1,L1",1253965824.0,1253966336.0,processing,,1777835350.459101
8192,4652,"H1,L1",1253965824.0,1253966336.0,processing,,1777835925.9603617
8193,4653,"H1,L1",1253965824.0,1253966336.0,processing,,1777836500.4490573
8194,4654,"H1,L1",1253965824.0,1253966336.0,processing,,1777837073.9810216
8195,4655,"H1,L1",1253965824.0,1253966336.0,processing,,1777837647.4714456
8196,4656,"H1,L1",1253965824.0,1253966336.0,processing,,1777838217.2223773
8197,4657,"H1,L1",1253965824.0,1253966336.0,processing,,1777838787.4535384
8198,4658,"H1,L1",1253965824.0,1253966336.0,processing,,1777839356.4689245
8199,4659,"H1,L1",1253965824.0,1253966336.0,processing,,1777839923.9870422
8200,4660,"H1,L1",1253965824.0,1253966336.0,processing,,1777840489.2295184
8201,4661,"H1,L1",1253965824.0,1253966336.0,processing,,1777841057.2468848
8202,4662,"H1,L1",1253965824.0,1253966336.0,processing,,1777841625.2203832
8203,4663,"H1,L1",1253965824.0,1253966336.0,processing,,1777842193.199568
8204,4664,"H1,L1",1253965824.0,1253966336.0,processing,,1777842761.9607055
8205,4665,"H1,L1",1253965824.0,1253966336.0,processing,,1777843329.4806192
8206,4666,"H1,L1",1253965824.0,1253966336.0,processing,,1777843897.2358894
8207,4667,"H1,L1",1253965824.0,1253966336.0,processing,,1777844465.711579
8208,4668,"H1,L1",1253965824.0,1253966336.0,processing,,1777845033.449083
8209,4669,"H1,L1",1253965824.0,1253966336.0,processing,,1777845602.4590585
8210,4670,"H1,L1",1253965824.0,1253966336.0,processing,,1777846168.6915772
8211,4671,"H1,L1",1253965824.0,1253966336.0,processing,,1777846736.711456
8212,4672,"H1,L1",1253965824.0,1253966336.0,processing,,1777847303.7410545
8213,4673,"H1,L1",1253965824.0,1253966336.0,processing,,1777847871.6782002
8214,4674,"H1,L1",1253965824.0,1253966336.0,processing,,1777848438.7353375
8215,4675,"H1,L1",1253965824.0,1253966336.0,processing,,1777849006.4751868
8216,4676,"H1,L1",1253965824.0,1253966336.0,processing,,1777849575.722794
8217,4677,"H1,L1",1253965824.0,1253966336.0,processing,,1777850142.9759848
8218,4678,"H1,L1",1253965824.0,1253966336.0,processing,,1777850709.9770455
8219,4679,"H1,L1",1253965824.0,1253966336.0,processing,,1777851278.7057111
8220,4680,"H1,L1",1253965824.0,1253966336.0,processing,,1777851845.4677708
8221,4681,"H1,L1",1253965824.0,1253966336.0,processing,,1777852413.1956372
8222,4682,"H1,L1",1253965824.0,1253966336.0,processing,,1777852980.225954
8223,4683,"H1,L1",1253965824.0,1253966336.0,processing,,1777853548.7225106
8224,4684,"H1,L1",1253965824.0,1253966336.0,processing,,1777854118.217062
8225,4685,"H1,L1",1253965824.0,1253966336.0,processing,,1777854685.9755957
8226,4686,"H1,L1",1253965824.0,1253966336.0,processing,,1777855254.9548652
8227,4687,"H1,L1",1253965824.0,1253966336.0,processing,,1777855823.4765527
8228,4688,"H1,L1",1253965824.0,1253966336.0,processing,,1777856391.9519987
8229,4689,"H1,L1",1253965824.0,1253966336.0,processing,,1777856959.6997864
8230,4690,"H1,L1",1253965824.0,1253966336.0,processing,,1777857527.4832387
8231,4691,"H1,L1",1253965824.0,1253966336.0,processing,,1777858094.7045522
8232,4692,"H1,L1",1253965824.0,1253966336.0,processing,,1777858663.9489594
8233,4693,"H1,L1",1253965824.0,1253966336.0,processing,,1777859230.9889271
8234,4694,"H1,L1",1253965824.0,1253966336.0,processing,,1777859801.434904
8235,4695,"H1,L1",1253965824.0,1253966336.0,processing,,1777860368.7001646
8236,4696,"H1,L1",1253965824.0,1253966336.0,processing,,1777860934.9653108
8237,4697,"H1,L1",1253965824.0,1253966336.0,processing,,1777861503.217916
8238,4698,"H1,L1",1253965824.0,1253966336.0,processing,,1777862070.6900196
8239,4699,"H1,L1",1253965824.0,1253966336.0,processing,,1777862639.9396598
8240,4700,"H1,L1",1253965824.0,1253966336.0,processing,,1777863206.710311
8241,4701,"H1,L1",1253965824.0,1253966336.0,processing,,1777863775.2278008
8242,4702,"H1,L1",1253965824.0,1253966336.0,processing,,1777864341.492454
8243,4703,"H1,L1",1253965824.0,1253966336.0,processing,,1777864907.9678648
8244,4704,"H1,L1",1253965824.0,1253966336.0,processing,,1777865476.9675195
8245,4705,"H1,L1",1253965824.0,1253966336.0,processing,,1777866045.7190228
8246,4706,"H1,L1",1253965824.0,1253966336.0,processing,,1777866615.2626896
8247,4707,"H1,L1",1253965824.0,1253966336.0,processing,,1777867182.707558
8248,4708,"H1,L1",1253965824.0,1253966336.0,processing,,1777867750.4330308
8249,4709,"H1,L1",1253965824.0,1253966336.0,processing,,1777868318.9595506
8250,4710,"H1,L1",1253965824.0,1253966336.0,processing,,1777868887.2101452
8251,4711,"H1,L1",1253965824.0,1253966336.0,processing,,1777869455.230053
8252,4712,"H1,L1",1253965824.0,1253966336.0,processing,,1777870021.7352242
8253,4713,"H1,L1",1253965824.0,1253966336.0,processing,,1777870590.207129
8254,4714,"H1,L1",1253965824.0,1253966336.0,processing,,1777871158.7179484
8255,4715,"H1,L1",1253965824.0,1253966336.0,processing,,1777871724.695144
8256,4716,"H1,L1",1253965824.0,1253966336.0,processing,,1777872292.4622664
8257,4717,"H1,L1",1253965824.0,1253966336.0,processing,,1777872861.967394
8258,4718,"H1,L1",1253965824.0,1253966336.0,processing,,1777873431.7220724
8259,4719,"H1,L1",1253965824.0,1253966336.0,processing,,1777873999.9752712
8260,4720,"H1,L1",1253965824.0,1253966336.0,processing,,1777874567.70641
8261,4721,"H1,L1",1253965824.0,1253966336.0,processing,,1777875137.2660193
8262,4722,"H1,L1",1253965824.0,1253966336.0,processing,,1777875704.6875975
8263,4723,"H1,L1",1253965824.0,1253966336.0,processing,,1777876272.9322035
8264,4724,"H1,L1",1253965824.0,1253966336.0,processing,,1777876843.20142
8265,4725,"H1,L1",1253965824.0,1253966336.0,processing,,1777877411.7174473
8266,4726,"H1,L1",1253965824.0,1253966336.0,processing,,1777877978.706747
8267,4727,"H1,L1",1253965824.0,1253966336.0,processing,,1777878547.689187
8268,4728,"H1,L1",1253965824.0,1253966336.0,processing,,1777879117.2266119
8269,4729,"H1,L1",1253965824.0,1253966336.0,processing,,1777879685.477911
8270,4730,"H1,L1",1253965824.0,1253966336.0,processing,,1777880252.4607656
8271,4731,"H1,L1",1253965824.0,1253966336.0,processing,,1777880821.9537137
8272,4732,"H1,L1",1253965824.0,1253966336.0,processing,,1777881390.2093482
8273,4733,"H1,L1",1253965824.0,1253966336.0,processing,,1777881958.2210236
8274,4734,"H1,L1",1253965824.0,1253966336.0,processing,,1777882525.2045667
8275,4735,"H1,L1",1253965824.0,1253966336.0,processing,,1777883093.721508
8276,4736,"H1,L1",1253965824.0,1253966336.0,processing,,1777883662.4590917
8277,4737,"H1,L1",1253965824.0,1253966336.0,processing,,1777884232.2305615
8278,4738,"H1,L1",1253965824.0,1253966336.0,processing,,1777884798.475429
8279,4739,"H1,L1",1253965824.0,1253966336.0,processing,,1777885365.95471
8280,4740,"H1,L1",1253965824.0,1253966336.0,processing,,1777885934.4739947
8281,4741,"H1,L1",1253965824.0,1253966336.0,processing,,1777886501.956881
8282,4742,"H1,L1",1253965824.0,1253966336.0,processing,,1777887068.7204833
8283,4743,"H1,L1",1253965824.0,1253966336.0,processing,,1777887636.2063146
8284,4744,"H1,L1",1253965824.0,1253966336.0,processing,,1777888203.685197
8285,4745,"H1,L1",1253965824.0,1253966336.0,processing,,1777888771.9836004
8286,4746,"H1,L1",1253965824.0,1253966336.0,processing,,1777889338.6966546
8287,4747,"H1,L1",1253965824.0,1253966336.0,processing,,1777889904.9398437
8288,4748,"H1,L1",1253965824.0,1253966336.0,processing,,1777890472.7387295
8289,4749,"H1,L1",1253965824.0,1253966336.0,processing,,1777891041.4562154
8290,4750,"H1,L1",1253965824.0,1253966336.0,processing,,1777891611.4560008
8291,4751,"H1,L1",1253965824.0,1253966336.0,processing,,1777892180.215469
8292,4752,"H1,L1",1253965824.0,1253966336.0,processing,,1777892748.96542
8293,4753,"H1,L1",1253965824.0,1253966336.0,processing,,1777893316.9397058
8294,4754,"H1,L1",1253965824.0,1253966336.0,processing,,1777893886.2477832
8295,4755,"H1,L1",1253965824.0,1253966336.0,processing,,1777894455.4820035
8296,4756,"H1,L1",1253965824.0,1253966336.0,processing,,1777895024.250907
8297,4757,"H1,L1",1253965824.0,1253966336.0,processing,,1777895593.471975
8298,4758,"H1,L1",1253965824.0,1253966336.0,processing,,1777896160.5032055
8299,4759,"H1,L1",1253965824.0,1253966336.0,processing,,1777896728.956092
8300,4760,"H1,L1",1253965824.0,1253966336.0,processing,,1777897297.235438
8301,4761,"H1,L1",1253965824.0,1253966336.0,processing,,1777897864.9695919
8302,4762,"H1,L1",1253965824.0,1253966336.0,processing,,1777898432.6762726
8303,4763,"H1,L1",1253965824.0,1253966336.0,processing,,1777899001.972704
8304,4764,"H1,L1",1253965824.0,1253966336.0,processing,,1777899571.2061515
8305,4765,"H1,L1",1253965824.0,1253966336.0,processing,,1777900139.9877598
8306,4766,"H1,L1",1253965824.0,1253966336.0,processing,,1777900707.2173493
8307,4767,"H1,L1",1253965824.0,1253966336.0,processing,,1777901274.2038288
8308,4768,"H1,L1",1253965824.0,1253966336.0,processing,,1777901843.6995003
8309,4769,"H1,L1",1253965824.0,1253966336.0,processing,,1777902412.188625
8310,4770,"H1,L1",1253965824.0,1253966336.0,processing,,1777902981.74821
8311,4771,"H1,L1",1253965824.0,1253966336.0,processing,,1777903548.9485552
8312,4772,"H1,L1",1253965824.0,1253966336.0,processing,,1777904118.9567516
8313,4773,"H1,L1",1253965824.0,1253966336.0,processing,,1777904686.7210813
8314,4774,"H1,L1",1253965824.0,1253966336.0,processing,,1777905255.7283425
8315,4775,"H1,L1",1253965824.0,1253966336.0,processing,,1777905824.4728398
8316,4776,"H1,L1",1253965824.0,1253966336.0,processing,,1777906394.1990597
8317,4777,"H1,L1",1253965824.0,1253966336.0,processing,,1777906962.1810346
8318,4778,"H1,L1",1253965824.0,1253966336.0,processing,,1777907531.681269
8319,4779,"H1,L1",1253965824.0,1253966336.0,processing,,1777908101.2241094
8320,4780,"H1,L1",1253965824.0,1253966336.0,processing,,1777908670.221064
8321,4781,"H1,L1",1253965824.0,1253966336.0,processing,,1777909237.955103
8322,4782,"H1,L1",1253965824.0,1253966336.0,processing,,1777909807.7129714
8323,4783,"H1,L1",1253965824.0,1253966336.0,processing,,1777910376.7446527
8324,4784,"H1,L1",1253965824.0,1253966336.0,processing,,1777910944.2089074
8325,4785,"H1,L1",1253965824.0,1253966336.0,processing,,1777911507.9719286
8326,4786,"H1,L1",1253965824.0,1253966336.0,processing,,1777912077.7089732
8327,4787,"H1,L1",1253965824.0,1253966336.0,processing,,1777912649.6808062
8328,4788,"H1,L1",1253965824.0,1253966336.0,processing,,1777913222.4660976
8329,4789,"H1,L1",1253965824.0,1253966336.0,processing,,1777913797.0648308
8330,4790,"H1,L1",1253965824.0,1253966336.0,processing,,1777914366.231759
8331,4791,"H1,L1",1253965824.0,1253966336.0,processing,,1777914949.2436697
8332,4792,"H1,L1",1253965824.0,1253966336.0,processing,,1777915528.7563093
8333,4793,"H1,L1",1253965824.0,1253966336.0,processing,,1777916103.4860013
8334,4794,"H1,L1",1253965824.0,1253966336.0,processing,,1777916677.2123594
8335,4795,"H1,L1",1253965824.0,1253966336.0,processing,,1777917247.743723
8336,4796,"H1,L1",1253965824.0,1253966336.0,processing,,1777917820.6991773
8337,4797,"H1,L1",1253965824.0,1253966336.0,processing,,1777918394.4375207
8338,4798,"H1,L1",1253965824.0,1253966336.0,processing,,1777918970.4803455
8339,4799,"H1,L1",1253965824.0,1253966336.0,processing,,1777919543.4418566
8340,4800,"H1,L1",1253965824.0,1253966336.0,processing,,1777920118.9428184
8341,4801,"H1,L1",1253965824.0,1253966336.0,processing,,1777920695.9640768
8342,4802,"H1,L1",1253965824.0,1253966336.0,processing,,1777921270.433692
8343,4803,"H1,L1",1253965824.0,1253966336.0,processing,,1777921843.9629574
8344,4804,"H1,L1",1253965824.0,1253966336.0,processing,,1777922417.0135531
8345,4805,"H1,L1",1253965824.0,1253966336.0,processing,,1777922992.9646974
8346,4806,"H1,L1",1253965824.0,1253966336.0,processing,,1777923567.9486756
8347,4807,"H1,L1",1253965824.0,1253966336.0,processing,,1777924142.201211
8348,4808,"H1,L1",1253965824.0,1253966336.0,processing,,1777924717.7249513
8349,4809,"H1,L1",1253965824.0,1253966336.0,processing,,1777925294.2086022
8350,4810,"H1,L1",1253965824.0,1253966336.0,processing,,1777925872.2239187
8351,4811,"H1,L1",1253965824.0,1253966336.0,processing,,1777926442.7119122
8352,4812,"H1,L1",1253965824.0,1253966336.0,processing,,1777927010.976852
8353,4813,"H1,L1",1253965824.0,1253966336.0,processing,,1777927581.4679158
8354,4814,"H1,L1",1253965824.0,1253966336.0,processing,,1777928151.2015338
8355,4815,"H1,L1",1253965824.0,1253966336.0,processing,,1777928720.4837887
8356,4816,"H1,L1",1253965824.0,1253966336.0,processing,,1777929290.2285604
8357,4817,"H1,L1",1253965824.0,1253966336.0,processing,,1777929859.4709785
8358,4818,"H1,L1",1253965824.0,1253966336.0,processing,,1777930429.720537
8359,4819,"H1,L1",1253965824.0,1253966336.0,processing,,1777930997.942617
8360,4820,"H1,L1",1253965824.0,1253966336.0,processing,,1777931566.9362073
8361,4821,"H1,L1",1253965824.0,1253966336.0,processing,,1777932134.2253015
8362,4822,"H1,L1",1253965824.0,1253966336.0,processing,,1777932702.7281697
8363,4823,"H1,L1",1253965824.0,1253966336.0,processing,,1777933275.1895423
8364,4824,"H1,L1",1253965824.0,1253966336.0,processing,,1777933843.9611897
8365,4825,"H1,L1",1253965824.0,1253966336.0,processing,,1777934413.488264
8366,4826,"H1,L1",1253965824.0,1253966336.0,processing,,1777934983.7223325
8367,4827,"H1,L1",1253965824.0,1253966336.0,processing,,1777935553.4378192
8368,4828,"H1,L1",1253965824.0,1253966336.0,processing,,1777936122.9384825
8369,4829,"H1,L1",1253965824.0,1253966336.0,processing,,1777936691.9807963
8370,4830,"H1,L1",1253965824.0,1253966336.0,processing,,1777937262.723895
8371,4831,"H1,L1",1253965824.0,1253966336.0,processing,,1777937831.5078428
8372,4832,"H1,L1",1253965824.0,1253966336.0,processing,,1777938399.6899507
8373,4833,"H1,L1",1253965824.0,1253966336.0,processing,,1777938967.4637003
8374,4834,"H1,L1",1253965824.0,1253966336.0,processing,,1777939633.4881063
8375,4835,"H1,L1",1253965824.0,1253966336.0,processing,,1777940204.7133496
8376,4836,"H1,L1",1253965824.0,1253966336.0,processing,,1777940778.4889648
8377,4837,"H1,L1",1253965824.0,1253966336.0,processing,,1777941376.4841325
8378,4838,"H1,L1",1253965824.0,1253966336.0,processing,,1777942053.4615982
8379,4839,"H1,L1",1253965824.0,1253966336.0,processing,,1777942737.4723809
8380,4840,"H1,L1",1253965824.0,1253966336.0,processing,,1777943306.9828253
8381,4841,"H1,L1",1253965824.0,1253966336.0,processing,,1777943875.427941
8382,4842,"H1,L1",1253965824.0,1253966336.0,processing,,1777944446.4728155
8383,4843,"H1,L1",1253965824.0,1253966336.0,processing,,1777945018.7005086
8384,4844,"H1,L1",1253965824.0,1253966336.0,processing,,1777945591.4348052
8385,4845,"H1,L1",1253965824.0,1253966336.0,processing,,1777946221.1978562
8386,4846,"H1,L1",1253965824.0,1253966336.0,processing,,1777946797.213498
8387,4847,"H1,L1",1253965824.0,1253966336.0,processing,,1777947364.4477146
8388,4848,"H1,L1",1253965824.0,1253966336.0,processing,,1777947934.7079396
8389,4849,"H1,L1",1253965824.0,1253966336.0,processing,,1777948504.6865027
8390,4850,"H1,L1",1253965824.0,1253966336.0,processing,,1777949083.4561226
8391,4851,"H1,L1",1253965824.0,1253966336.0,processing,,1777949708.2089474
8392,4852,"H1,L1",1253965824.0,1253966336.0,processing,,1777950277.0531242
8393,4853,"H1,L1",1253965824.0,1253966336.0,processing,,1777950846.170447
8394,4854,"H1,L1",1253965824.0,1253966336.0,processing,,1777951417.6846778
8395,4855,"H1,L1",1253965824.0,1253966336.0,processing,,1777951989.9469407
8396,4856,"H1,L1",1253965824.0,1253966336.0,processing,,1777952560.4365966
8397,4857,"H1,L1",1253965824.0,1253966336.0,processing,,1777953131.7246807
8398,4858,"H1,L1",1253965824.0,1253966336.0,processing,,1777953771.4486306
8399,4859,"H1,L1",1253965824.0,1253966336.0,processing,,1777954398.4758277
8400,4860,"H1,L1",1253965824.0,1253966336.0,processing,,1777955039.7001255
8401,4861,"H1,L1",1253965824.0,1253966336.0,processing,,1777955609.4837565
8402,4862,"H1,L1",1253965824.0,1253966336.0,processing,,1777956176.72779
8403,4863,"H1,L1",1253965824.0,1253966336.0,processing,,1777956744.97008
8404,4864,"H1,L1",1253965824.0,1253966336.0,processing,,1777957310.954812
8405,4865,"H1,L1",1253965824.0,1253966336.0,processing,,1777957878.2544937
8406,4866,"H1,L1",1253965824.0,1253966336.0,processing,,1777958445.4442291
8407,4867,"H1,L1",1253965824.0,1253966336.0,processing,,1777959016.2071629
8408,4868,"H1,L1",1253965824.0,1253966336.0,processing,,1777959588.7441914
8409,4869,"H1,L1",1253965824.0,1253966336.0,processing,,1777960155.4690971
8410,4870,"H1,L1",1253965824.0,1253966336.0,processing,,1777960722.4558342
8411,4871,"H1,L1",1253965824.0,1253966336.0,processing,,1777961300.983021
8412,4872,"H1,L1",1253965824.0,1253966336.0,processing,,1777961877.721705
8413,4873,"H1,L1",1253965824.0,1253966336.0,processing,,1777962445.7236342
8414,4874,"H1,L1",1253965824.0,1253966336.0,processing,,1777963024.4515245
8415,4875,"H1,L1",1253965824.0,1253966336.0,processing,,1777963597.7024066
8416,4876,"H1,L1",1253965824.0,1253966336.0,processing,,1777964191.1942234
8417,4877,"H1,L1",1253965824.0,1253966336.0,processing,,1777964757.4728453
8418,4878,"H1,L1",1253965824.0,1253966336.0,processing,,1777965323.9672384
8419,4879,"H1,L1",1253965824.0,1253966336.0,processing,,1777965890.7373123
8420,4880,"H1,L1",1253965824.0,1253966336.0,processing,,1777966458.7252584
8421,4881,"H1,L1",1253965824.0,1253966336.0,processing,,1777967024.982905
8422,4882,"H1,L1",1253965824.0,1253966336.0,processing,,1777967596.4643345
8423,4883,"H1,L1",1253965824.0,1253966336.0,processing,,1777968168.7165942
8424,4884,"H1,L1",1253965824.0,1253966336.0,processing,,1777968751.2076032
8425,4885,"H1,L1",1253965824.0,1253966336.0,processing,,1777969323.7299643
8426,4886,"H1,L1",1253965824.0,1253966336.0,processing,,1777969891.945145
8427,4887,"H1,L1",1253965824.0,1253966336.0,processing,,1777970457.9636114
8428,4888,"H1,L1",1253965824.0,1253966336.0,processing,,1777971024.2022803
8429,4889,"H1,L1",1253965824.0,1253966336.0,processing,,1777971590.990991
8430,4890,"H1,L1",1253965824.0,1253966336.0,processing,,1777972159.190671
8431,4891,"H1,L1",1253965824.0,1253966336.0,processing,,1777972728.9461083
8432,4892,"H1,L1",1253965824.0,1253966336.0,processing,,1777973300.248407
8433,4893,"H1,L1",1253965824.0,1253966336.0,processing,,1777973937.4553163
8434,4894,"H1,L1",1253965824.0,1253966336.0,processing,,1777974552.4679906
8435,4895,"H1,L1",1253965824.0,1253966336.0,processing,,1777975129.9879823
8436,4896,"H1,L1",1253965824.0,1253966336.0,processing,,1777975697.4275265
8437,4897,"H1,L1",1253965824.0,1253966336.0,processing,,1777976264.7305596
8438,4898,"H1,L1",1253965824.0,1253966336.0,processing,,1777976831.9468572
8439,4899,"H1,L1",1253965824.0,1253966336.0,processing,,1777977400.666682
8440,4900,"H1,L1",1253965824.0,1253966336.0,processing,,1777977966.9461088
8441,4901,"H1,L1",1253965824.0,1253966336.0,processing,,1777978542.9445257
8442,4902,"H1,L1",1253965824.0,1253966336.0,processing,,1777979117.554178
8443,4903,"H1,L1",1253965824.0,1253966336.0,processing,,1777979690.475966
8444,4904,"H1,L1",1253965824.0,1253966336.0,processing,,1777980257.7100832
8445,4905,"H1,L1",1253965824.0,1253966336.0,processing,,1777980825.2092636
8446,4906,"H1,L1",1253965824.0,1253966336.0,processing,,1777981393.214132
8447,4907,"H1,L1",1253965824.0,1253966336.0,processing,,1777981961.9683397
8448,4908,"H1,L1",1253965824.0,1253966336.0,processing,,1777982529.4697893
8449,4909,"H1,L1",1253965824.0,1253966336.0,processing,,1777983107.4835134
8450,4910,"H1,L1",1253965824.0,1253966336.0,processing,,1777983675.2163446
8451,4911,"H1,L1",1253965824.0,1253966336.0,processing,,1777984255.4809222
8452,4912,"H1,L1",1253965824.0,1253966336.0,processing,,1777984825.6766698
8453,4913,"H1,L1",1253965824.0,1253966336.0,processing,,1777985392.453418
8454,4914,"H1,L1",1253965824.0,1253966336.0,processing,,1777985960.9783888
8455,4915,"H1,L1",1253965824.0,1253966336.0,processing,,1777986529.483828
8456,4916,"H1,L1",1253965824.0,1253966336.0,processing,,1777987097.2231088
8457,4917,"H1,L1",1253965824.0,1253966336.0,processing,,1777987664.4483733
8458,4918,"H1,L1",1253965824.0,1253966336.0,processing,,1777988231.21362
8459,4919,"H1,L1",1253965824.0,1253966336.0,processing,,1777988801.9608917
8460,4920,"H1,L1",1253965824.0,1253966336.0,processing,,1777989369.954849
8461,4921,"H1,L1",1253965824.0,1253966336.0,processing,,1777989937.9744756
8462,4922,"H1,L1",1253965824.0,1253966336.0,processing,,1777990504.9555757
8463,4923,"H1,L1",1253965824.0,1253966336.0,processing,,1777991070.9595668
8464,4924,"H1,L1",1253965824.0,1253966336.0,processing,,1777991640.186993
8465,4925,"H1,L1",1253965824.0,1253966336.0,processing,,1777992209.1956165
8466,4926,"H1,L1",1253965824.0,1253966336.0,processing,,1777992778.4649558
8467,4927,"H1,L1",1253965824.0,1253966336.0,processing,,1777993347.2111604
8468,4928,"H1,L1",1253965824.0,1253966336.0,processing,,1777993922.7296972
8469,4929,"H1,L1",1253965824.0,1253966336.0,processing,,1777994488.9624388
8470,4930,"H1,L1",1253965824.0,1253966336.0,processing,,1777995056.9489791
8471,4931,"H1,L1",1253965824.0,1253966336.0,processing,,1777995622.4443345
8472,4932,"H1,L1",1253965824.0,1253966336.0,processing,,1777996190.471664
8473,4933,"H1,L1",1253965824.0,1253966336.0,processing,,1777996837.4790556
8474,4934,"H1,L1",1253965824.0,1253966336.0,processing,,1777997468.21577
8475,4935,"H1,L1",1253965824.0,1253966336.0,processing,,1777998120.1873767
8476,4936,"H1,L1",1253965824.0,1253966336.0,processing,,1777998745.9670498
8477,4937,"H1,L1",1253965824.0,1253966336.0,processing,,1777999398.500395
8478,4938,"H1,L1",1253965824.0,1253966336.0,processing,,1777999967.699795
8479,4939,"H1,L1",1253965824.0,1253966336.0,processing,,1778000535.2327468
8480,4940,"H1,L1",1253965824.0,1253966336.0,processing,,1778001101.7160416
8481,4941,"H1,L1",1253965824.0,1253966336.0,processing,,1778001669.214506
8482,4942,"H1,L1",1253965824.0,1253966336.0,processing,,1778002238.195754
8483,4943,"H1,L1",1253965824.0,1253966336.0,processing,,1778002854.452572
8484,4944,"H1,L1",1253965824.0,1253966336.0,processing,,1778003420.230609
8485,4945,"H1,L1",1253965824.0,1253966336.0,processing,,1778003986.971598
8486,4946,"H1,L1",1253965824.0,1253966336.0,processing,,1778004554.21065
8487,4947,"H1,L1",1253965824.0,1253966336.0,processing,,1778005124.701172
8488,4948,"H1,L1",1253965824.0,1253966336.0,processing,,1778005693.466733
8489,4949,"H1,L1",1253965824.0,1253966336.0,processing,,1778006303.2278316
8490,4950,"H1,L1",1253965824.0,1253966336.0,processing,,1778006952.7171621
8491,4951,"H1,L1",1253965824.0,1253966336.0,processing,,1778007602.5337174
8492,4952,"H1,L1",1253965824.0,1253966336.0,processing,,1778008168.2349718
8493,4953,"H1,L1",1253965824.0,1253966336.0,processing,,1778008736.2157977
8494,4954,"H1,L1",1253965824.0,1253966336.0,processing,,1778009303.7526317
8495,4955,"H1,L1",1253965824.0,1253966336.0,processing,,1778009870.7367
8496,4956,"H1,L1",1253965824.0,1253966336.0,processing,,1778010439.4351656
8497,4957,"H1,L1",1253965824.0,1253966336.0,processing,,1778011110.7362187
8498,4958,"H1,L1",1253965824.0,1253966336.0,processing,,1778011677.477209
8499,4959,"H1,L1",1253965824.0,1253966336.0,processing,,1778012244.2059755
8500,4960,"H1,L1",1253965824.0,1253966336.0,processing,,1778012812.6948447
8501,4961,"H1,L1",1253965824.0,1253966336.0,processing,,1778013378.4881465
8502,4962,"H1,L1",1253965824.0,1253966336.0,processing,,1778013945.937885
8503,4963,"H1,L1",1253965824.0,1253966336.0,processing,,1778014518.2192695
8504,4964,"H1,L1",1253965824.0,1253966336.0,processing,,1778015087.2171981
8505,4965,"H1,L1",1253965824.0,1253966336.0,processing,,1778015655.249974
8506,4966,"H1,L1",1253965824.0,1253966336.0,processing,,1778016222.2197337
8507,4967,"H1,L1",1253965824.0,1253966336.0,processing,,1778016786.2759938
8508,4968,"H1,L1",1253965824.0,1253966336.0,processing,,1778017356.4519472
8509,4969,"H1,L1",1253965824.0,1253966336.0,processing,,1778017927.9733162
8510,4970,"H1,L1",1253965824.0,1253966336.0,processing,,1778018620.7320657
8511,4971,"H1,L1",1253965824.0,1253966336.0,processing,,1778019251.980534
8512,4972,"H1,L1",1253965824.0,1253966336.0,processing,,1778019928.204121
8513,4973,"H1,L1",1253965824.0,1253966336.0,processing,,1778020589.2205188
8514,4974,"H1,L1",1253965824.0,1253966336.0,processing,,1778021221.2130802
8515,4975,"H1,L1",1253965824.0,1253966336.0,processing,,1778021787.4615006
8516,4976,"H1,L1",1253965824.0,1253966336.0,processing,,1778022355.4615939
8517,4977,"H1,L1",1253965824.0,1253966336.0,processing,,1778022921.4356685
8518,4978,"H1,L1",1253965824.0,1253966336.0,processing,,1778023490.233578
8519,4979,"H1,L1",1253965824.0,1253966336.0,processing,,1778024130.7130706
8520,4980,"H1,L1",1253965824.0,1253966336.0,processing,,1778024799.221058
8521,4981,"H1,L1",1253965824.0,1253966336.0,processing,,1778025366.4391282
8522,4982,"H1,L1",1253965824.0,1253966336.0,processing,,1778025933.2243807
8523,4983,"H1,L1",1253965824.0,1253966336.0,processing,,1778026501.2109132
8524,4984,"H1,L1",1253965824.0,1253966336.0,processing,,1778027069.964799
8525,4985,"H1,L1",1253965824.0,1253966336.0,processing,,1778027638.45832
8526,4986,"H1,L1",1253965824.0,1253966336.0,processing,,1778028381.9729614
8527,4987,"H1,L1",1253965824.0,1253966336.0,processing,,1778029089.2041345
8528,4988,"H1,L1",1253965824.0,1253966336.0,processing,,1778029703.493612
8529,4989,"H1,L1",1253965824.0,1253966336.0,processing,,1778030272.454256
8530,4990,"H1,L1",1253965824.0,1253966336.0,processing,,1778030839.995662
8531,4991,"H1,L1",1253965824.0,1253966336.0,processing,,1778031408.195837
8532,4992,"H1,L1",1253965824.0,1253966336.0,processing,,1778031977.1929939
8533,4993,"H1,L1",1253965824.0,1253966336.0,processing,,1778032546.4808385
8534,4994,"H1,L1",1253965824.0,1253966336.0,processing,,1778033113.705699
8535,4995,"H1,L1",1253965824.0,1253966336.0,processing,,1778033732.6945748
8536,4996,"H1,L1",1253965824.0,1253966336.0,processing,,1778034306.9571848
8537,4997,"H1,L1",1253965824.0,1253966336.0,processing,,1778034875.4329572
8538,4998,"H1,L1",1253965824.0,1253966336.0,processing,,1778035442.7214446
8539,4999,"H1,L1",1253965824.0,1253966336.0,processing,,1778036009.1878357
8540,5000,"H1,L1",1253965824.0,1253966336.0,processing,,1778036576.4406567
8541,5001,"H1,L1",1253965824.0,1253966336.0,processing,,1778037147.6925447
8542,5002,"H1,L1",1253965824.0,1253966336.0,processing,,1778037716.219276
8543,5003,"H1,L1",1253965824.0,1253966336.0,processing,,1778038316.212154
8544,5004,"H1,L1",1253965824.0,1253966336.0,processing,,1778038882.9907017
8545,5005,"H1,L1",1253965824.0,1253966336.0,processing,,1778039451.2933993
8546,5006,"H1,L1",1253965824.0,1253966336.0,processing,,1778040015.195005
8547,5007,"H1,L1",1253965824.0,1253966336.0,processing,,1778040581.2023094
8548,5008,"H1,L1",1253965824.0,1253966336.0,processing,,1778041148.9583106
8549,5009,"H1,L1",1253965824.0,1253966336.0,processing,,1778041713.464991
8550,5010,"H1,L1",1253965824.0,1253966336.0,processing,,1778042284.9504766
8551,5011,"H1,L1",1253965824.0,1253966336.0,processing,,1778042932.2132452
8552,5012,"H1,L1",1253965824.0,1253966336.0,processing,,1778043495.440601
8553,5013,"H1,L1",1253965824.0,1253966336.0,processing,,1778044061.2189562
8554,5014,"H1,L1",1253965824.0,1253966336.0,processing,,1778044626.96969
8555,5015,"H1,L1",1253965824.0,1253966336.0,processing,,1778045195.230485
8556,5016,"H1,L1",1253965824.0,1253966336.0,processing,,1778045764.201365
8557,5017,"H1,L1",1253965824.0,1253966336.0,processing,,1778046334.9909592
8558,5018,"H1,L1",1253965824.0,1253966336.0,processing,,1778046908.4728532
8559,5019,"H1,L1",1253965824.0,1253966336.0,processing,,1778047642.4671657
8560,5020,"H1,L1",1253965824.0,1253966336.0,processing,,1778048209.2393305
8561,5021,"H1,L1",1253965824.0,1253966336.0,processing,,1778048776.1882992
8562,5022,"H1,L1",1253965824.0,1253966336.0,processing,,1778049343.1739857
8563,5023,"H1,L1",1253965824.0,1253966336.0,processing,,1778049910.9529853
8564,5024,"H1,L1",1253965824.0,1253966336.0,processing,,1778050478.9460793
8565,5025,"H1,L1",1253965824.0,1253966336.0,processing,,1778051044.941807
8566,5026,"H1,L1",1253965824.0,1253966336.0,processing,,1778051619.2369866
8567,5027,"H1,L1",1253965824.0,1253966336.0,processing,,1778052186.1980603
8568,5028,"H1,L1",1253965824.0,1253966336.0,processing,,1778052764.703895
8569,5029,"H1,L1",1253965824.0,1253966336.0,processing,,1778053331.9491856
8570,5030,"H1,L1",1253965824.0,1253966336.0,processing,,1778053900.739729
8571,5031,"H1,L1",1253965824.0,1253966336.0,processing,,1778054467.212428
8572,5032,"H1,L1",1253965824.0,1253966336.0,processing,,1778055033.9485102
8573,5033,"H1,L1",1253965824.0,1253966336.0,processing,,1778055621.205003
8574,5034,"H1,L1",1253965824.0,1253966336.0,processing,,1778056187.9502382
8575,5035,"H1,L1",1253965824.0,1253966336.0,processing,,1778056755.4691472
8576,5036,"H1,L1",1253965824.0,1253966336.0,processing,,1778057320.726776
8577,5037,"H1,L1",1253965824.0,1253966336.0,processing,,1778057888.221171
8578,5038,"H1,L1",1253965824.0,1253966336.0,processing,,1778058455.160368
8579,5039,"H1,L1",1253965824.0,1253966336.0,processing,,1778059021.9732864
8580,5040,"H1,L1",1253965824.0,1253966336.0,processing,,1778059645.208526
8581,5041,"H1,L1",1253965824.0,1253966336.0,processing,,1778060210.6875308
8582,5042,"H1,L1",1253965824.0,1253966336.0,processing,,1778060777.7257135
8583,5043,"H1,L1",1253965824.0,1253966336.0,processing,,1778061343.9826741
8584,5044,"H1,L1",1253965824.0,1253966336.0,processing,,1778061912.9718156
8585,5045,"H1,L1",1253965824.0,1253966336.0,processing,,1778062480.9449818
8586,5046,"H1,L1",1253965824.0,1253966336.0,processing,,1778063050.4850328
8587,5047,"H1,L1",1253965824.0,1253966336.0,processing,,1778063616.4410696
8588,5048,"H1,L1",1253965824.0,1253966336.0,processing,,1778064183.190384
8589,5049,"H1,L1",1253965824.0,1253966336.0,processing,,1778064751.1820974
8590,5050,"H1,L1",1253965824.0,1253966336.0,processing,,1778065329.7068763
8591,5051,"H1,L1",1253965824.0,1253966336.0,processing,,1778065898.4591916
8592,5052,"H1,L1",1253965824.0,1253966336.0,processing,,1778066464.9710684
8593,5053,"H1,L1",1253965824.0,1253966336.0,processing,,1778067035.4663706
8594,5054,"H1,L1",1253965824.0,1253966336.0,processing,,1778067678.9710135
8595,5055,"H1,L1",1253965824.0,1253966336.0,processing,,1778068248.9437895
8596,5056,"H1,L1",1253965824.0,1253966336.0,processing,,1778068816.2101617
8597,5057,"H1,L1",1253965824.0,1253966336.0,processing,,1778069383.4512947
8598,5058,"H1,L1",1253965824.0,1253966336.0,processing,,1778069960.9655058
8599,5059,"H1,L1",1253965824.0,1253966336.0,processing,,1778070529.7426324
8600,5060,"H1,L1",1253965824.0,1253966336.0,processing,,1778071100.7309363
8601,5061,"H1,L1",1253965824.0,1253966336.0,processing,,1778071674.2186284
8602,5062,"H1,L1",1253965824.0,1253966336.0,processing,,1778072244.212241
8603,5063,"H1,L1",1253965824.0,1253966336.0,processing,,1778072810.7008743
8604,5064,"H1,L1",1253965824.0,1253966336.0,processing,,1778073392.953001
8605,5065,"H1,L1",1253965824.0,1253966336.0,processing,,1778073960.9597456
8606,5066,"H1,L1",1253965824.0,1253966336.0,processing,,1778074529.47005
8607,5067,"H1,L1",1253965824.0,1253966336.0,processing,,1778075098.207468
8608,5068,"H1,L1",1253965824.0,1253966336.0,processing,,1778075670.7236123
8609,5069,"H1,L1",1253965824.0,1253966336.0,processing,,1778076319.2344859
8610,5070,"H1,L1",1253965824.0,1253966336.0,processing,,1778076886.234427
8611,5071,"H1,L1",1253965824.0,1253966336.0,processing,,1778077454.4603293
8612,5072,"H1,L1",1253965824.0,1253966336.0,processing,,1778078020.934464
8613,5073,"H1,L1",1253965824.0,1253966336.0,processing,,1778078589.2416446
8614,5074,"H1,L1",1253965824.0,1253966336.0,processing,,1778079160.2334993
8615,5075,"H1,L1",1253965824.0,1253966336.0,processing,,1778079730.4873676
8616,5076,"H1,L1",1253965824.0,1253966336.0,processing,,1778080308.9559026
8617,5077,"H1,L1",1253965824.0,1253966336.0,processing,,1778080907.9511669
8618,5078,"H1,L1",1253965824.0,1253966336.0,processing,,1778081545.2266743
8619,5079,"H1,L1",1253965824.0,1253966336.0,processing,,1778082111.4783201
8620,5080,"H1,L1",1253965824.0,1253966336.0,processing,,1778082680.6855533
8621,5081,"H1,L1",1253965824.0,1253966336.0,processing,,1778083248.1920779
8622,5082,"H1,L1",1253965824.0,1253966336.0,processing,,1778083899.753625
8623,5083,"H1,L1",1253965824.0,1253966336.0,processing,,1778084466.9765112
8624,5084,"H1,L1",1253965824.0,1253966336.0,processing,,1778085035.7378497
8625,5085,"H1,L1",1253965824.0,1253966336.0,processing,,1778085604.679256
8626,5086,"H1,L1",1253965824.0,1253966336.0,processing,,1778086173.468819
8627,5087,"H1,L1",1253965824.0,1253966336.0,processing,,1778086739.1862135
8628,5088,"H1,L1",1253965824.0,1253966336.0,processing,,1778087307.4339695
8629,5089,"H1,L1",1253965824.0,1253966336.0,processing,,1778087872.9426506
8630,5090,"H1,L1",1253965824.0,1253966336.0,processing,,1778088440.2282705
8631,5091,"H1,L1",1253965824.0,1253966336.0,processing,,1778089009.6973417
8632,5092,"H1,L1",1253965824.0,1253966336.0,processing,,1778089577.4815385
8633,5093,"H1,L1",1253965824.0,1253966336.0,processing,,1778090144.947214
8634,5094,"H1,L1",1253965824.0,1253966336.0,processing,,1778090710.7226396
8635,5095,"H1,L1",1253965824.0,1253966336.0,processing,,1778091278.925672
8636,5096,"H1,L1",1253965824.0,1253966336.0,processing,,1778091846.7238846
8637,5097,"H1,L1",1253965824.0,1253966336.0,processing,,1778092414.7110417
8638,5098,"H1,L1",1253965824.0,1253966336.0,processing,,1778092992.2400465
8639,5099,"H1,L1",1253965824.0,1253966336.0,processing,,1778093647.6803272
8640,5100,"H1,L1",1253965824.0,1253966336.0,processing,,1778094421.9853106
8641,5101,"H1,L1",1253965824.0,1253966336.0,processing,,1778095100.181737
8642,5102,"H1,L1",1253965824.0,1253966336.0,processing,,1778095742.221783
8643,5103,"H1,L1",1253965824.0,1253966336.0,processing,,1778096386.213019
8644,5104,"H1,L1",1253965824.0,1253966336.0,processing,,1778097061.6953726
8645,5105,"H1,L1",1253965824.0,1253966336.0,processing,,1778097724.7047226
8646,5106,"H1,L1",1253965824.0,1253966336.0,processing,,1778098414.6977696
8647,5107,"H1,L1",1253965824.0,1253966336.0,processing,,1778099097.1884742
8648,5108,"H1,L1",1253965824.0,1253966336.0,processing,,1778099773.9708538
8649,5109,"H1,L1",1253965824.0,1253966336.0,processing,,1778100434.7183163
8650,5110,"H1,L1",1253965824.0,1253966336.0,processing,,1778101147.220937
8651,5111,"H1,L1",1253965824.0,1253966336.0,processing,,1778101801.2184546
8652,5112,"H1,L1",1253965824.0,1253966336.0,processing,,1778102447.7149618
8653,5113,"H1,L1",1253965824.0,1253966336.0,processing,,1778103125.7008126
8654,5114,"H1,L1",1253965824.0,1253966336.0,processing,,1778103839.4418006
8655,5115,"H1,L1",1253965824.0,1253966336.0,processing,,1778104521.7094715
8656,5116,"H1,L1",1253965824.0,1253966336.0,processing,,1778105208.2002475
8657,5117,"H1,L1",1253965824.0,1253966336.0,processing,,1778105916.47015
8658,5118,"H1,L1",1253965824.0,1253966336.0,processing,,1778106633.4820392
8659,5119,"H1,L1",1253965824.0,1253966336.0,processing,,1778107334.6836474
8660,5120,"H1,L1",1253965824.0,1253966336.0,processing,,1778107989.7602801
8661,5121,"H1,L1",1253965824.0,1253966336.0,processing,,1778108556.9631467
8662,5122,"H1,L1",1253965824.0,1253966336.0,processing,,1778109122.4633138
8663,5123,"H1,L1",1253965824.0,1253966336.0,processing,,1778109688.2015238
8664,5124,"H1,L1",1253965824.0,1253966336.0,processing,,1778110257.2073247
8665,5125,"H1,L1",1253965824.0,1253966336.0,processing,,1778110825.7040455
8666,5126,"H1,L1",1253965824.0,1253966336.0,processing,,1778111393.2579026
8667,5127,"H1,L1",1253965824.0,1253966336.0,processing,,1778111959.2077584
8668,5128,"H1,L1",1253965824.0,1253966336.0,processing,,1778112526.9442072
8669,5129,"H1,L1",1253965824.0,1253966336.0,processing,,1778113093.482222
8670,5130,"H1,L1",1253965824.0,1253966336.0,processing,,1778113659.2194366
8671,5131,"H1,L1",1253965824.0,1253966336.0,processing,,1778114227.217376
8672,5132,"H1,L1",1253965824.0,1253966336.0,processing,,1778114796.4497316
8673,5133,"H1,L1",1253965824.0,1253966336.0,processing,,1778115363.457587
8674,5134,"H1,L1",1253965824.0,1253966336.0,processing,,1778115931.4731207
8675,5135,"H1,L1",1253965824.0,1253966336.0,processing,,1778116497.731333
8676,5136,"H1,L1",1253965824.0,1253966336.0,processing,,1778117066.9771898
8677,5137,"H1,L1",1253965824.0,1253966336.0,processing,,1778117633.9887476
8678,5138,"H1,L1",1253965824.0,1253966336.0,processing,,1778118202.1841
8679,5139,"H1,L1",1253965824.0,1253966336.0,processing,,1778118771.2418866
8680,5140,"H1,L1",1253965824.0,1253966336.0,processing,,1778119340.2254903
8681,5141,"H1,L1",1253965824.0,1253966336.0,processing,,1778119907.443395
8682,5142,"H1,L1",1253965824.0,1253966336.0,processing,,1778120474.7169676
8683,5143,"H1,L1",1253965824.0,1253966336.0,processing,,1778121043.477137
8684,5144,"H1,L1",1253965824.0,1253966336.0,processing,,1778121612.4739664
8685,5145,"H1,L1",1253965824.0,1253966336.0,processing,,1778122180.7289453
8686,5146,"H1,L1",1253965824.0,1253966336.0,processing,,1778122747.9461713
8687,5147,"H1,L1",1253965824.0,1253966336.0,processing,,1778123313.2090778
8688,5148,"H1,L1",1253965824.0,1253966336.0,processing,,1778123882.4839823
8689,5149,"H1,L1",1253965824.0,1253966336.0,processing,,1778124449.7008631
8690,5150,"H1,L1",1253965824.0,1253966336.0,processing,,1778125018.2052252
8691,5151,"H1,L1",1253965824.0,1253966336.0,processing,,1778125587.0737016
8692,5152,"H1,L1",1253965824.0,1253966336.0,processing,,1778126156.7244275
8693,5153,"H1,L1",1253965824.0,1253966336.0,processing,,1778126725.461574
8694,5154,"H1,L1",1253965824.0,1253966336.0,processing,,1778127293.7300808
8695,5155,"H1,L1",1253965824.0,1253966336.0,processing,,1778127860.2068121
8696,5156,"H1,L1",1253965824.0,1253966336.0,processing,,1778128427.960011
8697,5157,"H1,L1",1253965824.0,1253966336.0,processing,,1778128994.9609184
8698,5158,"H1,L1",1253965824.0,1253966336.0,processing,,1778129562.2390463
8699,5159,"H1,L1",1253965824.0,1253966336.0,processing,,1778130129.9950483
8700,5160,"H1,L1",1253965824.0,1253966336.0,processing,,1778130702.9750156
8701,5161,"H1,L1",1253965824.0,1253966336.0,processing,,1778131272.2125633
8702,5162,"H1,L1",1253965824.0,1253966336.0,processing,,1778131839.4431808
8703,5163,"H1,L1",1253965824.0,1253966336.0,processing,,1778132405.9431047
8704,5164,"H1,L1",1253965824.0,1253966336.0,processing,,1778132974.454574
8705,5165,"H1,L1",1253965824.0,1253966336.0,processing,,1778133542.224679
8706,5166,"H1,L1",1253965824.0,1253966336.0,processing,,1778134108.7207563
8707,5167,"H1,L1",1253965824.0,1253966336.0,processing,,1778134678.6966658
8708,5168,"H1,L1",1253965824.0,1253966336.0,processing,,1778135246.2235699
8709,5169,"H1,L1",1253965824.0,1253966336.0,processing,,1778135816.9603195
8710,5170,"H1,L1",1253965824.0,1253966336.0,processing,,1778136386.9730048
8711,5171,"H1,L1",1253965824.0,1253966336.0,processing,,1778136956.503485
8712,5172,"H1,L1",1253965824.0,1253966336.0,processing,,1778137524.4919937
8713,5173,"H1,L1",1253965824.0,1253966336.0,processing,,1778138090.7021961
8714,5174,"H1,L1",1253965824.0,1253966336.0,processing,,1778138659.4774103
8715,5175,"H1,L1",1253965824.0,1253966336.0,processing,,1778139227.4736543
8716,5176,"H1,L1",1253965824.0,1253966336.0,processing,,1778139801.715406
8717,5177,"H1,L1",1253965824.0,1253966336.0,processing,,1778140370.7279983
8718,5178,"H1,L1",1253965824.0,1253966336.0,processing,,1778140937.48564
8719,5179,"H1,L1",1253965824.0,1253966336.0,processing,,1778141509.6897585
8720,5180,"H1,L1",1253965824.0,1253966336.0,processing,,1778142076.931842
8721,5181,"H1,L1",1253965824.0,1253966336.0,processing,,1778142643.4646292
8722,5182,"H1,L1",1253965824.0,1253966336.0,processing,,1778143211.9791517
8723,5183,"H1,L1",1253965824.0,1253966336.0,processing,,1778143782.7616532
8724,5184,"H1,L1",1253965824.0,1253966336.0,processing,,1778144350.2229798
8725,5185,"H1,L1",1253965824.0,1253966336.0,processing,,1778144920.1962202
8726,5186,"H1,L1",1253965824.0,1253966336.0,processing,,1778145489.7240267
8727,5187,"H1,L1",1253965824.0,1253966336.0,processing,,1778146057.4558575
8728,5188,"H1,L1",1253965824.0,1253966336.0,processing,,1778146625.9644558
8729,5189,"H1,L1",1253965824.0,1253966336.0,processing,,1778147191.713573
8730,5190,"H1,L1",1253965824.0,1253966336.0,processing,,1778147758.4491177
8731,5191,"H1,L1",1253965824.0,1253966336.0,processing,,1778148325.719245
8732,5192,"H1,L1",1253965824.0,1253966336.0,processing,,1778148891.6992795
8733,5193,"H1,L1",1253965824.0,1253966336.0,processing,,1778149464.2320604
8734,5194,"H1,L1",1253965824.0,1253966336.0,processing,,1778150033.2191792
8735,5195,"H1,L1",1253965824.0,1253966336.0,processing,,1778150598.4507327
8736,5196,"H1,L1",1253965824.0,1253966336.0,processing,,1778151165.4535723
8737,5197,"H1,L1",1253965824.0,1253966336.0,processing,,1778151733.727915
8738,5198,"H1,L1",1253965824.0,1253966336.0,processing,,1778152301.9451392
8739,5199,"H1,L1",1253965824.0,1253966336.0,processing,,1778152867.978696
8740,5200,"H1,L1",1253965824.0,1253966336.0,processing,,1778153437.1961017
8741,5201,"H1,L1",1253965824.0,1253966336.0,processing,,1778154004.9836078
8742,5202,"H1,L1",1253965824.0,1253966336.0,processing,,1778154574.707922
8743,5203,"H1,L1",1253965824.0,1253966336.0,processing,,1778155143.9414635
8744,5204,"H1,L1",1253965824.0,1253966336.0,processing,,1778155711.6906419
8745,5205,"H1,L1",1253965824.0,1253966336.0,processing,,1778156279.7185366
8746,5206,"H1,L1",1253965824.0,1253966336.0,processing,,1778156848.4685307
8747,5207,"H1,L1",1253965824.0,1253966336.0,processing,,1778157417.9668043
8748,5208,"H1,L1",1253965824.0,1253966336.0,processing,,1778157985.490775
8749,5209,"H1,L1",1253965824.0,1253966336.0,processing,,1778158555.22813
8750,5210,"H1,L1",1253965824.0,1253966336.0,processing,,1778159122.4614594
8751,5211,"H1,L1",1253965824.0,1253966336.0,processing,,1778159688.472623
8752,5212,"H1,L1",1253965824.0,1253966336.0,processing,,1778160255.6938756
8753,5213,"H1,L1",1253965824.0,1253966336.0,processing,,1778160824.9759743
8754,5214,"H1,L1",1253965824.0,1253966336.0,processing,,1778161392.7127402
8755,5215,"H1,L1",1253965824.0,1253966336.0,processing,,1778161959.9659698
8756,5216,"H1,L1",1253965824.0,1253966336.0,processing,,1778162533.1732354
8757,5217,"H1,L1",1253965824.0,1253966336.0,processing,,1778163102.2307065
8758,5218,"H1,L1",1253965824.0,1253966336.0,processing,,1778163671.2105434
8759,5219,"H1,L1",1253965824.0,1253966336.0,processing,,1778164239.986508
8760,5220,"H1,L1",1253965824.0,1253966336.0,processing,,1778164813.4753242
8761,5221,"H1,L1",1253965824.0,1253966336.0,processing,,1778165382.6555135
8762,5222,"H1,L1",1253965824.0,1253966336.0,processing,,1778165951.4670942
8763,5223,"H1,L1",1253965824.0,1253966336.0,processing,,1778166519.989935
8764,5224,"H1,L1",1253965824.0,1253966336.0,processing,,1778167088.6922061
8765,5225,"H1,L1",1253965824.0,1253966336.0,processing,,1778167657.9674807
8766,5226,"H1,L1",1253965824.0,1253966336.0,processing,,1778168227.9808924
8767,5227,"H1,L1",1253965824.0,1253966336.0,processing,,1778168797.7183414
8768,5228,"H1,L1",1253965824.0,1253966336.0,processing,,1778169363.982468
8769,5229,"H1,L1",1253965824.0,1253966336.0,processing,,1778169938.693574
8770,5230,"H1,L1",1253965824.0,1253966336.0,processing,,1778170507.1916354
8771,5231,"H1,L1",1253965824.0,1253966336.0,processing,,1778171075.479602
8772,5232,"H1,L1",1253965824.0,1253966336.0,processing,,1778171646.4731224
8773,5233,"H1,L1",1253965824.0,1253966336.0,processing,,1778172214.9774482
8774,5234,"H1,L1",1253965824.0,1253966336.0,processing,,1778172782.7020602
8775,5235,"H1,L1",1253965824.0,1253966336.0,processing,,1778173351.2093391
8776,5236,"H1,L1",1253965824.0,1253966336.0,processing,,1778173919.694404
8777,5237,"H1,L1",1253965824.0,1253966336.0,processing,,1778174487.467629
8778,5238,"H1,L1",1253965824.0,1253966336.0,processing,,1778175057.2148786
8779,5239,"H1,L1",1253965824.0,1253966336.0,processing,,1778175622.9682782
8780,5240,"H1,L1",1253965824.0,1253966336.0,processing,,1778176189.9769788
8781,5241,"H1,L1",1253965824.0,1253966336.0,processing,,1778176758.4708693
8782,5242,"H1,L1",1253965824.0,1253966336.0,processing,,1778177326.4906006
8783,5243,"H1,L1",1253965824.0,1253966336.0,processing,,1778177902.9973903
8784,5244,"H1,L1",1253965824.0,1253966336.0,processing,,1778178470.976592
8785,5245,"H1,L1",1253965824.0,1253966336.0,processing,,1778179036.2151322
8786,5246,"H1,L1",1253965824.0,1253966336.0,processing,,1778179602.4550073
8787,5247,"H1,L1",1253965824.0,1253966336.0,processing,,1778180169.206879
8788,5248,"H1,L1",1253965824.0,1253966336.0,processing,,1778180736.9800494
8789,5249,"H1,L1",1253965824.0,1253966336.0,processing,,1778181301.992204
8790,5250,"H1,L1",1253965824.0,1253966336.0,processing,,1778181869.7185209
8791,5251,"H1,L1",1253965824.0,1253966336.0,processing,,1778182434.1811779
8792,5252,"H1,L1",1253965824.0,1253966336.0,processing,,1778183003.9540925
8793,5253,"H1,L1",1253965824.0,1253966336.0,processing,,1778183571.981686
8794,5254,"H1,L1",1253965824.0,1253966336.0,processing,,1778184140.22029
8795,5255,"H1,L1",1253965824.0,1253966336.0,processing,,1778184706.7257237
8796,5256,"H1,L1",1253965824.0,1253966336.0,processing,,1778185274.715969
8797,5257,"H1,L1",1253965824.0,1253966336.0,processing,,1778185840.7465243
8798,5258,"H1,L1",1253965824.0,1253966336.0,processing,,1778186406.7293043
8799,5259,"H1,L1",1253965824.0,1253966336.0,processing,,1778186974.2174118
8800,5260,"H1,L1",1253965824.0,1253966336.0,processing,,1778187542.723632
8801,5261,"H1,L1",1253965824.0,1253966336.0,processing,,1778188107.7262387
8802,5262,"H1,L1",1253965824.0,1253966336.0,processing,,1778188674.9621613
8803,5263,"H1,L1",1253965824.0,1253966336.0,processing,,1778189240.7329042
8804,5264,"H1,L1",1253965824.0,1253966336.0,processing,,1778189809.0034287
8805,5265,"H1,L1",1253965824.0,1253966336.0,processing,,1778190373.9662988
8806,5266,"H1,L1",1253965824.0,1253966336.0,processing,,1778190942.4667246
8807,5267,"H1,L1",1253965824.0,1253966336.0,processing,,1778191509.7317314
8808,5268,"H1,L1",1253965824.0,1253966336.0,processing,,1778192077.2054482
8809,5269,"H1,L1",1253965824.0,1253966336.0,processing,,1778192646.7392995
8810,5270,"H1,L1",1253965824.0,1253966336.0,processing,,1778193216.702241
8811,5271,"H1,L1",1253965824.0,1253966336.0,processing,,1778193781.9528708
8812,5272,"H1,L1",1253965824.0,1253966336.0,processing,,1778194350.2289853
8813,5273,"H1,L1",1253965824.0,1253966336.0,processing,,1778194917.4795475
8814,5274,"H1,L1",1253965824.0,1253966336.0,processing,,1778195485.9617326
8815,5275,"H1,L1",1253965824.0,1253966336.0,processing,,1778196054.4711366
8816,5276,"H1,L1",1253965824.0,1253966336.0,processing,,1778196622.699409
8817,5277,"H1,L1",1253965824.0,1253966336.0,processing,,1778197191.4475765
8818,5278,"H1,L1",1253965824.0,1253966336.0,processing,,1778197758.958272
8819,5279,"H1,L1",1253965824.0,1253966336.0,processing,,1778198327.4540439
8820,5280,"H1,L1",1253965824.0,1253966336.0,processing,,1778198895.2197042
8821,5281,"H1,L1",1253965824.0,1253966336.0,processing,,1778199463.9670336
8822,5282,"H1,L1",1253965824.0,1253966336.0,processing,,1778200031.987941
8823,5283,"H1,L1",1253965824.0,1253966336.0,processing,,1778200600.1888342
8824,5284,"H1,L1",1253965824.0,1253966336.0,processing,,1778201166.4969635
8825,5285,"H1,L1",1253965824.0,1253966336.0,processing,,1778201744.719372
8826,5286,"H1,L1",1253965824.0,1253966336.0,processing,,1778202310.2230794
8827,5287,"H1,L1",1253965824.0,1253966336.0,processing,,1778202879.964414
8828,5288,"H1,L1",1253965824.0,1253966336.0,processing,,1778203448.4675488
8829,5289,"H1,L1",1253965824.0,1253966336.0,processing,,1778204018.453292
8830,5290,"H1,L1",1253965824.0,1253966336.0,processing,,1778204583.9395118
8831,5291,"H1,L1",1253965824.0,1253966336.0,processing,,1778205151.7220027
8832,5292,"H1,L1",1253965824.0,1253966336.0,processing,,1778205719.4712145
8833,5293,"H1,L1",1253965824.0,1253966336.0,processing,,1778206287.7055283
8834,5294,"H1,L1",1253965824.0,1253966336.0,processing,,1778206854.7110875
8835,5295,"H1,L1",1253965824.0,1253966336.0,processing,,1778207423.212769
8836,5296,"H1,L1",1253965824.0,1253966336.0,processing,,1778207991.488559
8837,5297,"H1,L1",1253965824.0,1253966336.0,processing,,1778208559.2050333
8838,5298,"H1,L1",1253965824.0,1253966336.0,processing,,1778209126.281735
8839,5299,"H1,L1",1253965824.0,1253966336.0,processing,,1778209692.7150295
8840,5300,"H1,L1",1253965824.0,1253966336.0,processing,,1778210261.217772
8841,5301,"H1,L1",1253965824.0,1253966336.0,processing,,1778210826.9786048
8842,5302,"H1,L1",1253965824.0,1253966336.0,processing,,1778211395.7116761
8843,5303,"H1,L1",1253965824.0,1253966336.0,processing,,1778211963.2025008
8844,5304,"H1,L1",1253965824.0,1253966336.0,processing,,1778212531.2135968
8845,5305,"H1,L1",1253965824.0,1253966336.0,processing,,1778213097.7275662
8846,5306,"H1,L1",1253965824.0,1253966336.0,processing,,1778213667.4440289
8847,5307,"H1,L1",1253965824.0,1253966336.0,processing,,1778214233.706627
8848,5308,"H1,L1",1253965824.0,1253966336.0,processing,,1778214803.4760509
8849,5309,"H1,L1",1253965824.0,1253966336.0,processing,,1778215371.7191348
8850,5310,"H1,L1",1253965824.0,1253966336.0,processing,,1778215940.7180612
8851,5311,"H1,L1",1253965824.0,1253966336.0,processing,,1778216505.4747653
8852,5312,"H1,L1",1253965824.0,1253966336.0,processing,,1778217074.2273579
8853,5313,"H1,L1",1253965824.0,1253966336.0,processing,,1778217640.452523
8854,5314,"H1,L1",1253965824.0,1253966336.0,processing,,1778218207.4593027
8855,5315,"H1,L1",1253965824.0,1253966336.0,processing,,1778218774.7022378
8856,5316,"H1,L1",1253965824.0,1253966336.0,processing,,1778219342.7286646
8857,5317,"H1,L1",1253965824.0,1253966336.0,processing,,1778219912.482876
8858,5318,"H1,L1",1253965824.0,1253966336.0,processing,,1778220480.215246
8859,5319,"H1,L1",1253965824.0,1253966336.0,processing,,1778221049.1947346
8860,5320,"H1,L1",1253965824.0,1253966336.0,processing,,1778221616.7275019
8861,5321,"H1,L1",1253965824.0,1253966336.0,processing,,1778222184.8154714
8862,5322,"H1,L1",1253965824.0,1253966336.0,processing,,1778222753.9420693
8863,5323,"H1,L1",1253965824.0,1253966336.0,processing,,1778223320.2014167
8864,5324,"H1,L1",1253965824.0,1253966336.0,processing,,1778223897.2219996
8865,5325,"H1,L1",1253965824.0,1253966336.0,processing,,1778224466.18494
8866,5326,"H1,L1",1253965824.0,1253966336.0,processing,,1778225033.7075894
8867,5327,"H1,L1",1253965824.0,1253966336.0,processing,,1778225599.7332282
8868,5328,"H1,L1",1253965824.0,1253966336.0,processing,,1778226167.2308202
8869,5329,"H1,L1",1253965824.0,1253966336.0,processing,,1778226734.46311
8870,5330,"H1,L1",1253965824.0,1253966336.0,processing,,1778227302.2396967
8871,5331,"H1,L1",1253965824.0,1253966336.0,processing,,1778227870.459451
8872,5332,"H1,L1",1253965824.0,1253966336.0,processing,,1778228438.2344522
8873,5333,"H1,L1",1253965824.0,1253966336.0,processing,,1778229007.707201
8874,5334,"H1,L1",1253965824.0,1253966336.0,processing,,1778229576.465339
8875,5335,"H1,L1",1253965824.0,1253966336.0,processing,,1778230144.4566762
8876,5336,"H1,L1",1253965824.0,1253966336.0,processing,,1778230714.4904003
8877,5337,"H1,L1",1253965824.0,1253966336.0,processing,,1778231282.470261
8878,5338,"H1,L1",1253965824.0,1253966336.0,processing,,1778231851.7406747
8879,5339,"H1,L1",1253965824.0,1253966336.0,processing,,1778232419.6827025
8880,5340,"H1,L1",1253965824.0,1253966336.0,processing,,1778232987.7039046
8881,5341,"H1,L1",1253965824.0,1253966336.0,processing,,1778233554.195921
8882,5342,"H1,L1",1253965824.0,1253966336.0,processing,,1778234122.7161267
8883,5343,"H1,L1",1253965824.0,1253966336.0,processing,,1778234691.2318418
8884,5344,"H1,L1",1253965824.0,1253966336.0,processing,,1778235259.953097
8885,5345,"H1,L1",1253965824.0,1253966336.0,processing,,1778235828.24633
8886,5346,"H1,L1",1253965824.0,1253966336.0,processing,,1778236395.2310343
8887,5347,"H1,L1",1253965824.0,1253966336.0,processing,,1778236962.6944125
8888,5348,"H1,L1",1253965824.0,1253966336.0,processing,,1778237533.4840422
8889,5349,"H1,L1",1253965824.0,1253966336.0,processing,,1778238102.5039153
8890,5350,"H1,L1",1253965824.0,1253966336.0,processing,,1778238672.478251
8891,5351,"H1,L1",1253965824.0,1253966336.0,processing,,1778239240.440155
8892,5352,"H1,L1",1253965824.0,1253966336.0,processing,,1778239809.7005513
8893,5353,"H1,L1",1253965824.0,1253966336.0,processing,,1778240377.4669034
8894,5354,"H1,L1",1253965824.0,1253966336.0,processing,,1778240946.231673
8895,5355,"H1,L1",1253965824.0,1253966336.0,processing,,1778241513.4800313
8896,5356,"H1,L1",1253965824.0,1253966336.0,processing,,1778242082.483388
8897,5357,"H1,L1",1253965824.0,1253966336.0,processing,,1778242648.2007217
8898,5358,"H1,L1",1253965824.0,1253966336.0,processing,,1778243215.2131863
8899,5359,"H1,L1",1253965824.0,1253966336.0,processing,,1778243784.4660716
8900,5360,"H1,L1",1253965824.0,1253966336.0,processing,,1778244351.9664261
8901,5361,"H1,L1",1253965824.0,1253966336.0,processing,,1778244919.9581192
8902,5362,"H1,L1",1253965824.0,1253966336.0,processing,,1778245488.462677
8903,5363,"H1,L1",1253965824.0,1253966336.0,processing,,1778246057.9586995
8904,5364,"H1,L1",1253965824.0,1253966336.0,processing,,1778246627.7102134
8905,5365,"H1,L1",1253965824.0,1253966336.0,processing,,1778247194.7262976
8906,5366,"H1,L1",1253965824.0,1253966336.0,processing,,1778247761.4726565
8907,5367,"H1,L1",1253965824.0,1253966336.0,processing,,1778248328.964683
8908,5368,"H1,L1",1253965824.0,1253966336.0,processing,,1778248897.4396706
8909,5369,"H1,L1",1253965824.0,1253966336.0,processing,,1778249464.4986165
8910,5370,"H1,L1",1253965824.0,1253966336.0,processing,,1778250033.965812
8911,5371,"H1,L1",1253965824.0,1253966336.0,processing,,1778250602.4582677
8912,5372,"H1,L1",1253965824.0,1253966336.0,processing,,1778251171.9725351
8913,5373,"H1,L1",1253965824.0,1253966336.0,processing,,1778251737.9853792
8914,5374,"H1,L1",1253965824.0,1253966336.0,processing,,1778252304.2289112
8915,5375,"H1,L1",1253965824.0,1253966336.0,processing,,1778252873.2104316
8916,5376,"H1,L1",1253965824.0,1253966336.0,processing,,1778253441.6892047
8917,5377,"H1,L1",1253965824.0,1253966336.0,processing,,1778254009.4354436
8918,5378,"H1,L1",1253965824.0,1253966336.0,processing,,1778254578.9551878
8919,5379,"H1,L1",1253965824.0,1253966336.0,processing,,1778255147.9857166
8920,5380,"H1,L1",1253965824.0,1253966336.0,processing,,1778255718.7131963
8921,5381,"H1,L1",1253965824.0,1253966336.0,processing,,1778256286.1850264
8922,5382,"H1,L1",1253965824.0,1253966336.0,processing,,1778256855.2201395
8923,5383,"H1,L1",1253965824.0,1253966336.0,processing,,1778257434.9733002
8924,5384,"H1,L1",1253965824.0,1253966336.0,processing,,1778258003.7187333
8925,5385,"H1,L1",1253965824.0,1253966336.0,processing,,1778258571.9756026
8926,5386,"H1,L1",1253965824.0,1253966336.0,processing,,1778259141.7106907
8927,5387,"H1,L1",1253965824.0,1253966336.0,processing,,1778259711.4753401
8928,5388,"H1,L1",1253965824.0,1253966336.0,processing,,1778260276.971248
8929,5389,"H1,L1",1253965824.0,1253966336.0,processing,,1778260844.4792738
8930,5390,"H1,L1",1253965824.0,1253966336.0,processing,,1778261412.4621875
8931,5391,"H1,L1",1253965824.0,1253966336.0,processing,,1778261981.984751
8932,5392,"H1,L1",1253965824.0,1253966336.0,processing,,1778262549.9516318
8933,5393,"H1,L1",1253965824.0,1253966336.0,processing,,1778263123.4859045
8934,5394,"H1,L1",1253965824.0,1253966336.0,processing,,1778263691.7231545
8935,5395,"H1,L1",1253965824.0,1253966336.0,processing,,1778264259.2300317
8936,5396,"H1,L1",1253965824.0,1253966336.0,processing,,1778264830.2503896
8937,5397,"H1,L1",1253965824.0,1253966336.0,processing,,1778265399.2302089
8938,5398,"H1,L1",1253965824.0,1253966336.0,processing,,1778265965.4556513
8939,5399,"H1,L1",1253965824.0,1253966336.0,processing,,1778266540.7247896
8940,5400,"H1,L1",1253965824.0,1253966336.0,processing,,1778267109.4540565
8941,5401,"H1,L1",1253965824.0,1253966336.0,processing,,1778267677.2049205
8942,5402,"H1,L1",1253965824.0,1253966336.0,processing,,1778268248.2247317
8943,5403,"H1,L1",1253965824.0,1253966336.0,processing,,1778268816.1905313
8944,5404,"H1,L1",1253965824.0,1253966336.0,processing,,1778269383.7006423
8945,5405,"H1,L1",1253965824.0,1253966336.0,processing,,1778269951.9588673
8946,5406,"H1,L1",1253965824.0,1253966336.0,processing,,1778270521.4655154
8947,5407,"H1,L1",1253965824.0,1253966336.0,processing,,1778271097.684615
8948,5408,"H1,L1",1253965824.0,1253966336.0,processing,,1778271668.188519
8949,5409,"H1,L1",1253965824.0,1253966336.0,processing,,1778272243.9842377
8950,5410,"H1,L1",1253965824.0,1253966336.0,processing,,1778272825.4961507
8951,5411,"H1,L1",1253965824.0,1253966336.0,processing,,1778273395.461305
8952,5412,"H1,L1",1253965824.0,1253966336.0,processing,,1778273962.720438
8953,5413,"H1,L1",1253965824.0,1253966336.0,processing,,1778274530.7020078
8954,5414,"H1,L1",1253965824.0,1253966336.0,processing,,1778275099.7161684
8955,5415,"H1,L1",1253965824.0,1253966336.0,processing,,1778275673.4528813
8956,5416,"H1,L1",1253965824.0,1253966336.0,processing,,1778276242.964221
8957,5417,"H1,L1",1253965824.0,1253966336.0,processing,,1778276812.1865714
8958,5418,"H1,L1",1253965824.0,1253966336.0,processing,,1778277394.4585812
8959,5419,"H1,L1",1253965824.0,1253966336.0,processing,,1778277966.7135468
8960,5420,"H1,L1",1253965824.0,1253966336.0,processing,,1778278534.724896
8961,5421,"H1,L1",1253965824.0,1253966336.0,processing,,1778279103.9578161
8962,5422,"H1,L1",1253965824.0,1253966336.0,processing,,1778279672.212442
8963,5423,"H1,L1",1253965824.0,1253966336.0,processing,,1778280239.9471667
8964,5424,"H1,L1",1253965824.0,1253966336.0,processing,,1778280809.2389412
8965,5425,"H1,L1",1253965824.0,1253966336.0,processing,,1778281377.80335
8966,5426,"H1,L1",1253965824.0,1253966336.0,processing,,1778281944.9381988
8967,5427,"H1,L1",1253965824.0,1253966336.0,processing,,1778282514.2367961
8968,5428,"H1,L1",1253965824.0,1253966336.0,processing,,1778283088.7388396
8969,5429,"H1,L1",1253965824.0,1253966336.0,processing,,1778283656.9761806
8970,5430,"H1,L1",1253965824.0,1253966336.0,processing,,1778284227.462279
8971,5431,"H1,L1",1253965824.0,1253966336.0,processing,,1778284796.4519615
8972,5432,"H1,L1",1253965824.0,1253966336.0,processing,,1778285363.959077
8973,5433,"H1,L1",1253965824.0,1253966336.0,processing,,1778285932.6835222
8974,5434,"H1,L1",1253965824.0,1253966336.0,processing,,1778286501.9925623
8975,5435,"H1,L1",1253965824.0,1253966336.0,processing,,1778287081.716418
8976,5436,"H1,L1",1253965824.0,1253966336.0,processing,,1778287649.953715
8977,5437,"H1,L1",1253965824.0,1253966336.0,processing,,1778288217.2020485
8978,5438,"H1,L1",1253965824.0,1253966336.0,processing,,1778288784.9640179
8979,5439,"H1,L1",1253965824.0,1253966336.0,processing,,1778289354.774141
8980,5440,"H1,L1",1253965824.0,1253966336.0,processing,,1778289928.7497091
8981,5441,"H1,L1",1253965824.0,1253966336.0,processing,,1778290498.0565195
8982,5442,"H1,L1",1253965824.0,1253966336.0,processing,,1778291077.207584
8983,5443,"H1,L1",1253965824.0,1253966336.0,processing,,1778291647.4533844
8984,5444,"H1,L1",1253965824.0,1253966336.0,processing,,1778292227.2207947
8985,5445,"H1,L1",1253965824.0,1253966336.0,processing,,1778292793.2141948
8986,5446,"H1,L1",1253965824.0,1253966336.0,processing,,1778293362.4756434
8987,5447,"H1,L1",1253965824.0,1253966336.0,processing,,1778293930.9632354
8988,5448,"H1,L1",1253965824.0,1253966336.0,processing,,1778294498.443161
8989,5449,"H1,L1",1253965824.0,1253966336.0,processing,,1778295066.9720514
8990,5450,"H1,L1",1253965824.0,1253966336.0,processing,,1778295636.7291331
8991,5451,"H1,L1",1253965824.0,1253966336.0,processing,,1778296204.967923
8992,5452,"H1,L1",1253965824.0,1253966336.0,processing,,1778296773.9780252
8993,5453,"H1,L1",1253965824.0,1253966336.0,processing,,1778297342.4466984
8994,5454,"H1,L1",1253965824.0,1253966336.0,processing,,1778297913.2129815
8995,5455,"H1,L1",1253965824.0,1253966336.0,processing,,1778298482.6746314
8996,5456,"H1,L1",1253965824.0,1253966336.0,processing,,1778299050.5525224
8997,5457,"H1,L1",1253965824.0,1253966336.0,processing,,1778299619.750481
8998,5458,"H1,L1",1253965824.0,1253966336.0,processing,,1778300186.9511485
8999,5459,"H1,L1",1253965824.0,1253966336.0,processing,,1778300753.4380267
9000,5460,"H1,L1",1253965824.0,1253966336.0,processing,,1778301319.9587376
9001,5461,"H1,L1",1253965824.0,1253966336.0,processing,,1778301887.9777932
9002,5462,"H1,L1",1253965824.0,1253966336.0,processing,,1778302453.457834
9003,5463,"H1,L1",1253965824.0,1253966336.0,processing,,1778303023.7279809
9004,5464,"H1,L1",1253965824.0,1253966336.0,processing,,1778303592.2427058
9005,5465,"H1,L1",1253965824.0,1253966336.0,processing,,1778304159.9708202
9006,5466,"H1,L1",1253965824.0,1253966336.0,processing,,1778304739.4656665
9007,5467,"H1,L1",1253965824.0,1253966336.0,processing,,1778305310.9426908
9008,5468,"H1,L1",1253965824.0,1253966336.0,processing,,1778305880.2524436
9009,5469,"H1,L1",1253965824.0,1253966336.0,processing,,1778306450.9704854
9010,5470,"H1,L1",1253965824.0,1253966336.0,processing,,1778307019.229075
9011,5471,"H1,L1",1253965824.0,1253966336.0,processing,,1778307588.2216716
9012,5472,"H1,L1",1253965824.0,1253966336.0,processing,,1778308167.9667623
9013,5473,"H1,L1",1253965824.0,1253966336.0,processing,,1778308737.97689
9014,5474,"H1,L1",1253965824.0,1253966336.0,processing,,1778309307.964383
9015,5475,"H1,L1",1253965824.0,1253966336.0,processing,,1778309876.20439
9016,5476,"H1,L1",1253965824.0,1253966336.0,processing,,1778310444.7076657
9017,5477,"H1,L1",1253965824.0,1253966336.0,processing,,1778311013.4750645
9018,5478,"H1,L1",1253965824.0,1253966336.0,processing,,1778311581.9747853
9019,5479,"H1,L1",1253965824.0,1253966336.0,processing,,1778312150.9535067
9020,5480,"H1,L1",1253965824.0,1253966336.0,processing,,1778312719.952686
9021,5481,"H1,L1",1253965824.0,1253966336.0,processing,,1778313287.6567595
9022,5482,"H1,L1",1253965824.0,1253966336.0,processing,,1778313856.1896343
9023,5483,"H1,L1",1253965824.0,1253966336.0,processing,,1778314424.9540634
9024,5484,"H1,L1",1253965824.0,1253966336.0,processing,,1778314993.6905057
9025,5485,"H1,L1",1253965824.0,1253966336.0,processing,,1778315561.9679627
9026,5486,"H1,L1",1253965824.0,1253966336.0,processing,,1778316129.7441869
9027,5487,"H1,L1",1253965824.0,1253966336.0,processing,,1778316698.9890206
9028,5488,"H1,L1",1253965824.0,1253966336.0,processing,,1778317266.2095034
9029,5489,"H1,L1",1253965824.0,1253966336.0,processing,,1778317834.9895566
9030,5490,"H1,L1",1253965824.0,1253966336.0,processing,,1778318403.9652252
9031,5491,"H1,L1",1253965824.0,1253966336.0,processing,,1778318971.7056456
9032,5492,"H1,L1",1253965824.0,1253966336.0,processing,,1778319542.7670753
9033,5493,"H1,L1",1253965824.0,1253966336.0,processing,,1778320209.962218
9034,5494,"H1,L1",1253965824.0,1253966336.0,processing,,1778320776.4645422
9035,5495,"H1,L1",1253965824.0,1253966336.0,processing,,1778321346.21818
9036,5496,"H1,L1",1253965824.0,1253966336.0,processing,,1778321914.4665263
9037,5497,"H1,L1",1253965824.0,1253966336.0,processing,,1778322480.9743006
9038,5498,"H1,L1",1253965824.0,1253966336.0,processing,,1778323051.4266906
9039,5499,"H1,L1",1253965824.0,1253966336.0,processing,,1778323622.1952417
9040,5500,"H1,L1",1253965824.0,1253966336.0,processing,,1778324190.7165174
9041,5501,"H1,L1",1253965824.0,1253966336.0,processing,,1778324758.2620635
9042,5502,"H1,L1",1253965824.0,1253966336.0,processing,,1778325326.9464447
9043,5503,"H1,L1",1253965824.0,1253966336.0,processing,,1778325904.457579
9044,5504,"H1,L1",1253965824.0,1253966336.0,processing,,1778326484.4569695
9045,5505,"H1,L1",1253965824.0,1253966336.0,processing,,1778327057.4879115
9046,5506,"H1,L1",1253965824.0,1253966336.0,processing,,1778327635.7361426
9047,5507,"H1,L1",1253965824.0,1253966336.0,processing,,1778328202.723032
9048,5508,"H1,L1",1253965824.0,1253966336.0,processing,,1778328771.4377325
9049,5509,"H1,L1",1253965824.0,1253966336.0,processing,,1778329339.9851854
9050,5510,"H1,L1",1253965824.0,1253966336.0,processing,,1778329909.7279654
9051,5511,"H1,L1",1253965824.0,1253966336.0,processing,,1778330482.7328534
9052,5512,"H1,L1",1253965824.0,1253966336.0,processing,,1778331052.2313087
9053,5513,"H1,L1",1253965824.0,1253966336.0,processing,,1778331620.9794626
9054,5514,"H1,L1",1253965824.0,1253966336.0,processing,,1778332192.735161
9055,5515,"H1,L1",1253965824.0,1253966336.0,processing,,1778332761.24281
9056,5516,"H1,L1",1253965824.0,1253966336.0,processing,,1778333338.2622995
9057,5517,"H1,L1",1253965824.0,1253966336.0,processing,,1778333905.9752762
9058,5518,"H1,L1",1253965824.0,1253966336.0,processing,,1778334491.9686544
9059,5519,"H1,L1",1253965824.0,1253966336.0,processing,,1778335061.2452033
9060,5520,"H1,L1",1253965824.0,1253966336.0,processing,,1778335630.2202392
9061,5521,"H1,L1",1253965824.0,1253966336.0,processing,,1778336200.2012181
9062,5522,"H1,L1",1253965824.0,1253966336.0,processing,,1778336771.2119825
9063,5523,"H1,L1",1253965824.0,1253966336.0,processing,,1778337340.9526186
9064,5524,"H1,L1",1253965824.0,1253966336.0,processing,,1778337909.2149365
9065,5525,"H1,L1",1253965824.0,1253966336.0,processing,,1778338479.4708025
9066,5526,"H1,L1",1253965824.0,1253966336.0,processing,,1778339054.743407
9067,5527,"H1,L1",1253965824.0,1253966336.0,processing,,1778339628.7104352
9068,5528,"H1,L1",1253965824.0,1253966336.0,processing,,1778340197.4691038
9069,5529,"H1,L1",1253965824.0,1253966336.0,processing,,1778340767.2021732
9070,5530,"H1,L1",1253965824.0,1253966336.0,processing,,1778341335.7072403
9071,5531,"H1,L1",1253965824.0,1253966336.0,processing,,1778341906.2339063
9072,5532,"H1,L1",1253965824.0,1253966336.0,processing,,1778342476.7244358
9073,5533,"H1,L1",1253965824.0,1253966336.0,processing,,1778343045.9896576
9074,5534,"H1,L1",1253965824.0,1253966336.0,processing,,1778343617.7325144
9075,5535,"H1,L1",1253965824.0,1253966336.0,processing,,1778344186.2360294
9076,5536,"H1,L1",1253965824.0,1253966336.0,processing,,1778344754.4660747
9077,5537,"H1,L1",1253965824.0,1253966336.0,processing,,1778345328.7110813
9078,5538,"H1,L1",1253965824.0,1253966336.0,processing,,1778345896.719363
9079,5539,"H1,L1",1253965824.0,1253966336.0,processing,,1778346475.2142675
9080,5540,"H1,L1",1253965824.0,1253966336.0,processing,,1778347047.4659371
9081,5541,"H1,L1",1253965824.0,1253966336.0,processing,,1778347616.9528947
9082,5542,"H1,L1",1253965824.0,1253966336.0,processing,,1778348196.9550016
9083,5543,"H1,L1",1253965824.0,1253966336.0,processing,,1778348765.4546747
9084,5544,"H1,L1",1253965824.0,1253966336.0,processing,,1778349334.48377
9085,5545,"H1,L1",1253965824.0,1253966336.0,processing,,1778349904.714922
9086,5546,"H1,L1",1253965824.0,1253966336.0,processing,,1778350475.2149246
9087,5547,"H1,L1",1253965824.0,1253966336.0,processing,,1778351043.2252808
9088,5548,"H1,L1",1253965824.0,1253966336.0,processing,,1778351611.2079895
9089,5549,"H1,L1",1253965824.0,1253966336.0,processing,,1778352182.208706
9090,5550,"H1,L1",1253965824.0,1253966336.0,processing,,1778352749.734414
9091,5551,"H1,L1",1253965824.0,1253966336.0,processing,,1778353318.1961257
9092,5552,"H1,L1",1253965824.0,1253966336.0,processing,,1778353891.1854062
9093,5553,"H1,L1",1253965824.0,1253966336.0,processing,,1778354459.7058003
9094,5554,"H1,L1",1253965824.0,1253966336.0,processing,,1778355029.7344122
9095,5555,"H1,L1",1253965824.0,1253966336.0,processing,,1778355612.7086809
9096,5556,"H1,L1",1253965824.0,1253966336.0,processing,,1778356180.9466772
9097,5557,"H1,L1",1253965824.0,1253966336.0,processing,,1778356749.7323627
9098,5558,"H1,L1",1253965824.0,1253966336.0,processing,,1778357319.9476137
9099,5559,"H1,L1",1253965824.0,1253966336.0,processing,,1778357890.461492
9100,5560,"H1,L1",1253965824.0,1253966336.0,processing,,1778358459.1779912
9101,5561,"H1,L1",1253965824.0,1253966336.0,processing,,1778359027.704286
9102,5562,"H1,L1",1253965824.0,1253966336.0,processing,,1778359597.451906
9103,5563,"H1,L1",1253965824.0,1253966336.0,processing,,1778360166.2226646
9104,5564,"H1,L1",1253965824.0,1253966336.0,processing,,1778360735.484212
9105,5565,"H1,L1",1253965824.0,1253966336.0,processing,,1778361302.2194855
9106,5566,"H1,L1",1253965824.0,1253966336.0,processing,,1778361872.4650314
9107,5567,"H1,L1",1253965824.0,1253966336.0,processing,,1778362441.2005744
9108,5568,"H1,L1",1253965824.0,1253966336.0,processing,,1778363009.737477
9109,5569,"H1,L1",1253965824.0,1253966336.0,processing,,1778363578.213397
9110,5570,"H1,L1",1253965824.0,1253966336.0,processing,,1778364157.6835372
9111,5571,"H1,L1",1253965824.0,1253966336.0,processing,,1778364726.2234123
9112,5572,"H1,L1",1253965824.0,1253966336.0,processing,,1778365293.4522438
9113,5573,"H1,L1",1253965824.0,1253966336.0,processing,,1778365862.9645002
9114,5574,"H1,L1",1253965824.0,1253966336.0,processing,,1778366431.7527878
9115,5575,"H1,L1",1253965824.0,1253966336.0,processing,,1778367002.0655217
9116,5576,"H1,L1",1253965824.0,1253966336.0,processing,,1778367572.9550211
9117,5577,"H1,L1",1253965824.0,1253966336.0,processing,,1778368145.224524
9118,5578,"H1,L1",1253965824.0,1253966336.0,processing,,1778368715.482963
9119,5579,"H1,L1",1253965824.0,1253966336.0,processing,,1778369297.4593647
9120,5580,"H1,L1",1253965824.0,1253966336.0,processing,,1778369867.4648204
9121,5581,"H1,L1",1253965824.0,1253966336.0,processing,,1778370435.7471118
9122,5582,"H1,L1",1253965824.0,1253966336.0,processing,,1778371004.43798
9123,5583,"H1,L1",1253965824.0,1253966336.0,processing,,1778371572.7273438
9124,5584,"H1,L1",1253965824.0,1253966336.0,processing,,1778372142.1937973
9125,5585,"H1,L1",1253965824.0,1253966336.0,processing,,1778372711.44124
9126,5586,"H1,L1",1253965824.0,1253966336.0,processing,,1778373282.2465975
9127,5587,"H1,L1",1253965824.0,1253966336.0,processing,,1778373850.446428
9128,5588,"H1,L1",1253965824.0,1253966336.0,processing,,1778374419.1680942
9129,5589,"H1,L1",1253965824.0,1253966336.0,processing,,1778374989.1982992
9130,5590,"H1,L1",1253965824.0,1253966336.0,processing,,1778375555.989102
9131,5591,"H1,L1",1253965824.0,1253966336.0,processing,,1778376125.9769883
9132,5592,"H1,L1",1253965824.0,1253966336.0,processing,,1778376693.9478576
9133,5593,"H1,L1",1253965824.0,1253966336.0,processing,,1778377261.2004032
9134,5594,"H1,L1",1253965824.0,1253966336.0,processing,,1778377864.467698
9135,5595,"H1,L1",1253965824.0,1253966336.0,processing,,1778378432.7034729
9136,5596,"H1,L1",1253965824.0,1253966336.0,processing,,1778379001.1924653
9137,5597,"H1,L1",1253965824.0,1253966336.0,processing,,1778379570.463661
9138,5598,"H1,L1",1253965824.0,1253966336.0,processing,,1778380140.9550197
9139,5599,"H1,L1",1253965824.0,1253966336.0,processing,,1778380707.9206593
9140,5600,"H1,L1",1253965824.0,1253966336.0,processing,,1778381277.7243948
9141,5601,"H1,L1",1253965824.0,1253966336.0,processing,,1778381846.7097187
9142,5602,"H1,L1",1253965824.0,1253966336.0,processing,,1778382416.7113152
9143,5603,"H1,L1",1253965824.0,1253966336.0,processing,,1778382987.449339
9144,5604,"H1,L1",1253965824.0,1253966336.0,processing,,1778383562.855958
9145,5605,"H1,L1",1253965824.0,1253966336.0,processing,,1778384132.2146776
9146,5606,"H1,L1",1253965824.0,1253966336.0,processing,,1778384698.2005525
9147,5607,"H1,L1",1253965824.0,1253966336.0,processing,,1778385268.1989334
9148,5608,"H1,L1",1253965824.0,1253966336.0,processing,,1778385837.2220764
9149,5609,"H1,L1",1253965824.0,1253966336.0,processing,,1778386405.2059534
9150,5610,"H1,L1",1253965824.0,1253966336.0,processing,,1778386972.9692037
9151,5611,"H1,L1",1253965824.0,1253966336.0,processing,,1778387540.7123485
9152,5612,"H1,L1",1253965824.0,1253966336.0,processing,,1778388109.70743
9153,5613,"H1,L1",1253965824.0,1253966336.0,processing,,1778388677.4597762
9154,5614,"H1,L1",1253965824.0,1253966336.0,processing,,1778389245.4738238
9155,5615,"H1,L1",1253965824.0,1253966336.0,processing,,1778389817.9775143
9156,5616,"H1,L1",1253965824.0,1253966336.0,processing,,1778390387.204292
9157,5617,"H1,L1",1253965824.0,1253966336.0,processing,,1778390955.4624763
9158,5618,"H1,L1",1253965824.0,1253966336.0,processing,,1778391522.2351768
9159,5619,"H1,L1",1253965824.0,1253966336.0,processing,,1778392120.223287
9160,5620,"H1,L1",1253965824.0,1253966336.0,processing,,1778392688.718038
9161,5621,"H1,L1",1253965824.0,1253966336.0,processing,,1778393255.937925
9162,5622,"H1,L1",1253965824.0,1253966336.0,processing,,1778393823.9779727
9163,5623,"H1,L1",1253965824.0,1253966336.0,processing,,1778394390.6985996
9164,5624,"H1,L1",1253965824.0,1253966336.0,processing,,1778394962.4812794
9165,5625,"H1,L1",1253965824.0,1253966336.0,processing,,1778395531.2250383
9166,5626,"H1,L1",1253965824.0,1253966336.0,processing,,1778396107.4618802
9167,5627,"H1,L1",1253965824.0,1253966336.0,processing,,1778396675.7092044
9168,5628,"H1,L1",1253965824.0,1253966336.0,processing,,1778397244.9528294
9169,5629,"H1,L1",1253965824.0,1253966336.0,processing,,1778397818.4813044
9170,5630,"H1,L1",1253965824.0,1253966336.0,processing,,1778398387.7131608
9171,5631,"H1,L1",1253965824.0,1253966336.0,processing,,1778398957.3387005
9172,5632,"H1,L1",1253965824.0,1253966336.0,processing,,1778399527.7173576
9173,5633,"H1,L1",1253965824.0,1253966336.0,processing,,1778400098.9926713
9174,5634,"H1,L1",1253965824.0,1253966336.0,processing,,1778400668.731124
9175,5635,"H1,L1",1253965824.0,1253966336.0,processing,,1778401236.743203
9176,5636,"H1,L1",1253965824.0,1253966336.0,processing,,1778401805.2379365
9177,5637,"H1,L1",1253965824.0,1253966336.0,processing,,1778402374.4698944
9178,5638,"H1,L1",1253965824.0,1253966336.0,processing,,1778402940.202286
9179,5639,"H1,L1",1253965824.0,1253966336.0,processing,,1778403509.1988778
9180,5640,"H1,L1",1253965824.0,1253966336.0,processing,,1778404114.967708
9181,5641,"H1,L1",1253965824.0,1253966336.0,processing,,1778404684.6950393
9182,5642,"H1,L1",1253965824.0,1253966336.0,processing,,1778405263.2425513
9183,5643,"H1,L1",1253965824.0,1253966336.0,processing,,1778405831.2160733
9184,5644,"H1,L1",1253965824.0,1253966336.0,processing,,1778406400.467972
9185,5645,"H1,L1",1253965824.0,1253966336.0,processing,,1778406969.685436
9186,5646,"H1,L1",1253965824.0,1253966336.0,processing,,1778407537.9506726
9187,5647,"H1,L1",1253965824.0,1253966336.0,processing,,1778408106.9247892
9188,5648,"H1,L1",1253965824.0,1253966336.0,processing,,1778408677.4770508
9189,5649,"H1,L1",1253965824.0,1253966336.0,processing,,1778409251.9537716
9190,5650,"H1,L1",1253965824.0,1253966336.0,processing,,1778409818.6992636
9191,5651,"H1,L1",1253965824.0,1253966336.0,processing,,1778410386.2221136
9192,5652,"H1,L1",1253965824.0,1253966336.0,processing,,1778410954.4690914
9193,5653,"H1,L1",1253965824.0,1253966336.0,processing,,1778411527.062066
9194,5654,"H1,L1",1253965824.0,1253966336.0,processing,,1778412095.2048533
9195,5655,"H1,L1",1253965824.0,1253966336.0,processing,,1778412671.2127185
9196,5656,"H1,L1",1253965824.0,1253966336.0,processing,,1778413238.7514992
9197,5657,"H1,L1",1253965824.0,1253966336.0,processing,,1778413808.4585748
9198,5658,"H1,L1",1253965824.0,1253966336.0,processing,,1778414377.9594693
9199,5659,"H1,L1",1253965824.0,1253966336.0,processing,,1778414944.430832
9200,5660,"H1,L1",1253965824.0,1253966336.0,processing,,1778415512.9610589
9201,5661,"H1,L1",1253965824.0,1253966336.0,processing,,1778416080.9510348
9202,5662,"H1,L1",1253965824.0,1253966336.0,processing,,1778416648.2227488
9203,5663,"H1,L1",1253965824.0,1253966336.0,processing,,1778417225.9713848
9204,5664,"H1,L1",1253965824.0,1253966336.0,processing,,1778417815.4761999
9205,5665,"H1,L1",1253965824.0,1253966336.0,processing,,1778418384.2049708
9206,5666,"H1,L1",1253965824.0,1253966336.0,processing,,1778418949.2008033
9207,5667,"H1,L1",1253965824.0,1253966336.0,processing,,1778419516.2052042
9208,5668,"H1,L1",1253965824.0,1253966336.0,processing,,1778420083.695879
9209,5669,"H1,L1",1253965824.0,1253966336.0,processing,,1778420650.7205195
9210,5670,"H1,L1",1253965824.0,1253966336.0,processing,,1778421219.5101333
9211,5671,"H1,L1",1253965824.0,1253966336.0,processing,,1778421800.4928133
9212,5672,"H1,L1",1253965824.0,1253966336.0,processing,,1778422369.9686835
9213,5673,"H1,L1",1253965824.0,1253966336.0,processing,,1778422943.0181935
9214,5674,"H1,L1",1253965824.0,1253966336.0,processing,,1778423509.226499
9215,5675,"H1,L1",1253965824.0,1253966336.0,processing,,1778424101.9894047
9216,5676,"H1,L1",1253965824.0,1253966336.0,processing,,1778424673.2429414
9217,5677,"H1,L1",1253965824.0,1253966336.0,processing,,1778425240.7207546
9218,5678,"H1,L1",1253965824.0,1253966336.0,processing,,1778425817.2071264
9219,5679,"H1,L1",1253965824.0,1253966336.0,processing,,1778426383.71592
9220,5680,"H1,L1",1253965824.0,1253966336.0,processing,,1778426949.9743443
9221,5681,"H1,L1",1253965824.0,1253966336.0,processing,,1778427516.9806354
9222,5682,"H1,L1",1253965824.0,1253966336.0,processing,,1778428083.1966944
9223,5683,"H1,L1",1253965824.0,1253966336.0,processing,,1778428650.75403
9224,5684,"H1,L1",1253965824.0,1253966336.0,processing,,1778429219.1988132
9225,5685,"H1,L1",1253965824.0,1253966336.0,processing,,1778429786.4792097
9226,5686,"H1,L1",1253965824.0,1253966336.0,processing,,1778430354.6834865
9227,5687,"H1,L1",1253965824.0,1253966336.0,processing,,1778430921.2068696
9228,5688,"H1,L1",1253965824.0,1253966336.0,processing,,1778431493.4709594
9229,5689,"H1,L1",1253965824.0,1253966336.0,processing,,1778432060.9661353
9230,5690,"H1,L1",1253965824.0,1253966336.0,processing,,1778432630.9810045
9231,5691,"H1,L1",1253965824.0,1253966336.0,processing,,1778433202.2313619
9232,5692,"H1,L1",1253965824.0,1253966336.0,processing,,1778433781.4556248
9233,5693,"H1,L1",1253965824.0,1253966336.0,processing,,1778434351.451722
9234,5694,"H1,L1",1253965824.0,1253966336.0,processing,,1778434921.1892524
9235,5695,"H1,L1",1253965824.0,1253966336.0,processing,,1778435489.7068605
9236,5696,"H1,L1",1253965824.0,1253966336.0,processing,,1778436059.70204
9237,5697,"H1,L1",1253965824.0,1253966336.0,processing,,1778436629.5111046
9238,5698,"H1,L1",1253965824.0,1253966336.0,processing,,1778437198.7204988
9239,5699,"H1,L1",1253965824.0,1253966336.0,processing,,1778437778.9803202
9240,5700,"H1,L1",1253965824.0,1253966336.0,processing,,1778438349.2216678
9241,5701,"H1,L1",1253965824.0,1253966336.0,processing,,1778438918.9520986
9242,5702,"H1,L1",1253965824.0,1253966336.0,processing,,1778439487.9971373
9243,5703,"H1,L1",1253965824.0,1253966336.0,processing,,1778440055.4788888
9244,5704,"H1,L1",1253965824.0,1253966336.0,processing,,1778440626.449554
9245,5705,"H1,L1",1253965824.0,1253966336.0,processing,,1778441196.7180445
9246,5706,"H1,L1",1253965824.0,1253966336.0,processing,,1778441765.2091012
9247,5707,"H1,L1",1253965824.0,1253966336.0,processing,,1778442335.9705617
9248,5708,"H1,L1",1253965824.0,1253966336.0,processing,,1778442907.4316146
9249,5709,"H1,L1",1253965824.0,1253966336.0,processing,,1778443476.9923077
9250,5710,"H1,L1",1253965824.0,1253966336.0,processing,,1778444045.4585028
9251,5711,"H1,L1",1253965824.0,1253966336.0,processing,,1778444617.973404
9252,5712,"H1,L1",1253965824.0,1253966336.0,processing,,1778445188.4557204
9253,5713,"H1,L1",1253965824.0,1253966336.0,processing,,1778445755.7581155
9254,5714,"H1,L1",1253965824.0,1253966336.0,processing,,1778446325.9606686
9255,5715,"H1,L1",1253965824.0,1253966336.0,processing,,1778446895.220472
9256,5716,"H1,L1",1253965824.0,1253966336.0,processing,,1778447463.4403107
9257,5717,"H1,L1",1253965824.0,1253966336.0,processing,,1778448031.710196
9258,5718,"H1,L1",1253965824.0,1253966336.0,processing,,1778448612.753271
9259,5719,"H1,L1",1253965824.0,1253966336.0,processing,,1778449187.004432
9260,5720,"H1,L1",1253965824.0,1253966336.0,processing,,1778449756.2108173
9261,5721,"H1,L1",1253965824.0,1253966336.0,processing,,1778450323.1991196
9262,5722,"H1,L1",1253965824.0,1253966336.0,processing,,1778450890.231909
9263,5723,"H1,L1",1253965824.0,1253966336.0,processing,,1778451459.7246492
9264,5724,"H1,L1",1253965824.0,1253966336.0,processing,,1778452035.9815454
9265,5725,"H1,L1",1253965824.0,1253966336.0,processing,,1778452605.6789012
9266,5726,"H1,L1",1253965824.0,1253966336.0,processing,,1778453181.2480726
9267,5727,"H1,L1",1253965824.0,1253966336.0,processing,,1778453748.4846268
9268,5728,"H1,L1",1253965824.0,1253966336.0,processing,,1778454326.2402966
9269,5729,"H1,L1",1253965824.0,1253966336.0,processing,,1778454894.708545
9270,5730,"H1,L1",1253965824.0,1253966336.0,processing,,1778455462.9150653
9271,5731,"H1,L1",1253965824.0,1253966336.0,processing,,1778456034.4704723
9272,5732,"H1,L1",1253965824.0,1253966336.0,processing,,1778456605.9300208
9273,5733,"H1,L1",1253965824.0,1253966336.0,processing,,1778457174.233497
9274,5734,"H1,L1",1253965824.0,1253966336.0,processing,,1778457754.3513336
9275,5735,"H1,L1",1253965824.0,1253966336.0,processing,,1778458322.737836
9276,5736,"H1,L1",1253965824.0,1253966336.0,processing,,1778458891.6959624
9277,5737,"H1,L1",1253965824.0,1253966336.0,processing,,1778459462.2084236
9278,5738,"H1,L1",1253965824.0,1253966336.0,processing,,1778460031.4540548
9279,5739,"H1,L1",1253965824.0,1253966336.0,processing,,1778460601.2357574
9280,5740,"H1,L1",1253965824.0,1253966336.0,processing,,1778461170.7214396
9281,5741,"H1,L1",1253965824.0,1253966336.0,processing,,1778461746.9552677
9282,5742,"H1,L1",1253965824.0,1253966336.0,processing,,1778462317.9641337
9283,5743,"H1,L1",1253965824.0,1253966336.0,processing,,1778462887.9632542
9284,5744,"H1,L1",1253965824.0,1253966336.0,processing,,1778463456.6958854
9285,5745,"H1,L1",1253965824.0,1253966336.0,processing,,1778464025.7048838
9286,5746,"H1,L1",1253965824.0,1253966336.0,processing,,1778464595.6917458
9287,5747,"H1,L1",1253965824.0,1253966336.0,processing,,1778465164.7266521
9288,5748,"H1,L1",1253965824.0,1253966336.0,processing,,1778465737.2223756
9289,5749,"H1,L1",1253965824.0,1253966336.0,processing,,1778466309.9652064
9290,5750,"H1,L1",1253965824.0,1253966336.0,processing,,1778466879.9842155
9291,5751,"H1,L1",1253965824.0,1253966336.0,processing,,1778467449.980421
9292,5752,"H1,L1",1253965824.0,1253966336.0,processing,,1778468019.7229068
9293,5753,"H1,L1",1253965824.0,1253966336.0,processing,,1778468589.2319
9294,5754,"H1,L1",1253965824.0,1253966336.0,processing,,1778469159.482852
9295,5755,"H1,L1",1253965824.0,1253966336.0,processing,,1778469726.2343907
9296,5756,"H1,L1",1253965824.0,1253966336.0,processing,,1778470294.7193496
9297,5757,"H1,L1",1253965824.0,1253966336.0,processing,,1778470864.942614
9298,5758,"H1,L1",1253965824.0,1253966336.0,processing,,1778471434.2382762
9299,5759,"H1,L1",1253965824.0,1253966336.0,processing,,1778472004.4667275
9300,5760,"H1,L1",1253965824.0,1253966336.0,processing,,1778472573.7235405
9301,5761,"H1,L1",1253965824.0,1253966336.0,processing,,1778473145.2129204
9302,5762,"H1,L1",1253965824.0,1253966336.0,processing,,1778473714.9269452
9303,5763,"H1,L1",1253965824.0,1253966336.0,processing,,1778474285.476637
9304,5764,"H1,L1",1253965824.0,1253966336.0,processing,,1778474856.963857
9305,5765,"H1,L1",1253965824.0,1253966336.0,processing,,1778475428.4588447
9306,5766,"H1,L1",1253965824.0,1253966336.0,processing,,1778476001.9352324
9307,5767,"H1,L1",1253965824.0,1253966336.0,processing,,1778476572.23498
9308,5768,"H1,L1",1253965824.0,1253966336.0,processing,,1778477143.255221
9309,5769,"H1,L1",1253965824.0,1253966336.0,processing,,1778477712.709089
9310,5770,"H1,L1",1253965824.0,1253966336.0,processing,,1778478281.9529479
9311,5771,"H1,L1",1253965824.0,1253966336.0,processing,,1778478850.453988
9312,5772,"H1,L1",1253965824.0,1253966336.0,processing,,1778479419.6928165
9313,5773,"H1,L1",1253965824.0,1253966336.0,processing,,1778479991.4640088
9314,5774,"H1,L1",1253965824.0,1253966336.0,processing,,1778480559.4660666
9315,5775,"H1,L1",1253965824.0,1253966336.0,processing,,1778481128.202041
9316,5776,"H1,L1",1253965824.0,1253966336.0,processing,,1778481699.9626908
9317,5777,"H1,L1",1253965824.0,1253966336.0,processing,,1778482271.4774666
9318,5778,"H1,L1",1253965824.0,1253966336.0,processing,,1778482841.2150257
9319,5779,"H1,L1",1253965824.0,1253966336.0,processing,,1778483410.4562676
9320,5780,"H1,L1",1253965824.0,1253966336.0,processing,,1778483980.2278793
9321,5781,"H1,L1",1253965824.0,1253966336.0,processing,,1778484551.7057016
9322,5782,"H1,L1",1253965824.0,1253966336.0,processing,,1778485120.975285
9323,5783,"H1,L1",1253965824.0,1253966336.0,processing,,1778485692.9784367
9324,5784,"H1,L1",1253965824.0,1253966336.0,processing,,1778486263.489446
9325,5785,"H1,L1",1253965824.0,1253966336.0,processing,,1778486933.7279732
9326,5786,"H1,L1",1253965824.0,1253966336.0,processing,,1778487503.732727
9327,5787,"H1,L1",1253965824.0,1253966336.0,processing,,1778488072.9844806
9328,5788,"H1,L1",1253965824.0,1253966336.0,processing,,1778488644.450824
9329,5789,"H1,L1",1253965824.0,1253966336.0,processing,,1778489215.2211015
9330,5790,"H1,L1",1253965824.0,1253966336.0,processing,,1778489791.2280016
9331,5791,"H1,L1",1253965824.0,1253966336.0,processing,,1778490358.9896908
9332,5792,"H1,L1",1253965824.0,1253966336.0,processing,,1778490929.2174077
9333,5793,"H1,L1",1253965824.0,1253966336.0,processing,,1778491498.7223825
9334,5794,"H1,L1",1253965824.0,1253966336.0,processing,,1778492066.7387445
9335,5795,"H1,L1",1253965824.0,1253966336.0,processing,,1778492636.7588532
9336,5796,"H1,L1",1253965824.0,1253966336.0,processing,,1778493206.2402952
9337,5797,"H1,L1",1253965824.0,1253966336.0,processing,,1778493776.1963701
9338,5798,"H1,L1",1253965824.0,1253966336.0,processing,,1778494347.7574341
9339,5799,"H1,L1",1253965824.0,1253966336.0,processing,,1778494925.750323
9340,5800,"H1,L1",1253965824.0,1253966336.0,processing,,1778495497.2194414
9341,5801,"H1,L1",1253965824.0,1253966336.0,processing,,1778496062.9950073
9342,5802,"H1,L1",1253965824.0,1253966336.0,processing,,1778496633.4752426
9343,5803,"H1,L1",1253965824.0,1253966336.0,processing,,1778497202.2498593
9344,5804,"H1,L1",1253965824.0,1253966336.0,processing,,1778497771.7060602
9345,5805,"H1,L1",1253965824.0,1253966336.0,processing,,1778498342.7184289
9346,5806,"H1,L1",1253965824.0,1253966336.0,processing,,1778498911.9804883
9347,5807,"H1,L1",1253965824.0,1253966336.0,processing,,1778499479.2203975
9348,5808,"H1,L1",1253965824.0,1253966336.0,processing,,1778500047.6867745
9349,5809,"H1,L1",1253965824.0,1253966336.0,processing,,1778500618.7221088
9350,5810,"H1,L1",1253965824.0,1253966336.0,processing,,1778501187.230497
9351,5811,"H1,L1",1253965824.0,1253966336.0,processing,,1778501756.2163312
9352,5812,"H1,L1",1253965824.0,1253966336.0,processing,,1778502324.979482
9353,5813,"H1,L1",1253965824.0,1253966336.0,processing,,1778502892.216199
9354,5814,"H1,L1",1253965824.0,1253966336.0,processing,,1778503458.9875135
9355,5815,"H1,L1",1253965824.0,1253966336.0,processing,,1778504029.4576032
9356,5816,"H1,L1",1253965824.0,1253966336.0,processing,,1778504599.704792
9357,5817,"H1,L1",1253965824.0,1253966336.0,processing,,1778505167.968462
9358,5818,"H1,L1",1253965824.0,1253966336.0,processing,,1778505736.7244904
9359,5819,"H1,L1",1253965824.0,1253966336.0,processing,,1778506307.7238443
9360,5820,"H1,L1",1253965824.0,1253966336.0,processing,,1778506891.4813416
9361,5821,"H1,L1",1253965824.0,1253966336.0,processing,,1778507462.7255626
9362,5822,"H1,L1",1253965824.0,1253966336.0,processing,,1778508032.9650085
9363,5823,"H1,L1",1253965824.0,1253966336.0,processing,,1778508602.4640782
9364,5824,"H1,L1",1253965824.0,1253966336.0,processing,,1778509172.6951513
9365,5825,"H1,L1",1253965824.0,1253966336.0,processing,,1778509742.701521
9366,5826,"H1,L1",1253965824.0,1253966336.0,processing,,1778510312.283176
9367,5827,"H1,L1",1253965824.0,1253966336.0,processing,,1778510880.4619908
9368,5828,"H1,L1",1253965824.0,1253966336.0,processing,,1778511451.1956353
9369,5829,"H1,L1",1253965824.0,1253966336.0,processing,,1778512028.4968626
9370,5830,"H1,L1",1253965824.0,1253966336.0,processing,,1778512597.9812794
9371,5831,"H1,L1",1253965824.0,1253966336.0,processing,,1778513169.4442055
9372,5832,"H1,L1",1253965824.0,1253966336.0,processing,,1778513740.9472196
9373,5833,"H1,L1",1253965824.0,1253966336.0,processing,,1778514311.4677901
9374,5834,"H1,L1",1253965824.0,1253966336.0,processing,,1778514884.2308178
9375,5835,"H1,L1",1253965824.0,1253966336.0,processing,,1778515455.4525957
9376,5836,"H1,L1",1253965824.0,1253966336.0,processing,,1778516028.2201378
9377,5837,"H1,L1",1253965824.0,1253966336.0,processing,,1778516598.4512374
9378,5838,"H1,L1",1253965824.0,1253966336.0,processing,,1778517196.6974015
9379,5839,"H1,L1",1253965824.0,1253966336.0,processing,,1778517772.468106
9380,5840,"H1,L1",1253965824.0,1253966336.0,processing,,1778518342.1977532
9381,5841,"H1,L1",1253965824.0,1253966336.0,processing,,1778518908.7480729
9382,5842,"H1,L1",1253965824.0,1253966336.0,processing,,1778519478.496511
9383,5843,"H1,L1",1253965824.0,1253966336.0,processing,,1778520048.234698
9384,5844,"H1,L1",1253965824.0,1253966336.0,processing,,1778520619.2094264
9385,5845,"H1,L1",1253965824.0,1253966336.0,processing,,1778521190.4796717
9386,5846,"H1,L1",1253965824.0,1253966336.0,processing,,1778521760.4874053
9387,5847,"H1,L1",1253965824.0,1253966336.0,processing,,1778522330.1814814
9388,5848,"H1,L1",1253965824.0,1253966336.0,processing,,1778522898.9798555
9389,5849,"H1,L1",1253965824.0,1253966336.0,processing,,1778523469.7143393
9390,5850,"H1,L1",1253965824.0,1253966336.0,processing,,1778524038.747351
9391,5851,"H1,L1",1253965824.0,1253966336.0,processing,,1778524608.7018034
9392,5852,"H1,L1",1253965824.0,1253966336.0,processing,,1778525179.2087839
9393,5853,"H1,L1",1253965824.0,1253966336.0,processing,,1778525748.9970915
9394,5854,"H1,L1",1253965824.0,1253966336.0,processing,,1778526319.501016
9395,5855,"H1,L1",1253965824.0,1253966336.0,processing,,1778526890.7322798
9396,5856,"H1,L1",1253965824.0,1253966336.0,processing,,1778527460.4881294
9397,5857,"H1,L1",1253965824.0,1253966336.0,processing,,1778528028.70386
9398,5858,"H1,L1",1253965824.0,1253966336.0,processing,,1778528596.970528
9399,5859,"H1,L1",1253965824.0,1253966336.0,processing,,1778529166.9523976
9400,5860,"H1,L1",1253965824.0,1253966336.0,processing,,1778529736.4601123
9401,5861,"H1,L1",1253965824.0,1253966336.0,processing,,1778530307.4451213
9402,5862,"H1,L1",1253965824.0,1253966336.0,processing,,1778530878.7454443
9403,5863,"H1,L1",1253965824.0,1253966336.0,processing,,1778531448.5019858
9404,5864,"H1,L1",1253965824.0,1253966336.0,processing,,1778532018.45096
9405,5865,"H1,L1",1253965824.0,1253966336.0,processing,,1778532589.433287
9406,5866,"H1,L1",1253965824.0,1253966336.0,processing,,1778533158.9492812
9407,5867,"H1,L1",1253965824.0,1253966336.0,processing,,1778533730.7697768
9408,5868,"H1,L1",1253965824.0,1253966336.0,processing,,1778534301.7283313
9409,5869,"H1,L1",1253965824.0,1253966336.0,processing,,1778534870.4575067
9410,5870,"H1,L1",1253965824.0,1253966336.0,processing,,1778535439.9693325
9411,5871,"H1,L1",1253965824.0,1253966336.0,processing,,1778536010.9793878
9412,5872,"H1,L1",1253965824.0,1253966336.0,processing,,1778536580.2273617
9413,5873,"H1,L1",1253965824.0,1253966336.0,processing,,1778537149.1823854
9414,5874,"H1,L1",1253965824.0,1253966336.0,processing,,1778537719.6995142
9415,5875,"H1,L1",1253965824.0,1253966336.0,processing,,1778538288.5338206
9416,5876,"H1,L1",1253965824.0,1253966336.0,processing,,1778538859.7951472
9417,5877,"H1,L1",1253965824.0,1253966336.0,processing,,1778539430.4755147
9418,5878,"H1,L1",1253965824.0,1253966336.0,processing,,1778540001.2107036
9419,5879,"H1,L1",1253965824.0,1253966336.0,processing,,1778540571.4782047
9420,5880,"H1,L1",1253965824.0,1253966336.0,processing,,1778541143.4717479
9421,5881,"H1,L1",1253965824.0,1253966336.0,processing,,1778541714.7267818
9422,5882,"H1,L1",1253965824.0,1253966336.0,processing,,1778542285.7111602
9423,5883,"H1,L1",1253965824.0,1253966336.0,processing,,1778542856.492341
9424,5884,"H1,L1",1253965824.0,1253966336.0,processing,,1778543424.9771566
9425,5885,"H1,L1",1253965824.0,1253966336.0,processing,,1778543994.452827
9426,5886,"H1,L1",1253965824.0,1253966336.0,processing,,1778544560.4527206
9427,5887,"H1,L1",1253965824.0,1253966336.0,processing,,1778545128.465557
9428,5888,"H1,L1",1253965824.0,1253966336.0,processing,,1778545695.440259
9429,5889,"H1,L1",1253965824.0,1253966336.0,processing,,1778546265.2075434
9430,5890,"H1,L1",1253965824.0,1253966336.0,processing,,1778546835.4710588
9431,5891,"H1,L1",1253965824.0,1253966336.0,processing,,1778547404.483281
9432,5892,"H1,L1",1253965824.0,1253966336.0,processing,,1778547973.2281888
9433,5893,"H1,L1",1253965824.0,1253966336.0,processing,,1778548541.7299786
9434,5894,"H1,L1",1253965824.0,1253966336.0,processing,,1778549109.2501419
9435,5895,"H1,L1",1253965824.0,1253966336.0,processing,,1778549675.7164633
9436,5896,"H1,L1",1253965824.0,1253966336.0,processing,,1778550244.9582055
9437,5897,"H1,L1",1253965824.0,1253966336.0,processing,,1778550810.4557865
9438,5898,"H1,L1",1253965824.0,1253966336.0,processing,,1778551379.7168157
9439,5899,"H1,L1",1253965824.0,1253966336.0,processing,,1778551949.731076
9440,5900,"H1,L1",1253965824.0,1253966336.0,processing,,1778552539.2566843
9441,5901,"H1,L1",1253965824.0,1253966336.0,processing,,1778553106.9795275
9442,5902,"H1,L1",1253965824.0,1253966336.0,processing,,1778553676.6922336
9443,5903,"H1,L1",1253965824.0,1253966336.0,processing,,1778554245.9663708
9444,5904,"H1,L1",1253965824.0,1253966336.0,processing,,1778554813.4292133
9445,5905,"H1,L1",1253965824.0,1253966336.0,processing,,1778555383.223944
9446,5906,"H1,L1",1253965824.0,1253966336.0,processing,,1778555952.4770975
9447,5907,"H1,L1",1253965824.0,1253966336.0,processing,,1778556525.960376
9448,5908,"H1,L1",1253965824.0,1253966336.0,processing,,1778557094.725093
9449,5909,"H1,L1",1253965824.0,1253966336.0,processing,,1778557662.0094666
9450,5910,"H1,L1",1253965824.0,1253966336.0,processing,,1778558230.4576993
9451,5911,"H1,L1",1253965824.0,1253966336.0,processing,,1778558798.209241
9452,5912,"H1,L1",1253965824.0,1253966336.0,processing,,1778559370.4515324
9453,5913,"H1,L1",1253965824.0,1253966336.0,processing,,1778559942.2463377
9454,5914,"H1,L1",1253965824.0,1253966336.0,processing,,1778560511.7299924
9455,5915,"H1,L1",1253965824.0,1253966336.0,processing,,1778561081.6937008
9456,5916,"H1,L1",1253965824.0,1253966336.0,processing,,1778561662.4737499
9457,5917,"H1,L1",1253965824.0,1253966336.0,processing,,1778562232.4659412
9458,5918,"H1,L1",1253965824.0,1253966336.0,processing,,1778562803.2367399
9459,5919,"H1,L1",1253965824.0,1253966336.0,processing,,1778563374.7211714
9460,5920,"H1,L1",1253965824.0,1253966336.0,processing,,1778563943.9680588
9461,5921,"H1,L1",1253965824.0,1253966336.0,processing,,1778564576.7273705
9462,5922,"H1,L1",1253965824.0,1253966336.0,processing,,1778565147.230106
9463,5923,"H1,L1",1253965824.0,1253966336.0,processing,,1778565717.2189317
9464,5924,"H1,L1",1253965824.0,1253966336.0,processing,,1778566286.971241
9465,5925,"H1,L1",1253965824.0,1253966336.0,processing,,1778566856.736207
9466,5926,"H1,L1",1253965824.0,1253966336.0,processing,,1778567426.2277782
9467,5927,"H1,L1",1253965824.0,1253966336.0,processing,,1778567994.7179992
9468,5928,"H1,L1",1253965824.0,1253966336.0,processing,,1778568565.2231667
9469,5929,"H1,L1",1253965824.0,1253966336.0,processing,,1778569133.4754615
9470,5930,"H1,L1",1253965824.0,1253966336.0,processing,,1778569702.237417
9471,5931,"H1,L1",1253965824.0,1253966336.0,processing,,1778570269.689734
9472,5932,"H1,L1",1253965824.0,1253966336.0,processing,,1778570838.685399
9473,5933,"H1,L1",1253965824.0,1253966336.0,processing,,1778571404.3827407
9474,5934,"H1,L1",1253965824.0,1253966336.0,processing,,1778571979.4719396
9475,5935,"H1,L1",1253965824.0,1253966336.0,processing,,1778572549.952039
9476,5936,"H1,L1",1253965824.0,1253966336.0,processing,,1778573120.7860196
9477,5937,"H1,L1",1253965824.0,1253966336.0,processing,,1778573691.2312655
9478,5938,"H1,L1",1253965824.0,1253966336.0,processing,,1778574260.200883
9479,5939,"H1,L1",1253965824.0,1253966336.0,processing,,1778574827.6783907
9480,5940,"H1,L1",1253965824.0,1253966336.0,processing,,1778575398.0041406
9481,5941,"H1,L1",1253965824.0,1253966336.0,processing,,1778575966.9663389
9482,5942,"H1,L1",1253965824.0,1253966336.0,processing,,1778576535.6810403
9483,5943,"H1,L1",1253965824.0,1253966336.0,processing,,1778577106.2016003
9484,5944,"H1,L1",1253965824.0,1253966336.0,processing,,1778577676.9949589
9485,5945,"H1,L1",1253965824.0,1253966336.0,processing,,1778578244.958906
9486,5946,"H1,L1",1253965824.0,1253966336.0,processing,,1778578818.935973
9487,5947,"H1,L1",1253965824.0,1253966336.0,processing,,1778579389.2151585
9488,5948,"H1,L1",1253965824.0,1253966336.0,processing,,1778579964.7500196
9489,5949,"H1,L1",1253965824.0,1253966336.0,processing,,1778580543.2060835
9490,5950,"H1,L1",1253965824.0,1253966336.0,processing,,1778581112.9774957
9491,5951,"H1,L1",1253965824.0,1253966336.0,processing,,1778581681.9311213
9492,5952,"H1,L1",1253965824.0,1253966336.0,processing,,1778582254.2222772
9493,5953,"H1,L1",1253965824.0,1253966336.0,processing,,1778582823.7336206
9494,5954,"H1,L1",1253965824.0,1253966336.0,processing,,1778583393.702744
9495,5955,"H1,L1",1253965824.0,1253966336.0,processing,,1778583964.9714594
9496,5956,"H1,L1",1253965824.0,1253966336.0,processing,,1778584533.7422664
9497,5957,"H1,L1",1253965824.0,1253966336.0,processing,,1778585113.2229085
9498,5958,"H1,L1",1253965824.0,1253966336.0,processing,,1778585682.7180192
9499,5959,"H1,L1",1253965824.0,1253966336.0,processing,,1778586254.7111974
9500,5960,"H1,L1",1253965824.0,1253966336.0,processing,,1778586836.2011578
9501,5961,"H1,L1",1253965824.0,1253966336.0,processing,,1778587404.4876497
9502,5962,"H1,L1",1253965824.0,1253966336.0,processing,,1778587971.9584973
9503,5963,"H1,L1",1253965824.0,1253966336.0,processing,,1778588540.939833
9504,5964,"H1,L1",1253965824.0,1253966336.0,processing,,1778589109.465627
9505,5965,"H1,L1",1253965824.0,1253966336.0,processing,,1778589684.464988
9506,5966,"H1,L1",1253965824.0,1253966336.0,processing,,1778590256.4766085
9507,5967,"H1,L1",1253965824.0,1253966336.0,processing,,1778590828.4769728
9508,5968,"H1,L1",1253965824.0,1253966336.0,processing,,1778591397.7090688
9509,5969,"H1,L1",1253965824.0,1253966336.0,processing,,1778591963.7117844
9510,5970,"H1,L1",1253965824.0,1253966336.0,processing,,1778592531.4513335
9511,5971,"H1,L1",1253965824.0,1253966336.0,processing,,1778593100.9761431
9512,5972,"H1,L1",1253965824.0,1253966336.0,processing,,1778593669.9723115
9513,5973,"H1,L1",1253965824.0,1253966336.0,processing,,1778594238.4573224
9514,5974,"H1,L1",1253965824.0,1253966336.0,processing,,1778594807.744978
9515,5975,"H1,L1",1253965824.0,1253966336.0,processing,,1778595376.729824
9516,5976,"H1,L1",1253965824.0,1253966336.0,processing,,1778595945.4622383
9517,5977,"H1,L1",1253965824.0,1253966336.0,processing,,1778596512.6856883
9518,5978,"H1,L1",1253965824.0,1253966336.0,processing,,1778597080.4616888
9519,5979,"H1,L1",1253965824.0,1253966336.0,processing,,1778597647.46057
9520,5980,"H1,L1",1253965824.0,1253966336.0,processing,,1778598216.7536502
9521,5981,"H1,L1",1253965824.0,1253966336.0,processing,,1778598786.2164402
9522,5982,"H1,L1",1253965824.0,1253966336.0,processing,,1778599355.4583158
9523,5983,"H1,L1",1253965824.0,1253966336.0,processing,,1778599925.4752142
9524,5984,"H1,L1",1253965824.0,1253966336.0,processing,,1778600493.4615343
9525,5985,"H1,L1",1253965824.0,1253966336.0,processing,,1778601062.732601
9526,5986,"H1,L1",1253965824.0,1253966336.0,processing,,1778601630.9861257
9527,5987,"H1,L1",1253965824.0,1253966336.0,processing,,1778602199.215763
9528,5988,"H1,L1",1253965824.0,1253966336.0,processing,,1778602766.9713237
9529,5989,"H1,L1",1253965824.0,1253966336.0,processing,,1778603335.9639177
9530,5990,"H1,L1",1253965824.0,1253966336.0,processing,,1778603903.4677465
9531,5991,"H1,L1",1253965824.0,1253966336.0,processing,,1778604471.2348459
9532,5992,"H1,L1",1253965824.0,1253966336.0,processing,,1778605037.9839668
9533,5993,"H1,L1",1253965824.0,1253966336.0,processing,,1778605607.4673088
9534,5994,"H1,L1",1253965824.0,1253966336.0,processing,,1778606175.488136
9535,5995,"H1,L1",1253965824.0,1253966336.0,processing,,1778606742.9415276
9536,5996,"H1,L1",1253965824.0,1253966336.0,processing,,1778607310.2332892
9537,5997,"H1,L1",1253965824.0,1253966336.0,processing,,1778607880.705671
9538,5998,"H1,L1",1253965824.0,1253966336.0,processing,,1778608449.97495
9539,5999,"H1,L1",1253965824.0,1253966336.0,processing,,1778609018.4615324
9540,6000,"H1,L1",1253965824.0,1253966336.0,processing,,1778609590.987284
9541,6001,"H1,L1",1253965824.0,1253966336.0,processing,,1778610161.7234786
9542,6002,"H1,L1",1253965824.0,1253966336.0,processing,,1778610738.2072992
9543,6003,"H1,L1",1253965824.0,1253966336.0,processing,,1778611308.4450808
9544,6004,"H1,L1",1253965824.0,1253966336.0,processing,,1778611878.7340739
9545,6005,"H1,L1",1253965824.0,1253966336.0,processing,,1778612447.9491937
9546,6006,"H1,L1",1253965824.0,1253966336.0,processing,,1778613025.9855752
9547,6007,"H1,L1",1253965824.0,1253966336.0,processing,,1778613595.6956475
9548,6008,"H1,L1",1253965824.0,1253966336.0,processing,,1778614165.1954103
9549,6009,"H1,L1",1253965824.0,1253966336.0,processing,,1778614732.4721766
9550,6010,"H1,L1",1253965824.0,1253966336.0,processing,,1778615299.9836671
9551,6011,"H1,L1",1253965824.0,1253966336.0,processing,,1778615869.482464
9552,6012,"H1,L1",1253965824.0,1253966336.0,processing,,1778616438.4682455
9553,6013,"H1,L1",1253965824.0,1253966336.0,processing,,1778617008.7164123
9554,6014,"H1,L1",1253965824.0,1253966336.0,processing,,1778617578.1908805
9555,6015,"H1,L1",1253965824.0,1253966336.0,processing,,1778618148.706554
9556,6016,"H1,L1",1253965824.0,1253966336.0,processing,,1778618715.25689
9557,6017,"H1,L1",1253965824.0,1253966336.0,processing,,1778619382.4883327
9558,6018,"H1,L1",1253965824.0,1253966336.0,processing,,1778619950.2065947
9559,6019,"H1,L1",1253965824.0,1253966336.0,processing,,1778620515.704036
9560,6020,"H1,L1",1253965824.0,1253966336.0,processing,,1778621082.20642
9561,6021,"H1,L1",1253965824.0,1253966336.0,processing,,1778621660.6961203
9562,6022,"H1,L1",1253965824.0,1253966336.0,processing,,1778622240.2214718
9563,6023,"H1,L1",1253965824.0,1253966336.0,processing,,1778622810.471018
9564,6024,"H1,L1",1253965824.0,1253966336.0,processing,,1778623380.217349
9565,6025,"H1,L1",1253965824.0,1253966336.0,processing,,1778623947.6954172
9566,6026,"H1,L1",1253965824.0,1253966336.0,processing,,1778624517.742864
9567,6027,"H1,L1",1253965824.0,1253966336.0,processing,,1778625087.7253163
9568,6028,"H1,L1",1253965824.0,1253966336.0,processing,,1778625658.479787
9569,6029,"H1,L1",1253965824.0,1253966336.0,processing,,1778626226.7095835
9570,6030,"H1,L1",1253965824.0,1253966336.0,processing,,1778626795.234325
9571,6031,"H1,L1",1253965824.0,1253966336.0,processing,,1778627365.4639363
9572,6032,"H1,L1",1253965824.0,1253966336.0,processing,,1778627933.756219
9573,6033,"H1,L1",1253965824.0,1253966336.0,processing,,1778628501.970805
9574,6034,"H1,L1",1253965824.0,1253966336.0,processing,,1778629069.9691248
9575,6035,"H1,L1",1253965824.0,1253966336.0,processing,,1778629639.989247
9576,6036,"H1,L1",1253965824.0,1253966336.0,processing,,1778630210.986829
9577,6037,"H1,L1",1253965824.0,1253966336.0,processing,,1778630780.974682
9578,6038,"H1,L1",1253965824.0,1253966336.0,processing,,1778631352.2217724
9579,6039,"H1,L1",1253965824.0,1253966336.0,processing,,1778631920.188566
9580,6040,"H1,L1",1253965824.0,1253966336.0,processing,,1778632492.9574847
9581,6041,"H1,L1",1253965824.0,1253966336.0,processing,,1778633063.457693
9582,6042,"H1,L1",1253965824.0,1253966336.0,processing,,1778633634.94462
9583,6043,"H1,L1",1253965824.0,1253966336.0,processing,,1778634206.4567547
9584,6044,"H1,L1",1253965824.0,1253966336.0,processing,,1778634776.9999487
9585,6045,"H1,L1",1253965824.0,1253966336.0,processing,,1778635343.2023447
9586,6046,"H1,L1",1253965824.0,1253966336.0,processing,,1778635913.718719
9587,6047,"H1,L1",1253965824.0,1253966336.0,processing,,1778636483.768386
9588,6048,"H1,L1",1253965824.0,1253966336.0,processing,,1778637054.2283647
9589,6049,"H1,L1",1253965824.0,1253966336.0,processing,,1778637625.2241225
9590,6050,"H1,L1",1253965824.0,1253966336.0,processing,,1778638194.2143347
9591,6051,"H1,L1",1253965824.0,1253966336.0,processing,,1778638763.2310581
9592,6052,"H1,L1",1253965824.0,1253966336.0,processing,,1778639332.496588
9593,6053,"H1,L1",1253965824.0,1253966336.0,processing,,1778639902.9981346
9594,6054,"H1,L1",1253965824.0,1253966336.0,processing,,1778640473.4687011
9595,6055,"H1,L1",1253965824.0,1253966336.0,processing,,1778641045.2264082
9596,6056,"H1,L1",1253965824.0,1253966336.0,processing,,1778641625.9679005
9597,6057,"H1,L1",1253965824.0,1253966336.0,processing,,1778642205.214556
9598,6058,"H1,L1",1253965824.0,1253966336.0,processing,,1778642773.4606621
9599,6059,"H1,L1",1253965824.0,1253966336.0,processing,,1778643351.4502685
9600,6060,"H1,L1",1253965824.0,1253966336.0,processing,,1778643922.4514966
9601,6061,"H1,L1",1253965824.0,1253966336.0,processing,,1778644492.2256393
9602,6062,"H1,L1",1253965824.0,1253966336.0,processing,,1778645064.2239096
9603,6063,"H1,L1",1253965824.0,1253966336.0,processing,,1778645635.2476199
9604,6064,"H1,L1",1253965824.0,1253966336.0,processing,,1778646204.7156549
9605,6065,"H1,L1",1253965824.0,1253966336.0,processing,,1778646772.4587827
9606,6066,"H1,L1",1253965824.0,1253966336.0,processing,,1778647340.947041
9607,6067,"H1,L1",1253965824.0,1253966336.0,processing,,1778647912.7299094
9608,6068,"H1,L1",1253965824.0,1253966336.0,processing,,1778648481.7419767
9609,6069,"H1,L1",1253965824.0,1253966336.0,processing,,1778649054.4964275
9610,6070,"H1,L1",1253965824.0,1253966336.0,processing,,1778649623.724518
9611,6071,"H1,L1",1253965824.0,1253966336.0,processing,,1778650194.7031744
9612,6072,"H1,L1",1253965824.0,1253966336.0,processing,,1778650765.7458017
9613,6073,"H1,L1",1253965824.0,1253966336.0,processing,,1778651335.739563
9614,6074,"H1,L1",1253965824.0,1253966336.0,processing,,1778651905.7095478
9615,6075,"H1,L1",1253965824.0,1253966336.0,processing,,1778652475.9449494
9616,6076,"H1,L1",1253965824.0,1253966336.0,processing,,1778653055.7257435
9617,6077,"H1,L1",1253965824.0,1253966336.0,processing,,1778653625.7034364
9618,6078,"H1,L1",1253965824.0,1253966336.0,processing,,1778654196.2384052
9619,6079,"H1,L1",1253965824.0,1253966336.0,processing,,1778654765.1671486
9620,6080,"H1,L1",1253965824.0,1253966336.0,processing,,1778655333.9757662
9621,6081,"H1,L1",1253965824.0,1253966336.0,processing,,1778655904.724021
9622,6082,"H1,L1",1253965824.0,1253966336.0,processing,,1778656475.2957883
9623,6083,"H1,L1",1253965824.0,1253966336.0,processing,,1778657052.709299
9624,6084,"H1,L1",1253965824.0,1253966336.0,processing,,1778657622.9524553
9625,6085,"H1,L1",1253965824.0,1253966336.0,processing,,1778658193.7277966
9626,6086,"H1,L1",1253965824.0,1253966336.0,processing,,1778658766.219202
9627,6087,"H1,L1",1253965824.0,1253966336.0,processing,,1778659336.717439
9628,6088,"H1,L1",1253965824.0,1253966336.0,processing,,1778659906.941476
9629,6089,"H1,L1",1253965824.0,1253966336.0,processing,,1778660476.9661245
9630,6090,"H1,L1",1253965824.0,1253966336.0,processing,,1778661047.2187428
9631,6091,"H1,L1",1253965824.0,1253966336.0,processing,,1778661618.955621
9632,6092,"H1,L1",1253965824.0,1253966336.0,processing,,1778662188.9234726
9633,6093,"H1,L1",1253965824.0,1253966336.0,processing,,1778662756.9634812
9634,6094,"H1,L1",1253965824.0,1253966336.0,processing,,1778663327.4228811
9635,6095,"H1,L1",1253965824.0,1253966336.0,processing,,1778663896.202616
9636,6096,"H1,L1",1253965824.0,1253966336.0,processing,,1778664464.9827645
9637,6097,"H1,L1",1253965824.0,1253966336.0,processing,,1778665034.9673505
9638,6098,"H1,L1",1253965824.0,1253966336.0,processing,,1778665606.2433493
9639,6099,"H1,L1",1253965824.0,1253966336.0,processing,,1778666175.4423046
9640,6100,"H1,L1",1253965824.0,1253966336.0,processing,,1778666744.2360525
9641,6101,"H1,L1",1253965824.0,1253966336.0,processing,,1778667321.2089167
9642,6102,"H1,L1",1253965824.0,1253966336.0,processing,,1778667891.9755867
9643,6103,"H1,L1",1253965824.0,1253966336.0,processing,,1778668462.9614813
9644,6104,"H1,L1",1253965824.0,1253966336.0,processing,,1778669032.2210035
9645,6105,"H1,L1",1253965824.0,1253966336.0,processing,,1778669597.6907046
9646,6106,"H1,L1",1253965824.0,1253966336.0,processing,,1778670167.208635
9647,6107,"H1,L1",1253965824.0,1253966336.0,processing,,1778670735.9870899
9648,6108,"H1,L1",1253965824.0,1253966336.0,processing,,1778671305.454433
9649,6109,"H1,L1",1253965824.0,1253966336.0,processing,,1778671875.984489
9650,6110,"H1,L1",1253965824.0,1253966336.0,processing,,1778672446.2507482
9651,6111,"H1,L1",1253965824.0,1253966336.0,processing,,1778673016.469077
9652,6112,"H1,L1",1253965824.0,1253966336.0,processing,,1778673586.9579372
9653,6113,"H1,L1",1253965824.0,1253966336.0,processing,,1778674154.477333
9654,6114,"H1,L1",1253965824.0,1253966336.0,processing,,1778674722.4766195
9655,6115,"H1,L1",1253965824.0,1253966336.0,processing,,1778675291.4534752
9656,6116,"H1,L1",1253965824.0,1253966336.0,processing,,1778675862.729017
9657,6117,"H1,L1",1253965824.0,1253966336.0,processing,,1778676433.1964512
9658,6118,"H1,L1",1253965824.0,1253966336.0,processing,,1778677003.5029056
9659,6119,"H1,L1",1253965824.0,1253966336.0,processing,,1778677575.4306967
9660,6120,"H1,L1",1253965824.0,1253966336.0,processing,,1778678144.185548
9661,6121,"H1,L1",1253965824.0,1253966336.0,processing,,1778678712.7085936
9662,6122,"H1,L1",1253965824.0,1253966336.0,processing,,1778679283.4316692
9663,6123,"H1,L1",1253965824.0,1253966336.0,processing,,1778679851.1937664
9664,6124,"H1,L1",1253965824.0,1253966336.0,processing,,1778680420.9757342
9665,6125,"H1,L1",1253965824.0,1253966336.0,processing,,1778680989.2073228
9666,6126,"H1,L1",1253965824.0,1253966336.0,processing,,1778681557.4866993
9667,6127,"H1,L1",1253965824.0,1253966336.0,processing,,1778682127.4846787
9668,6128,"H1,L1",1253965824.0,1253966336.0,processing,,1778682695.2222638
9669,6129,"H1,L1",1253965824.0,1253966336.0,processing,,1778683267.687948
9670,6130,"H1,L1",1253965824.0,1253966336.0,processing,,1778683837.4851596
9671,6131,"H1,L1",1253965824.0,1253966336.0,processing,,1778684406.9990482
9672,6132,"H1,L1",1253965824.0,1253966336.0,processing,,1778684978.4709637
9673,6133,"H1,L1",1253965824.0,1253966336.0,processing,,1778685547.1995416
9674,6134,"H1,L1",1253965824.0,1253966336.0,processing,,1778686117.7459664
9675,6135,"H1,L1",1253965824.0,1253966336.0,processing,,1778686688.7281468
9676,6136,"H1,L1",1253965824.0,1253966336.0,processing,,1778687257.9328732
9677,6137,"H1,L1",1253965824.0,1253966336.0,processing,,1778687825.7327967
9678,6138,"H1,L1",1253965824.0,1253966336.0,processing,,1778688395.716531
9679,6139,"H1,L1",1253965824.0,1253966336.0,processing,,1778688963.215798
9680,6140,"H1,L1",1253965824.0,1253966336.0,processing,,1778689531.4663877
9681,6141,"H1,L1",1253965824.0,1253966336.0,processing,,1778690100.6844287
9682,6142,"H1,L1",1253965824.0,1253966336.0,processing,,1778690669.4591765
9683,6143,"H1,L1",1253965824.0,1253966336.0,processing,,1778691239.9648266
9684,6144,"H1,L1",1253965824.0,1253966336.0,processing,,1778691810.9651601
9685,6145,"H1,L1",1253965824.0,1253966336.0,processing,,1778692380.9791532
9686,6146,"H1,L1",1253965824.0,1253966336.0,processing,,1778692951.2562473
9687,6147,"H1,L1",1253965824.0,1253966336.0,processing,,1778693523.9749353
9688,6148,"H1,L1",1253965824.0,1253966336.0,processing,,1778694094.2126248
9689,6149,"H1,L1",1253965824.0,1253966336.0,processing,,1778694665.7136583
9690,6150,"H1,L1",1253965824.0,1253966336.0,processing,,1778695237.9490583
9691,6151,"H1,L1",1253965824.0,1253966336.0,processing,,1778695808.697938
9692,6152,"H1,L1",1253965824.0,1253966336.0,processing,,1778696379.7128844
9693,6153,"H1,L1",1253965824.0,1253966336.0,processing,,1778696949.9612236
9694,6154,"H1,L1",1253965824.0,1253966336.0,processing,,1778697520.967174
9695,6155,"H1,L1",1253965824.0,1253966336.0,processing,,1778698091.1924493
9696,6156,"H1,L1",1253965824.0,1253966336.0,processing,,1778698661.7180505
9697,6157,"H1,L1",1253965824.0,1253966336.0,processing,,1778699230.2374058
9698,6158,"H1,L1",1253965824.0,1253966336.0,processing,,1778699799.9284742
9699,6159,"H1,L1",1253965824.0,1253966336.0,processing,,1778700381.708918
9700,6160,"H1,L1",1253965824.0,1253966336.0,processing,,1778700960.699722
9701,6161,"H1,L1",1253965824.0,1253966336.0,processing,,1778701531.2113376
9702,6162,"H1,L1",1253965824.0,1253966336.0,processing,,1778702101.971834
9703,6163,"H1,L1",1253965824.0,1253966336.0,processing,,1778702672.47357
9704,6164,"H1,L1",1253965824.0,1253966336.0,processing,,1778703242.692114
9705,6165,"H1,L1",1253965824.0,1253966336.0,processing,,1778703809.966772
9706,6166,"H1,L1",1253965824.0,1253966336.0,processing,,1778704380.2197104
9707,6167,"H1,L1",1253965824.0,1253966336.0,processing,,1778704951.9480128
9708,6168,"H1,L1",1253965824.0,1253966336.0,processing,,1778705522.22846
9709,6169,"H1,L1",1253965824.0,1253966336.0,processing,,1778706091.7015572
9710,6170,"H1,L1",1253965824.0,1253966336.0,processing,,1778706660.9451594
9711,6171,"H1,L1",1253965824.0,1253966336.0,processing,,1778707233.4820213
9712,6172,"H1,L1",1253965824.0,1253966336.0,processing,,1778707803.4578683
9713,6173,"H1,L1",1253965824.0,1253966336.0,processing,,1778708370.2646735
9714,6174,"H1,L1",1253965824.0,1253966336.0,processing,,1778708938.7143652
9715,6175,"H1,L1",1253965824.0,1253966336.0,processing,,1778709508.2061841
9716,6176,"H1,L1",1253965824.0,1253966336.0,processing,,1778710083.9509113
9717,6177,"H1,L1",1253965824.0,1253966336.0,processing,,1778710653.9666133
9718,6178,"H1,L1",1253965824.0,1253966336.0,processing,,1778711223.9746063
9719,6179,"H1,L1",1253965824.0,1253966336.0,processing,,1778711793.9668844
9720,6180,"H1,L1",1253965824.0,1253966336.0,processing,,1778712365.9624245
9721,6181,"H1,L1",1253965824.0,1253966336.0,processing,,1778712932.9705026
9722,6182,"H1,L1",1253965824.0,1253966336.0,processing,,1778713503.5158632
9723,6183,"H1,L1",1253965824.0,1253966336.0,processing,,1778714069.7603889
9724,6184,"H1,L1",1253965824.0,1253966336.0,processing,,1778714636.714692
9725,6185,"H1,L1",1253965824.0,1253966336.0,processing,,1778715205.2031178
9726,6186,"H1,L1",1253965824.0,1253966336.0,processing,,1778715771.9764385
9727,6187,"H1,L1",1253965824.0,1253966336.0,processing,,1778716338.212504
9728,6188,"H1,L1",1253965824.0,1253966336.0,processing,,1778716908.4619231
9729,6189,"H1,L1",1253965824.0,1253966336.0,processing,,1778717474.4889112
9730,6190,"H1,L1",1253965824.0,1253966336.0,processing,,1778718044.9827466
9731,6191,"H1,L1",1253965824.0,1253966336.0,processing,,1778718613.4746146
9732,6192,"H1,L1",1253965824.0,1253966336.0,processing,,1778719181.7477489
9733,6193,"H1,L1",1253965824.0,1253966336.0,processing,,1778719750.9857295
9734,6194,"H1,L1",1253965824.0,1253966336.0,processing,,1778720328.7362316
9735,6195,"H1,L1",1253965824.0,1253966336.0,processing,,1778720896.9258792
9736,6196,"H1,L1",1253965824.0,1253966336.0,processing,,1778721467.950118
9737,6197,"H1,L1",1253965824.0,1253966336.0,processing,,1778722036.7197964
9738,6198,"H1,L1",1253965824.0,1253966336.0,processing,,1778722606.4570034
9739,6199,"H1,L1",1253965824.0,1253966336.0,processing,,1778723174.6990967
9740,6200,"H1,L1",1253965824.0,1253966336.0,processing,,1778723744.2328763
9741,6201,"H1,L1",1253965824.0,1253966336.0,processing,,1778724313.429819
9742,6202,"H1,L1",1253965824.0,1253966336.0,processing,,1778724883.9610417
9743,6203,"H1,L1",1253965824.0,1253966336.0,processing,,1778725453.2207558
9744,6204,"H1,L1",1253965824.0,1253966336.0,processing,,1778726024.4676943
9745,6205,"H1,L1",1253965824.0,1253966336.0,processing,,1778726595.4518902
9746,6206,"H1,L1",1253965824.0,1253966336.0,processing,,1778727165.9440815
9747,6207,"H1,L1",1253965824.0,1253966336.0,processing,,1778727736.4513285
9748,6208,"H1,L1",1253965824.0,1253966336.0,processing,,1778728304.1961648
9749,6209,"H1,L1",1253965824.0,1253966336.0,processing,,1778728873.4442012
9750,6210,"H1,L1",1253965824.0,1253966336.0,processing,,1778729443.4681652
9751,6211,"H1,L1",1253965824.0,1253966336.0,processing,,1778730016.4663954
9752,6212,"H1,L1",1253965824.0,1253966336.0,processing,,1778730585.2127805
9753,6213,"H1,L1",1253965824.0,1253966336.0,processing,,1778731155.2361128
9754,6214,"H1,L1",1253965824.0,1253966336.0,processing,,1778731723.705879
9755,6215,"H1,L1",1253965824.0,1253966336.0,processing,,1778732291.44001
9756,6216,"H1,L1",1253965824.0,1253966336.0,processing,,1778732861.2072449
9757,6217,"H1,L1",1253965824.0,1253966336.0,processing,,1778733432.717384
9758,6218,"H1,L1",1253965824.0,1253966336.0,processing,,1778734000.2011902
9759,6219,"H1,L1",1253965824.0,1253966336.0,processing,,1778734567.9323025
9760,6220,"H1,L1",1253965824.0,1253966336.0,processing,,1778735135.471726
9761,6221,"H1,L1",1253965824.0,1253966336.0,processing,,1778735703.21115
9762,6222,"H1,L1",1253965824.0,1253966336.0,processing,,1778736270.9696038
9763,6223,"H1,L1",1253965824.0,1253966336.0,processing,,1778736835.0118158
9764,6224,"H1,L1",1253965824.0,1253966336.0,processing,,1778737403.1982248
9765,6225,"H1,L1",1253965824.0,1253966336.0,processing,,1778737971.516937
9766,6226,"H1,L1",1253965824.0,1253966336.0,processing,,1778738541.7200744
9767,6227,"H1,L1",1253965824.0,1253966336.0,processing,,1778739110.9562733
9768,6228,"H1,L1",1253965824.0,1253966336.0,processing,,1778739678.6851113
9769,6229,"H1,L1",1253965824.0,1253966336.0,processing,,1778740252.0144954
9770,6230,"H1,L1",1253965824.0,1253966336.0,processing,,1778740819.694778
9771,6231,"H1,L1",1253965824.0,1253966336.0,processing,,1778741388.6844978
9772,6232,"H1,L1",1253965824.0,1253966336.0,processing,,1778741955.9876397
9773,6233,"H1,L1",1253965824.0,1253966336.0,processing,,1778742524.2146184
9774,6234,"H1,L1",1253965824.0,1253966336.0,processing,,1778743093.4460702
9775,6235,"H1,L1",1253965824.0,1253966336.0,processing,,1778743665.2492301
9776,6236,"H1,L1",1253965824.0,1253966336.0,processing,,1778744234.0008152
9777,6237,"H1,L1",1253965824.0,1253966336.0,processing,,1778744802.954116
9778,6238,"H1,L1",1253965824.0,1253966336.0,processing,,1778745371.7386122
9779,6239,"H1,L1",1253965824.0,1253966336.0,processing,,1778745941.222004
9780,6240,"H1,L1",1253965824.0,1253966336.0,processing,,1778746510.470386
9781,6241,"H1,L1",1253965824.0,1253966336.0,processing,,1778747079.9847405
9782,6242,"H1,L1",1253965824.0,1253966336.0,processing,,1778747650.7411017
9783,6243,"H1,L1",1253965824.0,1253966336.0,processing,,1778748220.2165003
9784,6244,"H1,L1",1253965824.0,1253966336.0,processing,,1778748789.4507287
9785,6245,"H1,L1",1253965824.0,1253966336.0,processing,,1778749356.7338662
9786,6246,"H1,L1",1253965824.0,1253966336.0,processing,,1778749934.467987
9787,6247,"H1,L1",1253965824.0,1253966336.0,processing,,1778750503.4660661
9788,6248,"H1,L1",1253965824.0,1253966336.0,processing,,1778751071.952835
9789,6249,"H1,L1",1253965824.0,1253966336.0,processing,,1778751641.2343354
9790,6250,"H1,L1",1253965824.0,1253966336.0,processing,,1778752208.7262778
9791,6251,"H1,L1",1253965824.0,1253966336.0,processing,,1778752776.467784
9792,6252,"H1,L1",1253965824.0,1253966336.0,processing,,1778753344.7219234
9793,6253,"H1,L1",1253965824.0,1253966336.0,processing,,1778753913.714029
9794,6254,"H1,L1",1253965824.0,1253966336.0,processing,,1778754486.9679258
9795,6255,"H1,L1",1253965824.0,1253966336.0,processing,,1778755063.2144992
9796,6256,"H1,L1",1253965824.0,1253966336.0,processing,,1778755631.2126672
9797,6257,"H1,L1",1253965824.0,1253966336.0,processing,,1778756201.703633
9798,6258,"H1,L1",1253965824.0,1253966336.0,processing,,1778756775.2388163
9799,6259,"H1,L1",1253965824.0,1253966336.0,processing,,1778757344.2266836
9800,6260,"H1,L1",1253965824.0,1253966336.0,processing,,1778757911.6976476
9801,6261,"H1,L1",1253965824.0,1253966336.0,processing,,1778758483.4570735
9802,6262,"H1,L1",1253965824.0,1253966336.0,processing,,1778759055.713659
9803,6263,"H1,L1",1253965824.0,1253966336.0,processing,,1778759622.4895198
9804,6264,"H1,L1",1253965824.0,1253966336.0,processing,,1778760192.9718382
9805,6265,"H1,L1",1253965824.0,1253966336.0,processing,,1778760762.4455082
9806,6266,"H1,L1",1253965824.0,1253966336.0,processing,,1778761332.232096
9807,6267,"H1,L1",1253965824.0,1253966336.0,processing,,1778761901.4716473
9808,6268,"H1,L1",1253965824.0,1253966336.0,processing,,1778762469.1875112
9809,6269,"H1,L1",1253965824.0,1253966336.0,processing,,1778763036.453255
9810,6270,"H1,L1",1253965824.0,1253966336.0,processing,,1778763615.4396892
9811,6271,"H1,L1",1253965824.0,1253966336.0,processing,,1778764182.969437
9812,6272,"H1,L1",1253965824.0,1253966336.0,processing,,1778764751.9538233
9813,6273,"H1,L1",1253965824.0,1253966336.0,processing,,1778765321.4869206
9814,6274,"H1,L1",1253965824.0,1253966336.0,processing,,1778765889.966357
9815,6275,"H1,L1",1253965824.0,1253966336.0,processing,,1778766457.9645727
9816,6276,"H1,L1",1253965824.0,1253966336.0,processing,,1778767036.2036152
9817,6277,"H1,L1",1253965824.0,1253966336.0,processing,,1778767607.7019212
9818,6278,"H1,L1",1253965824.0,1253966336.0,processing,,1778768176.7362726
9819,6279,"H1,L1",1253965824.0,1253966336.0,processing,,1778768754.2017884
9820,6280,"H1,L1",1253965824.0,1253966336.0,processing,,1778769323.219545
9821,6281,"H1,L1",1253965824.0,1253966336.0,processing,,1778769890.4408376
9822,6282,"H1,L1",1253965824.0,1253966336.0,processing,,1778770461.9535053
9823,6283,"H1,L1",1253965824.0,1253966336.0,processing,,1778771030.42564
9824,6284,"H1,L1",1253965824.0,1253966336.0,processing,,1778771599.6919358
9825,6285,"H1,L1",1253965824.0,1253966336.0,processing,,1778772168.9426816
9826,6286,"H1,L1",1253965824.0,1253966336.0,processing,,1778772737.4766278
9827,6287,"H1,L1",1253965824.0,1253966336.0,processing,,1778773305.2203498
9828,6288,"H1,L1",1253965824.0,1253966336.0,processing,,1778773874.2179236
9829,6289,"H1,L1",1253965824.0,1253966336.0,processing,,1778774442.2008271
9830,6290,"H1,L1",1253965824.0,1253966336.0,processing,,1778775010.9500103
9831,6291,"H1,L1",1253965824.0,1253966336.0,processing,,1778775578.7211034
9832,6292,"H1,L1",1253965824.0,1253966336.0,processing,,1778776146.225849
9833,6293,"H1,L1",1253965824.0,1253966336.0,processing,,1778776714.2257142
9834,6294,"H1,L1",1253965824.0,1253966336.0,processing,,1778777283.4904048
9835,6295,"H1,L1",1253965824.0,1253966336.0,processing,,1778777851.7121687
9836,6296,"H1,L1",1253965824.0,1253966336.0,processing,,1778778421.9706054
9837,6297,"H1,L1",1253965824.0,1253966336.0,processing,,1778778990.7095287
9838,6298,"H1,L1",1253965824.0,1253966336.0,processing,,1778779558.7569494
9839,6299,"H1,L1",1253965824.0,1253966336.0,processing,,1778780127.9787433
9840,6300,"H1,L1",1253965824.0,1253966336.0,processing,,1778780696.6748016
9841,6301,"H1,L1",1253965824.0,1253966336.0,processing,,1778781263.9690514
9842,6302,"H1,L1",1253965824.0,1253966336.0,processing,,1778781830.7093403
9843,6303,"H1,L1",1253965824.0,1253966336.0,processing,,1778782400.184579
9844,6304,"H1,L1",1253965824.0,1253966336.0,processing,,1778782969.4672937
9845,6305,"H1,L1",1253965824.0,1253966336.0,processing,,1778783539.973451
9846,6306,"H1,L1",1253965824.0,1253966336.0,processing,,1778784117.4636424
9847,6307,"H1,L1",1253965824.0,1253966336.0,processing,,1778784696.694317
9848,6308,"H1,L1",1253965824.0,1253966336.0,processing,,1778785265.2112734
9849,6309,"H1,L1",1253965824.0,1253966336.0,processing,,1778785834.2361329
9850,6310,"H1,L1",1253965824.0,1253966336.0,processing,,1778786404.7431827
9851,6311,"H1,L1",1253965824.0,1253966336.0,processing,,1778786972.7143235
9852,6312,"H1,L1",1253965824.0,1253966336.0,processing,,1778787539.468453
9853,6313,"H1,L1",1253965824.0,1253966336.0,processing,,1778788135.2153559
9854,6314,"H1,L1",1253965824.0,1253966336.0,processing,,1778788702.945192
9855,6315,"H1,L1",1253965824.0,1253966336.0,processing,,1778789277.2070043
9856,6316,"H1,L1",1253965824.0,1253966336.0,processing,,1778789856.7029226
9857,6317,"H1,L1",1253965824.0,1253966336.0,processing,,1778790424.723423
9858,6318,"H1,L1",1253965824.0,1253966336.0,processing,,1778790992.2377336
9859,6319,"H1,L1",1253965824.0,1253966336.0,processing,,1778791562.4663875
9860,6320,"H1,L1",1253965824.0,1253966336.0,processing,,1778792129.9340234
9861,6321,"H1,L1",1253965824.0,1253966336.0,processing,,1778792698.260127
9862,6322,"H1,L1",1253965824.0,1253966336.0,processing,,1778793265.2208743
9863,6323,"H1,L1",1253965824.0,1253966336.0,processing,,1778793833.6871989
9864,6324,"H1,L1",1253965824.0,1253966336.0,processing,,1778794400.698355
9865,6325,"H1,L1",1253965824.0,1253966336.0,processing,,1778794970.454969
9866,6326,"H1,L1",1253965824.0,1253966336.0,processing,,1778795539.9753056
9867,6327,"H1,L1",1253965824.0,1253966336.0,processing,,1778796107.4528165
9868,6328,"H1,L1",1253965824.0,1253966336.0,processing,,1778796677.729154
9869,6329,"H1,L1",1253965824.0,1253966336.0,processing,,1778797245.7039108
9870,6330,"H1,L1",1253965824.0,1253966336.0,processing,,1778797816.4704452
9871,6331,"H1,L1",1253965824.0,1253966336.0,processing,,1778798385.2353618
9872,6332,"H1,L1",1253965824.0,1253966336.0,processing,,1778798956.4375973
9873,6333,"H1,L1",1253965824.0,1253966336.0,processing,,1778799526.229104
9874,6334,"H1,L1",1253965824.0,1253966336.0,processing,,1778800095.7252307
9875,6335,"H1,L1",1253965824.0,1253966336.0,processing,,1778800663.6922805
9876,6336,"H1,L1",1253965824.0,1253966336.0,processing,,1778801232.459282
9877,6337,"H1,L1",1253965824.0,1253966336.0,processing,,1778801797.4797597
9878,6338,"H1,L1",1253965824.0,1253966336.0,processing,,1778802367.6947997
9879,6339,"H1,L1",1253965824.0,1253966336.0,processing,,1778802939.2124908
9880,6340,"H1,L1",1253965824.0,1253966336.0,processing,,1778803508.9878604
9881,6341,"H1,L1",1253965824.0,1253966336.0,processing,,1778804077.982925
9882,6342,"H1,L1",1253965824.0,1253966336.0,processing,,1778804646.9432755
9883,6343,"H1,L1",1253965824.0,1253966336.0,processing,,1778805216.2346237
9884,6344,"H1,L1",1253965824.0,1253966336.0,processing,,1778805786.1931043
9885,6345,"H1,L1",1253965824.0,1253966336.0,processing,,1778806357.2329488
9886,6346,"H1,L1",1253965824.0,1253966336.0,processing,,1778806924.488673
9887,6347,"H1,L1",1253965824.0,1253966336.0,processing,,1778807491.6991677
9888,6348,"H1,L1",1253965824.0,1253966336.0,processing,,1778808060.4576669
9889,6349,"H1,L1",1253965824.0,1253966336.0,processing,,1778808628.9404027
9890,6350,"H1,L1",1253965824.0,1253966336.0,processing,,1778809199.7519784
9891,6351,"H1,L1",1253965824.0,1253966336.0,processing,,1778809768.4626353
9892,6352,"H1,L1",1253965824.0,1253966336.0,processing,,1778810336.971513
9893,6353,"H1,L1",1253965824.0,1253966336.0,processing,,1778810905.2149396
9894,6354,"H1,L1",1253965824.0,1253966336.0,processing,,1778811473.45823
9895,6355,"H1,L1",1253965824.0,1253966336.0,processing,,1778812042.4598992
9896,6356,"H1,L1",1253965824.0,1253966336.0,processing,,1778812613.95424
9897,6357,"H1,L1",1253965824.0,1253966336.0,processing,,1778813184.469612
9898,6358,"H1,L1",1253965824.0,1253966336.0,processing,,1778813756.9434106
9899,6359,"H1,L1",1253965824.0,1253966336.0,processing,,1778814325.984732
9900,6360,"H1,L1",1253965824.0,1253966336.0,processing,,1778814895.4525325
9901,6361,"H1,L1",1253965824.0,1253966336.0,processing,,1778815466.4545572
9902,6362,"H1,L1",1253965824.0,1253966336.0,processing,,1778816034.9671717
9903,6363,"H1,L1",1253965824.0,1253966336.0,processing,,1778816604.9578137
9904,6364,"H1,L1",1253965824.0,1253966336.0,processing,,1778817173.2099457
9905,6365,"H1,L1",1253965824.0,1253966336.0,processing,,1778817741.7128885
9906,6366,"H1,L1",1253965824.0,1253966336.0,processing,,1778818319.4749017
9907,6367,"H1,L1",1253965824.0,1253966336.0,processing,,1778818890.2185159
9908,6368,"H1,L1",1253965824.0,1253966336.0,processing,,1778819467.71453
9909,6369,"H1,L1",1253965824.0,1253966336.0,processing,,1778820037.2069576
9910,6370,"H1,L1",1253965824.0,1253966336.0,processing,,1778820606.48398
9911,6371,"H1,L1",1253965824.0,1253966336.0,processing,,1778821174.714435
9912,6372,"H1,L1",1253965824.0,1253966336.0,processing,,1778821746.7372284
9913,6373,"H1,L1",1253965824.0,1253966336.0,processing,,1778822314.2418764
9914,6374,"H1,L1",1253965824.0,1253966336.0,processing,,1778822884.9780185
9915,6375,"H1,L1",1253965824.0,1253966336.0,processing,,1778823453.9643211
9916,6376,"H1,L1",1253965824.0,1253966336.0,processing,,1778824023.960035
9917,6377,"H1,L1",1253965824.0,1253966336.0,processing,,1778824591.4436672
9918,6378,"H1,L1",1253965824.0,1253966336.0,processing,,1778825162.4524906
9919,6379,"H1,L1",1253965824.0,1253966336.0,processing,,1778825731.977341
9920,6380,"H1,L1",1253965824.0,1253966336.0,processing,,1778826301.710877
9921,6381,"H1,L1",1253965824.0,1253966336.0,processing,,1778826870.4456673
9922,6382,"H1,L1",1253965824.0,1253966336.0,processing,,1778827441.464773
9923,6383,"H1,L1",1253965824.0,1253966336.0,processing,,1778828011.9663744
9924,6384,"H1,L1",1253965824.0,1253966336.0,processing,,1778828580.6970105
9925,6385,"H1,L1",1253965824.0,1253966336.0,processing,,1778829147.6911635
9926,6386,"H1,L1",1253965824.0,1253966336.0,processing,,1778829716.9405422
9927,6387,"H1,L1",1253965824.0,1253966336.0,processing,,1778830287.459682
9928,6388,"H1,L1",1253965824.0,1253966336.0,processing,,1778830856.4558349
9929,6389,"H1,L1",1253965824.0,1253966336.0,processing,,1778831427.231458
9930,6390,"H1,L1",1253965824.0,1253966336.0,processing,,1778831996.2854757
9931,6391,"H1,L1",1253965824.0,1253966336.0,processing,,1778832567.6928096
9932,6392,"H1,L1",1253965824.0,1253966336.0,processing,,1778833137.4837234
9933,6393,"H1,L1",1253965824.0,1253966336.0,processing,,1778833708.7324646
9934,6394,"H1,L1",1253965824.0,1253966336.0,processing,,1778834290.688023
9935,6395,"H1,L1",1253965824.0,1253966336.0,processing,,1778834859.9538977
9936,6396,"H1,L1",1253965824.0,1253966336.0,processing,,1778835431.739803
9937,6397,"H1,L1",1253965824.0,1253966336.0,processing,,1778836002.1954205
9938,6398,"H1,L1",1253965824.0,1253966336.0,processing,,1778836570.2118485
9939,6399,"H1,L1",1253965824.0,1253966336.0,processing,,1778837135.9816022
9940,6400,"H1,L1",1253965824.0,1253966336.0,processing,,1778837702.2112486
9941,6401,"H1,L1",1253965824.0,1253966336.0,processing,,1778838269.2052782
9942,6402,"H1,L1",1253965824.0,1253966336.0,processing,,1778838845.9580712
9943,6403,"H1,L1",1253965824.0,1253966336.0,processing,,1778839410.733185
9944,6404,"H1,L1",1253965824.0,1253966336.0,processing,,1778839978.9932973
9945,6405,"H1,L1",1253965824.0,1253966336.0,processing,,1778840547.2207215
9946,6406,"H1,L1",1253965824.0,1253966336.0,processing,,1778841114.4579747
9947,6407,"H1,L1",1253965824.0,1253966336.0,processing,,1778841681.4846427
9948,6408,"H1,L1",1253965824.0,1253966336.0,processing,,1778842249.2230499
9949,6409,"H1,L1",1253965824.0,1253966336.0,processing,,1778842815.1885881
9950,6410,"H1,L1",1253965824.0,1253966336.0,processing,,1778843382.2287304
9951,6411,"H1,L1",1253965824.0,1253966336.0,processing,,1778843947.4807417
9952,6412,"H1,L1",1253965824.0,1253966336.0,processing,,1778844515.2130141
9953,6413,"H1,L1",1253965824.0,1253966336.0,processing,,1778845082.5862591
9954,6414,"H1,L1",1253965824.0,1253966336.0,processing,,1778845652.2610438
9955,6415,"H1,L1",1253965824.0,1253966336.0,processing,,1778846318.713894
9956,6416,"H1,L1",1253965824.0,1253966336.0,processing,,1778846886.2030554
9957,6417,"H1,L1",1253965824.0,1253966336.0,processing,,1778847452.1852472
9958,6418,"H1,L1",1253965824.0,1253966336.0,processing,,1778848057.4593477
9959,6419,"H1,L1",1253965824.0,1253966336.0,processing,,1778848622.983447
9960,6420,"H1,L1",1253965824.0,1253966336.0,processing,,1778849189.483511
9961,6421,"H1,L1",1253965824.0,1253966336.0,processing,,1778849755.2271802
9962,6422,"H1,L1",1253965824.0,1253966336.0,processing,,1778850320.202424
9963,6423,"H1,L1",1253965824.0,1253966336.0,processing,,1778850886.9492981
9964,6424,"H1,L1",1253965824.0,1253966336.0,processing,,1778851452.2061522
9965,6425,"H1,L1",1253965824.0,1253966336.0,processing,,1778852017.9826076
9966,6426,"H1,L1",1253965824.0,1253966336.0,processing,,1778852583.6881914
9967,6427,"H1,L1",1253965824.0,1253966336.0,processing,,1778853149.447946
9968,6428,"H1,L1",1253965824.0,1253966336.0,processing,,1778853714.4767404
9969,6429,"H1,L1",1253965824.0,1253966336.0,processing,,1778854282.6913517
9970,6430,"H1,L1",1253965824.0,1253966336.0,processing,,1778854850.22971
9971,6431,"H1,L1",1253965824.0,1253966336.0,processing,,1778855419.2381806
9972,6432,"H1,L1",1253965824.0,1253966336.0,processing,,1778855984.954981
9973,6433,"H1,L1",1253965824.0,1253966336.0,processing,,1778856552.727561
9974,6434,"H1,L1",1253965824.0,1253966336.0,processing,,1778857119.2249403
9975,6435,"H1,L1",1253965824.0,1253966336.0,processing,,1778857687.696093
9976,6436,"H1,L1",1253965824.0,1253966336.0,processing,,1778858254.2256124
9977,6437,"H1,L1",1253965824.0,1253966336.0,processing,,1778858821.7300758
9978,6438,"H1,L1",1253965824.0,1253966336.0,processing,,1778859389.7020824
9979,6439,"H1,L1",1253965824.0,1253966336.0,processing,,1778859956.7159436
9980,6440,"H1,L1",1253965824.0,1253966336.0,processing,,1778860521.7348447
9981,6441,"H1,L1",1253965824.0,1253966336.0,processing,,1778861088.4597352
9982,6442,"H1,L1",1253965824.0,1253966336.0,processing,,1778861655.4938376
9983,6443,"H1,L1",1253965824.0,1253966336.0,processing,,1778862221.4771333
9984,6444,"H1,L1",1253965824.0,1253966336.0,processing,,1778862788.4757109
9985,6445,"H1,L1",1253965824.0,1253966336.0,processing,,1778863358.2327282
9986,6446,"H1,L1",1253965824.0,1253966336.0,processing,,1778863925.2108564
9987,6447,"H1,L1",1253965824.0,1253966336.0,processing,,1778864493.4531882
9988,6448,"H1,L1",1253965824.0,1253966336.0,processing,,1778865060.1898355
9989,6449,"H1,L1",1253965824.0,1253966336.0,processing,,1778865628.4699543
9990,6450,"H1,L1",1253965824.0,1253966336.0,processing,,1778866196.4449756
9991,6451,"H1,L1",1253965824.0,1253966336.0,processing,,1778866763.9747715
9992,6452,"H1,L1",1253965824.0,1253966336.0,processing,,1778867333.9949548
9993,6453,"H1,L1",1253965824.0,1253966336.0,processing,,1778867904.2254658
9994,6454,"H1,L1",1253965824.0,1253966336.0,processing,,1778868475.7434938
9995,6455,"H1,L1",1253965824.0,1253966336.0,processing,,1778869043.2178688
9996,6456,"H1,L1",1253965824.0,1253966336.0,processing,,1778869614.9917514
9997,6457,"H1,L1",1253965824.0,1253966336.0,processing,,1778870184.752532
9998,6458,"H1,L1",1253965824.0,1253966336.0,processing,,1778870755.9711602
9999,6459,"H1,L1",1253965824.0,1253966336.0,processing,,1778871327.4570537
10000,6460,"H1,L1",1253965824.0,1253966336.0,processing,,1778871898.7277484
10001,6461,"H1,L1",1253965824.0,1253966336.0,processing,,1778872479.4953105
10002,6462,"H1,L1",1253965824.0,1253966336.0,processing,,1778873050.4784443
10003,6463,"H1,L1",1253965824.0,1253966336.0,processing,,1778873623.9934733
10004,6464,"H1,L1",1253965824.0,1253966336.0,processing,,1778874194.48215
10005,6465,"H1,L1",1253965824.0,1253966336.0,processing,,1778874763.4593244
10006,6466,"H1,L1",1253965824.0,1253966336.0,processing,,1778875333.224884
10007,6467,"H1,L1",1253965824.0,1253966336.0,processing,,1778875912.476457
10008,6468,"H1,L1",1253965824.0,1253966336.0,processing,,1778876481.9660754
10009,6469,"H1,L1",1253965824.0,1253966336.0,processing,,1778877062.203006
10010,6470,"H1,L1",1253965824.0,1253966336.0,processing,,1778877631.9737031
10011,6471,"H1,L1",1253965824.0,1253966336.0,processing,,1778878210.2361152
10012,6472,"H1,L1",1253965824.0,1253966336.0,processing,,1778878781.1985464
10013,6473,"H1,L1",1253965824.0,1253966336.0,processing,,1778879350.4483812
10014,6474,"H1,L1",1253965824.0,1253966336.0,processing,,1778879919.4658444
10015,6475,"H1,L1",1253965824.0,1253966336.0,processing,,1778880490.4569004
10016,6476,"H1,L1",1253965824.0,1253966336.0,processing,,1778881061.980887
10017,6477,"H1,L1",1253965824.0,1253966336.0,processing,,1778881733.458433
10018,6478,"H1,L1",1253965824.0,1253966336.0,processing,,1778882304.2188547
10019,6479,"H1,L1",1253965824.0,1253966336.0,processing,,1778882875.9488618
10020,6480,"H1,L1",1253965824.0,1253966336.0,processing,,1778883445.996589
10021,6481,"H1,L1",1253965824.0,1253966336.0,processing,,1778884015.4633858
10022,6482,"H1,L1",1253965824.0,1253966336.0,processing,,1778884586.935947
10023,6483,"H1,L1",1253965824.0,1253966336.0,processing,,1778885155.2162712
10024,6484,"H1,L1",1253965824.0,1253966336.0,processing,,1778885726.7114792
10025,6485,"H1,L1",1253965824.0,1253966336.0,processing,,1778886296.2362175
10026,6486,"H1,L1",1253965824.0,1253966336.0,processing,,1778886866.2254589
10027,6487,"H1,L1",1253965824.0,1253966336.0,processing,,1778887434.473249
10028,6488,"H1,L1",1253965824.0,1253966336.0,processing,,1778888005.9535856
10029,6489,"H1,L1",1253965824.0,1253966336.0,processing,,1778888573.7341378
10030,6490,"H1,L1",1253965824.0,1253966336.0,processing,,1778889141.7092347
10031,6491,"H1,L1",1253965824.0,1253966336.0,processing,,1778889708.9616556
10032,6492,"H1,L1",1253965824.0,1253966336.0,processing,,1778890278.4897704
10033,6493,"H1,L1",1253965824.0,1253966336.0,processing,,1778890848.4790792
10034,6494,"H1,L1",1253965824.0,1253966336.0,processing,,1778891426.4807608
10035,6495,"H1,L1",1253965824.0,1253966336.0,processing,,1778891999.219167
10036,6496,"H1,L1",1253965824.0,1253966336.0,processing,,1778892569.0435731
10037,6497,"H1,L1",1253965824.0,1253966336.0,processing,,1778893138.4579964
10038,6498,"H1,L1",1253965824.0,1253966336.0,processing,,1778893708.9453907
10039,6499,"H1,L1",1253965824.0,1253966336.0,processing,,1778894276.8135607
10040,6500,"H1,L1",1253965824.0,1253966336.0,processing,,1778894847.2334447
10041,6501,"H1,L1",1253965824.0,1253966336.0,processing,,1778895426.9588234
10042,6502,"H1,L1",1253965824.0,1253966336.0,processing,,1778895996.7442873
10043,6503,"H1,L1",1253965824.0,1253966336.0,processing,,1778896567.9736257
10044,6504,"H1,L1",1253965824.0,1253966336.0,processing,,1778897138.9516413
10045,6505,"H1,L1",1253965824.0,1253966336.0,processing,,1778897717.2130044
10046,6506,"H1,L1",1253965824.0,1253966336.0,processing,,1778898287.9439063
10047,6507,"H1,L1",1253965824.0,1253966336.0,processing,,1778898858.4766622
10048,6508,"H1,L1",1253965824.0,1253966336.0,processing,,1778899427.96349
10049,6509,"H1,L1",1253965824.0,1253966336.0,processing,,1778900026.740965
10050,6510,"H1,L1",1253965824.0,1253966336.0,processing,,1778900596.9901178
10051,6511,"H1,L1",1253965824.0,1253966336.0,processing,,1778901168.235474
10052,6512,"H1,L1",1253965824.0,1253966336.0,processing,,1778901737.9639103
10053,6513,"H1,L1",1253965824.0,1253966336.0,processing,,1778902315.2321126
10054,6514,"H1,L1",1253965824.0,1253966336.0,processing,,1778902885.2338457
10055,6515,"H1,L1",1253965824.0,1253966336.0,processing,,1778903453.9358861
10056,6516,"H1,L1",1253965824.0,1253966336.0,processing,,1778904025.4896226
10057,6517,"H1,L1",1253965824.0,1253966336.0,processing,,1778904694.6757348
10058,6518,"H1,L1",1253965824.0,1253966336.0,processing,,1778905263.9556687
10059,6519,"H1,L1",1253965824.0,1253966336.0,processing,,1778905836.059915
10060,6520,"H1,L1",1253965824.0,1253966336.0,processing,,1778906405.7342515
10061,6521,"H1,L1",1253965824.0,1253966336.0,processing,,1778906975.4938989
10062,6522,"H1,L1",1253965824.0,1253966336.0,processing,,1778907545.7236204
10063,6523,"H1,L1",1253965824.0,1253966336.0,processing,,1778908115.4626312
10064,6524,"H1,L1",1253965824.0,1253966336.0,processing,,1778908685.4689324
10065,6525,"H1,L1",1253965824.0,1253966336.0,processing,,1778909256.2237916
10066,6526,"H1,L1",1253965824.0,1253966336.0,processing,,1778909826.7347522
10067,6527,"H1,L1",1253965824.0,1253966336.0,processing,,1778910395.4999294
10068,6528,"H1,L1",1253965824.0,1253966336.0,processing,,1778910965.4560184
10069,6529,"H1,L1",1253965824.0,1253966336.0,processing,,1778911534.7182045
10070,6530,"H1,L1",1253965824.0,1253966336.0,processing,,1778912105.2206984
10071,6531,"H1,L1",1253965824.0,1253966336.0,processing,,1778912677.7087715
10072,6532,"H1,L1",1253965824.0,1253966336.0,processing,,1778913247.9705305
10073,6533,"H1,L1",1253965824.0,1253966336.0,processing,,1778913818.9669268
10074,6534,"H1,L1",1253965824.0,1253966336.0,processing,,1778914389.0222738
10075,6535,"H1,L1",1253965824.0,1253966336.0,processing,,1778914966.0239484
10076,6536,"H1,L1",1253965824.0,1253966336.0,processing,,1778915536.9562829
10077,6537,"H1,L1",1253965824.0,1253966336.0,processing,,1778916107.4667518
10078,6538,"H1,L1",1253965824.0,1253966336.0,processing,,1778916677.7338648
10079,6539,"H1,L1",1253965824.0,1253966336.0,processing,,1778917249.9777782
10080,6540,"H1,L1",1253965824.0,1253966336.0,processing,,1778917819.495319
10081,6541,"H1,L1",1253965824.0,1253966336.0,processing,,1778918389.4499118
10082,6542,"H1,L1",1253965824.0,1253966336.0,processing,,1778918965.2030573
10083,6543,"H1,L1",1253965824.0,1253966336.0,processing,,1778919536.4769628
10084,6544,"H1,L1",1253965824.0,1253966336.0,processing,,1778920107.4865096
10085,6545,"H1,L1",1253965824.0,1253966336.0,processing,,1778920677.4916348
10086,6546,"H1,L1",1253965824.0,1253966336.0,processing,,1778921249.4487715
10087,6547,"H1,L1",1253965824.0,1253966336.0,processing,,1778921817.23394
10088,6548,"H1,L1",1253965824.0,1253966336.0,processing,,1778922387.2409818
10089,6549,"H1,L1",1253965824.0,1253966336.0,processing,,1778922955.7312908
10090,6550,"H1,L1",1253965824.0,1253966336.0,processing,,1778923527.7694178
10091,6551,"H1,L1",1253965824.0,1253966336.0,processing,,1778924098.6942172
10092,6552,"H1,L1",1253965824.0,1253966336.0,processing,,1778924668.736651
10093,6553,"H1,L1",1253965824.0,1253966336.0,processing,,1778925238.5109937
10094,6554,"H1,L1",1253965824.0,1253966336.0,processing,,1778925811.7141905
10095,6555,"H1,L1",1253965824.0,1253966336.0,processing,,1778926380.7173715
10096,6556,"H1,L1",1253965824.0,1253966336.0,processing,,1778926951.7167
10097,6557,"H1,L1",1253965824.0,1253966336.0,processing,,1778927523.984512
10098,6558,"H1,L1",1253965824.0,1253966336.0,processing,,1778928094.9674084
10099,6559,"H1,L1",1253965824.0,1253966336.0,processing,,1778928663.4640787
10100,6560,"H1,L1",1253965824.0,1253966336.0,processing,,1778929232.4824913
10101,6561,"H1,L1",1253965824.0,1253966336.0,processing,,1778929798.9567556
10102,6562,"H1,L1",1253965824.0,1253966336.0,processing,,1778930367.2369583
10103,6563,"H1,L1",1253965824.0,1253966336.0,processing,,1778930944.9441721
10104,6564,"H1,L1",1253965824.0,1253966336.0,processing,,1778931509.4766922
10105,6565,"H1,L1",1253965824.0,1253966336.0,processing,,1778932075.2219176
10106,6566,"H1,L1",1253965824.0,1253966336.0,processing,,1778932643.710397
10107,6567,"H1,L1",1253965824.0,1253966336.0,processing,,1778933210.4573348
10108,6568,"H1,L1",1253965824.0,1253966336.0,processing,,1778933780.225114
10109,6569,"H1,L1",1253965824.0,1253966336.0,processing,,1778934348.230688
10110,6570,"H1,L1",1253965824.0,1253966336.0,processing,,1778934915.9522896
10111,6571,"H1,L1",1253965824.0,1253966336.0,processing,,1778935494.216379
10112,6572,"H1,L1",1253965824.0,1253966336.0,processing,,1778936070.2130213
10113,6573,"H1,L1",1253965824.0,1253966336.0,processing,,1778936639.4278617
10114,6574,"H1,L1",1253965824.0,1253966336.0,processing,,1778937206.702139
10115,6575,"H1,L1",1253965824.0,1253966336.0,processing,,1778937774.924631
10116,6576,"H1,L1",1253965824.0,1253966336.0,processing,,1778938343.470627
10117,6577,"H1,L1",1253965824.0,1253966336.0,processing,,1778938922.2028825
10118,6578,"H1,L1",1253965824.0,1253966336.0,processing,,1778939487.4526744
10119,6579,"H1,L1",1253965824.0,1253966336.0,processing,,1778940052.4772763
10120,6580,"H1,L1",1253965824.0,1253966336.0,processing,,1778940624.2201743
10121,6581,"H1,L1",1253965824.0,1253966336.0,processing,,1778941192.2260292
10122,6582,"H1,L1",1253965824.0,1253966336.0,processing,,1778941759.7342145
10123,6583,"H1,L1",1253965824.0,1253966336.0,processing,,1778942335.23063
10124,6584,"H1,L1",1253965824.0,1253966336.0,processing,,1778942912.7276642
10125,6585,"H1,L1",1253965824.0,1253966336.0,processing,,1778943479.9736094
10126,6586,"H1,L1",1253965824.0,1253966336.0,processing,,1778944048.7424092
10127,6587,"H1,L1",1253965824.0,1253966336.0,processing,,1778944615.960687
10128,6588,"H1,L1",1253965824.0,1253966336.0,processing,,1778945185.2638216
10129,6589,"H1,L1",1253965824.0,1253966336.0,processing,,1778945763.2158384
10130,6590,"H1,L1",1253965824.0,1253966336.0,processing,,1778946331.2517111
10131,6591,"H1,L1",1253965824.0,1253966336.0,processing,,1778946897.4676511
10132,6592,"H1,L1",1253965824.0,1253966336.0,processing,,1778947466.501224
10133,6593,"H1,L1",1253965824.0,1253966336.0,processing,,1778948033.9774828
10134,6594,"H1,L1",1253965824.0,1253966336.0,processing,,1778948612.460853
10135,6595,"H1,L1",1253965824.0,1253966336.0,processing,,1778949179.225729
10136,6596,"H1,L1",1253965824.0,1253966336.0,processing,,1778949747.4680595
10137,6597,"H1,L1",1253965824.0,1253966336.0,processing,,1778950316.9491985
10138,6598,"H1,L1",1253965824.0,1253966336.0,processing,,1778950886.4867234
10139,6599,"H1,L1",1253965824.0,1253966336.0,processing,,1778951453.9586966
10140,6600,"H1,L1",1253965824.0,1253966336.0,processing,,1778952020.6895318
10141,6601,"H1,L1",1253965824.0,1253966336.0,processing,,1778952589.4988773
10142,6602,"H1,L1",1253965824.0,1253966336.0,processing,,1778953156.479622
10143,6603,"H1,L1",1253965824.0,1253966336.0,processing,,1778953724.4392939
10144,6604,"H1,L1",1253965824.0,1253966336.0,processing,,1778954291.9479547
10145,6605,"H1,L1",1253965824.0,1253966336.0,processing,,1778954860.724955
10146,6606,"H1,L1",1253965824.0,1253966336.0,processing,,1778955434.2424889
10147,6607,"H1,L1",1253965824.0,1253966336.0,processing,,1778956001.467018
10148,6608,"H1,L1",1253965824.0,1253966336.0,processing,,1778956570.213159
10149,6609,"H1,L1",1253965824.0,1253966336.0,processing,,1778957139.4811223
10150,6610,"H1,L1",1253965824.0,1253966336.0,processing,,1778957719.9818122
10151,6611,"H1,L1",1253965824.0,1253966336.0,processing,,1778958287.4659905
10152,6612,"H1,L1",1253965824.0,1253966336.0,processing,,1778958860.4720783
10153,6613,"H1,L1",1253965824.0,1253966336.0,processing,,1778959427.9570315
10154,6614,"H1,L1",1253965824.0,1253966336.0,processing,,1778959995.9799094
10155,6615,"H1,L1",1253965824.0,1253966336.0,processing,,1778960563.455033
10156,6616,"H1,L1",1253965824.0,1253966336.0,processing,,1778961142.218694
10157,6617,"H1,L1",1253965824.0,1253966336.0,processing,,1778961706.9418392
10158,6618,"H1,L1",1253965824.0,1253966336.0,processing,,1778962292.7501428
10159,6619,"H1,L1",1253965824.0,1253966336.0,processing,,1778962859.184959
10160,6620,"H1,L1",1253965824.0,1253966336.0,processing,,1778963426.227388
10161,6621,"H1,L1",1253965824.0,1253966336.0,processing,,1778963996.485973
10162,6622,"H1,L1",1253965824.0,1253966336.0,processing,,1778964565.4802992
10163,6623,"H1,L1",1253965824.0,1253966336.0,processing,,1778965133.9702373
10164,6624,"H1,L1",1253965824.0,1253966336.0,processing,,1778965699.7159982
10165,6625,"H1,L1",1253965824.0,1253966336.0,processing,,1778966268.9625733
10166,6626,"H1,L1",1253965824.0,1253966336.0,processing,,1778966841.4471664
10167,6627,"H1,L1",1253965824.0,1253966336.0,processing,,1778967408.9665294
10168,6628,"H1,L1",1253965824.0,1253966336.0,processing,,1778967973.9780781
10169,6629,"H1,L1",1253965824.0,1253966336.0,processing,,1778968543.474851
10170,6630,"H1,L1",1253965824.0,1253966336.0,processing,,1778969121.221669
10171,6631,"H1,L1",1253965824.0,1253966336.0,processing,,1778969690.973703
10172,6632,"H1,L1",1253965824.0,1253966336.0,processing,,1778970264.712478
10173,6633,"H1,L1",1253965824.0,1253966336.0,processing,,1778970844.721852
10174,6634,"H1,L1",1253965824.0,1253966336.0,processing,,1778971414.2299194
10175,6635,"H1,L1",1253965824.0,1253966336.0,processing,,1778971984.2135255
10176,6636,"H1,L1",1253965824.0,1253966336.0,processing,,1778972551.2441835
10177,6637,"H1,L1",1253965824.0,1253966336.0,processing,,1778973119.4850187
10178,6638,"H1,L1",1253965824.0,1253966336.0,processing,,1778973686.4716716
10179,6639,"H1,L1",1253965824.0,1253966336.0,processing,,1778974255.2259462
10180,6640,"H1,L1",1253965824.0,1253966336.0,processing,,1778974821.4779873
10181,6641,"H1,L1",1253965824.0,1253966336.0,processing,,1778975389.7575872
10182,6642,"H1,L1",1253965824.0,1253966336.0,processing,,1778975956.2087624
10183,6643,"H1,L1",1253965824.0,1253966336.0,processing,,1778976525.21125
10184,6644,"H1,L1",1253965824.0,1253966336.0,processing,,1778977093.4770186
10185,6645,"H1,L1",1253965824.0,1253966336.0,processing,,1778977661.2229204
10186,6646,"H1,L1",1253965824.0,1253966336.0,processing,,1778978229.2176864
10187,6647,"H1,L1",1253965824.0,1253966336.0,processing,,1778978796.997643
10188,6648,"H1,L1",1253965824.0,1253966336.0,processing,,1778979363.8110392
10189,6649,"H1,L1",1253965824.0,1253966336.0,processing,,1778979931.9910965
10190,6650,"H1,L1",1253965824.0,1253966336.0,processing,,1778980500.4770708
10191,6651,"H1,L1",1253965824.0,1253966336.0,processing,,1778981070.948468
10192,6652,"H1,L1",1253965824.0,1253966336.0,processing,,1778981639.9547436
10193,6653,"H1,L1",1253965824.0,1253966336.0,processing,,1778982209.2409875
10194,6654,"H1,L1",1253965824.0,1253966336.0,processing,,1778982777.3015091
10195,6655,"H1,L1",1253965824.0,1253966336.0,processing,,1778983344.4715605
10196,6656,"H1,L1",1253965824.0,1253966336.0,processing,,1778983912.4703238
10197,6657,"H1,L1",1253965824.0,1253966336.0,processing,,1778984480.008093
10198,6658,"H1,L1",1253965824.0,1253966336.0,processing,,1778985048.225756
10199,6659,"H1,L1",1253965824.0,1253966336.0,processing,,1778985620.4462645
10200,6660,"H1,L1",1253965824.0,1253966336.0,processing,,1778986188.97779
10201,6661,"H1,L1",1253965824.0,1253966336.0,processing,,1778986758.2359664
10202,6662,"H1,L1",1253965824.0,1253966336.0,processing,,1778987324.460084
10203,6663,"H1,L1",1253965824.0,1253966336.0,processing,,1778987890.9460557
10204,6664,"H1,L1",1253965824.0,1253966336.0,processing,,1778988466.985867
10205,6665,"H1,L1",1253965824.0,1253966336.0,processing,,1778989033.4769585
10206,6666,"H1,L1",1253965824.0,1253966336.0,processing,,1778989601.9969873
10207,6667,"H1,L1",1253965824.0,1253966336.0,processing,,1778990183.4415765
10208,6668,"H1,L1",1253965824.0,1253966336.0,processing,,1778990765.458589
10209,6669,"H1,L1",1253965824.0,1253966336.0,processing,,1778991354.220746
10210,6670,"H1,L1",1253965824.0,1253966336.0,processing,,1778991935.9728353
10211,6671,"H1,L1",1253965824.0,1253966336.0,processing,,1778992510.4508216
10212,6672,"H1,L1",1253965824.0,1253966336.0,processing,,1778993077.9583595
10213,6673,"H1,L1",1253965824.0,1253966336.0,processing,,1778993642.2207816
10214,6674,"H1,L1",1253965824.0,1253966336.0,processing,,1778994210.7183964
10215,6675,"H1,L1",1253965824.0,1253966336.0,processing,,1778994777.9833918
10216,6676,"H1,L1",1253965824.0,1253966336.0,processing,,1778995344.9730613
10217,6677,"H1,L1",1253965824.0,1253966336.0,processing,,1778995910.497024
10218,6678,"H1,L1",1253965824.0,1253966336.0,processing,,1778996475.9547892
10219,6679,"H1,L1",1253965824.0,1253966336.0,processing,,1778997042.6994421
10220,6680,"H1,L1",1253965824.0,1253966336.0,processing,,1778997608.222016
10221,6681,"H1,L1",1253965824.0,1253966336.0,processing,,1778998175.9944236
10222,6682,"H1,L1",1253965824.0,1253966336.0,processing,,1778998841.6907146
10223,6683,"H1,L1",1253965824.0,1253966336.0,processing,,1778999409.1856258
10224,6684,"H1,L1",1253965824.0,1253966336.0,processing,,1778999985.9580367
10225,6685,"H1,L1",1253965824.0,1253966336.0,processing,,1779000553.424833
10226,6686,"H1,L1",1253965824.0,1253966336.0,processing,,1779001117.9897716
10227,6687,"H1,L1",1253965824.0,1253966336.0,processing,,1779001693.463066
10228,6688,"H1,L1",1253965824.0,1253966336.0,processing,,1779002260.9671383
10229,6689,"H1,L1",1253965824.0,1253966336.0,processing,,1779002828.2114012
10230,6690,"H1,L1",1253965824.0,1253966336.0,processing,,1779003395.222772
10231,6691,"H1,L1",1253965824.0,1253966336.0,processing,,1779003962.7285717
10232,6692,"H1,L1",1253965824.0,1253966336.0,processing,,1779004531.2681003
10233,6693,"H1,L1",1253965824.0,1253966336.0,processing,,1779005100.4694197
10234,6694,"H1,L1",1253965824.0,1253966336.0,processing,,1779005666.7220058
10235,6695,"H1,L1",1253965824.0,1253966336.0,processing,,1779006233.9656487
10236,6696,"H1,L1",1253965824.0,1253966336.0,processing,,1779006800.9735174
10237,6697,"H1,L1",1253965824.0,1253966336.0,processing,,1779007370.452804
10238,6698,"H1,L1",1253965824.0,1253966336.0,processing,,1779007937.2156885
10239,6699,"H1,L1",1253965824.0,1253966336.0,processing,,1779008514.4769237
10240,6700,"H1,L1",1253965824.0,1253966336.0,processing,,1779009081.4762287
10241,6701,"H1,L1",1253965824.0,1253966336.0,processing,,1779009649.241322
10242,6702,"H1,L1",1253965824.0,1253966336.0,processing,,1779010225.4508522
10243,6703,"H1,L1",1253965824.0,1253966336.0,processing,,1779010793.4607027
10244,6704,"H1,L1",1253965824.0,1253966336.0,processing,,1779011361.466182
10245,6705,"H1,L1",1253965824.0,1253966336.0,processing,,1779011927.696608
10246,6706,"H1,L1",1253965824.0,1253966336.0,processing,,1779012502.713371
10247,6707,"H1,L1",1253965824.0,1253966336.0,processing,,1779013071.4710476
10248,6708,"H1,L1",1253965824.0,1253966336.0,processing,,1779013638.210186
10249,6709,"H1,L1",1253965824.0,1253966336.0,processing,,1779014204.983693
10250,6710,"H1,L1",1253965824.0,1253966336.0,processing,,1779014772.2014802
10251,6711,"H1,L1",1253965824.0,1253966336.0,processing,,1779015338.9557028
10252,6712,"H1,L1",1253965824.0,1253966336.0,processing,,1779015906.4958851
10253,6713,"H1,L1",1253965824.0,1253966336.0,processing,,1779016472.2019582
10254,6714,"H1,L1",1253965824.0,1253966336.0,processing,,1779017037.7205536
10255,6715,"H1,L1",1253965824.0,1253966336.0,processing,,1779017605.2858596
10256,6716,"H1,L1",1253965824.0,1253966336.0,processing,,1779018173.4845505
10257,6717,"H1,L1",1253965824.0,1253966336.0,processing,,1779018740.6927865
10258,6718,"H1,L1",1253965824.0,1253966336.0,processing,,1779019307.974072
10259,6719,"H1,L1",1253965824.0,1253966336.0,processing,,1779019875.7175016
10260,6720,"H1,L1",1253965824.0,1253966336.0,processing,,1779020444.7329676
10261,6721,"H1,L1",1253965824.0,1253966336.0,processing,,1779021011.0656207
10262,6722,"H1,L1",1253965824.0,1253966336.0,processing,,1779021677.0140817
10263,6723,"H1,L1",1253965824.0,1253966336.0,processing,,1779022244.233058
10264,6724,"H1,L1",1253965824.0,1253966336.0,processing,,1779022810.9699852
10265,6725,"H1,L1",1253965824.0,1253966336.0,processing,,1779023377.480253
10266,6726,"H1,L1",1253965824.0,1253966336.0,processing,,1779023945.4506407
10267,6727,"H1,L1",1253965824.0,1253966336.0,processing,,1779024523.2219455
10268,6728,"H1,L1",1253965824.0,1253966336.0,processing,,1779025097.9795866
10269,6729,"H1,L1",1253965824.0,1253966336.0,processing,,1779025677.9703724
10270,6730,"H1,L1",1253965824.0,1253966336.0,processing,,1779026245.974964
10271,6731,"H1,L1",1253965824.0,1253966336.0,processing,,1779026813.9762437
10272,6732,"H1,L1",1253965824.0,1253966336.0,processing,,1779027380.4818437
10273,6733,"H1,L1",1253965824.0,1253966336.0,processing,,1779027948.7359905
10274,6734,"H1,L1",1253965824.0,1253966336.0,processing,,1779028519.4622629
10275,6735,"H1,L1",1253965824.0,1253966336.0,processing,,1779029087.7222342
10276,6736,"H1,L1",1253965824.0,1253966336.0,processing,,1779029653.7232733
10277,6737,"H1,L1",1253965824.0,1253966336.0,processing,,1779030223.703661
10278,6738,"H1,L1",1253965824.0,1253966336.0,processing,,1779030792.9657218
10279,6739,"H1,L1",1253965824.0,1253966336.0,processing,,1779031361.7062519
10280,6740,"H1,L1",1253965824.0,1253966336.0,processing,,1779031926.4550965
10281,6741,"H1,L1",1253965824.0,1253966336.0,processing,,1779032494.4798367
10282,6742,"H1,L1",1253965824.0,1253966336.0,processing,,1779033062.012823
10283,6743,"H1,L1",1253965824.0,1253966336.0,processing,,1779033635.5126488
10284,6744,"H1,L1",1253965824.0,1253966336.0,processing,,1779034201.6852365
10285,6745,"H1,L1",1253965824.0,1253966336.0,processing,,1779034778.1757739
10286,6746,"H1,L1",1253965824.0,1253966336.0,processing,,1779035343.982331
10287,6747,"H1,L1",1253965824.0,1253966336.0,processing,,1779035924.747109
10288,6748,"H1,L1",1253965824.0,1253966336.0,processing,,1779036492.6782978
10289,6749,"H1,L1",1253965824.0,1253966336.0,processing,,1779037060.7304206
10290,6750,"H1,L1",1253965824.0,1253966336.0,processing,,1779037627.7240322
10291,6751,"H1,L1",1253965824.0,1253966336.0,processing,,1779038194.741419
10292,6752,"H1,L1",1253965824.0,1253966336.0,processing,,1779038762.4460773
10293,6753,"H1,L1",1253965824.0,1253966336.0,processing,,1779039329.2200363
10294,6754,"H1,L1",1253965824.0,1253966336.0,processing,,1779039897.5019848
10295,6755,"H1,L1",1253965824.0,1253966336.0,processing,,1779040465.432333
10296,6756,"H1,L1",1253965824.0,1253966336.0,processing,,1779041031.9666598
10297,6757,"H1,L1",1253965824.0,1253966336.0,processing,,1779041603.979794
10298,6758,"H1,L1",1253965824.0,1253966336.0,processing,,1779042172.2217615
10299,6759,"H1,L1",1253965824.0,1253966336.0,processing,,1779042740.9560564
10300,6760,"H1,L1",1253965824.0,1253966336.0,processing,,1779043309.694158
10301,6761,"H1,L1",1253965824.0,1253966336.0,processing,,1779043875.9500163
10302,6762,"H1,L1",1253965824.0,1253966336.0,processing,,1779044442.961976
10303,6763,"H1,L1",1253965824.0,1253966336.0,processing,,1779045008.957285
10304,6764,"H1,L1",1253965824.0,1253966336.0,processing,,1779045576.2197545
10305,6765,"H1,L1",1253965824.0,1253966336.0,processing,,1779046142.7397368
10306,6766,"H1,L1",1253965824.0,1253966336.0,processing,,1779046708.2503197
10307,6767,"H1,L1",1253965824.0,1253966336.0,processing,,1779047274.939648
10308,6768,"H1,L1",1253965824.0,1253966336.0,processing,,1779047842.2361853
10309,6769,"H1,L1",1253965824.0,1253966336.0,processing,,1779048409.705832
10310,6770,"H1,L1",1253965824.0,1253966336.0,processing,,1779048977.9798052
10311,6771,"H1,L1",1253965824.0,1253966336.0,processing,,1779049553.9640286
10312,6772,"H1,L1",1253965824.0,1253966336.0,processing,,1779050120.4330156
10313,6773,"H1,L1",1253965824.0,1253966336.0,processing,,1779050688.229786
10314,6774,"H1,L1",1253965824.0,1253966336.0,processing,,1779051254.471169
10315,6775,"H1,L1",1253965824.0,1253966336.0,processing,,1779051820.4700563
10316,6776,"H1,L1",1253965824.0,1253966336.0,processing,,1779052384.4908826
10317,6777,"H1,L1",1253965824.0,1253966336.0,processing,,1779052951.7616127
10318,6778,"H1,L1",1253965824.0,1253966336.0,processing,,1779053518.2175982
10319,6779,"H1,L1",1253965824.0,1253966336.0,processing,,1779054084.9591737
10320,6780,"H1,L1",1253965824.0,1253966336.0,processing,,1779054651.228012
10321,6781,"H1,L1",1253965824.0,1253966336.0,processing,,1779055227.7189586
10322,6782,"H1,L1",1253965824.0,1253966336.0,processing,,1779055796.7168183
10323,6783,"H1,L1",1253965824.0,1253966336.0,processing,,1779056363.7608154
10324,6784,"H1,L1",1253965824.0,1253966336.0,processing,,1779057029.519546
10325,6785,"H1,L1",1253965824.0,1253966336.0,processing,,1779057599.692511
10326,6786,"H1,L1",1253965824.0,1253966336.0,processing,,1779058167.4675958
10327,6787,"H1,L1",1253965824.0,1253966336.0,processing,,1779058737.9793572
10328,6788,"H1,L1",1253965824.0,1253966336.0,processing,,1779059307.4745104
10329,6789,"H1,L1",1253965824.0,1253966336.0,processing,,1779059874.4651744
10330,6790,"H1,L1",1253965824.0,1253966336.0,processing,,1779060439.9858902
10331,6791,"H1,L1",1253965824.0,1253966336.0,processing,,1779061006.1797962
10332,6792,"H1,L1",1253965824.0,1253966336.0,processing,,1779061573.9580126
10333,6793,"H1,L1",1253965824.0,1253966336.0,processing,,1779062142.239572
10334,6794,"H1,L1",1253965824.0,1253966336.0,processing,,1779062708.7258441
10335,6795,"H1,L1",1253965824.0,1253966336.0,processing,,1779063274.7250788
10336,6796,"H1,L1",1253965824.0,1253966336.0,processing,,1779063841.9545894
10337,6797,"H1,L1",1253965824.0,1253966336.0,processing,,1779064413.9833152
10338,6798,"H1,L1",1253965824.0,1253966336.0,processing,,1779064980.7439303
10339,6799,"H1,L1",1253965824.0,1253966336.0,processing,,1779065547.7099001
10340,6800,"H1,L1",1253965824.0,1253966336.0,processing,,1779066114.9647458
10341,6801,"H1,L1",1253965824.0,1253966336.0,processing,,1779066682.0113492
10342,6802,"H1,L1",1253965824.0,1253966336.0,processing,,1779067249.7441337
10343,6803,"H1,L1",1253965824.0,1253966336.0,processing,,1779067818.442617
10344,6804,"H1,L1",1253965824.0,1253966336.0,processing,,1779068386.9460576
10345,6805,"H1,L1",1253965824.0,1253966336.0,processing,,1779068954.195318
10346,6806,"H1,L1",1253965824.0,1253966336.0,processing,,1779069525.4635026
10347,6807,"H1,L1",1253965824.0,1253966336.0,processing,,1779070089.9573443
10348,6808,"H1,L1",1253965824.0,1253966336.0,processing,,1779070662.2333992
10349,6809,"H1,L1",1253965824.0,1253966336.0,processing,,1779071226.239756
10350,6810,"H1,L1",1253965824.0,1253966336.0,processing,,1779071792.731468
10351,6811,"H1,L1",1253965824.0,1253966336.0,processing,,1779072359.95803
10352,6812,"H1,L1",1253965824.0,1253966336.0,processing,,1779072925.4736338
10353,6813,"H1,L1",1253965824.0,1253966336.0,processing,,1779073493.752539
10354,6814,"H1,L1",1253965824.0,1253966336.0,processing,,1779074073.4604633
10355,6815,"H1,L1",1253965824.0,1253966336.0,processing,,1779074643.7193563
10356,6816,"H1,L1",1253965824.0,1253966336.0,processing,,1779075209.5016503
10357,6817,"H1,L1",1253965824.0,1253966336.0,processing,,1779075775.225477
10358,6818,"H1,L1",1253965824.0,1253966336.0,processing,,1779076344.1966443
10359,6819,"H1,L1",1253965824.0,1253966336.0,processing,,1779076912.1936991
10360,6820,"H1,L1",1253965824.0,1253966336.0,processing,,1779077478.9546876
10361,6821,"H1,L1",1253965824.0,1253966336.0,processing,,1779078045.7241695
10362,6822,"H1,L1",1253965824.0,1253966336.0,processing,,1779078612.96888
10363,6823,"H1,L1",1253965824.0,1253966336.0,processing,,1779079179.7270272
10364,6824,"H1,L1",1253965824.0,1253966336.0,processing,,1779079756.1927593
10365,6825,"H1,L1",1253965824.0,1253966336.0,processing,,1779080323.2185547
10366,6826,"H1,L1",1253965824.0,1253966336.0,processing,,1779080890.2128172
10367,6827,"H1,L1",1253965824.0,1253966336.0,processing,,1779081458.736026
10368,6828,"H1,L1",1253965824.0,1253966336.0,processing,,1779082034.7429893
10369,6829,"H1,L1",1253965824.0,1253966336.0,processing,,1779082602.713258
10370,6830,"H1,L1",1253965824.0,1253966336.0,processing,,1779083169.447983
10371,6831,"H1,L1",1253965824.0,1253966336.0,processing,,1779083736.2165148
10372,6832,"H1,L1",1253965824.0,1253966336.0,processing,,1779084313.733712
10373,6833,"H1,L1",1253965824.0,1253966336.0,processing,,1779084885.2305005
10374,6834,"H1,L1",1253965824.0,1253966336.0,processing,,1779085452.7651098
10375,6835,"H1,L1",1253965824.0,1253966336.0,processing,,1779086019.7236807
10376,6836,"H1,L1",1253965824.0,1253966336.0,processing,,1779086586.20709
10377,6837,"H1,L1",1253965824.0,1253966336.0,processing,,1779087152.7076504
10378,6838,"H1,L1",1253965824.0,1253966336.0,processing,,1779087730.7327929
10379,6839,"H1,L1",1253965824.0,1253966336.0,processing,,1779088296.4707232
10380,6840,"H1,L1",1253965824.0,1253966336.0,processing,,1779088862.712853
10381,6841,"H1,L1",1253965824.0,1253966336.0,processing,,1779089428.2430966
10382,6842,"H1,L1",1253965824.0,1253966336.0,processing,,1779089994.4945152
10383,6843,"H1,L1",1253965824.0,1253966336.0,processing,,1779090565.7366245
10384,6844,"H1,L1",1253965824.0,1253966336.0,processing,,1779091142.2354276
10385,6845,"H1,L1",1253965824.0,1253966336.0,processing,,1779091709.6897533
10386,6846,"H1,L1",1253965824.0,1253966336.0,processing,,1779092278.978906
10387,6847,"H1,L1",1253965824.0,1253966336.0,processing,,1779092851.9460485
10388,6848,"H1,L1",1253965824.0,1253966336.0,processing,,1779093418.2419648
10389,6849,"H1,L1",1253965824.0,1253966336.0,processing,,1779093985.9726288
10390,6850,"H1,L1",1253965824.0,1253966336.0,processing,,1779094552.7368405
10391,6851,"H1,L1",1253965824.0,1253966336.0,processing,,1779095121.9737864
10392,6852,"H1,L1",1253965824.0,1253966336.0,processing,,1779095690.2234504
10393,6853,"H1,L1",1253965824.0,1253966336.0,processing,,1779096256.1919675
10394,6854,"H1,L1",1253965824.0,1253966336.0,processing,,1779096827.2546222
10395,6855,"H1,L1",1253965824.0,1253966336.0,processing,,1779097410.9686809
10396,6856,"H1,L1",1253965824.0,1253966336.0,processing,,1779097977.6943235
10397,6857,"H1,L1",1253965824.0,1253966336.0,processing,,1779098545.9790437
10398,6858,"H1,L1",1253965824.0,1253966336.0,processing,,1779099113.218135
10399,6859,"H1,L1",1253965824.0,1253966336.0,processing,,1779099680.7187166
10400,6860,"H1,L1",1253965824.0,1253966336.0,processing,,1779100246.449137
10401,6861,"H1,L1",1253965824.0,1253966336.0,processing,,1779100820.7035518
10402,6862,"H1,L1",1253965824.0,1253966336.0,processing,,1779101392.7369547
10403,6863,"H1,L1",1253965824.0,1253966336.0,processing,,1779101959.2179482
10404,6864,"H1,L1",1253965824.0,1253966336.0,processing,,1779102525.9717042
10405,6865,"H1,L1",1253965824.0,1253966336.0,processing,,1779103093.4737933
10406,6866,"H1,L1",1253965824.0,1253966336.0,processing,,1779103660.7308216
10407,6867,"H1,L1",1253965824.0,1253966336.0,processing,,1779104228.2120378
10408,6868,"H1,L1",1253965824.0,1253966336.0,processing,,1779104799.221555
10409,6869,"H1,L1",1253965824.0,1253966336.0,processing,,1779105367.9621055
10410,6870,"H1,L1",1253965824.0,1253966336.0,processing,,1779105933.9784687
10411,6871,"H1,L1",1253965824.0,1253966336.0,processing,,1779106501.461359
10412,6872,"H1,L1",1253965824.0,1253966336.0,processing,,1779107070.2089775
10413,6873,"H1,L1",1253965824.0,1253966336.0,processing,,1779107636.9648993
10414,6874,"H1,L1",1253965824.0,1253966336.0,processing,,1779108216.9869268
10415,6875,"H1,L1",1253965824.0,1253966336.0,processing,,1779108782.984818
10416,6876,"H1,L1",1253965824.0,1253966336.0,processing,,1779109348.4811804
10417,6877,"H1,L1",1253965824.0,1253966336.0,processing,,1779109914.7404494
10418,6878,"H1,L1",1253965824.0,1253966336.0,processing,,1779110480.4737973
10419,6879,"H1,L1",1253965824.0,1253966336.0,processing,,1779111048.4860878
10420,6880,"H1,L1",1253965824.0,1253966336.0,processing,,1779111615.450738
10421,6881,"H1,L1",1253965824.0,1253966336.0,processing,,1779112181.7463086
10422,6882,"H1,L1",1253965824.0,1253966336.0,processing,,1779112746.7176795
10423,6883,"H1,L1",1253965824.0,1253966336.0,processing,,1779113313.972064
10424,6884,"H1,L1",1253965824.0,1253966336.0,processing,,1779113880.9923835
10425,6885,"H1,L1",1253965824.0,1253966336.0,processing,,1779114449.9674256
10426,6886,"H1,L1",1253965824.0,1253966336.0,processing,,1779115019.4596398
10427,6887,"H1,L1",1253965824.0,1253966336.0,processing,,1779115585.4648988
10428,6888,"H1,L1",1253965824.0,1253966336.0,processing,,1779116150.23266
10429,6889,"H1,L1",1253965824.0,1253966336.0,processing,,1779116717.7180374
10430,6890,"H1,L1",1253965824.0,1253966336.0,processing,,1779117284.2284515
10431,6891,"H1,L1",1253965824.0,1253966336.0,processing,,1779117852.4584758
10432,6892,"H1,L1",1253965824.0,1253966336.0,processing,,1779118417.7248943
10433,6893,"H1,L1",1253965824.0,1253966336.0,processing,,1779118985.7029989
10434,6894,"H1,L1",1253965824.0,1253966336.0,processing,,1779119551.7302952
10435,6895,"H1,L1",1253965824.0,1253966336.0,processing,,1779120120.24787
10436,6896,"H1,L1",1253965824.0,1253966336.0,processing,,1779120685.7336318
10437,6897,"H1,L1",1253965824.0,1253966336.0,processing,,1779121252.485044
10438,6898,"H1,L1",1253965824.0,1253966336.0,processing,,1779121820.9892716
10439,6899,"H1,L1",1253965824.0,1253966336.0,processing,,1779122387.4545364
10440,6900,"H1,L1",1253965824.0,1253966336.0,processing,,1779122964.2191224
10441,6901,"H1,L1",1253965824.0,1253966336.0,processing,,1779123539.961124
10442,6902,"H1,L1",1253965824.0,1253966336.0,processing,,1779124106.486827
10443,6903,"H1,L1",1253965824.0,1253966336.0,processing,,1779124674.723688
10444,6904,"H1,L1",1253965824.0,1253966336.0,processing,,1779125250.437766
10445,6905,"H1,L1",1253965824.0,1253966336.0,processing,,1779125817.976245
10446,6906,"H1,L1",1253965824.0,1253966336.0,processing,,1779126385.763953
10447,6907,"H1,L1",1253965824.0,1253966336.0,processing,,1779126951.477057
10448,6908,"H1,L1",1253965824.0,1253966336.0,processing,,1779127517.7406418
10449,6909,"H1,L1",1253965824.0,1253966336.0,processing,,1779128083.9621828
10450,6910,"H1,L1",1253965824.0,1253966336.0,processing,,1779128650.4891145
10451,6911,"H1,L1",1253965824.0,1253966336.0,processing,,1779129218.971319
10452,6912,"H1,L1",1253965824.0,1253966336.0,processing,,1779129785.2056954
10453,6913,"H1,L1",1253965824.0,1253966336.0,processing,,1779130352.9161665
10454,6914,"H1,L1",1253965824.0,1253966336.0,processing,,1779130926.4727387
10455,6915,"H1,L1",1253965824.0,1253966336.0,processing,,1779131493.736332
10456,6916,"H1,L1",1253965824.0,1253966336.0,processing,,1779132061.2570913
10457,6917,"H1,L1",1253965824.0,1253966336.0,processing,,1779132628.933103
10458,6918,"H1,L1",1253965824.0,1253966336.0,processing,,1779133195.7182128
10459,6919,"H1,L1",1253965824.0,1253966336.0,processing,,1779133760.727305
10460,6920,"H1,L1",1253965824.0,1253966336.0,processing,,1779134328.204864
10461,6921,"H1,L1",1253965824.0,1253966336.0,processing,,1779134895.2269738
10462,6922,"H1,L1",1253965824.0,1253966336.0,processing,,1779135461.7235184
10463,6923,"H1,L1",1253965824.0,1253966336.0,processing,,1779136028.1968315
10464,6924,"H1,L1",1253965824.0,1253966336.0,processing,,1779136595.73111
10465,6925,"H1,L1",1253965824.0,1253966336.0,processing,,1779137163.7124152
10466,6926,"H1,L1",1253965824.0,1253966336.0,processing,,1779137730.248051
10467,6927,"H1,L1",1253965824.0,1253966336.0,processing,,1779138299.0186098
10468,6928,"H1,L1",1253965824.0,1253966336.0,processing,,1779138882.2009923
10469,6929,"H1,L1",1253965824.0,1253966336.0,processing,,1779139450.2071264
10470,6930,"H1,L1",1253965824.0,1253966336.0,processing,,1779140016.484509
10471,6931,"H1,L1",1253965824.0,1253966336.0,processing,,1779140582.7335997
10472,6932,"H1,L1",1253965824.0,1253966336.0,processing,,1779141148.1855175
10473,6933,"H1,L1",1253965824.0,1253966336.0,processing,,1779141714.5019329
10474,6934,"H1,L1",1253965824.0,1253966336.0,processing,,1779142284.2062416
10475,6935,"H1,L1",1253965824.0,1253966336.0,processing,,1779142851.7497354
10476,6936,"H1,L1",1253965824.0,1253966336.0,processing,,1779143418.7502637
10477,6937,"H1,L1",1253965824.0,1253966336.0,processing,,1779143986.464448
10478,6938,"H1,L1",1253965824.0,1253966336.0,processing,,1779144558.213184
10479,6939,"H1,L1",1253965824.0,1253966336.0,processing,,1779145132.7193742
10480,6940,"H1,L1",1253965824.0,1253966336.0,processing,,1779145698.7090883
10481,6941,"H1,L1",1253965824.0,1253966336.0,processing,,1779146265.2329714
10482,6942,"H1,L1",1253965824.0,1253966336.0,processing,,1779146833.2208576
10483,6943,"H1,L1",1253965824.0,1253966336.0,processing,,1779147410.2394886
10484,6944,"H1,L1",1253965824.0,1253966336.0,processing,,1779147976.981008
10485,6945,"H1,L1",1253965824.0,1253966336.0,processing,,1779148545.4934192
10486,6946,"H1,L1",1253965824.0,1253966336.0,processing,,1779149111.7392101
10487,6947,"H1,L1",1253965824.0,1253966336.0,processing,,1779149681.7287753
10488,6948,"H1,L1",1253965824.0,1253966336.0,processing,,1779150247.9810889
10489,6949,"H1,L1",1253965824.0,1253966336.0,processing,,1779150825.2319243
10490,6950,"H1,L1",1253965824.0,1253966336.0,processing,,1779151390.4633543
10491,6951,"H1,L1",1253965824.0,1253966336.0,processing,,1779151956.4760146
10492,6952,"H1,L1",1253965824.0,1253966336.0,processing,,1779152524.5034537
10493,6953,"H1,L1",1253965824.0,1253966336.0,processing,,1779153092.736903
10494,6954,"H1,L1",1253965824.0,1253966336.0,processing,,1779153665.9750912
10495,6955,"H1,L1",1253965824.0,1253966336.0,processing,,1779154232.69687
10496,6956,"H1,L1",1253965824.0,1253966336.0,processing,,1779154804.7167573
10497,6957,"H1,L1",1253965824.0,1253966336.0,processing,,1779155370.9726727
10498,6958,"H1,L1",1253965824.0,1253966336.0,processing,,1779155938.9585152
10499,6959,"H1,L1",1253965824.0,1253966336.0,processing,,1779156504.4679112
10500,6960,"H1,L1",1253965824.0,1253966336.0,processing,,1779157072.7261229
10501,6961,"H1,L1",1253965824.0,1253966336.0,processing,,1779157639.2291343
10502,6962,"H1,L1",1253965824.0,1253966336.0,processing,,1779158205.9546711
10503,6963,"H1,L1",1253965824.0,1253966336.0,processing,,1779158774.2094176
10504,6964,"H1,L1",1253965824.0,1253966336.0,processing,,1779159340.9697301
10505,6965,"H1,L1",1253965824.0,1253966336.0,processing,,1779159909.245107
10506,6966,"H1,L1",1253965824.0,1253966336.0,processing,,1779160483.4953141
10507,6967,"H1,L1",1253965824.0,1253966336.0,processing,,1779161051.4589686
10508,6968,"H1,L1",1253965824.0,1253966336.0,processing,,1779161619.990434
10509,6969,"H1,L1",1253965824.0,1253966336.0,processing,,1779162189.994762
10510,6970,"H1,L1",1253965824.0,1253966336.0,processing,,1779162755.71198
10511,6971,"H1,L1",1253965824.0,1253966336.0,processing,,1779163328.2137413
10512,6972,"H1,L1",1253965824.0,1253966336.0,processing,,1779163895.7299376
10513,6973,"H1,L1",1253965824.0,1253966336.0,processing,,1779164470.7442136
10514,6974,"H1,L1",1253965824.0,1253966336.0,processing,,1779165038.226408
10515,6975,"H1,L1",1253965824.0,1253966336.0,processing,,1779165608.735403
10516,6976,"H1,L1",1253965824.0,1253966336.0,processing,,1779166173.481358
10517,6977,"H1,L1",1253965824.0,1253966336.0,processing,,1779166741.2297025
10518,6978,"H1,L1",1253965824.0,1253966336.0,processing,,1779167308.1947517
10519,6979,"H1,L1",1253965824.0,1253966336.0,processing,,1779167877.7226057
10520,6980,"H1,L1",1253965824.0,1253966336.0,processing,,1779168445.4879134
10521,6981,"H1,L1",1253965824.0,1253966336.0,processing,,1779169112.967234
10522,6982,"H1,L1",1253965824.0,1253966336.0,processing,,1779169684.6934102
10523,6983,"H1,L1",1253965824.0,1253966336.0,processing,,1779170250.7053828
10524,6984,"H1,L1",1253965824.0,1253966336.0,processing,,1779170828.9757931
10525,6985,"H1,L1",1253965824.0,1253966336.0,processing,,1779171396.967508
10526,6986,"H1,L1",1253965824.0,1253966336.0,processing,,1779171964.7473679
10527,6987,"H1,L1",1253965824.0,1253966336.0,processing,,1779172534.471984
10528,6988,"H1,L1",1253965824.0,1253966336.0,processing,,1779173101.69693
10529,6989,"H1,L1",1253965824.0,1253966336.0,processing,,1779173678.2169535
10530,6990,"H1,L1",1253965824.0,1253966336.0,processing,,1779174248.2503798
10531,6991,"H1,L1",1253965824.0,1253966336.0,processing,,1779174814.4670105
10532,6992,"H1,L1",1253965824.0,1253966336.0,processing,,1779175382.2129197
10533,6993,"H1,L1",1253965824.0,1253966336.0,processing,,1779175949.7300746
10534,6994,"H1,L1",1253965824.0,1253966336.0,processing,,1779176517.2231581
10535,6995,"H1,L1",1253965824.0,1253966336.0,processing,,1779177084.472157
10536,6996,"H1,L1",1253965824.0,1253966336.0,processing,,1779177653.238283
10537,6997,"H1,L1",1253965824.0,1253966336.0,processing,,1779178220.9281137
10538,6998,"H1,L1",1253965824.0,1253966336.0,processing,,1779178787.5074108
10539,6999,"H1,L1",1253965824.0,1253966336.0,processing,,1779179354.9923003
10540,7000,"H1,L1",1253965824.0,1253966336.0,processing,,1779179922.712286
10541,7001,"H1,L1",1253965824.0,1253966336.0,processing,,1779180490.220131
10542,7002,"H1,L1",1253965824.0,1253966336.0,processing,,1779181056.9502432
10543,7003,"H1,L1",1253965824.0,1253966336.0,processing,,1779181623.4784565
10544,7004,"H1,L1",1253965824.0,1253966336.0,processing,,1779182191.7396266
10545,7005,"H1,L1",1253965824.0,1253966336.0,processing,,1779182759.202255
10546,7006,"H1,L1",1253965824.0,1253966336.0,processing,,1779183326.4630566
10547,7007,"H1,L1",1253965824.0,1253966336.0,processing,,1779183891.996859
10548,7008,"H1,L1",1253965824.0,1253966336.0,processing,,1779184458.7168782
10549,7009,"H1,L1",1253965824.0,1253966336.0,processing,,1779185024.4508252
10550,7010,"H1,L1",1253965824.0,1253966336.0,processing,,1779185589.9803104
10551,7011,"H1,L1",1253965824.0,1253966336.0,processing,,1779186155.6992648
10552,7012,"H1,L1",1253965824.0,1253966336.0,processing,,1779186722.7523797
10553,7013,"H1,L1",1253965824.0,1253966336.0,processing,,1779187289.7042723
10554,7014,"H1,L1",1253965824.0,1253966336.0,processing,,1779187875.9722235
10555,7015,"H1,L1",1253965824.0,1253966336.0,processing,,1779188442.7216802
10556,7016,"H1,L1",1253965824.0,1253966336.0,processing,,1779189009.9369793
10557,7017,"H1,L1",1253965824.0,1253966336.0,processing,,1779189587.2089465
10558,7018,"H1,L1",1253965824.0,1253966336.0,processing,,1779190152.9971743
10559,7019,"H1,L1",1253965824.0,1253966336.0,processing,,1779190718.4477315
10560,7020,"H1,L1",1253965824.0,1253966336.0,processing,,1779191296.2742193
10561,7021,"H1,L1",1253965824.0,1253966336.0,processing,,1779191861.7360682
10562,7022,"H1,L1",1253965824.0,1253966336.0,processing,,1779192431.2316518
10563,7023,"H1,L1",1253965824.0,1253966336.0,processing,,1779192998.7244983
10564,7024,"H1,L1",1253965824.0,1253966336.0,processing,,1779193564.692447
10565,7025,"H1,L1",1253965824.0,1253966336.0,processing,,1779194133.73948
10566,7026,"H1,L1",1253965824.0,1253966336.0,processing,,1779194702.0040026
10567,7027,"H1,L1",1253965824.0,1253966336.0,processing,,1779195269.705566
10568,7028,"H1,L1",1253965824.0,1253966336.0,processing,,1779195838.4765856
10569,7029,"H1,L1",1253965824.0,1253966336.0,processing,,1779196405.4781618
10570,7030,"H1,L1",1253965824.0,1253966336.0,processing,,1779196971.2014766
10571,7031,"H1,L1",1253965824.0,1253966336.0,processing,,1779197538.701135
10572,7032,"H1,L1",1253965824.0,1253966336.0,processing,,1779198105.7081513
10573,7033,"H1,L1",1253965824.0,1253966336.0,processing,,1779198684.9819098
10574,7034,"H1,L1",1253965824.0,1253966336.0,processing,,1779199262.7333655
10575,7035,"H1,L1",1253965824.0,1253966336.0,processing,,1779199838.9935098
10576,7036,"H1,L1",1253965824.0,1253966336.0,processing,,1779200406.4299407
10577,7037,"H1,L1",1253965824.0,1253966336.0,processing,,1779200973.705417
10578,7038,"H1,L1",1253965824.0,1253966336.0,processing,,1779201541.0271733
10579,7039,"H1,L1",1253965824.0,1253966336.0,processing,,1779202108.7305684
10580,7040,"H1,L1",1253965824.0,1253966336.0,processing,,1779202675.7076752
10581,7041,"H1,L1",1253965824.0,1253966336.0,processing,,1779203243.9865844
10582,7042,"H1,L1",1253965824.0,1253966336.0,processing,,1779203811.4930189
10583,7043,"H1,L1",1253965824.0,1253966336.0,processing,,1779204377.9411063
10584,7044,"H1,L1",1253965824.0,1253966336.0,processing,,1779204939.229458
10585,7045,"H1,L1",1253965824.0,1253966336.0,processing,,1779205505.4679832
10586,7046,"H1,L1",1253965824.0,1253966336.0,processing,,1779206072.2302818
10587,7047,"H1,L1",1253965824.0,1253966336.0,processing,,1779206640.9407258
10588,7048,"H1,L1",1253965824.0,1253966336.0,processing,,1779207207.4710162
10589,7049,"H1,L1",1253965824.0,1253966336.0,processing,,1779207775.7003233
10590,7050,"H1,L1",1253965824.0,1253966336.0,processing,,1779208342.4450812
10591,7051,"H1,L1",1253965824.0,1253966336.0,processing,,1779208921.4297724
10592,7052,"H1,L1",1253965824.0,1253966336.0,processing,,1779209498.962715
10593,7053,"H1,L1",1253965824.0,1253966336.0,processing,,1779210066.463919
10594,7054,"H1,L1",1253965824.0,1253966336.0,processing,,1779210634.2115285
10595,7055,"H1,L1",1253965824.0,1253966336.0,processing,,1779211201.6920547
10596,7056,"H1,L1",1253965824.0,1253966336.0,processing,,1779211779.2118948
10597,7057,"H1,L1",1253965824.0,1253966336.0,processing,,1779212347.6983879
10598,7058,"H1,L1",1253965824.0,1253966336.0,processing,,1779212915.212487
10599,7059,"H1,L1",1253965824.0,1253966336.0,processing,,1779213482.220283
10600,7060,"H1,L1",1253965824.0,1253966336.0,processing,,1779214048.7031379
10601,7061,"H1,L1",1253965824.0,1253966336.0,processing,,1779214617.209779
10602,7062,"H1,L1",1253965824.0,1253966336.0,processing,,1779215183.7371006
10603,7063,"H1,L1",1253965824.0,1253966336.0,processing,,1779215751.7007537
10604,7064,"H1,L1",1253965824.0,1253966336.0,processing,,1779216321.2358572
10605,7065,"H1,L1",1253965824.0,1253966336.0,processing,,1779216888.720792
10606,7066,"H1,L1",1253965824.0,1253966336.0,processing,,1779217456.195682
10607,7067,"H1,L1",1253965824.0,1253966336.0,processing,,1779218026.9560215
10608,7068,"H1,L1",1253965824.0,1253966336.0,processing,,1779218594.6940472
10609,7069,"H1,L1",1253965824.0,1253966336.0,processing,,1779219162.21865
10610,7070,"H1,L1",1253965824.0,1253966336.0,processing,,1779219730.9611425
10611,7071,"H1,L1",1253965824.0,1253966336.0,processing,,1779220298.702767
10612,7072,"H1,L1",1253965824.0,1253966336.0,processing,,1779220865.9356716
10613,7073,"H1,L1",1253965824.0,1253966336.0,processing,,1779221431.7267969
10614,7074,"H1,L1",1253965824.0,1253966336.0,processing,,1779221998.4596488
10615,7075,"H1,L1",1253965824.0,1253966336.0,processing,,1779222565.4488323
10616,7076,"H1,L1",1253965824.0,1253966336.0,processing,,1779223131.7159128
10617,7077,"H1,L1",1253965824.0,1253966336.0,processing,,1779223698.2638526
10618,7078,"H1,L1",1253965824.0,1253966336.0,processing,,1779224266.4485998
10619,7079,"H1,L1",1253965824.0,1253966336.0,processing,,1779224833.1857245
10620,7080,"H1,L1",1253965824.0,1253966336.0,processing,,1779225401.4893954
10621,7081,"H1,L1",1253965824.0,1253966336.0,processing,,1779225967.958097
10622,7082,"H1,L1",1253965824.0,1253966336.0,processing,,1779226535.7124393
10623,7083,"H1,L1",1253965824.0,1253966336.0,processing,,1779227103.737884
10624,7084,"H1,L1",1253965824.0,1253966336.0,processing,,1779227669.7362077
10625,7085,"H1,L1",1253965824.0,1253966336.0,processing,,1779228237.245754
10626,7086,"H1,L1",1253965824.0,1253966336.0,processing,,1779228804.7304537
10627,7087,"H1,L1",1253965824.0,1253966336.0,processing,,1779229381.7208164
10628,7088,"H1,L1",1253965824.0,1253966336.0,processing,,1779230073.2076426
10629,7089,"H1,L1",1253965824.0,1253966336.0,processing,,1779230645.7438955
10630,7090,"H1,L1",1253965824.0,1253966336.0,processing,,1779231227.9733038
10631,7091,"H1,L1",1253965824.0,1253966336.0,processing,,1779231799.4742436
10632,7092,"H1,L1",1253965824.0,1253966336.0,processing,,1779232368.2368968
10633,7093,"H1,L1",1253965824.0,1253966336.0,processing,,1779232940.4681363
10634,7094,"H1,L1",1253965824.0,1253966336.0,processing,,1779233511.710466
10635,7095,"H1,L1",1253965824.0,1253966336.0,processing,,1779234079.980751
10636,7096,"H1,L1",1253965824.0,1253966336.0,processing,,1779234645.7274265
10637,7097,"H1,L1",1253965824.0,1253966336.0,processing,,1779235214.9943714
10638,7098,"H1,L1",1253965824.0,1253966336.0,processing,,1779235785.7565053
10639,7099,"H1,L1",1253965824.0,1253966336.0,processing,,1779236353.2068837
10640,7100,"H1,L1",1253965824.0,1253966336.0,processing,,1779236931.5133452
10641,7101,"H1,L1",1253965824.0,1253966336.0,processing,,1779237499.9703867
10642,7102,"H1,L1",1253965824.0,1253966336.0,processing,,1779238067.2221775
10643,7103,"H1,L1",1253965824.0,1253966336.0,processing,,1779238633.4514372
10644,7104,"H1,L1",1253965824.0,1253966336.0,processing,,1779239203.9479973
10645,7105,"H1,L1",1253965824.0,1253966336.0,processing,,1779239773.7237518
10646,7106,"H1,L1",1253965824.0,1253966336.0,processing,,1779240349.2229419
10647,7107,"H1,L1",1253965824.0,1253966336.0,processing,,1779240917.698714
10648,7108,"H1,L1",1253965824.0,1253966336.0,processing,,1779241495.9762511
10649,7109,"H1,L1",1253965824.0,1253966336.0,processing,,1779242064.4837186
10650,7110,"H1,L1",1253965824.0,1253966336.0,processing,,1779242632.2110405
10651,7111,"H1,L1",1253965824.0,1253966336.0,processing,,1779243209.4720113
10652,7112,"H1,L1",1253965824.0,1253966336.0,processing,,1779243776.9705918
10653,7113,"H1,L1",1253965824.0,1253966336.0,processing,,1779244345.7681324
10654,7114,"H1,L1",1253965824.0,1253966336.0,processing,,1779244912.9906824
10655,7115,"H1,L1",1253965824.0,1253966336.0,processing,,1779245484.4574187
10656,7116,"H1,L1",1253965824.0,1253966336.0,processing,,1779246057.7334192
10657,7117,"H1,L1",1253965824.0,1253966336.0,processing,,1779246639.9949822
10658,7118,"H1,L1",1253965824.0,1253966336.0,processing,,1779247207.9931173
10659,7119,"H1,L1",1253965824.0,1253966336.0,processing,,1779247787.205599
10660,7120,"H1,L1",1253965824.0,1253966336.0,processing,,1779248364.7151055
10661,7121,"H1,L1",1253965824.0,1253966336.0,processing,,1779248934.7128446
10662,7122,"H1,L1",1253965824.0,1253966336.0,processing,,1779249510.205088
10663,7123,"H1,L1",1253965824.0,1253966336.0,processing,,1779250076.697322
10664,7124,"H1,L1",1253965824.0,1253966336.0,processing,,1779250650.7319438
10665,7125,"H1,L1",1253965824.0,1253966336.0,processing,,1779251230.7244015
10666,7126,"H1,L1",1253965824.0,1253966336.0,processing,,1779251797.438092
10667,7127,"H1,L1",1253965824.0,1253966336.0,processing,,1779252364.9840112
10668,7128,"H1,L1",1253965824.0,1253966336.0,processing,,1779252931.7248898
10669,7129,"H1,L1",1253965824.0,1253966336.0,processing,,1779253507.4550314
10670,7130,"H1,L1",1253965824.0,1253966336.0,processing,,1779254079.9881136
10671,7131,"H1,L1",1253965824.0,1253966336.0,processing,,1779254645.9927886
10672,7132,"H1,L1",1253965824.0,1253966336.0,processing,,1779255213.6943343
10673,7133,"H1,L1",1253965824.0,1253966336.0,processing,,1779255781.4614942
10674,7134,"H1,L1",1253965824.0,1253966336.0,processing,,1779256347.988807
10675,7135,"H1,L1",1253965824.0,1253966336.0,processing,,1779256914.7309248
10676,7136,"H1,L1",1253965824.0,1253966336.0,processing,,1779257480.2040412
10677,7137,"H1,L1",1253965824.0,1253966336.0,processing,,1779258046.6675026
10678,7138,"H1,L1",1253965824.0,1253966336.0,processing,,1779258614.5427694
10679,7139,"H1,L1",1253965824.0,1253966336.0,processing,,1779259180.6996684
10680,7140,"H1,L1",1253965824.0,1253966336.0,processing,,1779259746.230935
10681,7141,"H1,L1",1253965824.0,1253966336.0,processing,,1779260312.4657087
10682,7142,"H1,L1",1253965824.0,1253966336.0,processing,,1779260877.7085574
10683,7143,"H1,L1",1253965824.0,1253966336.0,processing,,1779261445.461135
10684,7144,"H1,L1",1253965824.0,1253966336.0,processing,,1779262013.4368622
10685,7145,"H1,L1",1253965824.0,1253966336.0,processing,,1779262590.7328515
10686,7146,"H1,L1",1253965824.0,1253966336.0,processing,,1779263167.953837
10687,7147,"H1,L1",1253965824.0,1253966336.0,processing,,1779263735.68658
10688,7148,"H1,L1",1253965824.0,1253966336.0,processing,,1779264302.9482284
10689,7149,"H1,L1",1253965824.0,1253966336.0,processing,,1779264868.7293162
10690,7150,"H1,L1",1253965824.0,1253966336.0,processing,,1779265437.0054877
10691,7151,"H1,L1",1253965824.0,1253966336.0,processing,,1779266003.5335662
10692,7152,"H1,L1",1253965824.0,1253966336.0,processing,,1779266669.478929
10693,7153,"H1,L1",1253965824.0,1253966336.0,processing,,1779267236.7110608
10694,7154,"H1,L1",1253965824.0,1253966336.0,processing,,1779267802.4800804
10695,7155,"H1,L1",1253965824.0,1253966336.0,processing,,1779268376.2011058
10696,7156,"H1,L1",1253965824.0,1253966336.0,processing,,1779268943.705151
10697,7157,"H1,L1",1253965824.0,1253966336.0,processing,,1779269514.7030063
10698,7158,"H1,L1",1253965824.0,1253966336.0,processing,,1779270079.4479556
10699,7159,"H1,L1",1253965824.0,1253966336.0,processing,,1779270645.2013917
10700,7160,"H1,L1",1253965824.0,1253966336.0,processing,,1779271212.1940558
10701,7161,"H1,L1",1253965824.0,1253966336.0,processing,,1779271779.454541
10702,7162,"H1,L1",1253965824.0,1253966336.0,processing,,1779272355.2051668
10703,7163,"H1,L1",1253965824.0,1253966336.0,processing,,1779272922.4820206
10704,7164,"H1,L1",1253965824.0,1253966336.0,processing,,1779273489.9401917
10705,7165,"H1,L1",1253965824.0,1253966336.0,processing,,1779274055.1962006
10706,7166,"H1,L1",1253965824.0,1253966336.0,processing,,1779274620.9717026
10707,7167,"H1,L1",1253965824.0,1253966336.0,processing,,1779275187.4614248
10708,7168,"H1,L1",1253965824.0,1253966336.0,processing,,1779275758.002923
10709,7169,"H1,L1",1253965824.0,1253966336.0,processing,,1779276324.2082148
10710,7170,"H1,L1",1253965824.0,1253966336.0,processing,,1779276892.2284935
10711,7171,"H1,L1",1253965824.0,1253966336.0,processing,,1779277458.7351696
10712,7172,"H1,L1",1253965824.0,1253966336.0,processing,,1779278025.214961
10713,7173,"H1,L1",1253965824.0,1253966336.0,processing,,1779278593.7773523
10714,7174,"H1,L1",1253965824.0,1253966336.0,processing,,1779279162.1998966
10715,7175,"H1,L1",1253965824.0,1253966336.0,processing,,1779279729.9478264
10716,7176,"H1,L1",1253965824.0,1253966336.0,processing,,1779280296.23859
10717,7177,"H1,L1",1253965824.0,1253966336.0,processing,,1779280864.9796221
10718,7178,"H1,L1",1253965824.0,1253966336.0,processing,,1779281431.7291727
10719,7179,"H1,L1",1253965824.0,1253966336.0,processing,,1779281998.982125
10720,7180,"H1,L1",1253965824.0,1253966336.0,processing,,1779282566.4749281
10721,7181,"H1,L1",1253965824.0,1253966336.0,processing,,1779283132.96613
10722,7182,"H1,L1",1253965824.0,1253966336.0,processing,,1779283700.7147734
10723,7183,"H1,L1",1253965824.0,1253966336.0,processing,,1779284266.4314296
10724,7184,"H1,L1",1253965824.0,1253966336.0,processing,,1779284833.9837642
10725,7185,"H1,L1",1253965824.0,1253966336.0,processing,,1779285400.7203052
10726,7186,"H1,L1",1253965824.0,1253966336.0,processing,,1779285976.690697
10727,7187,"H1,L1",1253965824.0,1253966336.0,processing,,1779286543.243631
10728,7188,"H1,L1",1253965824.0,1253966336.0,processing,,1779287108.9806812
10729,7189,"H1,L1",1253965824.0,1253966336.0,processing,,1779287675.962506
10730,7190,"H1,L1",1253965824.0,1253966336.0,processing,,1779288248.49266
10731,7191,"H1,L1",1253965824.0,1253966336.0,processing,,1779288816.198042
10732,7192,"H1,L1",1253965824.0,1253966336.0,processing,,1779289383.4463403
10733,7193,"H1,L1",1253965824.0,1253966336.0,processing,,1779289950.4888966
10734,7194,"H1,L1",1253965824.0,1253966336.0,processing,,1779290517.226366
10735,7195,"H1,L1",1253965824.0,1253966336.0,processing,,1779291083.715747
10736,7196,"H1,L1",1253965824.0,1253966336.0,processing,,1779291652.7195194
10737,7197,"H1,L1",1253965824.0,1253966336.0,processing,,1779292219.7277567
10738,7198,"H1,L1",1253965824.0,1253966336.0,processing,,1779292786.9872668
10739,7199,"H1,L1",1253965824.0,1253966336.0,processing,,1779293353.9751432
10740,7200,"H1,L1",1253965824.0,1253966336.0,processing,,1779293920.4744983
10741,7201,"H1,L1",1253965824.0,1253966336.0,processing,,1779294487.4832957
10742,7202,"H1,L1",1253965824.0,1253966336.0,processing,,1779295054.9840696
10743,7203,"H1,L1",1253965824.0,1253966336.0,processing,,1779295622.9721723
10744,7204,"H1,L1",1253965824.0,1253966336.0,processing,,1779296190.47296
10745,7205,"H1,L1",1253965824.0,1253966336.0,processing,,1779296756.2164783
10746,7206,"H1,L1",1253965824.0,1253966336.0,processing,,1779297321.712431
10747,7207,"H1,L1",1253965824.0,1253966336.0,processing,,1779297889.4408867
10748,7208,"H1,L1",1253965824.0,1253966336.0,processing,,1779298455.9767985
10749,7209,"H1,L1",1253965824.0,1253966336.0,processing,,1779299021.9706588
10750,7210,"H1,L1",1253965824.0,1253966336.0,processing,,1779299588.279237
10751,7211,"H1,L1",1253965824.0,1253966336.0,processing,,1779300155.4475458
10752,7212,"H1,L1",1253965824.0,1253966336.0,processing,,1779300724.226992
10753,7213,"H1,L1",1253965824.0,1253966336.0,processing,,1779301290.427679
10754,7214,"H1,L1",1253965824.0,1253966336.0,processing,,1779301856.981173
10755,7215,"H1,L1",1253965824.0,1253966336.0,processing,,1779302423.2295868
10756,7216,"H1,L1",1253965824.0,1253966336.0,processing,,1779302990.4571748
10757,7217,"H1,L1",1253965824.0,1253966336.0,processing,,1779303556.9497278
10758,7218,"H1,L1",1253965824.0,1253966336.0,processing,,1779304125.9807293
10759,7219,"H1,L1",1253965824.0,1253966336.0,processing,,1779304693.7104342
10760,7220,"H1,L1",1253965824.0,1253966336.0,processing,,1779305262.4763029
10761,7221,"H1,L1",1253965824.0,1253966336.0,processing,,1779305828.7191374
10762,7222,"H1,L1",1253965824.0,1253966336.0,processing,,1779306395.4896107
10763,7223,"H1,L1",1253965824.0,1253966336.0,processing,,1779306962.9782004
10764,7224,"H1,L1",1253965824.0,1253966336.0,processing,,1779307532.9699373
10765,7225,"H1,L1",1253965824.0,1253966336.0,processing,,1779308099.9473379
10766,7226,"H1,L1",1253965824.0,1253966336.0,processing,,1779308667.697928
10767,7227,"H1,L1",1253965824.0,1253966336.0,processing,,1779309243.9806209
10768,7228,"H1,L1",1253965824.0,1253966336.0,processing,,1779309811.9818406
10769,7229,"H1,L1",1253965824.0,1253966336.0,processing,,1779310380.706112
10770,7230,"H1,L1",1253965824.0,1253966336.0,processing,,1779310947.9601073
10771,7231,"H1,L1",1253965824.0,1253966336.0,processing,,1779311515.9865193
10772,7232,"H1,L1",1253965824.0,1253966336.0,processing,,1779312082.9715219
10773,7233,"H1,L1",1253965824.0,1253966336.0,processing,,1779312649.70306
10774,7234,"H1,L1",1253965824.0,1253966336.0,processing,,1779313217.2369819
10775,7235,"H1,L1",1253965824.0,1253966336.0,processing,,1779313787.4865153
10776,7236,"H1,L1",1253965824.0,1253966336.0,processing,,1779314355.960156
10777,7237,"H1,L1",1253965824.0,1253966336.0,processing,,1779314923.4800837
10778,7238,"H1,L1",1253965824.0,1253966336.0,processing,,1779315491.7364805
10779,7239,"H1,L1",1253965824.0,1253966336.0,processing,,1779316068.4859579
10780,7240,"H1,L1",1253965824.0,1253966336.0,processing,,1779316646.225129
10781,7241,"H1,L1",1253965824.0,1253966336.0,processing,,1779317214.728052
10782,7242,"H1,L1",1253965824.0,1253966336.0,processing,,1779317784.2328997
10783,7243,"H1,L1",1253965824.0,1253966336.0,processing,,1779318354.946846
10784,7244,"H1,L1",1253965824.0,1253966336.0,processing,,1779318925.2012935
10785,7245,"H1,L1",1253965824.0,1253966336.0,processing,,1779319495.4738705
10786,7246,"H1,L1",1253965824.0,1253966336.0,processing,,1779320067.7144496
10787,7247,"H1,L1",1253965824.0,1253966336.0,processing,,1779320635.4670122
10788,7248,"H1,L1",1253965824.0,1253966336.0,processing,,1779321202.9827452
10789,7249,"H1,L1",1253965824.0,1253966336.0,processing,,1779321771.231181
10790,7250,"H1,L1",1253965824.0,1253966336.0,processing,,1779322345.9599278
10791,7251,"H1,L1",1253965824.0,1253966336.0,processing,,1779322916.4416246
10792,7252,"H1,L1",1253965824.0,1253966336.0,processing,,1779323485.4666765
10793,7253,"H1,L1",1253965824.0,1253966336.0,processing,,1779324053.7782145
10794,7254,"H1,L1",1253965824.0,1253966336.0,processing,,1779324722.7042153
10795,7255,"H1,L1",1253965824.0,1253966336.0,processing,,1779325289.725557
10796,7256,"H1,L1",1253965824.0,1253966336.0,processing,,1779325861.2357223
10797,7257,"H1,L1",1253965824.0,1253966336.0,processing,,1779326442.249604
10798,7258,"H1,L1",1253965824.0,1253966336.0,processing,,1779327009.9703639
10799,7259,"H1,L1",1253965824.0,1253966336.0,processing,,1779327579.738913
10800,7260,"H1,L1",1253965824.0,1253966336.0,processing,,1779328147.7175643
10801,7261,"H1,L1",1253965824.0,1253966336.0,processing,,1779328716.2361853
10802,7262,"H1,L1",1253965824.0,1253966336.0,processing,,1779329283.7359467
10803,7263,"H1,L1",1253965824.0,1253966336.0,processing,,1779329852.9724476
10804,7264,"H1,L1",1253965824.0,1253966336.0,processing,,1779330418.9538624
10805,7265,"H1,L1",1253965824.0,1253966336.0,processing,,1779330986.7171497
10806,7266,"H1,L1",1253965824.0,1253966336.0,processing,,1779331555.2216594
10807,7267,"H1,L1",1253965824.0,1253966336.0,processing,,1779332123.9871562
10808,7268,"H1,L1",1253965824.0,1253966336.0,processing,,1779332692.7417526
10809,7269,"H1,L1",1253965824.0,1253966336.0,processing,,1779333260.9832048
10810,7270,"H1,L1",1253965824.0,1253966336.0,processing,,1779333828.2318988
10811,7271,"H1,L1",1253965824.0,1253966336.0,processing,,1779334396.9945743
10812,7272,"H1,L1",1253965824.0,1253966336.0,processing,,1779334968.713785
10813,7273,"H1,L1",1253965824.0,1253966336.0,processing,,1779335535.4813056
10814,7274,"H1,L1",1253965824.0,1253966336.0,processing,,1779336102.965729
10815,7275,"H1,L1",1253965824.0,1253966336.0,processing,,1779336670.7248077
10816,7276,"H1,L1",1253965824.0,1253966336.0,processing,,1779337238.4756038
10817,7277,"H1,L1",1253965824.0,1253966336.0,processing,,1779337804.9667194
10818,7278,"H1,L1",1253965824.0,1253966336.0,processing,,1779338374.962444
10819,7279,"H1,L1",1253965824.0,1253966336.0,processing,,1779338943.964718
10820,7280,"H1,L1",1253965824.0,1253966336.0,processing,,1779339512.2333376
10821,7281,"H1,L1",1253965824.0,1253966336.0,processing,,1779340080.7134497
10822,7282,"H1,L1",1253965824.0,1253966336.0,processing,,1779340649.7324297
10823,7283,"H1,L1",1253965824.0,1253966336.0,processing,,1779341218.2007604
10824,7284,"H1,L1",1253965824.0,1253966336.0,processing,,1779341785.7134306
10825,7285,"H1,L1",1253965824.0,1253966336.0,processing,,1779342352.2379286
10826,7286,"H1,L1",1253965824.0,1253966336.0,processing,,1779342922.9708676
10827,7287,"H1,L1",1253965824.0,1253966336.0,processing,,1779343490.9603717
10828,7288,"H1,L1",1253965824.0,1253966336.0,processing,,1779344058.9666057
10829,7289,"H1,L1",1253965824.0,1253966336.0,processing,,1779344627.2361786
10830,7290,"H1,L1",1253965824.0,1253966336.0,processing,,1779345196.995106
10831,7291,"H1,L1",1253965824.0,1253966336.0,processing,,1779345769.9841084
10832,7292,"H1,L1",1253965824.0,1253966336.0,processing,,1779346339.2557027
10833,7293,"H1,L1",1253965824.0,1253966336.0,processing,,1779346911.9807646
10834,7294,"H1,L1",1253965824.0,1253966336.0,processing,,1779347480.7412095
10835,7295,"H1,L1",1253965824.0,1253966336.0,processing,,1779348047.4495122
10836,7296,"H1,L1",1253965824.0,1253966336.0,processing,,1779348614.7235458
10837,7297,"H1,L1",1253965824.0,1253966336.0,processing,,1779349182.2062259
10838,7298,"H1,L1",1253965824.0,1253966336.0,processing,,1779349751.712972
10839,7299,"H1,L1",1253965824.0,1253966336.0,processing,,1779350332.2318501
10840,7300,"H1,L1",1253965824.0,1253966336.0,processing,,1779350906.9897904
10841,7301,"H1,L1",1253965824.0,1253966336.0,processing,,1779351475.714315
10842,7302,"H1,L1",1253965824.0,1253966336.0,processing,,1779352044.4416182
10843,7303,"H1,L1",1253965824.0,1253966336.0,processing,,1779352611.5058043
10844,7304,"H1,L1",1253965824.0,1253966336.0,processing,,1779353180.7182755
10845,7305,"H1,L1",1253965824.0,1253966336.0,processing,,1779353748.9751182
10846,7306,"H1,L1",1253965824.0,1253966336.0,processing,,1779354320.9725916
10847,7307,"H1,L1",1253965824.0,1253966336.0,processing,,1779354890.2338574
10848,7308,"H1,L1",1253965824.0,1253966336.0,processing,,1779355456.2186763
10849,7309,"H1,L1",1253965824.0,1253966336.0,processing,,1779356028.4635859
10850,7310,"H1,L1",1253965824.0,1253966336.0,processing,,1779356598.9792976
10851,7311,"H1,L1",1253965824.0,1253966336.0,processing,,1779357166.7959907
10852,7312,"H1,L1",1253965824.0,1253966336.0,processing,,1779357736.1895976
10853,7313,"H1,L1",1253965824.0,1253966336.0,processing,,1779358304.988797
10854,7314,"H1,L1",1253965824.0,1253966336.0,processing,,1779358882.466797
10855,7315,"H1,L1",1253965824.0,1253966336.0,processing,,1779359451.6973746
10856,7316,"H1,L1",1253965824.0,1253966336.0,processing,,1779360025.4823642
10857,7317,"H1,L1",1253965824.0,1253966336.0,processing,,1779360595.4806678
10858,7318,"H1,L1",1253965824.0,1253966336.0,processing,,1779361163.4542563
10859,7319,"H1,L1",1253965824.0,1253966336.0,processing,,1779361731.7189734
10860,7320,"H1,L1",1253965824.0,1253966336.0,processing,,1779362300.2087572
10861,7321,"H1,L1",1253965824.0,1253966336.0,processing,,1779362869.9881673
10862,7322,"H1,L1",1253965824.0,1253966336.0,processing,,1779363439.995071
10863,7323,"H1,L1",1253965824.0,1253966336.0,processing,,1779364008.2218523
10864,7324,"H1,L1",1253965824.0,1253966336.0,processing,,1779364576.7080157
10865,7325,"H1,L1",1253965824.0,1253966336.0,processing,,1779365147.7789028
10866,7326,"H1,L1",1253965824.0,1253966336.0,processing,,1779365716.7189708
10867,7327,"H1,L1",1253965824.0,1253966336.0,processing,,1779366285.450673
10868,7328,"H1,L1",1253965824.0,1253966336.0,processing,,1779366856.9765902
10869,7329,"H1,L1",1253965824.0,1253966336.0,processing,,1779367426.7249515
10870,7330,"H1,L1",1253965824.0,1253966336.0,processing,,1779368006.4580505
10871,7331,"H1,L1",1253965824.0,1253966336.0,processing,,1779368577.701071
10872,7332,"H1,L1",1253965824.0,1253966336.0,processing,,1779369146.222431
10873,7333,"H1,L1",1253965824.0,1253966336.0,processing,,1779369715.9851353
10874,7334,"H1,L1",1253965824.0,1253966336.0,processing,,1779370283.468647
10875,7335,"H1,L1",1253965824.0,1253966336.0,processing,,1779370853.0226896
10876,7336,"H1,L1",1253965824.0,1253966336.0,processing,,1779371419.5007465
10877,7337,"H1,L1",1253965824.0,1253966336.0,processing,,1779371987.9666739
10878,7338,"H1,L1",1253965824.0,1253966336.0,processing,,1779372554.9678922
10879,7339,"H1,L1",1253965824.0,1253966336.0,processing,,1779373123.0503645
10880,7340,"H1,L1",1253965824.0,1253966336.0,processing,,1779373691.7160106
10881,7341,"H1,L1",1253965824.0,1253966336.0,processing,,1779374259.4788454
10882,7342,"H1,L1",1253965824.0,1253966336.0,processing,,1779374828.9701455
10883,7343,"H1,L1",1253965824.0,1253966336.0,processing,,1779375398.4733477
10884,7344,"H1,L1",1253965824.0,1253966336.0,processing,,1779375967.1980333
10885,7345,"H1,L1",1253965824.0,1253966336.0,processing,,1779376536.440872
10886,7346,"H1,L1",1253965824.0,1253966336.0,processing,,1779377105.9587202
10887,7347,"H1,L1",1253965824.0,1253966336.0,processing,,1779377673.9761064
10888,7348,"H1,L1",1253965824.0,1253966336.0,processing,,1779378242.7153354
10889,7349,"H1,L1",1253965824.0,1253966336.0,processing,,1779378810.9727628
10890,7350,"H1,L1",1253965824.0,1253966336.0,processing,,1779379378.4903884
10891,7351,"H1,L1",1253965824.0,1253966336.0,processing,,1779379947.2119415
10892,7352,"H1,L1",1253965824.0,1253966336.0,processing,,1779380516.9526603
10893,7353,"H1,L1",1253965824.0,1253966336.0,processing,,1779381086.7151701
10894,7354,"H1,L1",1253965824.0,1253966336.0,processing,,1779381656.9809406
10895,7355,"H1,L1",1253965824.0,1253966336.0,processing,,1779382225.7353017
10896,7356,"H1,L1",1253965824.0,1253966336.0,processing,,1779382795.1946962
10897,7357,"H1,L1",1253965824.0,1253966336.0,processing,,1779383361.978182
10898,7358,"H1,L1",1253965824.0,1253966336.0,processing,,1779383930.9755387
10899,7359,"H1,L1",1253965824.0,1253966336.0,processing,,1779384510.9624474
10900,7360,"H1,L1",1253965824.0,1253966336.0,processing,,1779385080.4491963
10901,7361,"H1,L1",1253965824.0,1253966336.0,processing,,1779385649.9589243
10902,7362,"H1,L1",1253965824.0,1253966336.0,processing,,1779386218.2237353
10903,7363,"H1,L1",1253965824.0,1253966336.0,processing,,1779386788.5399256
10904,7364,"H1,L1",1253965824.0,1253966336.0,processing,,1779387374.7222764
10905,7365,"H1,L1",1253965824.0,1253966336.0,processing,,1779387943.2010229
10906,7366,"H1,L1",1253965824.0,1253966336.0,processing,,1779388510.9540117
10907,7367,"H1,L1",1253965824.0,1253966336.0,processing,,1779389079.7298288
10908,7368,"H1,L1",1253965824.0,1253966336.0,processing,,1779389649.9666922
10909,7369,"H1,L1",1253965824.0,1253966336.0,processing,,1779390217.952878
10910,7370,"H1,L1",1253965824.0,1253966336.0,processing,,1779390786.7295797
10911,7371,"H1,L1",1253965824.0,1253966336.0,processing,,1779391358.2621517
10912,7372,"H1,L1",1253965824.0,1253966336.0,processing,,1779391928.702692
10913,7373,"H1,L1",1253965824.0,1253966336.0,processing,,1779392501.2024133
10914,7374,"H1,L1",1253965824.0,1253966336.0,processing,,1779393072.4596953
10915,7375,"H1,L1",1253965824.0,1253966336.0,processing,,1779393640.4642363
10916,7376,"H1,L1",1253965824.0,1253966336.0,processing,,1779394206.983603
10917,7377,"H1,L1",1253965824.0,1253966336.0,processing,,1779394776.4722817
10918,7378,"H1,L1",1253965824.0,1253966336.0,processing,,1779395355.7446837
10919,7379,"H1,L1",1253965824.0,1253966336.0,processing,,1779395925.734592
10920,7380,"H1,L1",1253965824.0,1253966336.0,processing,,1779396495.9754708
10921,7381,"H1,L1",1253965824.0,1253966336.0,processing,,1779397064.232758
10922,7382,"H1,L1",1253965824.0,1253966336.0,processing,,1779397633.964817
10923,7383,"H1,L1",1253965824.0,1253966336.0,processing,,1779398204.2156582
10924,7384,"H1,L1",1253965824.0,1253966336.0,processing,,1779398774.4642348
10925,7385,"H1,L1",1253965824.0,1253966336.0,processing,,1779399344.2441146
10926,7386,"H1,L1",1253965824.0,1253966336.0,processing,,1779399913.4482899
10927,7387,"H1,L1",1253965824.0,1253966336.0,processing,,1779400488.7354016
10928,7388,"H1,L1",1253965824.0,1253966336.0,processing,,1779401056.9971318
10929,7389,"H1,L1",1253965824.0,1253966336.0,processing,,1779401626.9615211
10930,7390,"H1,L1",1253965824.0,1253966336.0,processing,,1779402194.7135398
10931,7391,"H1,L1",1253965824.0,1253966336.0,processing,,1779402771.9981883
10932,7392,"H1,L1",1253965824.0,1253966336.0,processing,,1779403339.7139828
10933,7393,"H1,L1",1253965824.0,1253966336.0,processing,,1779403909.9520504
10934,7394,"H1,L1",1253965824.0,1253966336.0,processing,,1779404478.4808304
10935,7395,"H1,L1",1253965824.0,1253966336.0,processing,,1779405048.2321486
10936,7396,"H1,L1",1253965824.0,1253966336.0,processing,,1779405616.7164216
10937,7397,"H1,L1",1253965824.0,1253966336.0,processing,,1779406204.96875
10938,7398,"H1,L1",1253965824.0,1253966336.0,processing,,1779406773.7127585
10939,7399,"H1,L1",1253965824.0,1253966336.0,processing,,1779407343.9615479
10940,7400,"H1,L1",1253965824.0,1253966336.0,processing,,1779407914.4534972
10941,7401,"H1,L1",1253965824.0,1253966336.0,processing,,1779408483.2051158
10942,7402,"H1,L1",1253965824.0,1253966336.0,processing,,1779409049.1753416
10943,7403,"H1,L1",1253965824.0,1253966336.0,processing,,1779409618.9390512
10944,7404,"H1,L1",1253965824.0,1253966336.0,processing,,1779410200.1987085
10945,7405,"H1,L1",1253965824.0,1253966336.0,processing,,1779410774.4735568
10946,7406,"H1,L1",1253965824.0,1253966336.0,processing,,1779411346.2217395
10947,7407,"H1,L1",1253965824.0,1253966336.0,processing,,1779411914.2445688
10948,7408,"H1,L1",1253965824.0,1253966336.0,processing,,1779412484.9818866
10949,7409,"H1,L1",1253965824.0,1253966336.0,processing,,1779413053.4836533
10950,7410,"H1,L1",1253965824.0,1253966336.0,processing,,1779413623.4639797
10951,7411,"H1,L1",1253965824.0,1253966336.0,processing,,1779414191.7211974
10952,7412,"H1,L1",1253965824.0,1253966336.0,processing,,1779414759.7250073
10953,7413,"H1,L1",1253965824.0,1253966336.0,processing,,1779415329.744522
10954,7414,"H1,L1",1253965824.0,1253966336.0,processing,,1779415899.6928346
10955,7415,"H1,L1",1253965824.0,1253966336.0,processing,,1779416468.9579601
10956,7416,"H1,L1",1253965824.0,1253966336.0,processing,,1779417040.2190244
10957,7417,"H1,L1",1253965824.0,1253966336.0,processing,,1779417609.2273657
10958,7418,"H1,L1",1253965824.0,1253966336.0,processing,,1779418177.9633882
10959,7419,"H1,L1",1253965824.0,1253966336.0,processing,,1779418746.017159
10960,7420,"H1,L1",1253965824.0,1253966336.0,processing,,1779419314.453954
10961,7421,"H1,L1",1253965824.0,1253966336.0,processing,,1779419883.9554627
10962,7422,"H1,L1",1253965824.0,1253966336.0,processing,,1779420452.970381
10963,7423,"H1,L1",1253965824.0,1253966336.0,processing,,1779421022.9747787
10964,7424,"H1,L1",1253965824.0,1253966336.0,processing,,1779421594.4812577
10965,7425,"H1,L1",1253965824.0,1253966336.0,processing,,1779422164.2642374
10966,7426,"H1,L1",1253965824.0,1253966336.0,processing,,1779422732.6965797
10967,7427,"H1,L1",1253965824.0,1253966336.0,processing,,1779423301.6979964
10968,7428,"H1,L1",1253965824.0,1253966336.0,processing,,1779423870.7072427
10969,7429,"H1,L1",1253965824.0,1253966336.0,processing,,1779424440.9921536
10970,7430,"H1,L1",1253965824.0,1253966336.0,processing,,1779425009.2410302
10971,7431,"H1,L1",1253965824.0,1253966336.0,processing,,1779425576.9786687
10972,7432,"H1,L1",1253965824.0,1253966336.0,processing,,1779426146.9630241
10973,7433,"H1,L1",1253965824.0,1253966336.0,processing,,1779426715.2268848
10974,7434,"H1,L1",1253965824.0,1253966336.0,processing,,1779427284.2133863
10975,7435,"H1,L1",1253965824.0,1253966336.0,processing,,1779427853.459804
10976,7436,"H1,L1",1253965824.0,1253966336.0,processing,,1779428421.7499921
10977,7437,"H1,L1",1253965824.0,1253966336.0,processing,,1779428992.7176769
10978,7438,"H1,L1",1253965824.0,1253966336.0,processing,,1779429561.976118
10979,7439,"H1,L1",1253965824.0,1253966336.0,processing,,1779430130.4761202
10980,7440,"H1,L1",1253965824.0,1253966336.0,processing,,1779430707.2265744
10981,7441,"H1,L1",1253965824.0,1253966336.0,processing,,1779431277.4466925
10982,7442,"H1,L1",1253965824.0,1253966336.0,processing,,1779431847.2164633
10983,7443,"H1,L1",1253965824.0,1253966336.0,processing,,1779432424.9656465
10984,7444,"H1,L1",1253965824.0,1253966336.0,processing,,1779432993.491813
10985,7445,"H1,L1",1253965824.0,1253966336.0,processing,,1779433561.4686406
10986,7446,"H1,L1",1253965824.0,1253966336.0,processing,,1779434129.4467938
10987,7447,"H1,L1",1253965824.0,1253966336.0,processing,,1779434697.9915318
10988,7448,"H1,L1",1253965824.0,1253966336.0,processing,,1779435268.2161908
10989,7449,"H1,L1",1253965824.0,1253966336.0,processing,,1779435835.7144701
10990,7450,"H1,L1",1253965824.0,1253966336.0,processing,,1779436405.9655921
10991,7451,"H1,L1",1253965824.0,1253966336.0,processing,,1779436975.4437964
10992,7452,"H1,L1",1253965824.0,1253966336.0,processing,,1779437544.71441
10993,7453,"H1,L1",1253965824.0,1253966336.0,processing,,1779438113.492933
10994,7454,"H1,L1",1253965824.0,1253966336.0,processing,,1779438684.492343
10995,7455,"H1,L1",1253965824.0,1253966336.0,processing,,1779439260.473429
10996,7456,"H1,L1",1253965824.0,1253966336.0,processing,,1779439829.9450352
10997,7457,"H1,L1",1253965824.0,1253966336.0,processing,,1779440398.440796
10998,7458,"H1,L1",1253965824.0,1253966336.0,processing,,1779440966.2217
10999,7459,"H1,L1",1253965824.0,1253966336.0,processing,,1779441536.9893777
11000,7460,"H1,L1",1253965824.0,1253966336.0,processing,,1779442109.2175972
11001,7461,"H1,L1",1253965824.0,1253966336.0,processing,,1779442678.7120705
11002,7462,"H1,L1",1253965824.0,1253966336.0,processing,,1779443247.4502616
11003,7463,"H1,L1",1253965824.0,1253966336.0,processing,,1779443816.9705162
11004,7464,"H1,L1",1253965824.0,1253966336.0,processing,,1779444383.9851484
11005,7465,"H1,L1",1253965824.0,1253966336.0,processing,,1779444951.9628696
11006,7466,"H1,L1",1253965824.0,1253966336.0,processing,,1779445523.2488778
11007,7467,"H1,L1",1253965824.0,1253966336.0,processing,,1779446091.7328165
11008,7468,"H1,L1",1253965824.0,1253966336.0,processing,,1779446663.488654
11009,7469,"H1,L1",1253965824.0,1253966336.0,processing,,1779447232.6645327
11010,7470,"H1,L1",1253965824.0,1253966336.0,processing,,1779447801.7370625
11011,7471,"H1,L1",1253965824.0,1253966336.0,processing,,1779448371.7536507
11012,7472,"H1,L1",1253965824.0,1253966336.0,processing,,1779448939.2025328
11013,7473,"H1,L1",1253965824.0,1253966336.0,processing,,1779449508.7552695
11014,7474,"H1,L1",1253965824.0,1253966336.0,processing,,1779450077.4782784
11015,7475,"H1,L1",1253965824.0,1253966336.0,processing,,1779450644.9670463
11016,7476,"H1,L1",1253965824.0,1253966336.0,processing,,1779451213.7275822
11017,7477,"H1,L1",1253965824.0,1253966336.0,processing,,1779451781.4333878
11018,7478,"H1,L1",1253965824.0,1253966336.0,processing,,1779452351.1783853
11019,7479,"H1,L1",1253965824.0,1253966336.0,processing,,1779452919.7031438
11020,7480,"H1,L1",1253965824.0,1253966336.0,processing,,1779453490.966717
11021,7481,"H1,L1",1253965824.0,1253966336.0,processing,,1779454060.040603
11022,7482,"H1,L1",1253965824.0,1253966336.0,processing,,1779454630.972105
11023,7483,"H1,L1",1253965824.0,1253966336.0,processing,,1779455199.9765663
11024,7484,"H1,L1",1253965824.0,1253966336.0,processing,,1779455770.4589658
11025,7485,"H1,L1",1253965824.0,1253966336.0,processing,,1779456340.4455628
11026,7486,"H1,L1",1253965824.0,1253966336.0,processing,,1779456910.4486847
11027,7487,"H1,L1",1253965824.0,1253966336.0,processing,,1779457479.984801
11028,7488,"H1,L1",1253965824.0,1253966336.0,processing,,1779458049.4893706
11029,7489,"H1,L1",1253965824.0,1253966336.0,processing,,1779458621.4632328
11030,7490,"H1,L1",1253965824.0,1253966336.0,processing,,1779459191.4472225
11031,7491,"H1,L1",1253965824.0,1253966336.0,processing,,1779459760.964099
11032,7492,"H1,L1",1253965824.0,1253966336.0,processing,,1779460331.4576657
11033,7493,"H1,L1",1253965824.0,1253966336.0,processing,,1779460900.4930487
11034,7494,"H1,L1",1253965824.0,1253966336.0,processing,,1779461472.200071
11035,7495,"H1,L1",1253965824.0,1253966336.0,processing,,1779462042.9803073
11036,7496,"H1,L1",1253965824.0,1253966336.0,processing,,1779462612.464152
11037,7497,"H1,L1",1253965824.0,1253966336.0,processing,,1779463181.9810941
11038,7498,"H1,L1",1253965824.0,1253966336.0,processing,,1779463751.4613907
11039,7499,"H1,L1",1253965824.0,1253966336.0,processing,,1779464321.986441
11040,7500,"H1,L1",1253965824.0,1253966336.0,processing,,1779464890.9496017
11041,7501,"H1,L1",1253965824.0,1253966336.0,processing,,1779465458.9767945
11042,7502,"H1,L1",1253965824.0,1253966336.0,processing,,1779466028.9449933
11043,7503,"H1,L1",1253965824.0,1253966336.0,processing,,1779466598.485947
11044,7504,"H1,L1",1253965824.0,1253966336.0,processing,,1779467168.6985323
11045,7505,"H1,L1",1253965824.0,1253966336.0,processing,,1779467739.4365401
11046,7506,"H1,L1",1253965824.0,1253966336.0,processing,,1779468308.2338738
11047,7507,"H1,L1",1253965824.0,1253966336.0,processing,,1779468876.4914424
11048,7508,"H1,L1",1253965824.0,1253966336.0,processing,,1779469445.253602
11049,7509,"H1,L1",1253965824.0,1253966336.0,processing,,1779470014.4647582
11050,7510,"H1,L1",1253965824.0,1253966336.0,processing,,1779470584.6914995
11051,7511,"H1,L1",1253965824.0,1253966336.0,processing,,1779471155.4741962
11052,7512,"H1,L1",1253965824.0,1253966336.0,processing,,1779471724.7291915
11053,7513,"H1,L1",1253965824.0,1253966336.0,processing,,1779472294.4757628
11054,7514,"H1,L1",1253965824.0,1253966336.0,processing,,1779472861.6954007
11055,7515,"H1,L1",1253965824.0,1253966336.0,processing,,1779473431.966045
11056,7516,"H1,L1",1253965824.0,1253966336.0,processing,,1779474001.9847674
11057,7517,"H1,L1",1253965824.0,1253966336.0,processing,,1779474570.954576
11058,7518,"H1,L1",1253965824.0,1253966336.0,processing,,1779475140.2171626
11059,7519,"H1,L1",1253965824.0,1253966336.0,processing,,1779475709.9723077
11060,7520,"H1,L1",1253965824.0,1253966336.0,processing,,1779476278.4364583
11061,7521,"H1,L1",1253965824.0,1253966336.0,processing,,1779476844.9645581
11062,7522,"H1,L1",1253965824.0,1253966336.0,processing,,1779477413.243964
11063,7523,"H1,L1",1253965824.0,1253966336.0,processing,,1779477982.4612703
11064,7524,"H1,L1",1253965824.0,1253966336.0,processing,,1779478550.2269413
11065,7525,"H1,L1",1253965824.0,1253966336.0,processing,,1779479118.6906517
11066,7526,"H1,L1",1253965824.0,1253966336.0,processing,,1779479685.7749732
11067,7527,"H1,L1",1253965824.0,1253966336.0,processing,,1779480256.4914918
11068,7528,"H1,L1",1253965824.0,1253966336.0,processing,,1779480826.23835
11069,7529,"H1,L1",1253965824.0,1253966336.0,processing,,1779481396.9869804
11070,7530,"H1,L1",1253965824.0,1253966336.0,processing,,1779481967.2388194
11071,7531,"H1,L1",1253965824.0,1253966336.0,processing,,1779482535.9815474
11072,7532,"H1,L1",1253965824.0,1253966336.0,processing,,1779483105.4795897
11073,7533,"H1,L1",1253965824.0,1253966336.0,processing,,1779483674.9601252
11074,7534,"H1,L1",1253965824.0,1253966336.0,processing,,1779484244.2274723
11075,7535,"H1,L1",1253965824.0,1253966336.0,processing,,1779484813.4663913
11076,7536,"H1,L1",1253965824.0,1253966336.0,processing,,1779485383.4690971
11077,7537,"H1,L1",1253965824.0,1253966336.0,processing,,1779485951.2082963
11078,7538,"H1,L1",1253965824.0,1253966336.0,processing,,1779486521.9832897
11079,7539,"H1,L1",1253965824.0,1253966336.0,processing,,1779487091.234942
11080,7540,"H1,L1",1253965824.0,1253966336.0,processing,,1779487659.4714582
11081,7541,"H1,L1",1253965824.0,1253966336.0,processing,,1779488230.2189867
11082,7542,"H1,L1",1253965824.0,1253966336.0,processing,,1779488799.478366
11083,7543,"H1,L1",1253965824.0,1253966336.0,processing,,1779489380.2519991
11084,7544,"H1,L1",1253965824.0,1253966336.0,processing,,1779489949.4714673
11085,7545,"H1,L1",1253965824.0,1253966336.0,processing,,1779490519.4782848
11086,7546,"H1,L1",1253965824.0,1253966336.0,processing,,1779491088.213305
11087,7547,"H1,L1",1253965824.0,1253966336.0,processing,,1779491668.9946496
11088,7548,"H1,L1",1253965824.0,1253966336.0,processing,,1779492237.7221627
11089,7549,"H1,L1",1253965824.0,1253966336.0,processing,,1779492807.7255588
11090,7550,"H1,L1",1253965824.0,1253966336.0,processing,,1779493377.1968923
11091,7551,"H1,L1",1253965824.0,1253966336.0,processing,,1779493946.2227845
11092,7552,"H1,L1",1253965824.0,1253966336.0,processing,,1779494515.4404063
11093,7553,"H1,L1",1253965824.0,1253966336.0,processing,,1779495084.7759552
11094,7554,"H1,L1",1253965824.0,1253966336.0,processing,,1779495655.7189152
11095,7555,"H1,L1",1253965824.0,1253966336.0,processing,,1779496229.9418344
11096,7556,"H1,L1",1253965824.0,1253966336.0,processing,,1779496802.1903079
11097,7557,"H1,L1",1253965824.0,1253966336.0,processing,,1779497371.4665573
11098,7558,"H1,L1",1253965824.0,1253966336.0,processing,,1779497943.1957004
11099,7559,"H1,L1",1253965824.0,1253966336.0,processing,,1779498512.9594932
11100,7560,"H1,L1",1253965824.0,1253966336.0,processing,,1779499083.975913
11101,7561,"H1,L1",1253965824.0,1253966336.0,processing,,1779499653.976535
11102,7562,"H1,L1",1253965824.0,1253966336.0,processing,,1779500223.9517486
11103,7563,"H1,L1",1253965824.0,1253966336.0,processing,,1779500792.7378197
11104,7564,"H1,L1",1253965824.0,1253966336.0,processing,,1779501363.9957068
11105,7565,"H1,L1",1253965824.0,1253966336.0,processing,,1779501952.4673328
11106,7566,"H1,L1",1253965824.0,1253966336.0,processing,,1779502531.7112277
11107,7567,"H1,L1",1253965824.0,1253966336.0,processing,,1779503110.9590242
11108,7568,"H1,L1",1253965824.0,1253966336.0,processing,,1779503680.7151237
11109,7569,"H1,L1",1253965824.0,1253966336.0,processing,,1779504252.705046
11110,7570,"H1,L1",1253965824.0,1253966336.0,processing,,1779504819.746238
11111,7571,"H1,L1",1253965824.0,1253966336.0,processing,,1779505389.4656103
11112,7572,"H1,L1",1253965824.0,1253966336.0,processing,,1779505959.4806795
11113,7573,"H1,L1",1253965824.0,1253966336.0,processing,,1779506531.2388663
11114,7574,"H1,L1",1253965824.0,1253966336.0,processing,,1779507108.1930912
11115,7575,"H1,L1",1253965824.0,1253966336.0,processing,,1779507677.7099988
11116,7576,"H1,L1",1253965824.0,1253966336.0,processing,,1779508248.7135994
11117,7577,"H1,L1",1253965824.0,1253966336.0,processing,,1779508821.210862
11118,7578,"H1,L1",1253965824.0,1253966336.0,processing,,1779509390.940289
11119,7579,"H1,L1",1253965824.0,1253966336.0,processing,,1779509958.4879925
11120,7580,"H1,L1",1253965824.0,1253966336.0,processing,,1779510529.4503982
11121,7581,"H1,L1",1253965824.0,1253966336.0,processing,,1779511099.723199
11122,7582,"H1,L1",1253965824.0,1253966336.0,processing,,1779511669.4861257
11123,7583,"H1,L1",1253965824.0,1253966336.0,processing,,1779512250.220472
11124,7584,"H1,L1",1253965824.0,1253966336.0,processing,,1779512819.4639924
11125,7585,"H1,L1",1253965824.0,1253966336.0,processing,,1779513390.7107737
11126,7586,"H1,L1",1253965824.0,1253966336.0,processing,,1779513959.7143698
11127,7587,"H1,L1",1253965824.0,1253966336.0,processing,,1779514531.7174196
11128,7588,"H1,L1",1253965824.0,1253966336.0,processing,,1779515102.2131245
11129,7589,"H1,L1",1253965824.0,1253966336.0,processing,,1779515673.9874675
11130,7590,"H1,L1",1253965824.0,1253966336.0,processing,,1779516253.7127585
11131,7591,"H1,L1",1253965824.0,1253966336.0,processing,,1779516823.943212
11132,7592,"H1,L1",1253965824.0,1253966336.0,processing,,1779517393.4825997
11133,7593,"H1,L1",1253965824.0,1253966336.0,processing,,1779517964.4744537
11134,7594,"H1,L1",1253965824.0,1253966336.0,processing,,1779518546.4794412
11135,7595,"H1,L1",1253965824.0,1253966336.0,processing,,1779519117.295583
11136,7596,"H1,L1",1253965824.0,1253966336.0,processing,,1779519688.204107
11137,7597,"H1,L1",1253965824.0,1253966336.0,processing,,1779520258.18466
11138,7598,"H1,L1",1253965824.0,1253966336.0,processing,,1779520829.5026045
11139,7599,"H1,L1",1253965824.0,1253966336.0,processing,,1779521408.6801567
11140,7600,"H1,L1",1253965824.0,1253966336.0,processing,,1779521988.4637372
11141,7601,"H1,L1",1253965824.0,1253966336.0,processing,,1779522560.2432714
11142,7602,"H1,L1",1253965824.0,1253966336.0,processing,,1779523141.7053444
11143,7603,"H1,L1",1253965824.0,1253966336.0,processing,,1779523711.2163413
11144,7604,"H1,L1",1253965824.0,1253966336.0,processing,,1779524295.4607413
11145,7605,"H1,L1",1253965824.0,1253966336.0,processing,,1779524865.443366
11146,7606,"H1,L1",1253965824.0,1253966336.0,processing,,1779525436.7008822
11147,7607,"H1,L1",1253965824.0,1253966336.0,processing,,1779526011.0118096
11148,7608,"H1,L1",1253965824.0,1253966336.0,processing,,1779526580.9789956
11149,7609,"H1,L1",1253965824.0,1253966336.0,processing,,1779527164.796801
11150,7610,"H1,L1",1253965824.0,1253966336.0,processing,,1779527733.9991474
11151,7611,"H1,L1",1253965824.0,1253966336.0,processing,,1779528303.9842134
11152,7612,"H1,L1",1253965824.0,1253966336.0,processing,,1779528873.6980343
11153,7613,"H1,L1",1253965824.0,1253966336.0,processing,,1779529444.685271
11154,7614,"H1,L1",1253965824.0,1253966336.0,processing,,1779530024.7057493
11155,7615,"H1,L1",1253965824.0,1253966336.0,processing,,1779530592.7215824
11156,7616,"H1,L1",1253965824.0,1253966336.0,processing,,1779531160.9703767
11157,7617,"H1,L1",1253965824.0,1253966336.0,processing,,1779531731.473685
11158,7618,"H1,L1",1253965824.0,1253966336.0,processing,,1779532300.4830956
11159,7619,"H1,L1",1253965824.0,1253966336.0,processing,,1779532868.7168436
11160,7620,"H1,L1",1253965824.0,1253966336.0,processing,,1779533441.2285733
11161,7621,"H1,L1",1253965824.0,1253966336.0,processing,,1779534011.2000263
11162,7622,"H1,L1",1253965824.0,1253966336.0,processing,,1779534578.4636643
11163,7623,"H1,L1",1253965824.0,1253966336.0,processing,,1779535156.73981
11164,7624,"H1,L1",1253965824.0,1253966336.0,processing,,1779535726.7142518
11165,7625,"H1,L1",1253965824.0,1253966336.0,processing,,1779536295.72249
11166,7626,"H1,L1",1253965824.0,1253966336.0,processing,,1779536864.4728365
11167,7627,"H1,L1",1253965824.0,1253966336.0,processing,,1779537433.9766655
11168,7628,"H1,L1",1253965824.0,1253966336.0,processing,,1779538003.7725658
11169,7629,"H1,L1",1253965824.0,1253966336.0,processing,,1779538572.2013693
11170,7630,"H1,L1",1253965824.0,1253966336.0,processing,,1779539142.7252598
11171,7631,"H1,L1",1253965824.0,1253966336.0,processing,,1779539712.9734151
11172,7632,"H1,L1",1253965824.0,1253966336.0,processing,,1779540283.471925
11173,7633,"H1,L1",1253965824.0,1253966336.0,processing,,1779540852.970349
11174,7634,"H1,L1",1253965824.0,1253966336.0,processing,,1779541423.4405239
11175,7635,"H1,L1",1253965824.0,1253966336.0,processing,,1779541993.499212
11176,7636,"H1,L1",1253965824.0,1253966336.0,processing,,1779542563.7232506
11177,7637,"H1,L1",1253965824.0,1253966336.0,processing,,1779543133.4718254
11178,7638,"H1,L1",1253965824.0,1253966336.0,processing,,1779543700.7113278
11179,7639,"H1,L1",1253965824.0,1253966336.0,processing,,1779544270.0044763
11180,7640,"H1,L1",1253965824.0,1253966336.0,processing,,1779544839.2435837
11181,7641,"H1,L1",1253965824.0,1253966336.0,processing,,1779545405.7322543
11182,7642,"H1,L1",1253965824.0,1253966336.0,processing,,1779545977.9765387
11183,7643,"H1,L1",1253965824.0,1253966336.0,processing,,1779546546.2330499
11184,7644,"H1,L1",1253965824.0,1253966336.0,processing,,1779547127.9536798
11185,7645,"H1,L1",1253965824.0,1253966336.0,processing,,1779547701.4498768
11186,7646,"H1,L1",1253965824.0,1253966336.0,processing,,1779548272.5649326
11187,7647,"H1,L1",1253965824.0,1253966336.0,processing,,1779548939.6838267
11188,7648,"H1,L1",1253965824.0,1253966336.0,processing,,1779549528.199184
11189,7649,"H1,L1",1253965824.0,1253966336.0,processing,,1779550096.9640489
11190,7650,"H1,L1",1253965824.0,1253966336.0,processing,,1779550667.7284026
11191,7651,"H1,L1",1253965824.0,1253966336.0,processing,,1779551247.9875782
11192,7652,"H1,L1",1253965824.0,1253966336.0,processing,,1779551818.1999178
11193,7653,"H1,L1",1253965824.0,1253966336.0,processing,,1779552396.7451036
11194,7654,"H1,L1",1253965824.0,1253966336.0,processing,,1779552964.7097998
11195,7655,"H1,L1",1253965824.0,1253966336.0,processing,,1779553536.4928446
11196,7656,"H1,L1",1253965824.0,1253966336.0,processing,,1779554104.7487833
11197,7657,"H1,L1",1253965824.0,1253966336.0,processing,,1779554674.7070618
11198,7658,"H1,L1",1253965824.0,1253966336.0,processing,,1779555244.2140372
11199,7659,"H1,L1",1253965824.0,1253966336.0,processing,,1779555814.9774902
11200,7660,"H1,L1",1253965824.0,1253966336.0,processing,,1779556384.7260997
11201,7661,"H1,L1",1253965824.0,1253966336.0,processing,,1779556953.4876697
11202,7662,"H1,L1",1253965824.0,1253966336.0,processing,,1779557521.4448793
11203,7663,"H1,L1",1253965824.0,1253966336.0,processing,,1779558088.9558315
11204,7664,"H1,L1",1253965824.0,1253966336.0,processing,,1779558655.979713
11205,7665,"H1,L1",1253965824.0,1253966336.0,processing,,1779559228.2265625
11206,7666,"H1,L1",1253965824.0,1253966336.0,processing,,1779559795.202536
11207,7667,"H1,L1",1253965824.0,1253966336.0,processing,,1779560363.719161
11208,7668,"H1,L1",1253965824.0,1253966336.0,processing,,1779560931.7364025
11209,7669,"H1,L1",1253965824.0,1253966336.0,processing,,1779561500.9878626
11210,7670,"H1,L1",1253965824.0,1253966336.0,processing,,1779562069.6990488
11211,7671,"H1,L1",1253965824.0,1253966336.0,processing,,1779562638.2537885
11212,7672,"H1,L1",1253965824.0,1253966336.0,processing,,1779563207.9858892
11213,7673,"H1,L1",1253965824.0,1253966336.0,processing,,1779563788.2444165
11214,7674,"H1,L1",1253965824.0,1253966336.0,processing,,1779564354.7190468
11215,7675,"H1,L1",1253965824.0,1253966336.0,processing,,1779564955.454695
11216,7676,"H1,L1",1253965824.0,1253966336.0,processing,,1779565534.2304883
11217,7677,"H1,L1",1253965824.0,1253966336.0,processing,,1779566103.465038
11218,7678,"H1,L1",1253965824.0,1253966336.0,processing,,1779566673.9848711
11219,7679,"H1,L1",1253965824.0,1253966336.0,processing,,1779567254.2281775
11220,7680,"H1,L1",1253965824.0,1253966336.0,processing,,1779567829.2084255
11221,7681,"H1,L1",1253965824.0,1253966336.0,processing,,1779568397.9934564
11222,7682,"H1,L1",1253965824.0,1253966336.0,processing,,1779568967.0484424
11223,7683,"H1,L1",1253965824.0,1253966336.0,processing,,1779569533.9747586
11224,7684,"H1,L1",1253965824.0,1253966336.0,processing,,1779570102.5330672
11225,7685,"H1,L1",1253965824.0,1253966336.0,processing,,1779570771.2123928
11226,7686,"H1,L1",1253965824.0,1253966336.0,processing,,1779571341.988823
11227,7687,"H1,L1",1253965824.0,1253966336.0,processing,,1779571910.7024727
11228,7688,"H1,L1",1253965824.0,1253966336.0,processing,,1779572479.7327783
11229,7689,"H1,L1",1253965824.0,1253966336.0,processing,,1779573047.933546
11230,7690,"H1,L1",1253965824.0,1253966336.0,processing,,1779573614.741705
11231,7691,"H1,L1",1253965824.0,1253966336.0,processing,,1779574182.966467
11232,7692,"H1,L1",1253965824.0,1253966336.0,processing,,1779574751.4862385
11233,7693,"H1,L1",1253965824.0,1253966336.0,processing,,1779575319.4474752
11234,7694,"H1,L1",1253965824.0,1253966336.0,processing,,1779575894.47915
11235,7695,"H1,L1",1253965824.0,1253966336.0,processing,,1779576462.714328
11236,7696,"H1,L1",1253965824.0,1253966336.0,processing,,1779577029.2386913
11237,7697,"H1,L1",1253965824.0,1253966336.0,processing,,1779577598.9434237
11238,7698,"H1,L1",1253965824.0,1253966336.0,processing,,1779578167.6922297
11239,7699,"H1,L1",1253965824.0,1253966336.0,processing,,1779578735.7431014
11240,7700,"H1,L1",1253965824.0,1253966336.0,processing,,1779579304.4975812
11241,7701,"H1,L1",1253965824.0,1253966336.0,processing,,1779579872.478142
11242,7702,"H1,L1",1253965824.0,1253966336.0,processing,,1779580441.516477
11243,7703,"H1,L1",1253965824.0,1253966336.0,processing,,1779581009.7349138
11244,7704,"H1,L1",1253965824.0,1253966336.0,processing,,1779581578.239928
11245,7705,"H1,L1",1253965824.0,1253966336.0,processing,,1779582144.9566011
11246,7706,"H1,L1",1253965824.0,1253966336.0,processing,,1779582716.2214718
11247,7707,"H1,L1",1253965824.0,1253966336.0,processing,,1779583285.706456
11248,7708,"H1,L1",1253965824.0,1253966336.0,processing,,1779583853.9516745
11249,7709,"H1,L1",1253965824.0,1253966336.0,processing,,1779584433.2272978
11250,7710,"H1,L1",1253965824.0,1253966336.0,processing,,1779585001.9799132
11251,7711,"H1,L1",1253965824.0,1253966336.0,processing,,1779585571.469876
11252,7712,"H1,L1",1253965824.0,1253966336.0,processing,,1779586137.1927264
11253,7713,"H1,L1",1253965824.0,1253966336.0,processing,,1779586705.2099674
11254,7714,"H1,L1",1253965824.0,1253966336.0,processing,,1779587273.711591
11255,7715,"H1,L1",1253965824.0,1253966336.0,processing,,1779587841.7166872
11256,7716,"H1,L1",1253965824.0,1253966336.0,processing,,1779588413.989449
11257,7717,"H1,L1",1253965824.0,1253966336.0,processing,,1779588981.694909
11258,7718,"H1,L1",1253965824.0,1253966336.0,processing,,1779589551.2455883
11259,7719,"H1,L1",1253965824.0,1253966336.0,processing,,1779590120.9548843
11260,7720,"H1,L1",1253965824.0,1253966336.0,processing,,1779590692.2653139
11261,7721,"H1,L1",1253965824.0,1253966336.0,processing,,1779591261.2433238
11262,7722,"H1,L1",1253965824.0,1253966336.0,processing,,1779591840.466872
11263,7723,"H1,L1",1253965824.0,1253966336.0,processing,,1779592410.0025177
11264,7724,"H1,L1",1253965824.0,1253966336.0,processing,,1779592977.9715464
11265,7725,"H1,L1",1253965824.0,1253966336.0,processing,,1779593547.4663918
11266,7726,"H1,L1",1253965824.0,1253966336.0,processing,,1779594115.7016008
11267,7727,"H1,L1",1253965824.0,1253966336.0,processing,,1779594702.4766052
11268,7728,"H1,L1",1253965824.0,1253966336.0,processing,,1779595271.7873127
11269,7729,"H1,L1",1253965824.0,1253966336.0,processing,,1779595841.2214668
11270,7730,"H1,L1",1253965824.0,1253966336.0,processing,,1779596411.9779983
11271,7731,"H1,L1",1253965824.0,1253966336.0,processing,,1779596986.3144734
11272,7732,"H1,L1",1253965824.0,1253966336.0,processing,,1779597555.9661067
11273,7733,"H1,L1",1253965824.0,1253966336.0,processing,,1779598125.223912
11274,7734,"H1,L1",1253965824.0,1253966336.0,processing,,1779598695.3046205
11275,7735,"H1,L1",1253965824.0,1253966336.0,processing,,1779599363.2538598
11276,7736,"H1,L1",1253965824.0,1253966336.0,processing,,1779599942.2402217
11277,7737,"H1,L1",1253965824.0,1253966336.0,processing,,1779600510.2147605
11278,7738,"H1,L1",1253965824.0,1253966336.0,processing,,1779601078.7135086
11279,7739,"H1,L1",1253965824.0,1253966336.0,processing,,1779601658.228541
11280,7740,"H1,L1",1253965824.0,1253966336.0,processing,,1779602228.2188227
11281,7741,"H1,L1",1253965824.0,1253966336.0,processing,,1779602797.4899917
11282,7742,"H1,L1",1253965824.0,1253966336.0,processing,,1779603373.728134
11283,7743,"H1,L1",1253965824.0,1253966336.0,processing,,1779603953.7537453
11284,7744,"H1,L1",1253965824.0,1253966336.0,processing,,1779604522.9894571
11285,7745,"H1,L1",1253965824.0,1253966336.0,processing,,1779605095.3000555
11286,7746,"H1,L1",1253965824.0,1253966336.0,processing,,1779605664.944241
11287,7747,"H1,L1",1253965824.0,1253966336.0,processing,,1779606245.7873921
11288,7748,"H1,L1",1253965824.0,1253966336.0,processing,,1779606841.953032
11289,7749,"H1,L1",1253965824.0,1253966336.0,processing,,1779607411.9788833
11290,7750,"H1,L1",1253965824.0,1253966336.0,processing,,1779607981.2161782
11291,7751,"H1,L1",1253965824.0,1253966336.0,processing,,1779608555.9873452
11292,7752,"H1,L1",1253965824.0,1253966336.0,processing,,1779609126.9929454
11293,7753,"H1,L1",1253965824.0,1253966336.0,processing,,1779609697.7057815
11294,7754,"H1,L1",1253965824.0,1253966336.0,processing,,1779610267.4774442
11295,7755,"H1,L1",1253965824.0,1253966336.0,processing,,1779610837.9546275
11296,7756,"H1,L1",1253965824.0,1253966336.0,processing,,1779611407.7408726
11297,7757,"H1,L1",1253965824.0,1253966336.0,processing,,1779611977.746828
11298,7758,"H1,L1",1253965824.0,1253966336.0,processing,,1779612548.727326
11299,7759,"H1,L1",1253965824.0,1253966336.0,processing,,1779613118.9393272
11300,7760,"H1,L1",1253965824.0,1253966336.0,processing,,1779613689.2077851
11301,7761,"H1,L1",1253965824.0,1253966336.0,processing,,1779614265.4785
11302,7762,"H1,L1",1253965824.0,1253966336.0,processing,,1779614834.7117245
11303,7763,"H1,L1",1253965824.0,1253966336.0,processing,,1779615404.9682658
11304,7764,"H1,L1",1253965824.0,1253966336.0,processing,,1779615975.4989364
11305,7765,"H1,L1",1253965824.0,1253966336.0,processing,,1779616547.2246728
11306,7766,"H1,L1",1253965824.0,1253966336.0,processing,,1779617117.7253568
11307,7767,"H1,L1",1253965824.0,1253966336.0,processing,,1779617689.2451308
11308,7768,"H1,L1",1253965824.0,1253966336.0,processing,,1779618257.2448218
11309,7769,"H1,L1",1253965824.0,1253966336.0,processing,,1779618826.474669
11310,7770,"H1,L1",1253965824.0,1253966336.0,processing,,1779619396.4666755
11311,7771,"H1,L1",1253965824.0,1253966336.0,processing,,1779619966.461077
11312,7772,"H1,L1",1253965824.0,1253966336.0,processing,,1779620536.713442
11313,7773,"H1,L1",1253965824.0,1253966336.0,processing,,1779621106.4588523
11314,7774,"H1,L1",1253965824.0,1253966336.0,processing,,1779621675.2076542
11315,7775,"H1,L1",1253965824.0,1253966336.0,processing,,1779622254.5268497
11316,7776,"H1,L1",1253965824.0,1253966336.0,processing,,1779622826.1967535
11317,7777,"H1,L1",1253965824.0,1253966336.0,processing,,1779623397.9850316
11318,7778,"H1,L1",1253965824.0,1253966336.0,processing,,1779623968.4751298
11319,7779,"H1,L1",1253965824.0,1253966336.0,processing,,1779624534.4393253
11320,7780,"H1,L1",1253965824.0,1253966336.0,processing,,1779625110.459681
11321,7781,"H1,L1",1253965824.0,1253966336.0,processing,,1779625683.9511952
11322,7782,"H1,L1",1253965824.0,1253966336.0,processing,,1779626253.1970606
11323,7783,"H1,L1",1253965824.0,1253966336.0,processing,,1779626824.4767606
11324,7784,"H1,L1",1253965824.0,1253966336.0,processing,,1779627395.4608872
11325,7785,"H1,L1",1253965824.0,1253966336.0,processing,,1779627965.7263887
11326,7786,"H1,L1",1253965824.0,1253966336.0,processing,,1779628537.1796167
11327,7787,"H1,L1",1253965824.0,1253966336.0,processing,,1779629106.977957
11328,7788,"H1,L1",1253965824.0,1253966336.0,processing,,1779629677.2107582
11329,7789,"H1,L1",1253965824.0,1253966336.0,processing,,1779630247.4319756
11330,7790,"H1,L1",1253965824.0,1253966336.0,processing,,1779630815.7098157
11331,7791,"H1,L1",1253965824.0,1253966336.0,processing,,1779631387.9717433
11332,7792,"H1,L1",1253965824.0,1253966336.0,processing,,1779631965.4703555
11333,7793,"H1,L1",1253965824.0,1253966336.0,processing,,1779632537.2267485
11334,7794,"H1,L1",1253965824.0,1253966336.0,processing,,1779633108.4781318
11335,7795,"H1,L1",1253965824.0,1253966336.0,processing,,1779633677.7166436
11336,7796,"H1,L1",1253965824.0,1253966336.0,processing,,1779634257.1926756
11337,7797,"H1,L1",1253965824.0,1253966336.0,processing,,1779634830.2249076
11338,7798,"H1,L1",1253965824.0,1253966336.0,processing,,1779635399.233598
11339,7799,"H1,L1",1253965824.0,1253966336.0,processing,,1779635969.4808633
11340,7800,"H1,L1",1253965824.0,1253966336.0,processing,,1779636540.2720876
11341,7801,"H1,L1",1253965824.0,1253966336.0,processing,,1779637120.2426028
11342,7802,"H1,L1",1253965824.0,1253966336.0,processing,,1779637690.7061996
11343,7803,"H1,L1",1253965824.0,1253966336.0,processing,,1779638272.2333448
11344,7804,"H1,L1",1253965824.0,1253966336.0,processing,,1779638841.6768935
11345,7805,"H1,L1",1253965824.0,1253966336.0,processing,,1779639414.230477
11346,7806,"H1,L1",1253965824.0,1253966336.0,processing,,1779639981.7286143
11347,7807,"H1,L1",1253965824.0,1253966336.0,processing,,1779640561.4831858
11348,7808,"H1,L1",1253965824.0,1253966336.0,processing,,1779641136.4649415
11349,7809,"H1,L1",1253965824.0,1253966336.0,processing,,1779641708.940214
11350,7810,"H1,L1",1253965824.0,1253966336.0,processing,,1779642284.2324097
11351,7811,"H1,L1",1253965824.0,1253966336.0,processing,,1779642853.5096505
11352,7812,"H1,L1",1253965824.0,1253966336.0,processing,,1779643430.9610724
11353,7813,"H1,L1",1253965824.0,1253966336.0,processing,,1779644012.2174256
11354,7814,"H1,L1",1253965824.0,1253966336.0,processing,,1779644579.9733946
11355,7815,"H1,L1",1253965824.0,1253966336.0,processing,,1779645149.2028594
11356,7816,"H1,L1",1253965824.0,1253966336.0,processing,,1779645717.9566197
11357,7817,"H1,L1",1253965824.0,1253966336.0,processing,,1779646291.4926722
11358,7818,"H1,L1",1253965824.0,1253966336.0,processing,,1779646860.9341862
11359,7819,"H1,L1",1253965824.0,1253966336.0,processing,,1779647428.968823
11360,7820,"H1,L1",1253965824.0,1253966336.0,processing,,1779647996.731294
11361,7821,"H1,L1",1253965824.0,1253966336.0,processing,,1779648564.4538362
11362,7822,"H1,L1",1253965824.0,1253966336.0,processing,,1779649131.474749
11363,7823,"H1,L1",1253965824.0,1253966336.0,processing,,1779649699.7253764
11364,7824,"H1,L1",1253965824.0,1253966336.0,processing,,1779650267.7087839
11365,7825,"H1,L1",1253965824.0,1253966336.0,processing,,1779650835.9532876
11366,7826,"H1,L1",1253965824.0,1253966336.0,processing,,1779651403.9523582
11367,7827,"H1,L1",1253965824.0,1253966336.0,processing,,1779651970.7204177
11368,7828,"H1,L1",1253965824.0,1253966336.0,processing,,1779652544.749797
11369,7829,"H1,L1",1253965824.0,1253966336.0,processing,,1779653113.1976182
11370,7830,"H1,L1",1253965824.0,1253966336.0,processing,,1779653680.7136443
11371,7831,"H1,L1",1253965824.0,1253966336.0,processing,,1779654249.9922965
11372,7832,"H1,L1",1253965824.0,1253966336.0,processing,,1779654817.2186372
11373,7833,"H1,L1",1253965824.0,1253966336.0,processing,,1779655384.204993
11374,7834,"H1,L1",1253965824.0,1253966336.0,processing,,1779655951.9487493
11375,7835,"H1,L1",1253965824.0,1253966336.0,processing,,1779656520.4770331
11376,7836,"H1,L1",1253965824.0,1253966336.0,processing,,1779657088.4710798
11377,7837,"H1,L1",1253965824.0,1253966336.0,processing,,1779657654.4685142
11378,7838,"H1,L1",1253965824.0,1253966336.0,processing,,1779658223.940251
11379,7839,"H1,L1",1253965824.0,1253966336.0,processing,,1779658801.9449627
11380,7840,"H1,L1",1253965824.0,1253966336.0,processing,,1779659379.519834
11381,7841,"H1,L1",1253965824.0,1253966336.0,processing,,1779659947.220739
11382,7842,"H1,L1",1253965824.0,1253966336.0,processing,,1779660515.7160795
11383,7843,"H1,L1",1253965824.0,1253966336.0,processing,,1779661083.9639711
11384,7844,"H1,L1",1253965824.0,1253966336.0,processing,,1779661651.2088616
11385,7845,"H1,L1",1253965824.0,1253966336.0,processing,,1779662219.2236419
11386,7846,"H1,L1",1253965824.0,1253966336.0,processing,,1779662787.962392
11387,7847,"H1,L1",1253965824.0,1253966336.0,processing,,1779663355.8124473
11388,7848,"H1,L1",1253965824.0,1253966336.0,processing,,1779663922.231286
11389,7849,"H1,L1",1253965824.0,1253966336.0,processing,,1779664490.7430716
11390,7850,"H1,L1",1253965824.0,1253966336.0,processing,,1779665058.2159262
11391,7851,"H1,L1",1253965824.0,1253966336.0,processing,,1779665624.9465115
11392,7852,"H1,L1",1253965824.0,1253966336.0,processing,,1779666193.7391157
11393,7853,"H1,L1",1253965824.0,1253966336.0,processing,,1779666764.2359567
11394,7854,"H1,L1",1253965824.0,1253966336.0,processing,,1779667334.4459693
11395,7855,"H1,L1",1253965824.0,1253966336.0,processing,,1779667902.9983103
11396,7856,"H1,L1",1253965824.0,1253966336.0,processing,,1779668471.465467
11397,7857,"H1,L1",1253965824.0,1253966336.0,processing,,1779669040.2397559
11398,7858,"H1,L1",1253965824.0,1253966336.0,processing,,1779669608.7172277
11399,7859,"H1,L1",1253965824.0,1253966336.0,processing,,1779670181.7225716
11400,7860,"H1,L1",1253965824.0,1253966336.0,processing,,1779670749.7295182
11401,7861,"H1,L1",1253965824.0,1253966336.0,processing,,1779671316.7356834
11402,7862,"H1,L1",1253965824.0,1253966336.0,processing,,1779671883.9419563
11403,7863,"H1,L1",1253965824.0,1253966336.0,processing,,1779672451.972017
11404,7864,"H1,L1",1253965824.0,1253966336.0,processing,,1779673019.4759135
11405,7865,"H1,L1",1253965824.0,1253966336.0,processing,,1779673587.1841524
11406,7866,"H1,L1",1253965824.0,1253966336.0,processing,,1779674155.474366
11407,7867,"H1,L1",1253965824.0,1253966336.0,processing,,1779674719.7128065
11408,7868,"H1,L1",1253965824.0,1253966336.0,processing,,1779675286.7080584
11409,7869,"H1,L1",1253965824.0,1253966336.0,processing,,1779675854.9625137
11410,7870,"H1,L1",1253965824.0,1253966336.0,processing,,1779676420.7309735
11411,7871,"H1,L1",1253965824.0,1253966336.0,processing,,1779676989.2076287
11412,7872,"H1,L1",1253965824.0,1253966336.0,processing,,1779677561.4607928
11413,7873,"H1,L1",1253965824.0,1253966336.0,processing,,1779678135.998777
11414,7874,"H1,L1",1253965824.0,1253966336.0,processing,,1779678704.4568799
11415,7875,"H1,L1",1253965824.0,1253966336.0,processing,,1779679273.2100692
11416,7876,"H1,L1",1253965824.0,1253966336.0,processing,,1779679841.9644873
11417,7877,"H1,L1",1253965824.0,1253966336.0,processing,,1779680414.2142277
11418,7878,"H1,L1",1253965824.0,1253966336.0,processing,,1779680981.2370899
11419,7879,"H1,L1",1253965824.0,1253966336.0,processing,,1779681548.2242842
11420,7880,"H1,L1",1253965824.0,1253966336.0,processing,,1779682117.727141
11421,7881,"H1,L1",1253965824.0,1253966336.0,processing,,1779682686.248541
11422,7882,"H1,L1",1253965824.0,1253966336.0,processing,,1779683254.7422674
11423,7883,"H1,L1",1253965824.0,1253966336.0,processing,,1779683821.6939676
11424,7884,"H1,L1",1253965824.0,1253966336.0,processing,,1779684388.7152882
11425,7885,"H1,L1",1253965824.0,1253966336.0,processing,,1779684956.2301338
11426,7886,"H1,L1",1253965824.0,1253966336.0,processing,,1779685521.9574935
11427,7887,"H1,L1",1253965824.0,1253966336.0,processing,,1779686090.9491556
11428,7888,"H1,L1",1253965824.0,1253966336.0,processing,,1779686658.978297
11429,7889,"H1,L1",1253965824.0,1253966336.0,processing,,1779687235.2167065
11430,7890,"H1,L1",1253965824.0,1253966336.0,processing,,1779687811.223872
11431,7891,"H1,L1",1253965824.0,1253966336.0,processing,,1779688379.4604273
11432,7892,"H1,L1",1253965824.0,1253966336.0,processing,,1779688948.2184649
11433,7893,"H1,L1",1253965824.0,1253966336.0,processing,,1779689515.4618375
11434,7894,"H1,L1",1253965824.0,1253966336.0,processing,,1779690088.947784
11435,7895,"H1,L1",1253965824.0,1253966336.0,processing,,1779690657.9565816
11436,7896,"H1,L1",1253965824.0,1253966336.0,processing,,1779691224.977498
11437,7897,"H1,L1",1253965824.0,1253966336.0,processing,,1779691793.4214933
11438,7898,"H1,L1",1253965824.0,1253966336.0,processing,,1779692359.9739375
11439,7899,"H1,L1",1253965824.0,1253966336.0,processing,,1779692927.18485
11440,7900,"H1,L1",1253965824.0,1253966336.0,processing,,1779693495.2114685
11441,7901,"H1,L1",1253965824.0,1253966336.0,processing,,1779694062.956537
11442,7902,"H1,L1",1253965824.0,1253966336.0,processing,,1779694630.9727192
11443,7903,"H1,L1",1253965824.0,1253966336.0,processing,,1779695198.5055907
11444,7904,"H1,L1",1253965824.0,1253966336.0,processing,,1779695765.4619544
11445,7905,"H1,L1",1253965824.0,1253966336.0,processing,,1779696346.422791
11446,7906,"H1,L1",1253965824.0,1253966336.0,processing,,1779696920.5366108
11447,7907,"H1,L1",1253965824.0,1253966336.0,processing,,1779697486.9846358
11448,7908,"H1,L1",1253965824.0,1253966336.0,processing,,1779698054.690361
11449,7909,"H1,L1",1253965824.0,1253966336.0,processing,,1779698621.734097
11450,7910,"H1,L1",1253965824.0,1253966336.0,processing,,1779699198.8081963
11451,7911,"H1,L1",1253965824.0,1253966336.0,processing,,1779699767.4698184
11452,7912,"H1,L1",1253965824.0,1253966336.0,processing,,1779700334.4590921
11453,7913,"H1,L1",1253965824.0,1253966336.0,processing,,1779700901.9539516
11454,7914,"H1,L1",1253965824.0,1253966336.0,processing,,1779701470.7577765
11455,7915,"H1,L1",1253965824.0,1253966336.0,processing,,1779702039.478955
11456,7916,"H1,L1",1253965824.0,1253966336.0,processing,,1779702608.214054
11457,7917,"H1,L1",1253965824.0,1253966336.0,processing,,1779703176.485285
11458,7918,"H1,L1",1253965824.0,1253966336.0,processing,,1779703743.9706979
11459,7919,"H1,L1",1253965824.0,1253966336.0,processing,,1779704312.9732928
11460,7920,"H1,L1",1253965824.0,1253966336.0,processing,,1779704881.9546127
11461,7921,"H1,L1",1253965824.0,1253966336.0,processing,,1779705457.490402
11462,7922,"H1,L1",1253965824.0,1253966336.0,processing,,1779706031.7067406
11463,7923,"H1,L1",1253965824.0,1253966336.0,processing,,1779706609.4686868
11464,7924,"H1,L1",1253965824.0,1253966336.0,processing,,1779707177.2402844
11465,7925,"H1,L1",1253965824.0,1253966336.0,processing,,1779707744.2127585
11466,7926,"H1,L1",1253965824.0,1253966336.0,processing,,1779708313.7474675
11467,7927,"H1,L1",1253965824.0,1253966336.0,processing,,1779708882.4687116
11468,7928,"H1,L1",1253965824.0,1253966336.0,processing,,1779709455.4610822
11469,7929,"H1,L1",1253965824.0,1253966336.0,processing,,1779710030.7421641
11470,7930,"H1,L1",1253965824.0,1253966336.0,processing,,1779710604.7307122
11471,7931,"H1,L1",1253965824.0,1253966336.0,processing,,1779711172.9892864
11472,7932,"H1,L1",1253965824.0,1253966336.0,processing,,1779711741.9855475
11473,7933,"H1,L1",1253965824.0,1253966336.0,processing,,1779712312.459659
11474,7934,"H1,L1",1253965824.0,1253966336.0,processing,,1779712881.0028744
11475,7935,"H1,L1",1253965824.0,1253966336.0,processing,,1779713448.466648
11476,7936,"H1,L1",1253965824.0,1253966336.0,processing,,1779714017.230857
11477,7937,"H1,L1",1253965824.0,1253966336.0,processing,,1779714584.9894528
11478,7938,"H1,L1",1253965824.0,1253966336.0,processing,,1779715157.9444826
11479,7939,"H1,L1",1253965824.0,1253966336.0,processing,,1779715725.779605
11480,7940,"H1,L1",1253965824.0,1253966336.0,processing,,1779716296.464571
11481,7941,"H1,L1",1253965824.0,1253966336.0,processing,,1779716865.2091486
11482,7942,"H1,L1",1253965824.0,1253966336.0,processing,,1779717433.6943018
11483,7943,"H1,L1",1253965824.0,1253966336.0,processing,,1779718000.6966162
11484,7944,"H1,L1",1253965824.0,1253966336.0,processing,,1779718569.004846
11485,7945,"H1,L1",1253965824.0,1253966336.0,processing,,1779719144.198467
11486,7946,"H1,L1",1253965824.0,1253966336.0,processing,,1779719711.723663
11487,7947,"H1,L1",1253965824.0,1253966336.0,processing,,1779720279.2182255
11488,7948,"H1,L1",1253965824.0,1253966336.0,processing,,1779720847.4665344
11489,7949,"H1,L1",1253965824.0,1253966336.0,processing,,1779721415.7244334
11490,7950,"H1,L1",1253965824.0,1253966336.0,processing,,1779721994.2363546
11491,7951,"H1,L1",1253965824.0,1253966336.0,processing,,1779722563.206653
11492,7952,"H1,L1",1253965824.0,1253966336.0,processing,,1779723132.4919045
11493,7953,"H1,L1",1253965824.0,1253966336.0,processing,,1779723700.470967
11494,7954,"H1,L1",1253965824.0,1253966336.0,processing,,1779724273.9618812
11495,7955,"H1,L1",1253965824.0,1253966336.0,processing,,1779724840.9790192
11496,7956,"H1,L1",1253965824.0,1253966336.0,processing,,1779725410.6915476
11497,7957,"H1,L1",1253965824.0,1253966336.0,processing,,1779725978.4714222
11498,7958,"H1,L1",1253965824.0,1253966336.0,processing,,1779726550.924614
11499,7959,"H1,L1",1253965824.0,1253966336.0,processing,,1779727116.9775693
11500,7960,"H1,L1",1253965824.0,1253966336.0,processing,,1779727689.734845
11501,7961,"H1,L1",1253965824.0,1253966336.0,processing,,1779728256.7426176
11502,7962,"H1,L1",1253965824.0,1253966336.0,processing,,1779728826.2223666
11503,7963,"H1,L1",1253965824.0,1253966336.0,processing,,1779729393.1834211
11504,7964,"H1,L1",1253965824.0,1253966336.0,processing,,1779729972.2117918
11505,7965,"H1,L1",1253965824.0,1253966336.0,processing,,1779730546.4309826
11506,7966,"H1,L1",1253965824.0,1253966336.0,processing,,1779731117.9836364
11507,7967,"H1,L1",1253965824.0,1253966336.0,processing,,1779731687.7431805
11508,7968,"H1,L1",1253965824.0,1253966336.0,processing,,1779732256.2294846
11509,7969,"H1,L1",1253965824.0,1253966336.0,processing,,1779732826.977766
11510,7970,"H1,L1",1253965824.0,1253966336.0,processing,,1779733403.4702384
11511,7971,"H1,L1",1253965824.0,1253966336.0,processing,,1779733982.7118812
11512,7972,"H1,L1",1253965824.0,1253966336.0,processing,,1779734549.4564908
11513,7973,"H1,L1",1253965824.0,1253966336.0,processing,,1779735118.7131913
11514,7974,"H1,L1",1253965824.0,1253966336.0,processing,,1779735685.6984572
11515,7975,"H1,L1",1253965824.0,1253966336.0,processing,,1779736262.4609447
11516,7976,"H1,L1",1253965824.0,1253966336.0,processing,,1779736830.4949129
11517,7977,"H1,L1",1253965824.0,1253966336.0,processing,,1779737399.4955368
11518,7978,"H1,L1",1253965824.0,1253966336.0,processing,,1779737965.7684798
11519,7979,"H1,L1",1253965824.0,1253966336.0,processing,,1779738533.7222261
11520,7980,"H1,L1",1253965824.0,1253966336.0,processing,,1779739103.7038221
11521,7981,"H1,L1",1253965824.0,1253966336.0,processing,,1779739670.2329917
11522,7982,"H1,L1",1253965824.0,1253966336.0,processing,,1779740241.2364283
11523,7983,"H1,L1",1253965824.0,1253966336.0,processing,,1779740809.9756768
11524,7984,"H1,L1",1253965824.0,1253966336.0,processing,,1779741378.4859235
11525,7985,"H1,L1",1253965824.0,1253966336.0,processing,,1779741944.496432
11526,7986,"H1,L1",1253965824.0,1253966336.0,processing,,1779742511.7097323
11527,7987,"H1,L1",1253965824.0,1253966336.0,processing,,1779743079.4908435
11528,7988,"H1,L1",1253965824.0,1253966336.0,processing,,1779743648.9610133
11529,7989,"H1,L1",1253965824.0,1253966336.0,processing,,1779744218.20364
11530,7990,"H1,L1",1253965824.0,1253966336.0,processing,,1779744786.2310584
11531,7991,"H1,L1",1253965824.0,1253966336.0,processing,,1779745353.9686098
11532,7992,"H1,L1",1253965824.0,1253966336.0,processing,,1779745923.4606407
11533,7993,"H1,L1",1253965824.0,1253966336.0,processing,,1779746491.7041113
11534,7994,"H1,L1",1253965824.0,1253966336.0,processing,,1779747063.7278173
11535,7995,"H1,L1",1253965824.0,1253966336.0,processing,,1779747630.9547725
11536,7996,"H1,L1",1253965824.0,1253966336.0,processing,,1779748201.7227151
11537,7997,"H1,L1",1253965824.0,1253966336.0,processing,,1779748769.6958
11538,7998,"H1,L1",1253965824.0,1253966336.0,processing,,1779749336.4807503
11539,7999,"H1,L1",1253965824.0,1253966336.0,processing,,1779749911.2207935
11540,8000,"H1,L1",1253965824.0,1253966336.0,processing,,1779750479.466018
11541,8001,"H1,L1",1253965824.0,1253966336.0,processing,,1779751047.2495651
11542,8002,"H1,L1",1253965824.0,1253966336.0,processing,,1779751613.7125518
11543,8003,"H1,L1",1253965824.0,1253966336.0,processing,,1779752181.195595
11544,8004,"H1,L1",1253965824.0,1253966336.0,processing,,1779752753.2253628
11545,8005,"H1,L1",1253965824.0,1253966336.0,processing,,1779753322.2046084
11546,8006,"H1,L1",1253965824.0,1253966336.0,processing,,1779753897.211432
11547,8007,"H1,L1",1253965824.0,1253966336.0,processing,,1779754464.192904
11548,8008,"H1,L1",1253965824.0,1253966336.0,processing,,1779755032.6977327
11549,8009,"H1,L1",1253965824.0,1253966336.0,processing,,1779755599.7270846
11550,8010,"H1,L1",1253965824.0,1253966336.0,processing,,1779756168.4864335
11551,8011,"H1,L1",1253965824.0,1253966336.0,processing,,1779756736.737763
11552,8012,"H1,L1",1253965824.0,1253966336.0,processing,,1779757304.815362
11553,8013,"H1,L1",1253965824.0,1253966336.0,processing,,1779757887.9867227
11554,8014,"H1,L1",1253965824.0,1253966336.0,processing,,1779758455.5074806
11555,8015,"H1,L1",1253965824.0,1253966336.0,processing,,1779759025.2080119
11556,8016,"H1,L1",1253965824.0,1253966336.0,processing,,1779759595.734476
11557,8017,"H1,L1",1253965824.0,1253966336.0,processing,,1779760176.4860942
11558,8018,"H1,L1",1253965824.0,1253966336.0,processing,,1779760743.7484748
11559,8019,"H1,L1",1253965824.0,1253966336.0,processing,,1779761312.464351
11560,8020,"H1,L1",1253965824.0,1253966336.0,processing,,1779761891.2390673
11561,8021,"H1,L1",1253965824.0,1253966336.0,processing,,1779762457.9545557
11562,8022,"H1,L1",1253965824.0,1253966336.0,processing,,1779763026.9727926
11563,8023,"H1,L1",1253965824.0,1253966336.0,processing,,1779763595.208756
11564,8024,"H1,L1",1253965824.0,1253966336.0,processing,,1779764162.9638226
11565,8025,"H1,L1",1253965824.0,1253966336.0,processing,,1779764733.0028002
11566,8026,"H1,L1",1253965824.0,1253966336.0,processing,,1779765303.2294166
11567,8027,"H1,L1",1253965824.0,1253966336.0,processing,,1779765877.1797044
11568,8028,"H1,L1",1253965824.0,1253966336.0,processing,,1779766445.473878
11569,8029,"H1,L1",1253965824.0,1253966336.0,processing,,1779767013.476124
11570,8030,"H1,L1",1253965824.0,1253966336.0,processing,,1779767582.732189
11571,8031,"H1,L1",1253965824.0,1253966336.0,processing,,1779768152.473667
11572,8032,"H1,L1",1253965824.0,1253966336.0,processing,,1779768721.9838853
11573,8033,"H1,L1",1253965824.0,1253966336.0,processing,,1779769288.5105093
11574,8034,"H1,L1",1253965824.0,1253966336.0,processing,,1779769856.214214
11575,8035,"H1,L1",1253965824.0,1253966336.0,processing,,1779770421.9855072
11576,8036,"H1,L1",1253965824.0,1253966336.0,processing,,1779770990.7894843
11577,8037,"H1,L1",1253965824.0,1253966336.0,processing,,1779771652.972987
11578,8038,"H1,L1",1253965824.0,1253966336.0,processing,,1779772221.235378
11579,8039,"H1,L1",1253965824.0,1253966336.0,processing,,1779772789.4788268
11580,8040,"H1,L1",1253965824.0,1253966336.0,processing,,1779773356.9808319
11581,8041,"H1,L1",1253965824.0,1253966336.0,processing,,1779773927.4737377
11582,8042,"H1,L1",1253965824.0,1253966336.0,processing,,1779774493.495493
11583,8043,"H1,L1",1253965824.0,1253966336.0,processing,,1779775073.2512627
11584,8044,"H1,L1",1253965824.0,1253966336.0,processing,,1779775641.2047825
11585,8045,"H1,L1",1253965824.0,1253966336.0,processing,,1779776209.9580204
11586,8046,"H1,L1",1253965824.0,1253966336.0,processing,,1779776782.2135253
11587,8047,"H1,L1",1253965824.0,1253966336.0,processing,,1779777351.2306414
11588,8048,"H1,L1",1253965824.0,1253966336.0,processing,,1779777918.7138023
11589,8049,"H1,L1",1253965824.0,1253966336.0,processing,,1779778486.4847763
11590,8050,"H1,L1",1253965824.0,1253966336.0,processing,,1779779364.701844
11591,8051,"H1,L1",1253965824.0,1253966336.0,processing,,1779779932.1970077
11592,8052,"H1,L1",1253965824.0,1253966336.0,processing,,1779780503.210443
11593,8053,"H1,L1",1253965824.0,1253966336.0,processing,,1779781072.2105718
11594,8054,"H1,L1",1253965824.0,1253966336.0,processing,,1779781640.2412753
11595,8055,"H1,L1",1253965824.0,1253966336.0,processing,,1779782219.2099402
11596,8056,"H1,L1",1253965824.0,1253966336.0,processing,,1779782788.4465773
11597,8057,"H1,L1",1253965824.0,1253966336.0,processing,,1779783365.4705963
11598,8058,"H1,L1",1253965824.0,1253966336.0,processing,,1779783933.6969566
11599,8059,"H1,L1",1253965824.0,1253966336.0,processing,,1779784511.203201
11600,8060,"H1,L1",1253965824.0,1253966336.0,processing,,1779785089.4844275
11601,8061,"H1,L1",1253965824.0,1253966336.0,processing,,1779785657.6982377
11602,8062,"H1,L1",1253965824.0,1253966336.0,processing,,1779786227.4658427
11603,8063,"H1,L1",1253965824.0,1253966336.0,processing,,1779786796.4793143
11604,8064,"H1,L1",1253965824.0,1253966336.0,processing,,1779787371.9694707
11605,8065,"H1,L1",1253965824.0,1253966336.0,processing,,1779787939.4753804
11606,8066,"H1,L1",1253965824.0,1253966336.0,processing,,1779788508.9416366
11607,8067,"H1,L1",1253965824.0,1253966336.0,processing,,1779789080.2536304
11608,8068,"H1,L1",1253965824.0,1253966336.0,processing,,1779789649.941538
11609,8069,"H1,L1",1253965824.0,1253966336.0,processing,,1779790217.9531288
11610,8070,"H1,L1",1253965824.0,1253966336.0,processing,,1779790785.0589614
11611,8071,"H1,L1",1253965824.0,1253966336.0,processing,,1779791354.71104
11612,8072,"H1,L1",1253965824.0,1253966336.0,processing,,1779791921.700369
11613,8073,"H1,L1",1253965824.0,1253966336.0,processing,,1779792488.9816196
11614,8074,"H1,L1",1253965824.0,1253966336.0,processing,,1779793057.234474
11615,8075,"H1,L1",1253965824.0,1253966336.0,processing,,1779793626.965551
11616,8076,"H1,L1",1253965824.0,1253966336.0,processing,,1779794203.2374032
11617,8077,"H1,L1",1253965824.0,1253966336.0,processing,,1779794773.012747
11618,8078,"H1,L1",1253965824.0,1253966336.0,processing,,1779795341.2141302
11619,8079,"H1,L1",1253965824.0,1253966336.0,processing,,1779795911.7079086
11620,8080,"H1,L1",1253965824.0,1253966336.0,processing,,1779796479.711015
11621,8081,"H1,L1",1253965824.0,1253966336.0,processing,,1779797047.4737196
11622,8082,"H1,L1",1253965824.0,1253966336.0,processing,,1779797617.4895885
11623,8083,"H1,L1",1253965824.0,1253966336.0,processing,,1779798186.2258792
11624,8084,"H1,L1",1253965824.0,1253966336.0,processing,,1779798753.9426394
11625,8085,"H1,L1",1253965824.0,1253966336.0,processing,,1779799322.7055435
11626,8086,"H1,L1",1253965824.0,1253966336.0,processing,,1779799891.004375
11627,8087,"H1,L1",1253965824.0,1253966336.0,processing,,1779800459.1926756
11628,8088,"H1,L1",1253965824.0,1253966336.0,processing,,1779801032.9380467
11629,8089,"H1,L1",1253965824.0,1253966336.0,processing,,1779801607.708844
11630,8090,"H1,L1",1253965824.0,1253966336.0,processing,,1779802174.223274
11631,8091,"H1,L1",1253965824.0,1253966336.0,processing,,1779802746.4588268
11632,8092,"H1,L1",1253965824.0,1253966336.0,processing,,1779803315.4583948
11633,8093,"H1,L1",1253965824.0,1253966336.0,processing,,1779803884.7142425
11634,8094,"H1,L1",1253965824.0,1253966336.0,processing,,1779804461.955928
11635,8095,"H1,L1",1253965824.0,1253966336.0,processing,,1779805033.987264
11636,8096,"H1,L1",1253965824.0,1253966336.0,processing,,1779805602.475
11637,8097,"H1,L1",1253965824.0,1253966336.0,processing,,1779806170.9521923
11638,8098,"H1,L1",1253965824.0,1253966336.0,processing,,1779806742.9306724
11639,8099,"H1,L1",1253965824.0,1253966336.0,processing,,1779807310.4786792
11640,8100,"H1,L1",1253965824.0,1253966336.0,processing,,1779807878.945197
11641,8101,"H1,L1",1253965824.0,1253966336.0,processing,,1779808447.9549043
11642,8102,"H1,L1",1253965824.0,1253966336.0,processing,,1779809014.958948
11643,8103,"H1,L1",1253965824.0,1253966336.0,processing,,1779809582.958568
11644,8104,"H1,L1",1253965824.0,1253966336.0,processing,,1779810159.7209527
11645,8105,"H1,L1",1253965824.0,1253966336.0,processing,,1779810725.5007606
11646,8106,"H1,L1",1253965824.0,1253966336.0,processing,,1779811292.9954412
11647,8107,"H1,L1",1253965824.0,1253966336.0,processing,,1779811867.2216022
11648,8108,"H1,L1",1253965824.0,1253966336.0,processing,,1779812444.9566433
11649,8109,"H1,L1",1253965824.0,1253966336.0,processing,,1779813020.7135537
11650,8110,"H1,L1",1253965824.0,1253966336.0,processing,,1779813588.4897196
11651,8111,"H1,L1",1253965824.0,1253966336.0,processing,,1779814157.2288275
11652,8112,"H1,L1",1253965824.0,1253966336.0,processing,,1779814730.4906955
11653,8113,"H1,L1",1253965824.0,1253966336.0,processing,,1779815300.2039995
11654,8114,"H1,L1",1253965824.0,1253966336.0,processing,,1779815869.4720623
11655,8115,"H1,L1",1253965824.0,1253966336.0,processing,,1779816447.2363815
11656,8116,"H1,L1",1253965824.0,1253966336.0,processing,,1779817013.9930406
11657,8117,"H1,L1",1253965824.0,1253966336.0,processing,,1779817583.5007937
11658,8118,"H1,L1",1253965824.0,1253966336.0,processing,,1779818162.2426822
11659,8119,"H1,L1",1253965824.0,1253966336.0,processing,,1779818730.962889
11660,8120,"H1,L1",1253965824.0,1253966336.0,processing,,1779819298.2419496
11661,8121,"H1,L1",1253965824.0,1253966336.0,processing,,1779819867.2947364
11662,8122,"H1,L1",1253965824.0,1253966336.0,processing,,1779820436.237538
11663,8123,"H1,L1",1253965824.0,1253966336.0,processing,,1779821004.9894853
11664,8124,"H1,L1",1253965824.0,1253966336.0,processing,,1779821573.4713583
11665,8125,"H1,L1",1253965824.0,1253966336.0,processing,,1779822147.9991615
11666,8126,"H1,L1",1253965824.0,1253966336.0,processing,,1779822716.452751
11667,8127,"H1,L1",1253965824.0,1253966336.0,processing,,1779823285.0130506
11668,8128,"H1,L1",1253965824.0,1253966336.0,processing,,1779823857.2217817
11669,8129,"H1,L1",1253965824.0,1253966336.0,processing,,1779824427.2317345
11670,8130,"H1,L1",1253965824.0,1253966336.0,processing,,1779824997.6998165
11671,8131,"H1,L1",1253965824.0,1253966336.0,processing,,1779825566.250682
11672,8132,"H1,L1",1253965824.0,1253966336.0,processing,,1779826133.2158902
11673,8133,"H1,L1",1253965824.0,1253966336.0,processing,,1779826703.2063303
11674,8134,"H1,L1",1253965824.0,1253966336.0,processing,,1779827271.2310233
11675,8135,"H1,L1",1253965824.0,1253966336.0,processing,,1779827837.2237225
11676,8136,"H1,L1",1253965824.0,1253966336.0,processing,,1779828408.4401984
11677,8137,"H1,L1",1253965824.0,1253966336.0,processing,,1779828986.206479
11678,8138,"H1,L1",1253965824.0,1253966336.0,processing,,1779829560.7059422
11679,8139,"H1,L1",1253965824.0,1253966336.0,processing,,1779830128.4714053
11680,8140,"H1,L1",1253965824.0,1253966336.0,processing,,1779830698.9641953
11681,8141,"H1,L1",1253965824.0,1253966336.0,processing,,1779831270.4740407
11682,8142,"H1,L1",1253965824.0,1253966336.0,processing,,1779831837.509182
11683,8143,"H1,L1",1253965824.0,1253966336.0,processing,,1779832405.5071073
11684,8144,"H1,L1",1253965824.0,1253966336.0,processing,,1779833083.9551253
11685,8145,"H1,L1",1253965824.0,1253966336.0,processing,,1779833651.7245085
11686,8146,"H1,L1",1253965824.0,1253966336.0,processing,,1779834220.7332556
11687,8147,"H1,L1",1253965824.0,1253966336.0,processing,,1779834807.6678345
11688,8148,"H1,L1",1253965824.0,1253966336.0,processing,,1779835374.9618604
11689,8149,"H1,L1",1253965824.0,1253966336.0,processing,,1779835944.2094674
11690,8150,"H1,L1",1253965824.0,1253966336.0,processing,,1779836513.7220516
11691,8151,"H1,L1",1253965824.0,1253966336.0,processing,,1779837080.504023
11692,8152,"H1,L1",1253965824.0,1253966336.0,processing,,1779837650.9565923
11693,8153,"H1,L1",1253965824.0,1253966336.0,processing,,1779838219.7177637
11694,8154,"H1,L1",1253965824.0,1253966336.0,processing,,1779838792.9729395
11695,8155,"H1,L1",1253965824.0,1253966336.0,processing,,1779839372.7387788
11696,8156,"H1,L1",1253965824.0,1253966336.0,processing,,1779839940.9713223
11697,8157,"H1,L1",1253965824.0,1253966336.0,processing,,1779840507.2105567
11698,8158,"H1,L1",1253965824.0,1253966336.0,processing,,1779841075.734471
11699,8159,"H1,L1",1253965824.0,1253966336.0,processing,,1779841642.7222717
11700,8160,"H1,L1",1253965824.0,1253966336.0,processing,,1779842210.4676151
11701,8161,"H1,L1",1253965824.0,1253966336.0,processing,,1779842779.2276456
11702,8162,"H1,L1",1253965824.0,1253966336.0,processing,,1779843347.036882
11703,8163,"H1,L1",1253965824.0,1253966336.0,processing,,1779844015.2211864
11704,8164,"H1,L1",1253965824.0,1253966336.0,processing,,1779844582.722322
11705,8165,"H1,L1",1253965824.0,1253966336.0,processing,,1779845153.2318053
11706,8166,"H1,L1",1253965824.0,1253966336.0,processing,,1779845720.4710991
11707,8167,"H1,L1",1253965824.0,1253966336.0,processing,,1779846289.2219243
11708,8168,"H1,L1",1253965824.0,1253966336.0,processing,,1779846857.7333853
11709,8169,"H1,L1",1253965824.0,1253966336.0,processing,,1779847427.4589317
11710,8170,"H1,L1",1253965824.0,1253966336.0,processing,,1779847995.2271621
11711,8171,"H1,L1",1253965824.0,1253966336.0,processing,,1779848562.7415164
11712,8172,"H1,L1",1253965824.0,1253966336.0,processing,,1779849131.238224
11713,8173,"H1,L1",1253965824.0,1253966336.0,processing,,1779849699.240031
11714,8174,"H1,L1",1253965824.0,1253966336.0,processing,,1779850264.7218955
11715,8175,"H1,L1",1253965824.0,1253966336.0,processing,,1779850831.4839907
11716,8176,"H1,L1",1253965824.0,1253966336.0,processing,,1779851397.7276533
11717,8177,"H1,L1",1253965824.0,1253966336.0,processing,,1779851965.1981509
11718,8178,"H1,L1",1253965824.0,1253966336.0,processing,,1779852531.962077
11719,8179,"H1,L1",1253965824.0,1253966336.0,processing,,1779853098.9803834
11720,8180,"H1,L1",1253965824.0,1253966336.0,processing,,1779853667.7339463
11721,8181,"H1,L1",1253965824.0,1253966336.0,processing,,1779854234.2451735
11722,8182,"H1,L1",1253965824.0,1253966336.0,processing,,1779854801.467691
11723,8183,"H1,L1",1253965824.0,1253966336.0,processing,,1779855369.231748
11724,8184,"H1,L1",1253965824.0,1253966336.0,processing,,1779855937.6974251
11725,8185,"H1,L1",1253965824.0,1253966336.0,processing,,1779856503.9875267
11726,8186,"H1,L1",1253965824.0,1253966336.0,processing,,1779857070.4853306
11727,8187,"H1,L1",1253965824.0,1253966336.0,processing,,1779857638.9725835
11728,8188,"H1,L1",1253965824.0,1253966336.0,processing,,1779858205.7183356
11729,8189,"H1,L1",1253965824.0,1253966336.0,processing,,1779858773.4554732
11730,8190,"H1,L1",1253965824.0,1253966336.0,processing,,1779859339.9718142
11731,8191,"H1,L1",1253965824.0,1253966336.0,processing,,1779859906.72726
11732,8192,"H1,L1",1253965824.0,1253966336.0,processing,,1779860475.216939
11733,8193,"H1,L1",1253965824.0,1253966336.0,processing,,1779861043.9742222
11734,8194,"H1,L1",1253965824.0,1253966336.0,processing,,1779861610.459732
11735,8195,"H1,L1",1253965824.0,1253966336.0,processing,,1779862187.1993654
11736,8196,"H1,L1",1253965824.0,1253966336.0,processing,,1779862756.4579659
11737,8197,"H1,L1",1253965824.0,1253966336.0,processing,,1779863328.9590213
11738,8198,"H1,L1",1253965824.0,1253966336.0,processing,,1779863895.7166097
11739,8199,"H1,L1",1253965824.0,1253966336.0,processing,,1779864462.457185
11740,8200,"H1,L1",1253965824.0,1253966336.0,processing,,1779865029.9738524
11741,8201,"H1,L1",1253965824.0,1253966336.0,processing,,1779865597.4749324
11742,8202,"H1,L1",1253965824.0,1253966336.0,processing,,1779866164.9819095
11743,8203,"H1,L1",1253965824.0,1253966336.0,processing,,1779866731.7067788
11744,8204,"H1,L1",1253965824.0,1253966336.0,processing,,1779867312.4884844
11745,8205,"H1,L1",1253965824.0,1253966336.0,processing,,1779867887.9521909
11746,8206,"H1,L1",1253965824.0,1253966336.0,processing,,1779868457.7216878
11747,8207,"H1,L1",1253965824.0,1253966336.0,processing,,1779869025.9641643
11748,8208,"H1,L1",1253965824.0,1253966336.0,processing,,1779869595.2170658
11749,8209,"H1,L1",1253965824.0,1253966336.0,processing,,1779870164.7308714
11750,8210,"H1,L1",1253965824.0,1253966336.0,processing,,1779870731.478238
11751,8211,"H1,L1",1253965824.0,1253966336.0,processing,,1779871307.2289803
11752,8212,"H1,L1",1253965824.0,1253966336.0,processing,,1779871875.502244
11753,8213,"H1,L1",1253965824.0,1253966336.0,processing,,1779872443.9490235
11754,8214,"H1,L1",1253965824.0,1253966336.0,processing,,1779873012.2484453
11755,8215,"H1,L1",1253965824.0,1253966336.0,processing,,1779873582.2286804
11756,8216,"H1,L1",1253965824.0,1253966336.0,processing,,1779874150.2159467
11757,8217,"H1,L1",1253965824.0,1253966336.0,processing,,1779874716.196049
11758,8218,"H1,L1",1253965824.0,1253966336.0,processing,,1779875283.1976588
11759,8219,"H1,L1",1253965824.0,1253966336.0,processing,,1779875849.4465363
11760,8220,"H1,L1",1253965824.0,1253966336.0,processing,,1779876416.743826
11761,8221,"H1,L1",1253965824.0,1253966336.0,processing,,1779876985.4497867
11762,8222,"H1,L1",1253965824.0,1253966336.0,processing,,1779877555.9599156
11763,8223,"H1,L1",1253965824.0,1253966336.0,processing,,1779878124.9575944
11764,8224,"H1,L1",1253965824.0,1253966336.0,processing,,1779878692.474821
11765,8225,"H1,L1",1253965824.0,1253966336.0,processing,,1779879259.9570403
11766,8226,"H1,L1",1253965824.0,1253966336.0,processing,,1779879826.9631312
11767,8227,"H1,L1",1253965824.0,1253966336.0,processing,,1779880399.9701836
11768,8228,"H1,L1",1253965824.0,1253966336.0,processing,,1779880966.7446463
11769,8229,"H1,L1",1253965824.0,1253966336.0,processing,,1779881535.2192023
11770,8230,"H1,L1",1253965824.0,1253966336.0,processing,,1779882104.45736
11771,8231,"H1,L1",1253965824.0,1253966336.0,processing,,1779882671.4720583
11772,8232,"H1,L1",1253965824.0,1253966336.0,processing,,1779883240.982876
11773,8233,"H1,L1",1253965824.0,1253966336.0,processing,,1779883809.6848228
11774,8234,"H1,L1",1253965824.0,1253966336.0,processing,,1779884376.9947422
11775,8235,"H1,L1",1253965824.0,1253966336.0,processing,,1779884958.2264252
11776,8236,"H1,L1",1253965824.0,1253966336.0,processing,,1779885525.4539852
11777,8237,"H1,L1",1253965824.0,1253966336.0,processing,,1779886094.7397962
11778,8238,"H1,L1",1253965824.0,1253966336.0,processing,,1779886661.4411223
11779,8239,"H1,L1",1253965824.0,1253966336.0,processing,,1779887232.9289339
11780,8240,"H1,L1",1253965824.0,1253966336.0,processing,,1779887808.7293427
11781,8241,"H1,L1",1253965824.0,1253966336.0,processing,,1779888378.2169075
11782,8242,"H1,L1",1253965824.0,1253966336.0,processing,,1779888945.9683964
11783,8243,"H1,L1",1253965824.0,1253966336.0,processing,,1779889520.9722526
11784,8244,"H1,L1",1253965824.0,1253966336.0,processing,,1779890091.9872303
11785,8245,"H1,L1",1253965824.0,1253966336.0,processing,,1779890661.7797163
11786,8246,"H1,L1",1253965824.0,1253966336.0,processing,,1779891328.460017
11787,8247,"H1,L1",1253965824.0,1253966336.0,processing,,1779891895.477775
11788,8248,"H1,L1",1253965824.0,1253966336.0,processing,,1779892462.7255247
11789,8249,"H1,L1",1253965824.0,1253966336.0,processing,,1779893031.7507904
11790,8250,"H1,L1",1253965824.0,1253966336.0,processing,,1779893599.9682941
11791,8251,"H1,L1",1253965824.0,1253966336.0,processing,,1779894168.4315648
11792,8252,"H1,L1",1253965824.0,1253966336.0,processing,,1779894737.4459913
11793,8253,"H1,L1",1253965824.0,1253966336.0,processing,,1779895302.9704359
11794,8254,"H1,L1",1253965824.0,1253966336.0,processing,,1779895870.458062
11795,8255,"H1,L1",1253965824.0,1253966336.0,processing,,1779896447.7128289
11796,8256,"H1,L1",1253965824.0,1253966336.0,processing,,1779897013.6934853
11797,8257,"H1,L1",1253965824.0,1253966336.0,processing,,1779897583.436702
11798,8258,"H1,L1",1253965824.0,1253966336.0,processing,,1779898158.5048316
11799,8259,"H1,L1",1253965824.0,1253966336.0,processing,,1779898724.4817977
11800,8260,"H1,L1",1253965824.0,1253966336.0,processing,,1779899290.5010645
11801,8261,"H1,L1",1253965824.0,1253966336.0,processing,,1779899878.1940637
11802,8262,"H1,L1",1253965824.0,1253966336.0,processing,,1779900446.2183447
11803,8263,"H1,L1",1253965824.0,1253966336.0,processing,,1779901011.7290382
11804,8264,"H1,L1",1253965824.0,1253966336.0,processing,,1779901579.9862907
11805,8265,"H1,L1",1253965824.0,1253966336.0,processing,,1779902150.0033894
11806,8266,"H1,L1",1253965824.0,1253966336.0,processing,,1779902718.4491837
11807,8267,"H1,L1",1253965824.0,1253966336.0,processing,,1779903290.9871125
11808,8268,"H1,L1",1253965824.0,1253966336.0,processing,,1779903857.4883215
11809,8269,"H1,L1",1253965824.0,1253966336.0,processing,,1779904425.286422
11810,8270,"H1,L1",1253965824.0,1253966336.0,processing,,1779904995.4603856
11811,8271,"H1,L1",1253965824.0,1253966336.0,processing,,1779905563.4798603
11812,8272,"H1,L1",1253965824.0,1253966336.0,processing,,1779906132.2114103
11813,8273,"H1,L1",1253965824.0,1253966336.0,processing,,1779906700.2400873
11814,8274,"H1,L1",1253965824.0,1253966336.0,processing,,1779907269.1810036
11815,8275,"H1,L1",1253965824.0,1253966336.0,processing,,1779907838.1978936
11816,8276,"H1,L1",1253965824.0,1253966336.0,processing,,1779908407.7142847
11817,8277,"H1,L1",1253965824.0,1253966336.0,processing,,1779908976.4923804
11818,8278,"H1,L1",1253965824.0,1253966336.0,processing,,1779909543.4774106
11819,8279,"H1,L1",1253965824.0,1253966336.0,processing,,1779910117.7454147
11820,8280,"H1,L1",1253965824.0,1253966336.0,processing,,1779910693.962578
11821,8281,"H1,L1",1253965824.0,1253966336.0,processing,,1779911260.6986601
11822,8282,"H1,L1",1253965824.0,1253966336.0,processing,,1779911830.7259173
11823,8283,"H1,L1",1253965824.0,1253966336.0,processing,,1779912399.2337828
11824,8284,"H1,L1",1253965824.0,1253966336.0,processing,,1779912977.9487123
11825,8285,"H1,L1",1253965824.0,1253966336.0,processing,,1779913549.4765902
11826,8286,"H1,L1",1253965824.0,1253966336.0,processing,,1779914118.4702938
11827,8287,"H1,L1",1253965824.0,1253966336.0,processing,,1779914684.9804802
11828,8288,"H1,L1",1253965824.0,1253966336.0,processing,,1779915259.7110023
11829,8289,"H1,L1",1253965824.0,1253966336.0,processing,,1779915831.4500916
11830,8290,"H1,L1",1253965824.0,1253966336.0,processing,,1779916399.9491427
11831,8291,"H1,L1",1253965824.0,1253966336.0,processing,,1779916967.284722
11832,8292,"H1,L1",1253965824.0,1253966336.0,processing,,1779917535.9629436
11833,8293,"H1,L1",1253965824.0,1253966336.0,processing,,1779918102.914504
11834,8294,"H1,L1",1253965824.0,1253966336.0,processing,,1779918671.0056694
11835,8295,"H1,L1",1253965824.0,1253966336.0,processing,,1779919239.4725678
11836,8296,"H1,L1",1253965824.0,1253966336.0,processing,,1779919808.423879
11837,8297,"H1,L1",1253965824.0,1253966336.0,processing,,1779920385.7260787
11838,8298,"H1,L1",1253965824.0,1253966336.0,processing,,1779920953.473696
11839,8299,"H1,L1",1253965824.0,1253966336.0,processing,,1779921528.2220383
11840,8300,"H1,L1",1253965824.0,1253966336.0,processing,,1779922095.9854867
11841,8301,"H1,L1",1253965824.0,1253966336.0,processing,,1779922671.7456832
11842,8302,"H1,L1",1253965824.0,1253966336.0,processing,,1779923240.4759722
11843,8303,"H1,L1",1253965824.0,1253966336.0,processing,,1779923807.4832442
11844,8304,"H1,L1",1253965824.0,1253966336.0,processing,,1779924373.7218509
11845,8305,"H1,L1",1253965824.0,1253966336.0,processing,,1779924942.9776318
11846,8306,"H1,L1",1253965824.0,1253966336.0,processing,,1779925511.7418025
11847,8307,"H1,L1",1253965824.0,1253966336.0,processing,,1779926079.4806886
11848,8308,"H1,L1",1253965824.0,1253966336.0,processing,,1779926653.2119336
11849,8309,"H1,L1",1253965824.0,1253966336.0,processing,,1779927219.708427
11850,8310,"H1,L1",1253965824.0,1253966336.0,processing,,1779927788.9274936
11851,8311,"H1,L1",1253965824.0,1253966336.0,processing,,1779928358.442282
11852,8312,"H1,L1",1253965824.0,1253966336.0,processing,,1779928926.2160757
11853,8313,"H1,L1",1253965824.0,1253966336.0,processing,,1779929494.9913838
11854,8314,"H1,L1",1253965824.0,1253966336.0,processing,,1779930065.467811
11855,8315,"H1,L1",1253965824.0,1253966336.0,processing,,1779930635.4740937
11856,8316,"H1,L1",1253965824.0,1253966336.0,processing,,1779931204.4545107
11857,8317,"H1,L1",1253965824.0,1253966336.0,processing,,1779931775.476634
11858,8318,"H1,L1",1253965824.0,1253966336.0,processing,,1779932344.4948084
11859,8319,"H1,L1",1253965824.0,1253966336.0,processing,,1779932912.4718347
11860,8320,"H1,L1",1253965824.0,1253966336.0,processing,,1779933486.5568664
11861,8321,"H1,L1",1253965824.0,1253966336.0,processing,,1779934153.4576714
11862,8322,"H1,L1",1253965824.0,1253966336.0,processing,,1779934721.2016213
11863,8323,"H1,L1",1253965824.0,1253966336.0,processing,,1779935290.1831706
11864,8324,"H1,L1",1253965824.0,1253966336.0,processing,,1779935862.987637
11865,8325,"H1,L1",1253965824.0,1253966336.0,processing,,1779936440.9896595
11866,8326,"H1,L1",1253965824.0,1253966336.0,processing,,1779937008.9875581
11867,8327,"H1,L1",1253965824.0,1253966336.0,processing,,1779937576.2340395
11868,8328,"H1,L1",1253965824.0,1253966336.0,processing,,1779938148.962274
11869,8329,"H1,L1",1253965824.0,1253966336.0,processing,,1779938719.4820805
11870,8330,"H1,L1",1253965824.0,1253966336.0,processing,,1779939286.963686
11871,8331,"H1,L1",1253965824.0,1253966336.0,processing,,1779939856.4556403
11872,8332,"H1,L1",1253965824.0,1253966336.0,processing,,1779940424.9775703
11873,8333,"H1,L1",1253965824.0,1253966336.0,processing,,1779940991.216032
11874,8334,"H1,L1",1253965824.0,1253966336.0,processing,,1779941558.7181735
11875,8335,"H1,L1",1253965824.0,1253966336.0,processing,,1779942123.2266843
11876,8336,"H1,L1",1253965824.0,1253966336.0,processing,,1779942689.4776766
11877,8337,"H1,L1",1253965824.0,1253966336.0,processing,,1779943273.7288058
11878,8338,"H1,L1",1253965824.0,1253966336.0,processing,,1779943841.456273
11879,8339,"H1,L1",1253965824.0,1253966336.0,processing,,1779944410.2056737
11880,8340,"H1,L1",1253965824.0,1253966336.0,processing,,1779944988.460193
11881,8341,"H1,L1",1253965824.0,1253966336.0,processing,,1779945557.203787
11882,8342,"H1,L1",1253965824.0,1253966336.0,processing,,1779946136.2199414
11883,8343,"H1,L1",1253965824.0,1253966336.0,processing,,1779946705.2354574
11884,8344,"H1,L1",1253965824.0,1253966336.0,processing,,1779947274.4302893
11885,8345,"H1,L1",1253965824.0,1253966336.0,processing,,1779947842.2117372
11886,8346,"H1,L1",1253965824.0,1253966336.0,processing,,1779948414.7323241
11887,8347,"H1,L1",1253965824.0,1253966336.0,processing,,1779948985.9684727
11888,8348,"H1,L1",1253965824.0,1253966336.0,processing,,1779949554.4854476
11889,8349,"H1,L1",1253965824.0,1253966336.0,processing,,1779950123.4842498
11890,8350,"H1,L1",1253965824.0,1253966336.0,processing,,1779950702.9822507
11891,8351,"H1,L1",1253965824.0,1253966336.0,processing,,1779951270.9785326
11892,8352,"H1,L1",1253965824.0,1253966336.0,processing,,1779951839.7364936
11893,8353,"H1,L1",1253965824.0,1253966336.0,processing,,1779952408.6859348
11894,8354,"H1,L1",1253965824.0,1253966336.0,processing,,1779952976.7796965
11895,8355,"H1,L1",1253965824.0,1253966336.0,processing,,1779953543.9508002
11896,8356,"H1,L1",1253965824.0,1253966336.0,processing,,1779954113.4633632
11897,8357,"H1,L1",1253965824.0,1253966336.0,processing,,1779954681.9731193
11898,8358,"H1,L1",1253965824.0,1253966336.0,processing,,1779955250.2361307
11899,8359,"H1,L1",1253965824.0,1253966336.0,processing,,1779955820.7614062
11900,8360,"H1,L1",1253965824.0,1253966336.0,processing,,1779956387.7135022
11901,8361,"H1,L1",1253965824.0,1253966336.0,processing,,1779956956.4928098
11902,8362,"H1,L1",1253965824.0,1253966336.0,processing,,1779957525.725936
11903,8363,"H1,L1",1253965824.0,1253966336.0,processing,,1779958095.2066958
11904,8364,"H1,L1",1253965824.0,1253966336.0,processing,,1779958666.4831688
11905,8365,"H1,L1",1253965824.0,1253966336.0,processing,,1779959233.9472554
11906,8366,"H1,L1",1253965824.0,1253966336.0,processing,,1779959812.4990268
11907,8367,"H1,L1",1253965824.0,1253966336.0,processing,,1779960390.718852
11908,8368,"H1,L1",1253965824.0,1253966336.0,processing,,1779960959.4531517
11909,8369,"H1,L1",1253965824.0,1253966336.0,processing,,1779961532.4727304
11910,8370,"H1,L1",1253965824.0,1253966336.0,processing,,1779962102.736385
11911,8371,"H1,L1",1253965824.0,1253966336.0,processing,,1779962671.7257686
11912,8372,"H1,L1",1253965824.0,1253966336.0,processing,,1779963240.710826
11913,8373,"H1,L1",1253965824.0,1253966336.0,processing,,1779963808.4702938
11914,8374,"H1,L1",1253965824.0,1253966336.0,processing,,1779964376.7083027
11915,8375,"H1,L1",1253965824.0,1253966336.0,processing,,1779964948.9769027
11916,8376,"H1,L1",1253965824.0,1253966336.0,processing,,1779965525.2468529
11917,8377,"H1,L1",1253965824.0,1253966336.0,processing,,1779966093.9830942
11918,8378,"H1,L1",1253965824.0,1253966336.0,processing,,1779966661.453949
11919,8379,"H1,L1",1253965824.0,1253966336.0,processing,,1779967228.967021
11920,8380,"H1,L1",1253965824.0,1253966336.0,processing,,1779967797.6884704
11921,8381,"H1,L1",1253965824.0,1253966336.0,processing,,1779968365.4650824
11922,8382,"H1,L1",1253965824.0,1253966336.0,processing,,1779968943.195928
11923,8383,"H1,L1",1253965824.0,1253966336.0,processing,,1779969511.230951
11924,8384,"H1,L1",1253965824.0,1253966336.0,processing,,1779970080.2203257
11925,8385,"H1,L1",1253965824.0,1253966336.0,processing,,1779970647.2302012
11926,8386,"H1,L1",1253965824.0,1253966336.0,processing,,1779971215.7110858
11927,8387,"H1,L1",1253965824.0,1253966336.0,processing,,1779971782.970162
11928,8388,"H1,L1",1253965824.0,1253966336.0,processing,,1779972351.739228
11929,8389,"H1,L1",1253965824.0,1253966336.0,processing,,1779972920.226806
11930,8390,"H1,L1",1253965824.0,1253966336.0,processing,,1779973488.940658
11931,8391,"H1,L1",1253965824.0,1253966336.0,processing,,1779974056.990714
11932,8392,"H1,L1",1253965824.0,1253966336.0,processing,,1779974626.006946
11933,8393,"H1,L1",1253965824.0,1253966336.0,processing,,1779975292.2379963
11934,8394,"H1,L1",1253965824.0,1253966336.0,processing,,1779975861.2048125
11935,8395,"H1,L1",1253965824.0,1253966336.0,processing,,1779976430.1917768
11936,8396,"H1,L1",1253965824.0,1253966336.0,processing,,1779976997.5035133
11937,8397,"H1,L1",1253965824.0,1253966336.0,processing,,1779977565.7297158
11938,8398,"H1,L1",1253965824.0,1253966336.0,processing,,1779978146.2002373
11939,8399,"H1,L1",1253965824.0,1253966336.0,processing,,1779978716.2079642
11940,8400,"H1,L1",1253965824.0,1253966336.0,processing,,1779979293.7455106
11941,8401,"H1,L1",1253965824.0,1253966336.0,processing,,1779979860.958859
11942,8402,"H1,L1",1253965824.0,1253966336.0,processing,,1779980437.7341998
11943,8403,"H1,L1",1253965824.0,1253966336.0,processing,,1779981005.98659
11944,8404,"H1,L1",1253965824.0,1253966336.0,processing,,1779981574.722652
11945,8405,"H1,L1",1253965824.0,1253966336.0,processing,,1779982142.7097967
11946,8406,"H1,L1",1253965824.0,1253966336.0,processing,,1779982710.1845438
11947,8407,"H1,L1",1253965824.0,1253966336.0,processing,,1779983278.2156758
11948,8408,"H1,L1",1253965824.0,1253966336.0,processing,,1779983844.9885342
11949,8409,"H1,L1",1253965824.0,1253966336.0,processing,,1779984412.2324169
11950,8410,"H1,L1",1253965824.0,1253966336.0,processing,,1779984979.2535398
11951,8411,"H1,L1",1253965824.0,1253966336.0,processing,,1779985547.4652302
11952,8412,"H1,L1",1253965824.0,1253966336.0,processing,,1779986114.4883995
11953,8413,"H1,L1",1253965824.0,1253966336.0,processing,,1779986681.9314578
11954,8414,"H1,L1",1253965824.0,1253966336.0,processing,,1779987249.9836035
11955,8415,"H1,L1",1253965824.0,1253966336.0,processing,,1779987817.6941981
11956,8416,"H1,L1",1253965824.0,1253966336.0,processing,,1779988387.987048
11957,8417,"H1,L1",1253965824.0,1253966336.0,processing,,1779988956.4864728
11958,8418,"H1,L1",1253965824.0,1253966336.0,processing,,1779989525.4844334
11959,8419,"H1,L1",1253965824.0,1253966336.0,processing,,1779990111.7264717
11960,8420,"H1,L1",1253965824.0,1253966336.0,processing,,1779990680.2089343
11961,8421,"H1,L1",1253965824.0,1253966336.0,processing,,1779991246.9658194
11962,8422,"H1,L1",1253965824.0,1253966336.0,processing,,1779991814.7236156
11963,8423,"H1,L1",1253965824.0,1253966336.0,processing,,1779992384.720817
11964,8424,"H1,L1",1253965824.0,1253966336.0,processing,,1779992954.4496484
11965,8425,"H1,L1",1253965824.0,1253966336.0,processing,,1779993524.939128
11966,8426,"H1,L1",1253965824.0,1253966336.0,processing,,1779994093.0209897
11967,8427,"H1,L1",1253965824.0,1253966336.0,processing,,1779994660.4458659
11968,8428,"H1,L1",1253965824.0,1253966336.0,processing,,1779995228.4824872
11969,8429,"H1,L1",1253965824.0,1253966336.0,processing,,1779995796.6850038
11970,8430,"H1,L1",1253965824.0,1253966336.0,processing,,1779996366.7340374
11971,8431,"H1,L1",1253965824.0,1253966336.0,processing,,1779996935.755649
11972,8432,"H1,L1",1253965824.0,1253966336.0,processing,,1779997501.7179418
11973,8433,"H1,L1",1253965824.0,1253966336.0,processing,,1779998068.7359495
11974,8434,"H1,L1",1253965824.0,1253966336.0,processing,,1779998637.2434454
11975,8435,"H1,L1",1253965824.0,1253966336.0,processing,,1779999205.4570014
11976,8436,"H1,L1",1253965824.0,1253966336.0,processing,,1779999773.7181427
11977,8437,"H1,L1",1253965824.0,1253966336.0,processing,,1780000338.4814732
11978,8438,"H1,L1",1253965824.0,1253966336.0,processing,,1780000905.718004
11979,8439,"H1,L1",1253965824.0,1253966336.0,processing,,1780001474.7435663
11980,8440,"H1,L1",1253965824.0,1253966336.0,processing,,1780002041.9955838
11981,8441,"H1,L1",1253965824.0,1253966336.0,processing,,1780002610.6892529
11982,8442,"H1,L1",1253965824.0,1253966336.0,processing,,1780003179.4770093
11983,8443,"H1,L1",1253965824.0,1253966336.0,processing,,1780003749.207271
11984,8444,"H1,L1",1253965824.0,1253966336.0,processing,,1780004318.942508
11985,8445,"H1,L1",1253965824.0,1253966336.0,processing,,1780004888.2196543
11986,8446,"H1,L1",1253965824.0,1253966336.0,processing,,1780005455.99441
11987,8447,"H1,L1",1253965824.0,1253966336.0,processing,,1780006025.2153792
11988,8448,"H1,L1",1253965824.0,1253966336.0,processing,,1780006595.0381005
11989,8449,"H1,L1",1253965824.0,1253966336.0,processing,,1780007162.263642
11990,8450,"H1,L1",1253965824.0,1253966336.0,processing,,1780007729.85357
11991,8451,"H1,L1",1253965824.0,1253966336.0,processing,,1780008298.9985974
11992,8452,"H1,L1",1253965824.0,1253966336.0,processing,,1780008866.725484
11993,8453,"H1,L1",1253965824.0,1253966336.0,processing,,1780009434.6967616
11994,8454,"H1,L1",1253965824.0,1253966336.0,processing,,1780010002.9754035
11995,8455,"H1,L1",1253965824.0,1253966336.0,processing,,1780010570.464659
11996,8456,"H1,L1",1253965824.0,1253966336.0,processing,,1780011137.7106023
11997,8457,"H1,L1",1253965824.0,1253966336.0,processing,,1780011705.5023181
11998,8458,"H1,L1",1253965824.0,1253966336.0,processing,,1780012272.736325
11999,8459,"H1,L1",1253965824.0,1253966336.0,processing,,1780012840.9351535
12000,8460,"H1,L1",1253965824.0,1253966336.0,processing,,1780013410.773493
12001,8461,"H1,L1",1253965824.0,1253966336.0,processing,,1780013978.730023
12002,8462,"H1,L1",1253965824.0,1253966336.0,processing,,1780014546.9714546
12003,8463,"H1,L1",1253965824.0,1253966336.0,processing,,1780015116.2194579
12004,8464,"H1,L1",1253965824.0,1253966336.0,processing,,1780015683.9507027
12005,8465,"H1,L1",1253965824.0,1253966336.0,processing,,1780016250.714152
12006,8466,"H1,L1",1253965824.0,1253966336.0,processing,,1780016818.7150216
12007,8467,"H1,L1",1253965824.0,1253966336.0,processing,,1780017385.950135
12008,8468,"H1,L1",1253965824.0,1253966336.0,processing,,1780017956.2332034
12009,8469,"H1,L1",1253965824.0,1253966336.0,processing,,1780018525.7498107
12010,8470,"H1,L1",1253965824.0,1253966336.0,processing,,1780019093.226699
12011,8471,"H1,L1",1253965824.0,1253966336.0,processing,,1780019664.9656248
12012,8472,"H1,L1",1253965824.0,1253966336.0,processing,,1780020231.4902647
12013,8473,"H1,L1",1253965824.0,1253966336.0,processing,,1780020803.7267678
12014,8474,"H1,L1",1253965824.0,1253966336.0,processing,,1780021372.2225828
12015,8475,"H1,L1",1253965824.0,1253966336.0,processing,,1780021938.2113924
12016,8476,"H1,L1",1253965824.0,1253966336.0,processing,,1780022506.2246964
12017,8477,"H1,L1",1253965824.0,1253966336.0,processing,,1780023075.4827368
12018,8478,"H1,L1",1253965824.0,1253966336.0,processing,,1780023644.7176569
12019,8479,"H1,L1",1253965824.0,1253966336.0,processing,,1780024213.7653568
12020,8480,"H1,L1",1253965824.0,1253966336.0,processing,,1780024782.466897
12021,8481,"H1,L1",1253965824.0,1253966336.0,processing,,1780025350.7195563
12022,8482,"H1,L1",1253965824.0,1253966336.0,processing,,1780025919.711777
12023,8483,"H1,L1",1253965824.0,1253966336.0,processing,,1780026487.7103307
12024,8484,"H1,L1",1253965824.0,1253966336.0,processing,,1780027058.5550213
12025,8485,"H1,L1",1253965824.0,1253966336.0,processing,,1780027626.7361777
12026,8486,"H1,L1",1253965824.0,1253966336.0,processing,,1780028195.4784734
12027,8487,"H1,L1",1253965824.0,1253966336.0,processing,,1780028764.9664967
12028,8488,"H1,L1",1253965824.0,1253966336.0,processing,,1780029332.9869483
12029,8489,"H1,L1",1253965824.0,1253966336.0,processing,,1780029901.7169876
12030,8490,"H1,L1",1253965824.0,1253966336.0,processing,,1780030469.4982588
12031,8491,"H1,L1",1253965824.0,1253966336.0,processing,,1780031036.968561
12032,8492,"H1,L1",1253965824.0,1253966336.0,processing,,1780031604.4782145
12033,8493,"H1,L1",1253965824.0,1253966336.0,processing,,1780032173.4612887
12034,8494,"H1,L1",1253965824.0,1253966336.0,processing,,1780032741.979823
12035,8495,"H1,L1",1253965824.0,1253966336.0,processing,,1780033309.4924586
12036,8496,"H1,L1",1253965824.0,1253966336.0,processing,,1780033876.9818115
12037,8497,"H1,L1",1253965824.0,1253966336.0,processing,,1780034446.4857564
12038,8498,"H1,L1",1253965824.0,1253966336.0,processing,,1780035014.4697208
12039,8499,"H1,L1",1253965824.0,1253966336.0,processing,,1780035583.433083
12040,8500,"H1,L1",1253965824.0,1253966336.0,processing,,1780036150.7146783
12041,8501,"H1,L1",1253965824.0,1253966336.0,processing,,1780036719.2092628
12042,8502,"H1,L1",1253965824.0,1253966336.0,processing,,1780037285.4617002
12043,8503,"H1,L1",1253965824.0,1253966336.0,processing,,1780037853.9507766
12044,8504,"H1,L1",1253965824.0,1253966336.0,processing,,1780038421.9662514
12045,8505,"H1,L1",1253965824.0,1253966336.0,processing,,1780038989.479177
12046,8506,"H1,L1",1253965824.0,1253966336.0,processing,,1780039557.478402
12047,8507,"H1,L1",1253965824.0,1253966336.0,processing,,1780040124.7595437
12048,8508,"H1,L1",1253965824.0,1253966336.0,processing,,1780040792.945533
12049,8509,"H1,L1",1253965824.0,1253966336.0,processing,,1780041362.9645379
12050,8510,"H1,L1",1253965824.0,1253966336.0,processing,,1780041931.00228
12051,8511,"H1,L1",1253965824.0,1253966336.0,processing,,1780042500.7178445
12052,8512,"H1,L1",1253965824.0,1253966336.0,processing,,1780043067.9833372
12053,8513,"H1,L1",1253965824.0,1253966336.0,processing,,1780043636.9888117
12054,8514,"H1,L1",1253965824.0,1253966336.0,processing,,1780044206.6873853
12055,8515,"H1,L1",1253965824.0,1253966336.0,processing,,1780044774.212483
12056,8516,"H1,L1",1253965824.0,1253966336.0,processing,,1780045343.2100902
12057,8517,"H1,L1",1253965824.0,1253966336.0,processing,,1780045913.2181535
12058,8518,"H1,L1",1253965824.0,1253966336.0,processing,,1780046481.478043
12059,8519,"H1,L1",1253965824.0,1253966336.0,processing,,1780047049.9806595
12060,8520,"H1,L1",1253965824.0,1253966336.0,processing,,1780047617.2385175
12061,8521,"H1,L1",1253965824.0,1253966336.0,processing,,1780048186.9644318
12062,8522,"H1,L1",1253965824.0,1253966336.0,processing,,1780048756.9705782
12063,8523,"H1,L1",1253965824.0,1253966336.0,processing,,1780049326.2111058
12064,8524,"H1,L1",1253965824.0,1253966336.0,processing,,1780049895.9578211
12065,8525,"H1,L1",1253965824.0,1253966336.0,processing,,1780050464.9829922
12066,8526,"H1,L1",1253965824.0,1253966336.0,processing,,1780051031.7348316
12067,8527,"H1,L1",1253965824.0,1253966336.0,processing,,1780051599.1939666
12068,8528,"H1,L1",1253965824.0,1253966336.0,processing,,1780052167.7823985
12069,8529,"H1,L1",1253965824.0,1253966336.0,processing,,1780052736.2140455
12070,8530,"H1,L1",1253965824.0,1253966336.0,processing,,1780053304.958757
12071,8531,"H1,L1",1253965824.0,1253966336.0,processing,,1780053874.2148845
12072,8532,"H1,L1",1253965824.0,1253966336.0,processing,,1780054442.4570906
12073,8533,"H1,L1",1253965824.0,1253966336.0,processing,,1780055010.2335758
12074,8534,"H1,L1",1253965824.0,1253966336.0,processing,,1780055579.467088
12075,8535,"H1,L1",1253965824.0,1253966336.0,processing,,1780056145.4756474
12076,8536,"H1,L1",1253965824.0,1253966336.0,processing,,1780056713.4546523
12077,8537,"H1,L1",1253965824.0,1253966336.0,processing,,1780057281.733032
12078,8538,"H1,L1",1253965824.0,1253966336.0,processing,,1780057849.72358
12079,8539,"H1,L1",1253965824.0,1253966336.0,processing,,1780058419.4905264
12080,8540,"H1,L1",1253965824.0,1253966336.0,processing,,1780058987.2250628
12081,8541,"H1,L1",1253965824.0,1253966336.0,processing,,1780059557.9707239
12082,8542,"H1,L1",1253965824.0,1253966336.0,processing,,1780060125.4837196
12083,8543,"H1,L1",1253965824.0,1253966336.0,processing,,1780060692.9657388
12084,8544,"H1,L1",1253965824.0,1253966336.0,processing,,1780061261.0351996
12085,8545,"H1,L1",1253965824.0,1253966336.0,processing,,1780061829.2472794
12086,8546,"H1,L1",1253965824.0,1253966336.0,processing,,1780062395.7147028
12087,8547,"H1,L1",1253965824.0,1253966336.0,processing,,1780062964.2372205
12088,8548,"H1,L1",1253965824.0,1253966336.0,processing,,1780063533.2267704
12089,8549,"H1,L1",1253965824.0,1253966336.0,processing,,1780064101.446096
12090,8550,"H1,L1",1253965824.0,1253966336.0,processing,,1780064668.9277697
12091,8551,"H1,L1",1253965824.0,1253966336.0,processing,,1780065235.7427373
12092,8552,"H1,L1",1253965824.0,1253966336.0,processing,,1780065802.963514
12093,8553,"H1,L1",1253965824.0,1253966336.0,processing,,1780066372.9773822
12094,8554,"H1,L1",1253965824.0,1253966336.0,processing,,1780066941.9792778
12095,8555,"H1,L1",1253965824.0,1253966336.0,processing,,1780067510.4448292
12096,8556,"H1,L1",1253965824.0,1253966336.0,processing,,1780068077.488904
12097,8557,"H1,L1",1253965824.0,1253966336.0,processing,,1780068645.4681714
12098,8558,"H1,L1",1253965824.0,1253966336.0,processing,,1780069212.987121
12099,8559,"H1,L1",1253965824.0,1253966336.0,processing,,1780069782.7475257
12100,8560,"H1,L1",1253965824.0,1253966336.0,processing,,1780070353.234573
12101,8561,"H1,L1",1253965824.0,1253966336.0,processing,,1780070922.2418988
12102,8562,"H1,L1",1253965824.0,1253966336.0,processing,,1780071490.947285
12103,8563,"H1,L1",1253965824.0,1253966336.0,processing,,1780072057.6853914
12104,8564,"H1,L1",1253965824.0,1253966336.0,processing,,1780072627.5309944
12105,8565,"H1,L1",1253965824.0,1253966336.0,processing,,1780073196.9872751
12106,8566,"H1,L1",1253965824.0,1253966336.0,processing,,1780073766.7245004
12107,8567,"H1,L1",1253965824.0,1253966336.0,processing,,1780074335.7269144
12108,8568,"H1,L1",1253965824.0,1253966336.0,processing,,1780074902.4801335
12109,8569,"H1,L1",1253965824.0,1253966336.0,processing,,1780075467.972811
12110,8570,"H1,L1",1253965824.0,1253966336.0,processing,,1780076037.0017927
12111,8571,"H1,L1",1253965824.0,1253966336.0,processing,,1780076604.9720337
12112,8572,"H1,L1",1253965824.0,1253966336.0,processing,,1780077174.4797475
12113,8573,"H1,L1",1253965824.0,1253966336.0,processing,,1780077744.721039
12114,8574,"H1,L1",1253965824.0,1253966336.0,processing,,1780078312.9916682
12115,8575,"H1,L1",1253965824.0,1253966336.0,processing,,1780078880.959452
12116,8576,"H1,L1",1253965824.0,1253966336.0,processing,,1780079450.470831
12117,8577,"H1,L1",1253965824.0,1253966336.0,processing,,1780080018.9532201
12118,8578,"H1,L1",1253965824.0,1253966336.0,processing,,1780080588.2323217
12119,8579,"H1,L1",1253965824.0,1253966336.0,processing,,1780081157.71754
12120,8580,"H1,L1",1253965824.0,1253966336.0,processing,,1780081727.7114553
12121,8581,"H1,L1",1253965824.0,1253966336.0,processing,,1780082296.2317147
12122,8582,"H1,L1",1253965824.0,1253966336.0,processing,,1780082864.49806
12123,8583,"H1,L1",1253965824.0,1253966336.0,processing,,1780083431.9775274
12124,8584,"H1,L1",1253965824.0,1253966336.0,processing,,1780084001.1909144
12125,8585,"H1,L1",1253965824.0,1253966336.0,processing,,1780084570.2357519
12126,8586,"H1,L1",1253965824.0,1253966336.0,processing,,1780085139.4919915
12127,8587,"H1,L1",1253965824.0,1253966336.0,processing,,1780085707.967449
12128,8588,"H1,L1",1253965824.0,1253966336.0,processing,,1780086274.9422975
12129,8589,"H1,L1",1253965824.0,1253966336.0,processing,,1780086844.4516346
12130,8590,"H1,L1",1253965824.0,1253966336.0,processing,,1780087413.2175784
12131,8591,"H1,L1",1253965824.0,1253966336.0,processing,,1780087982.2279503
12132,8592,"H1,L1",1253965824.0,1253966336.0,processing,,1780088551.1966186
12133,8593,"H1,L1",1253965824.0,1253966336.0,processing,,1780089118.4520633
12134,8594,"H1,L1",1253965824.0,1253966336.0,processing,,1780089685.9753218
12135,8595,"H1,L1",1253965824.0,1253966336.0,processing,,1780090256.7273767
12136,8596,"H1,L1",1253965824.0,1253966336.0,processing,,1780090822.7096446
12137,8597,"H1,L1",1253965824.0,1253966336.0,processing,,1780091389.4508185
12138,8598,"H1,L1",1253965824.0,1253966336.0,processing,,1780091958.0123274
12139,8599,"H1,L1",1253965824.0,1253966336.0,processing,,1780092625.479776
12140,8600,"H1,L1",1253965824.0,1253966336.0,processing,,1780093195.2187686
12141,8601,"H1,L1",1253965824.0,1253966336.0,processing,,1780093763.021371
12142,8602,"H1,L1",1253965824.0,1253966336.0,processing,,1780094332.2307565
12143,8603,"H1,L1",1253965824.0,1253966336.0,processing,,1780094900.716428
12144,8604,"H1,L1",1253965824.0,1253966336.0,processing,,1780095470.4445236
12145,8605,"H1,L1",1253965824.0,1253966336.0,processing,,1780096038.974647
12146,8606,"H1,L1",1253965824.0,1253966336.0,processing,,1780096607.6990352
12147,8607,"H1,L1",1253965824.0,1253966336.0,processing,,1780097176.9615827
12148,8608,"H1,L1",1253965824.0,1253966336.0,processing,,1780097745.477216
12149,8609,"H1,L1",1253965824.0,1253966336.0,processing,,1780098314.9747121
12150,8610,"H1,L1",1253965824.0,1253966336.0,processing,,1780098904.2036195
12151,8611,"H1,L1",1253965824.0,1253966336.0,processing,,1780099473.9216394
12152,8612,"H1,L1",1253965824.0,1253966336.0,processing,,1780100045.975294
12153,8613,"H1,L1",1253965824.0,1253966336.0,processing,,1780100617.210446
12154,8614,"H1,L1",1253965824.0,1253966336.0,processing,,1780101184.9420986
12155,8615,"H1,L1",1253965824.0,1253966336.0,processing,,1780101755.9790742
12156,8616,"H1,L1",1253965824.0,1253966336.0,processing,,1780102325.4666548
12157,8617,"H1,L1",1253965824.0,1253966336.0,processing,,1780102897.4792616
12158,8618,"H1,L1",1253965824.0,1253966336.0,processing,,1780103466.2393093
12159,8619,"H1,L1",1253965824.0,1253966336.0,processing,,1780104035.472343
12160,8620,"H1,L1",1253965824.0,1253966336.0,processing,,1780104605.7244124
12161,8621,"H1,L1",1253965824.0,1253966336.0,processing,,1780105174.2344296
12162,8622,"H1,L1",1253965824.0,1253966336.0,processing,,1780105741.9873822
12163,8623,"H1,L1",1253965824.0,1253966336.0,processing,,1780106309.2132385
12164,8624,"H1,L1",1253965824.0,1253966336.0,processing,,1780106877.2362485
12165,8625,"H1,L1",1253965824.0,1253966336.0,processing,,1780107447.2440257
12166,8626,"H1,L1",1253965824.0,1253966336.0,processing,,1780108015.2370563
12167,8627,"H1,L1",1253965824.0,1253966336.0,processing,,1780108584.2319753
12168,8628,"H1,L1",1253965824.0,1253966336.0,processing,,1780109152.9648376
12169,8629,"H1,L1",1253965824.0,1253966336.0,processing,,1780109721.970567
12170,8630,"H1,L1",1253965824.0,1253966336.0,processing,,1780110291.9647007
12171,8631,"H1,L1",1253965824.0,1253966336.0,processing,,1780110860.7279582
12172,8632,"H1,L1",1253965824.0,1253966336.0,processing,,1780111429.7297323
12173,8633,"H1,L1",1253965824.0,1253966336.0,processing,,1780112021.9393654
12174,8634,"H1,L1",1253965824.0,1253966336.0,processing,,1780112591.2310097
12175,8635,"H1,L1",1253965824.0,1253966336.0,processing,,1780113157.7269838
12176,8636,"H1,L1",1253965824.0,1253966336.0,processing,,1780113725.985305
12177,8637,"H1,L1",1253965824.0,1253966336.0,processing,,1780114296.9886749
12178,8638,"H1,L1",1253965824.0,1253966336.0,processing,,1780114865.250051
12179,8639,"H1,L1",1253965824.0,1253966336.0,processing,,1780115433.6920793
12180,8640,"H1,L1",1253965824.0,1253966336.0,processing,,1780116003.5142
12181,8641,"H1,L1",1253965824.0,1253966336.0,processing,,1780116572.0141964
12182,8642,"H1,L1",1253965824.0,1253966336.0,processing,,1780117141.7216089
12183,8643,"H1,L1",1253965824.0,1253966336.0,processing,,1780117709.729585
12184,8644,"H1,L1",1253965824.0,1253966336.0,processing,,1780118278.7159896
12185,8645,"H1,L1",1253965824.0,1253966336.0,processing,,1780118846.9970348
12186,8646,"H1,L1",1253965824.0,1253966336.0,processing,,1780119414.9814866
12187,8647,"H1,L1",1253965824.0,1253966336.0,processing,,1780119985.973971
12188,8648,"H1,L1",1253965824.0,1253966336.0,processing,,1780120555.3116834
12189,8649,"H1,L1",1253965824.0,1253966336.0,processing,,1780121121.988765
12190,8650,"H1,L1",1253965824.0,1253966336.0,processing,,1780121692.7103934
12191,8651,"H1,L1",1253965824.0,1253966336.0,processing,,1780122262.9900675
12192,8652,"H1,L1",1253965824.0,1253966336.0,processing,,1780122832.4615426
12193,8653,"H1,L1",1253965824.0,1253966336.0,processing,,1780123400.4899669
12194,8654,"H1,L1",1253965824.0,1253966336.0,processing,,1780123969.251877
12195,8655,"H1,L1",1253965824.0,1253966336.0,processing,,1780124538.71859
12196,8656,"H1,L1",1253965824.0,1253966336.0,processing,,1780125108.4688277
12197,8657,"H1,L1",1253965824.0,1253966336.0,processing,,1780125676.7006314
12198,8658,"H1,L1",1253965824.0,1253966336.0,processing,,1780126247.452029
12199,8659,"H1,L1",1253965824.0,1253966336.0,processing,,1780126817.2243984
12200,8660,"H1,L1",1253965824.0,1253966336.0,processing,,1780127384.9874918
12201,8661,"H1,L1",1253965824.0,1253966336.0,processing,,1780127955.9397902
12202,8662,"H1,L1",1253965824.0,1253966336.0,processing,,1780128525.9699328
12203,8663,"H1,L1",1253965824.0,1253966336.0,processing,,1780129094.966797
12204,8664,"H1,L1",1253965824.0,1253966336.0,processing,,1780129663.9556165
12205,8665,"H1,L1",1253965824.0,1253966336.0,processing,,1780130232.707247
12206,8666,"H1,L1",1253965824.0,1253966336.0,processing,,1780130802.4865122
12207,8667,"H1,L1",1253965824.0,1253966336.0,processing,,1780131370.1826696
12208,8668,"H1,L1",1253965824.0,1253966336.0,processing,,1780131939.6981049
12209,8669,"H1,L1",1253965824.0,1253966336.0,processing,,1780132510.7160163
12210,8670,"H1,L1",1253965824.0,1253966336.0,processing,,1780133081.4497619
12211,8671,"H1,L1",1253965824.0,1253966336.0,processing,,1780133650.2253273
12212,8672,"H1,L1",1253965824.0,1253966336.0,processing,,1780134220.9956849
12213,8673,"H1,L1",1253965824.0,1253966336.0,processing,,1780134790.7117314
12214,8674,"H1,L1",1253965824.0,1253966336.0,processing,,1780135360.734056
12215,8675,"H1,L1",1253965824.0,1253966336.0,processing,,1780135930.2341087
12216,8676,"H1,L1",1253965824.0,1253966336.0,processing,,1780136501.2307703
12217,8677,"H1,L1",1253965824.0,1253966336.0,processing,,1780137072.4874623
12218,8678,"H1,L1",1253965824.0,1253966336.0,processing,,1780137641.9587893
12219,8679,"H1,L1",1253965824.0,1253966336.0,processing,,1780138211.0497332
12220,8680,"H1,L1",1253965824.0,1253966336.0,processing,,1780138780.4603012
12221,8681,"H1,L1",1253965824.0,1253966336.0,processing,,1780139347.9474127
12222,8682,"H1,L1",1253965824.0,1253966336.0,processing,,1780139917.9599795
12223,8683,"H1,L1",1253965824.0,1253966336.0,processing,,1780140487.1932263
12224,8684,"H1,L1",1253965824.0,1253966336.0,processing,,1780141155.4641955
12225,8685,"H1,L1",1253965824.0,1253966336.0,processing,,1780141725.7424545
12226,8686,"H1,L1",1253965824.0,1253966336.0,processing,,1780142294.7323737
12227,8687,"H1,L1",1253965824.0,1253966336.0,processing,,1780142862.2341223
12228,8688,"H1,L1",1253965824.0,1253966336.0,processing,,1780143431.473326
12229,8689,"H1,L1",1253965824.0,1253966336.0,processing,,1780144001.4924505
12230,8690,"H1,L1",1253965824.0,1253966336.0,processing,,1780144569.9867163
12231,8691,"H1,L1",1253965824.0,1253966336.0,processing,,1780145140.283113
12232,8692,"H1,L1",1253965824.0,1253966336.0,processing,,1780145804.9608967
12233,8693,"H1,L1",1253965824.0,1253966336.0,processing,,1780146374.2181668
12234,8694,"H1,L1",1253965824.0,1253966336.0,processing,,1780146942.9591086
12235,8695,"H1,L1",1253965824.0,1253966336.0,processing,,1780147512.9714396
12236,8696,"H1,L1",1253965824.0,1253966336.0,processing,,1780148084.9702547
12237,8697,"H1,L1",1253965824.0,1253966336.0,processing,,1780148655.4673824
12238,8698,"H1,L1",1253965824.0,1253966336.0,processing,,1780149225.4783883
12239,8699,"H1,L1",1253965824.0,1253966336.0,processing,,1780149792.9603221
12240,8700,"H1,L1",1253965824.0,1253966336.0,processing,,1780150363.9625168
12241,8701,"H1,L1",1253965824.0,1253966336.0,processing,,1780150932.477979
12242,8702,"H1,L1",1253965824.0,1253966336.0,processing,,1780151501.9639544
12243,8703,"H1,L1",1253965824.0,1253966336.0,processing,,1780152072.4984512
12244,8704,"H1,L1",1253965824.0,1253966336.0,processing,,1780152640.7077975
12245,8705,"H1,L1",1253965824.0,1253966336.0,processing,,1780153209.1989148
12246,8706,"H1,L1",1253965824.0,1253966336.0,processing,,1780153778.7318804
12247,8707,"H1,L1",1253965824.0,1253966336.0,processing,,1780154347.7104466
12248,8708,"H1,L1",1253965824.0,1253966336.0,processing,,1780154914.9393997
12249,8709,"H1,L1",1253965824.0,1253966336.0,processing,,1780155483.722143
12250,8710,"H1,L1",1253965824.0,1253966336.0,processing,,1780156053.4925475
12251,8711,"H1,L1",1253965824.0,1253966336.0,processing,,1780156624.198848
12252,8712,"H1,L1",1253965824.0,1253966336.0,processing,,1780157195.4726884
12253,8713,"H1,L1",1253965824.0,1253966336.0,processing,,1780157763.9642382
12254,8714,"H1,L1",1253965824.0,1253966336.0,processing,,1780158333.2138937
12255,8715,"H1,L1",1253965824.0,1253966336.0,processing,,1780158902.9745758
12256,8716,"H1,L1",1253965824.0,1253966336.0,processing,,1780159471.7253938
12257,8717,"H1,L1",1253965824.0,1253966336.0,processing,,1780160042.2111945
12258,8718,"H1,L1",1253965824.0,1253966336.0,processing,,1780160611.975948
12259,8719,"H1,L1",1253965824.0,1253966336.0,processing,,1780161183.9642038
12260,8720,"H1,L1",1253965824.0,1253966336.0,processing,,1780161753.9510906
12261,8721,"H1,L1",1253965824.0,1253966336.0,processing,,1780162323.4854972
12262,8722,"H1,L1",1253965824.0,1253966336.0,processing,,1780162891.444284
12263,8723,"H1,L1",1253965824.0,1253966336.0,processing,,1780163463.7137034
12264,8724,"H1,L1",1253965824.0,1253966336.0,processing,,1780164032.4888885
12265,8725,"H1,L1",1253965824.0,1253966336.0,processing,,1780164601.9470618
12266,8726,"H1,L1",1253965824.0,1253966336.0,processing,,1780165171.1979444
12267,8727,"H1,L1",1253965824.0,1253966336.0,processing,,1780165740.242865
12268,8728,"H1,L1",1253965824.0,1253966336.0,processing,,1780166311.9660354
12269,8729,"H1,L1",1253965824.0,1253966336.0,processing,,1780166880.9764051
12270,8730,"H1,L1",1253965824.0,1253966336.0,processing,,1780167451.206851
12271,8731,"H1,L1",1253965824.0,1253966336.0,processing,,1780168020.7165153
12272,8732,"H1,L1",1253965824.0,1253966336.0,processing,,1780168590.4734447
12273,8733,"H1,L1",1253965824.0,1253966336.0,processing,,1780169159.9947238
12274,8734,"H1,L1",1253965824.0,1253966336.0,processing,,1780169729.255774
12275,8735,"H1,L1",1253965824.0,1253966336.0,processing,,1780170298.9795
12276,8736,"H1,L1",1253965824.0,1253966336.0,processing,,1780170870.19739
12277,8737,"H1,L1",1253965824.0,1253966336.0,processing,,1780171438.472735
12278,8738,"H1,L1",1253965824.0,1253966336.0,processing,,1780172007.6938179
12279,8739,"H1,L1",1253965824.0,1253966336.0,processing,,1780172578.7281473
12280,8740,"H1,L1",1253965824.0,1253966336.0,processing,,1780173148.4709008
12281,8741,"H1,L1",1253965824.0,1253966336.0,processing,,1780173716.9981601
12282,8742,"H1,L1",1253965824.0,1253966336.0,processing,,1780174287.9732413
12283,8743,"H1,L1",1253965824.0,1253966336.0,processing,,1780174855.958879
12284,8744,"H1,L1",1253965824.0,1253966336.0,processing,,1780175424.9710891
12285,8745,"H1,L1",1253965824.0,1253966336.0,processing,,1780175995.7194974
12286,8746,"H1,L1",1253965824.0,1253966336.0,processing,,1780176564.4668336
12287,8747,"H1,L1",1253965824.0,1253966336.0,processing,,1780177133.9768023
12288,8748,"H1,L1",1253965824.0,1253966336.0,processing,,1780177701.742586
12289,8749,"H1,L1",1253965824.0,1253966336.0,processing,,1780178271.9604063
12290,8750,"H1,L1",1253965824.0,1253966336.0,processing,,1780178840.9713364
12291,8751,"H1,L1",1253965824.0,1253966336.0,processing,,1780179410.7041228
12292,8752,"H1,L1",1253965824.0,1253966336.0,processing,,1780179981.5066657
12293,8753,"H1,L1",1253965824.0,1253966336.0,processing,,1780180549.7198682
12294,8754,"H1,L1",1253965824.0,1253966336.0,processing,,1780181117.708816
12295,8755,"H1,L1",1253965824.0,1253966336.0,processing,,1780181685.7296116
12296,8756,"H1,L1",1253965824.0,1253966336.0,processing,,1780182254.9939442
12297,8757,"H1,L1",1253965824.0,1253966336.0,processing,,1780182823.5030582
12298,8758,"H1,L1",1253965824.0,1253966336.0,processing,,1780183392.2219417
12299,8759,"H1,L1",1253965824.0,1253966336.0,processing,,1780183961.9424193
12300,8760,"H1,L1",1253965824.0,1253966336.0,processing,,1780184528.4389088
12301,8761,"H1,L1",1253965824.0,1253966336.0,processing,,1780185098.4675896
12302,8762,"H1,L1",1253965824.0,1253966336.0,processing,,1780185667.725678
12303,8763,"H1,L1",1253965824.0,1253966336.0,processing,,1780186238.4479475
12304,8764,"H1,L1",1253965824.0,1253966336.0,processing,,1780186808.451982
12305,8765,"H1,L1",1253965824.0,1253966336.0,processing,,1780187377.484481
12306,8766,"H1,L1",1253965824.0,1253966336.0,processing,,1780187946.9811985
12307,8767,"H1,L1",1253965824.0,1253966336.0,processing,,1780188517.7072423
12308,8768,"H1,L1",1253965824.0,1253966336.0,processing,,1780189087.974686
12309,8769,"H1,L1",1253965824.0,1253966336.0,processing,,1780189657.7084787
12310,8770,"H1,L1",1253965824.0,1253966336.0,processing,,1780190228.4765663
12311,8771,"H1,L1",1253965824.0,1253966336.0,processing,,1780190797.2332342
12312,8772,"H1,L1",1253965824.0,1253966336.0,processing,,1780191366.471842
12313,8773,"H1,L1",1253965824.0,1253966336.0,processing,,1780191935.7177951
12314,8774,"H1,L1",1253965824.0,1253966336.0,processing,,1780192505.4907544
12315,8775,"H1,L1",1253965824.0,1253966336.0,processing,,1780193075.7197025
12316,8776,"H1,L1",1253965824.0,1253966336.0,processing,,1780193645.2328162
12317,8777,"H1,L1",1253965824.0,1253966336.0,processing,,1780194216.6987767
12318,8778,"H1,L1",1253965824.0,1253966336.0,processing,,1780194785.9743536
12319,8779,"H1,L1",1253965824.0,1253966336.0,processing,,1780195353.6916497
12320,8780,"H1,L1",1253965824.0,1253966336.0,processing,,1780195921.7107866
12321,8781,"H1,L1",1253965824.0,1253966336.0,processing,,1780196491.489733
12322,8782,"H1,L1",1253965824.0,1253966336.0,processing,,1780197061.469093
12323,8783,"H1,L1",1253965824.0,1253966336.0,processing,,1780197631.4750674
12324,8784,"H1,L1",1253965824.0,1253966336.0,processing,,1780198200.947655
12325,8785,"H1,L1",1253965824.0,1253966336.0,processing,,1780198769.991147
12326,8786,"H1,L1",1253965824.0,1253966336.0,processing,,1780199339.481747
12327,8787,"H1,L1",1253965824.0,1253966336.0,processing,,1780199906.9414303
12328,8788,"H1,L1",1253965824.0,1253966336.0,processing,,1780200476.7466867
12329,8789,"H1,L1",1253965824.0,1253966336.0,processing,,1780201046.195324
12330,8790,"H1,L1",1253965824.0,1253966336.0,processing,,1780201614.4632485
12331,8791,"H1,L1",1253965824.0,1253966336.0,processing,,1780202184.2123916
12332,8792,"H1,L1",1253965824.0,1253966336.0,processing,,1780202753.9751577
12333,8793,"H1,L1",1253965824.0,1253966336.0,processing,,1780203321.446831
12334,8794,"H1,L1",1253965824.0,1253966336.0,processing,,1780203891.2461054
12335,8795,"H1,L1",1253965824.0,1253966336.0,processing,,1780204461.2171643
12336,8796,"H1,L1",1253965824.0,1253966336.0,processing,,1780205031.4949474
12337,8797,"H1,L1",1253965824.0,1253966336.0,processing,,1780205601.4888368
12338,8798,"H1,L1",1253965824.0,1253966336.0,processing,,1780206171.9610426
12339,8799,"H1,L1",1253965824.0,1253966336.0,processing,,1780206741.7335134
12340,8800,"H1,L1",1253965824.0,1253966336.0,processing,,1780207311.7071085
12341,8801,"H1,L1",1253965824.0,1253966336.0,processing,,1780207880.7380886
12342,8802,"H1,L1",1253965824.0,1253966336.0,processing,,1780208448.9512172
12343,8803,"H1,L1",1253965824.0,1253966336.0,processing,,1780209017.4812565
12344,8804,"H1,L1",1253965824.0,1253966336.0,processing,,1780209586.1862285
12345,8805,"H1,L1",1253965824.0,1253966336.0,processing,,1780210153.24066
12346,8806,"H1,L1",1253965824.0,1253966336.0,processing,,1780210725.6956184
12347,8807,"H1,L1",1253965824.0,1253966336.0,processing,,1780211295.490004
12348,8808,"H1,L1",1253965824.0,1253966336.0,processing,,1780211863.9696815
12349,8809,"H1,L1",1253965824.0,1253966336.0,processing,,1780212434.2264566
12350,8810,"H1,L1",1253965824.0,1253966336.0,processing,,1780213002.7212825
12351,8811,"H1,L1",1253965824.0,1253966336.0,processing,,1780213572.713878
12352,8812,"H1,L1",1253965824.0,1253966336.0,processing,,1780214141.9697466
12353,8813,"H1,L1",1253965824.0,1253966336.0,processing,,1780214712.2229025
12354,8814,"H1,L1",1253965824.0,1253966336.0,processing,,1780215280.9580774
12355,8815,"H1,L1",1253965824.0,1253966336.0,processing,,1780215850.9663696
12356,8816,"H1,L1",1253965824.0,1253966336.0,processing,,1780216420.7373672
12357,8817,"H1,L1",1253965824.0,1253966336.0,processing,,1780216990.4610248
12358,8818,"H1,L1",1253965824.0,1253966336.0,processing,,1780217561.443492
12359,8819,"H1,L1",1253965824.0,1253966336.0,processing,,1780218133.2435882
12360,8820,"H1,L1",1253965824.0,1253966336.0,processing,,1780218703.5023532
12361,8821,"H1,L1",1253965824.0,1253966336.0,processing,,1780219272.7320924
12362,8822,"H1,L1",1253965824.0,1253966336.0,processing,,1780219841.2077587
12363,8823,"H1,L1",1253965824.0,1253966336.0,processing,,1780220409.7000983
12364,8824,"H1,L1",1253965824.0,1253966336.0,processing,,1780220978.4595687
12365,8825,"H1,L1",1253965824.0,1253966336.0,processing,,1780221547.4938042
12366,8826,"H1,L1",1253965824.0,1253966336.0,processing,,1780222117.4544718
12367,8827,"H1,L1",1253965824.0,1253966336.0,processing,,1780222686.965077
12368,8828,"H1,L1",1253965824.0,1253966336.0,processing,,1780223255.5303907
12369,8829,"H1,L1",1253965824.0,1253966336.0,processing,,1780223826.2533195
12370,8830,"H1,L1",1253965824.0,1253966336.0,processing,,1780224396.2398798
12371,8831,"H1,L1",1253965824.0,1253966336.0,processing,,1780224966.7115402
12372,8832,"H1,L1",1253965824.0,1253966336.0,processing,,1780225535.7203338
12373,8833,"H1,L1",1253965824.0,1253966336.0,processing,,1780226104.2448533
12374,8834,"H1,L1",1253965824.0,1253966336.0,processing,,1780226673.9640048
12375,8835,"H1,L1",1253965824.0,1253966336.0,processing,,1780227241.2387807
12376,8836,"H1,L1",1253965824.0,1253966336.0,processing,,1780227810.4768205
12377,8837,"H1,L1",1253965824.0,1253966336.0,processing,,1780228381.466992
12378,8838,"H1,L1",1253965824.0,1253966336.0,processing,,1780228952.4662552
12379,8839,"H1,L1",1253965824.0,1253966336.0,processing,,1780229520.5885563
12380,8840,"H1,L1",1253965824.0,1253966336.0,processing,,1780230089.9760706
12381,8841,"H1,L1",1253965824.0,1253966336.0,processing,,1780230660.4822183
12382,8842,"H1,L1",1253965824.0,1253966336.0,processing,,1780231229.7247517
12383,8843,"H1,L1",1253965824.0,1253966336.0,processing,,1780231797.9833646
12384,8844,"H1,L1",1253965824.0,1253966336.0,processing,,1780232365.2372742
12385,8845,"H1,L1",1253965824.0,1253966336.0,processing,,1780232934.9858701
12386,8846,"H1,L1",1253965824.0,1253966336.0,processing,,1780233506.4766448
12387,8847,"H1,L1",1253965824.0,1253966336.0,processing,,1780234076.2188
12388,8848,"H1,L1",1253965824.0,1253966336.0,processing,,1780234646.2074847
12389,8849,"H1,L1",1253965824.0,1253966336.0,processing,,1780235215.470513
12390,8850,"H1,L1",1253965824.0,1253966336.0,processing,,1780235785.9762218
12391,8851,"H1,L1",1253965824.0,1253966336.0,processing,,1780236357.9825544
12392,8852,"H1,L1",1253965824.0,1253966336.0,processing,,1780236931.223736
12393,8853,"H1,L1",1253965824.0,1253966336.0,processing,,1780237501.7213783
12394,8854,"H1,L1",1253965824.0,1253966336.0,processing,,1780238073.497447
12395,8855,"H1,L1",1253965824.0,1253966336.0,processing,,1780238645.7032368
12396,8856,"H1,L1",1253965824.0,1253966336.0,processing,,1780239216.9861236
12397,8857,"H1,L1",1253965824.0,1253966336.0,processing,,1780239784.4995983
12398,8858,"H1,L1",1253965824.0,1253966336.0,processing,,1780240354.483731
12399,8859,"H1,L1",1253965824.0,1253966336.0,processing,,1780240924.7253904
12400,8860,"H1,L1",1253965824.0,1253966336.0,processing,,1780241496.970878
12401,8861,"H1,L1",1253965824.0,1253966336.0,processing,,1780242067.2128413
12402,8862,"H1,L1",1253965824.0,1253966336.0,processing,,1780242637.7102706
12403,8863,"H1,L1",1253965824.0,1253966336.0,processing,,1780243205.4896061
12404,8864,"H1,L1",1253965824.0,1253966336.0,processing,,1780243776.2376878
12405,8865,"H1,L1",1253965824.0,1253966336.0,processing,,1780244344.736117
12406,8866,"H1,L1",1253965824.0,1253966336.0,processing,,1780244914.5173957
12407,8867,"H1,L1",1253965824.0,1253966336.0,processing,,1780245484.0251582
12408,8868,"H1,L1",1253965824.0,1253966336.0,processing,,1780246055.2646976
12409,8869,"H1,L1",1253965824.0,1253966336.0,processing,,1780246624.4468668
12410,8870,"H1,L1",1253965824.0,1253966336.0,processing,,1780247194.7215464
12411,8871,"H1,L1",1253965824.0,1253966336.0,processing,,1780247766.4626882
12412,8872,"H1,L1",1253965824.0,1253966336.0,processing,,1780248343.7421381
12413,8873,"H1,L1",1253965824.0,1253966336.0,processing,,1780248913.945588
12414,8874,"H1,L1",1253965824.0,1253966336.0,processing,,1780249484.4694107
12415,8875,"H1,L1",1253965824.0,1253966336.0,processing,,1780250052.961093
12416,8876,"H1,L1",1253965824.0,1253966336.0,processing,,1780250624.4815044
12417,8877,"H1,L1",1253965824.0,1253966336.0,processing,,1780251194.2492247
12418,8878,"H1,L1",1253965824.0,1253966336.0,processing,,1780251764.714971
12419,8879,"H1,L1",1253965824.0,1253966336.0,processing,,1780252335.7230344
12420,8880,"H1,L1",1253965824.0,1253966336.0,processing,,1780252903.4650102
12421,8881,"H1,L1",1253965824.0,1253966336.0,processing,,1780253470.969371
12422,8882,"H1,L1",1253965824.0,1253966336.0,processing,,1780254040.5002007
12423,8883,"H1,L1",1253965824.0,1253966336.0,processing,,1780254611.7278588
12424,8884,"H1,L1",1253965824.0,1253966336.0,processing,,1780255180.2463126
12425,8885,"H1,L1",1253965824.0,1253966336.0,processing,,1780255748.939481
12426,8886,"H1,L1",1253965824.0,1253966336.0,processing,,1780256318.7169406
12427,8887,"H1,L1",1253965824.0,1253966336.0,processing,,1780256887.4779334
12428,8888,"H1,L1",1253965824.0,1253966336.0,processing,,1780257457.9708672
12429,8889,"H1,L1",1253965824.0,1253966336.0,processing,,1780258028.7165706
12430,8890,"H1,L1",1253965824.0,1253966336.0,processing,,1780258597.22407
12431,8891,"H1,L1",1253965824.0,1253966336.0,processing,,1780259168.7029035
12432,8892,"H1,L1",1253965824.0,1253966336.0,processing,,1780259738.1966536
12433,8893,"H1,L1",1253965824.0,1253966336.0,processing,,1780260307.2626448
12434,8894,"H1,L1",1253965824.0,1253966336.0,processing,,1780260877.4867454
12435,8895,"H1,L1",1253965824.0,1253966336.0,processing,,1780261445.7129157
12436,8896,"H1,L1",1253965824.0,1253966336.0,processing,,1780262016.208949
12437,8897,"H1,L1",1253965824.0,1253966336.0,processing,,1780262585.7348998
12438,8898,"H1,L1",1253965824.0,1253966336.0,processing,,1780263155.7261987
12439,8899,"H1,L1",1253965824.0,1253966336.0,processing,,1780263724.4545898
12440,8900,"H1,L1",1253965824.0,1253966336.0,processing,,1780264293.4814017
12441,8901,"H1,L1",1253965824.0,1253966336.0,processing,,1780264866.4731188
12442,8902,"H1,L1",1253965824.0,1253966336.0,processing,,1780265433.6942732
12443,8903,"H1,L1",1253965824.0,1253966336.0,processing,,1780266004.2393777
12444,8904,"H1,L1",1253965824.0,1253966336.0,processing,,1780266574.6972506
12445,8905,"H1,L1",1253965824.0,1253966336.0,processing,,1780267145.687184
12446,8906,"H1,L1",1253965824.0,1253966336.0,processing,,1780267716.951705
12447,8907,"H1,L1",1253965824.0,1253966336.0,processing,,1780268289.2026176
12448,8908,"H1,L1",1253965824.0,1253966336.0,processing,,1780268859.9530077
12449,8909,"H1,L1",1253965824.0,1253966336.0,processing,,1780269430.7015896
12450,8910,"H1,L1",1253965824.0,1253966336.0,processing,,1780270000.9708784
12451,8911,"H1,L1",1253965824.0,1253966336.0,processing,,1780270571.7415166
12452,8912,"H1,L1",1253965824.0,1253966336.0,processing,,1780271140.4768243
12453,8913,"H1,L1",1253965824.0,1253966336.0,processing,,1780271710.2234845
12454,8914,"H1,L1",1253965824.0,1253966336.0,processing,,1780272278.981458
12455,8915,"H1,L1",1253965824.0,1253966336.0,processing,,1780272847.2312407
12456,8916,"H1,L1",1253965824.0,1253966336.0,processing,,1780273416.239356
12457,8917,"H1,L1",1253965824.0,1253966336.0,processing,,1780273985.9923983
12458,8918,"H1,L1",1253965824.0,1253966336.0,processing,,1780274556.469403
12459,8919,"H1,L1",1253965824.0,1253966336.0,processing,,1780275126.2378967
12460,8920,"H1,L1",1253965824.0,1253966336.0,processing,,1780275696.473147
12461,8921,"H1,L1",1253965824.0,1253966336.0,processing,,1780276265.9301288
12462,8922,"H1,L1",1253965824.0,1253966336.0,processing,,1780276834.2082334
12463,8923,"H1,L1",1253965824.0,1253966336.0,processing,,1780277405.4627745
12464,8924,"H1,L1",1253965824.0,1253966336.0,processing,,1780277975.485556
12465,8925,"H1,L1",1253965824.0,1253966336.0,processing,,1780278546.2306597
12466,8926,"H1,L1",1253965824.0,1253966336.0,processing,,1780279117.9337208
12467,8927,"H1,L1",1253965824.0,1253966336.0,processing,,1780279689.7495723
12468,8928,"H1,L1",1253965824.0,1253966336.0,processing,,1780280260.726658
12469,8929,"H1,L1",1253965824.0,1253966336.0,processing,,1780280830.9346478
12470,8930,"H1,L1",1253965824.0,1253966336.0,processing,,1780281400.9961562
12471,8931,"H1,L1",1253965824.0,1253966336.0,processing,,1780281974.9859636
12472,8932,"H1,L1",1253965824.0,1253966336.0,processing,,1780282544.9515264
12473,8933,"H1,L1",1253965824.0,1253966336.0,processing,,1780283114.4488132
12474,8934,"H1,L1",1253965824.0,1253966336.0,processing,,1780283685.210666
12475,8935,"H1,L1",1253965824.0,1253966336.0,processing,,1780284255.0449936
12476,8936,"H1,L1",1253965824.0,1253966336.0,processing,,1780284826.7340786
12477,8937,"H1,L1",1253965824.0,1253966336.0,processing,,1780285396.2123163
12478,8938,"H1,L1",1253965824.0,1253966336.0,processing,,1780285967.9784713
12479,8939,"H1,L1",1253965824.0,1253966336.0,processing,,1780286537.497372
12480,8940,"H1,L1",1253965824.0,1253966336.0,processing,,1780287107.4925325
12481,8941,"H1,L1",1253965824.0,1253966336.0,processing,,1780287679.2249012
12482,8942,"H1,L1",1253965824.0,1253966336.0,processing,,1780288248.2050097
12483,8943,"H1,L1",1253965824.0,1253966336.0,processing,,1780288819.7256234
12484,8944,"H1,L1",1253965824.0,1253966336.0,processing,,1780289390.478319
12485,8945,"H1,L1",1253965824.0,1253966336.0,processing,,1780289961.2400692
12486,8946,"H1,L1",1253965824.0,1253966336.0,processing,,1780290559.2473602
12487,8947,"H1,L1",1253965824.0,1253966336.0,processing,,1780291128.7103372
12488,8948,"H1,L1",1253965824.0,1253966336.0,processing,,1780291697.2108989
12489,8949,"H1,L1",1253965824.0,1253966336.0,processing,,1780292268.4657416
12490,8950,"H1,L1",1253965824.0,1253966336.0,processing,,1780292836.7150154
12491,8951,"H1,L1",1253965824.0,1253966336.0,processing,,1780293406.9943578
12492,8952,"H1,L1",1253965824.0,1253966336.0,processing,,1780293977.7357845
12493,8953,"H1,L1",1253965824.0,1253966336.0,processing,,1780294549.985301
12494,8954,"H1,L1",1253965824.0,1253966336.0,processing,,1780295118.7340834
12495,8955,"H1,L1",1253965824.0,1253966336.0,processing,,1780295687.9931762
12496,8956,"H1,L1",1253965824.0,1253966336.0,processing,,1780296256.965687
12497,8957,"H1,L1",1253965824.0,1253966336.0,processing,,1780296825.219437
12498,8958,"H1,L1",1253965824.0,1253966336.0,processing,,1780297394.4841278
12499,8959,"H1,L1",1253965824.0,1253966336.0,processing,,1780297964.720381
12500,8960,"H1,L1",1253965824.0,1253966336.0,processing,,1780298536.2288828
12501,8961,"H1,L1",1253965824.0,1253966336.0,processing,,1780299104.9784214
12502,8962,"H1,L1",1253965824.0,1253966336.0,processing,,1780299678.2342367
12503,8963,"H1,L1",1253965824.0,1253966336.0,processing,,1780300247.9804232
12504,8964,"H1,L1",1253965824.0,1253966336.0,processing,,1780300818.208263
12505,8965,"H1,L1",1253965824.0,1253966336.0,processing,,1780301389.208464
12506,8966,"H1,L1",1253965824.0,1253966336.0,processing,,1780301959.9748037
12507,8967,"H1,L1",1253965824.0,1253966336.0,processing,,1780302537.9791415
12508,8968,"H1,L1",1253965824.0,1253966336.0,processing,,1780303109.2031767
12509,8969,"H1,L1",1253965824.0,1253966336.0,processing,,1780303681.2426436
12510,8970,"H1,L1",1253965824.0,1253966336.0,processing,,1780304250.7439606
12511,8971,"H1,L1",1253965824.0,1253966336.0,processing,,1780304818.719993
12512,8972,"H1,L1",1253965824.0,1253966336.0,processing,,1780305388.9860396
12513,8973,"H1,L1",1253965824.0,1253966336.0,processing,,1780305960.2563872
12514,8974,"H1,L1",1253965824.0,1253966336.0,processing,,1780306531.4870975
12515,8975,"H1,L1",1253965824.0,1253966336.0,processing,,1780307100.2578118
12516,8976,"H1,L1",1253965824.0,1253966336.0,processing,,1780307670.7240214
12517,8977,"H1,L1",1253965824.0,1253966336.0,processing,,1780308245.4612777
12518,8978,"H1,L1",1253965824.0,1253966336.0,processing,,1780308815.9918272
12519,8979,"H1,L1",1253965824.0,1253966336.0,processing,,1780309383.7192874
12520,8980,"H1,L1",1253965824.0,1253966336.0,processing,,1780309951.7052782
12521,8981,"H1,L1",1253965824.0,1253966336.0,processing,,1780310519.7892227
12522,8982,"H1,L1",1253965824.0,1253966336.0,processing,,1780311088.466058
12523,8983,"H1,L1",1253965824.0,1253966336.0,processing,,1780311655.7148025
12524,8984,"H1,L1",1253965824.0,1253966336.0,processing,,1780312223.7103484
12525,8985,"H1,L1",1253965824.0,1253966336.0,processing,,1780312793.9876785
12526,8986,"H1,L1",1253965824.0,1253966336.0,processing,,1780313361.7208905
12527,8987,"H1,L1",1253965824.0,1253966336.0,processing,,1780313928.7167358
12528,8988,"H1,L1",1253965824.0,1253966336.0,processing,,1780314495.2022266
12529,8989,"H1,L1",1253965824.0,1253966336.0,processing,,1780315062.9925928
12530,8990,"H1,L1",1253965824.0,1253966336.0,processing,,1780315630.9877334
12531,8991,"H1,L1",1253965824.0,1253966336.0,processing,,1780316198.4390626
12532,8992,"H1,L1",1253965824.0,1253966336.0,processing,,1780316763.7156606
12533,8993,"H1,L1",1253965824.0,1253966336.0,processing,,1780317330.726757
12534,8994,"H1,L1",1253965824.0,1253966336.0,processing,,1780317898.728441
12535,8995,"H1,L1",1253965824.0,1253966336.0,processing,,1780318467.7356505
12536,8996,"H1,L1",1253965824.0,1253966336.0,processing,,1780319036.960513
12537,8997,"H1,L1",1253965824.0,1253966336.0,processing,,1780319603.7399316
12538,8998,"H1,L1",1253965824.0,1253966336.0,processing,,1780320171.7192292
12539,8999,"H1,L1",1253965824.0,1253966336.0,processing,,1780320739.4846551
12540,9000,"H1,L1",1253965824.0,1253966336.0,processing,,1780321308.2505999
12541,9001,"H1,L1",1253965824.0,1253966336.0,processing,,1780321876.7323027
12542,9002,"H1,L1",1253965824.0,1253966336.0,processing,,1780322442.5000114
12543,9003,"H1,L1",1253965824.0,1253966336.0,processing,,1780323007.9871686
12544,9004,"H1,L1",1253965824.0,1253966336.0,processing,,1780323573.9896872
12545,9005,"H1,L1",1253965824.0,1253966336.0,processing,,1780324140.9264212
12546,9006,"H1,L1",1253965824.0,1253966336.0,processing,,1780324708.4484532
12547,9007,"H1,L1",1253965824.0,1253966336.0,processing,,1780325274.9612477
12548,9008,"H1,L1",1253965824.0,1253966336.0,processing,,1780325841.2220898
12549,9009,"H1,L1",1253965824.0,1253966336.0,processing,,1780326411.949013
12550,9010,"H1,L1",1253965824.0,1253966336.0,processing,,1780326979.9705946
12551,9011,"H1,L1",1253965824.0,1253966336.0,processing,,1780327549.2106755
12552,9012,"H1,L1",1253965824.0,1253966336.0,processing,,1780328115.7217786
12553,9013,"H1,L1",1253965824.0,1253966336.0,processing,,1780328684.7074046
12554,9014,"H1,L1",1253965824.0,1253966336.0,processing,,1780329252.9920428
12555,9015,"H1,L1",1253965824.0,1253966336.0,processing,,1780329819.7288525
12556,9016,"H1,L1",1253965824.0,1253966336.0,processing,,1780330384.7229955
12557,9017,"H1,L1",1253965824.0,1253966336.0,processing,,1780330951.9514215
12558,9018,"H1,L1",1253965824.0,1253966336.0,processing,,1780331520.2164357
12559,9019,"H1,L1",1253965824.0,1253966336.0,processing,,1780332086.9761512
12560,9020,"H1,L1",1253965824.0,1253966336.0,processing,,1780332654.2228813
12561,9021,"H1,L1",1253965824.0,1253966336.0,processing,,1780333222.2398553
12562,9022,"H1,L1",1253965824.0,1253966336.0,processing,,1780333790.726795
12563,9023,"H1,L1",1253965824.0,1253966336.0,processing,,1780334358.7181892
12564,9024,"H1,L1",1253965824.0,1253966336.0,processing,,1780334926.212332
12565,9025,"H1,L1",1253965824.0,1253966336.0,processing,,1780335493.996011
12566,9026,"H1,L1",1253965824.0,1253966336.0,processing,,1780336061.7094226
12567,9027,"H1,L1",1253965824.0,1253966336.0,processing,,1780336630.4741633
12568,9028,"H1,L1",1253965824.0,1253966336.0,processing,,1780337197.9579074
12569,9029,"H1,L1",1253965824.0,1253966336.0,processing,,1780337766.2449396
12570,9030,"H1,L1",1253965824.0,1253966336.0,processing,,1780338333.4812253
12571,9031,"H1,L1",1253965824.0,1253966336.0,processing,,1780338901.010507
12572,9032,"H1,L1",1253965824.0,1253966336.0,processing,,1780339469.4345942
12573,9033,"H1,L1",1253965824.0,1253966336.0,processing,,1780340037.9756763
12574,9034,"H1,L1",1253965824.0,1253966336.0,processing,,1780340605.7345643
12575,9035,"H1,L1",1253965824.0,1253966336.0,processing,,1780341174.2187653
12576,9036,"H1,L1",1253965824.0,1253966336.0,processing,,1780341745.969126
12577,9037,"H1,L1",1253965824.0,1253966336.0,processing,,1780342314.9623334
12578,9038,"H1,L1",1253965824.0,1253966336.0,processing,,1780342885.1982405
12579,9039,"H1,L1",1253965824.0,1253966336.0,processing,,1780343456.7207167
12580,9040,"H1,L1",1253965824.0,1253966336.0,processing,,1780344024.7242742
12581,9041,"H1,L1",1253965824.0,1253966336.0,processing,,1780344594.4613364
12582,9042,"H1,L1",1253965824.0,1253966336.0,processing,,1780345161.947105
12583,9043,"H1,L1",1253965824.0,1253966336.0,processing,,1780345729.5012422
12584,9044,"H1,L1",1253965824.0,1253966336.0,processing,,1780346296.7386377
12585,9045,"H1,L1",1253965824.0,1253966336.0,processing,,1780346864.2016933
12586,9046,"H1,L1",1253965824.0,1253966336.0,processing,,1780347430.7017515
12587,9047,"H1,L1",1253965824.0,1253966336.0,processing,,1780347998.505041
12588,9048,"H1,L1",1253965824.0,1253966336.0,processing,,1780348566.961555
12589,9049,"H1,L1",1253965824.0,1253966336.0,processing,,1780349134.492348
12590,9050,"H1,L1",1253965824.0,1253966336.0,processing,,1780349702.9864795
12591,9051,"H1,L1",1253965824.0,1253966336.0,processing,,1780350270.7083182
12592,9052,"H1,L1",1253965824.0,1253966336.0,processing,,1780350839.2154868
12593,9053,"H1,L1",1253965824.0,1253966336.0,processing,,1780351404.9595828
12594,9054,"H1,L1",1253965824.0,1253966336.0,processing,,1780351972.9816427
12595,9055,"H1,L1",1253965824.0,1253966336.0,processing,,1780352541.5045066
12596,9056,"H1,L1",1253965824.0,1253966336.0,processing,,1780353109.9342506
