id,started_at,config_hash,notes
1,1774534122.1031384,fc2098317d43af66664f0f1337a49fcd8e945f0f8e21c87ed1f6e9a771b53a8f,gwsearch run
2,1774540176.4088295,fc2098317d43af66664f0f1337a49fcd8e945f0f8e21c87ed1f6e9a771b53a8f,gwsearch run
3,1774569175.4319046,fc2098317d43af66664f0f1337a49fcd8e945f0f8e21c87ed1f6e9a771b53a8f,gwsearch run
4,1774615115.680685,fc2098317d43af66664f0f1337a49fcd8e945f0f8e21c87ed1f6e9a771b53a8f,gwsearch run
5,1774616559.1912122,fc2098317d43af66664f0f1337a49fcd8e945f0f8e21c87ed1f6e9a771b53a8f,gwsearch run
6,1774631061.445856,fc2098317d43af66664f0f1337a49fcd8e945f0f8e21c87ed1f6e9a771b53a8f,gwsearch run
7,1774642262.9334512,fc2098317d43af66664f0f1337a49fcd8e945f0f8e21c87ed1f6e9a771b53a8f,gwsearch run
8,1774664576.9652245,fc2098317d43af66664f0f1337a49fcd8e945f0f8e21c87ed1f6e9a771b53a8f,gwsearch run
9,1774698001.451578,fc2098317d43af66664f0f1337a49fcd8e945f0f8e21c87ed1f6e9a771b53a8f,gwsearch run
10,1774711716.1887586,fc2098317d43af66664f0f1337a49fcd8e945f0f8e21c87ed1f6e9a771b53a8f,gwsearch run
11,1774715719.4111946,fc2098317d43af66664f0f1337a49fcd8e945f0f8e21c87ed1f6e9a771b53a8f,gwsearch run
12,1774739245.404064,fc2098317d43af66664f0f1337a49fcd8e945f0f8e21c87ed1f6e9a771b53a8f,gwsearch run
13,1774754733.4137347,fc2098317d43af66664f0f1337a49fcd8e945f0f8e21c87ed1f6e9a771b53a8f,gwsearch run
14,1774779012.1897583,fc2098317d43af66664f0f1337a49fcd8e945f0f8e21c87ed1f6e9a771b53a8f,gwsearch run
15,1774794138.4330196,fc2098317d43af66664f0f1337a49fcd8e945f0f8e21c87ed1f6e9a771b53a8f,gwsearch run
16,1774797039.9237847,fc2098317d43af66664f0f1337a49fcd8e945f0f8e21c87ed1f6e9a771b53a8f,gwsearch run
17,1774799116.4133532,fc2098317d43af66664f0f1337a49fcd8e945f0f8e21c87ed1f6e9a771b53a8f,gwsearch run
18,1774815203.4124506,fc2098317d43af66664f0f1337a49fcd8e945f0f8e21c87ed1f6e9a771b53a8f,gwsearch run
19,1774822980.6863077,fc2098317d43af66664f0f1337a49fcd8e945f0f8e21c87ed1f6e9a771b53a8f,gwsearch run
20,1774836270.185952,fc2098317d43af66664f0f1337a49fcd8e945f0f8e21c87ed1f6e9a771b53a8f,gwsearch run
21,1774886440.692518,fc2098317d43af66664f0f1337a49fcd8e945f0f8e21c87ed1f6e9a771b53a8f,gwsearch run
22,1774912761.4093933,fc2098317d43af66664f0f1337a49fcd8e945f0f8e21c87ed1f6e9a771b53a8f,gwsearch run
23,1774933765.9256942,fc2098317d43af66664f0f1337a49fcd8e945f0f8e21c87ed1f6e9a771b53a8f,gwsearch run
24,1774957818.697517,fc2098317d43af66664f0f1337a49fcd8e945f0f8e21c87ed1f6e9a771b53a8f,gwsearch run
25,1774972158.9404418,fc2098317d43af66664f0f1337a49fcd8e945f0f8e21c87ed1f6e9a771b53a8f,gwsearch run
26,1774984828.6758795,fc2098317d43af66664f0f1337a49fcd8e945f0f8e21c87ed1f6e9a771b53a8f,gwsearch run
27,1775007340.4270072,fc2098317d43af66664f0f1337a49fcd8e945f0f8e21c87ed1f6e9a771b53a8f,gwsearch run
28,1775024114.2078886,fc2098317d43af66664f0f1337a49fcd8e945f0f8e21c87ed1f6e9a771b53a8f,gwsearch run
29,1775035835.9202297,fc2098317d43af66664f0f1337a49fcd8e945f0f8e21c87ed1f6e9a771b53a8f,gwsearch run
30,1775046987.1835203,fc2098317d43af66664f0f1337a49fcd8e945f0f8e21c87ed1f6e9a771b53a8f,gwsearch run
31,1775117933.6945412,fc2098317d43af66664f0f1337a49fcd8e945f0f8e21c87ed1f6e9a771b53a8f,gwsearch run
32,1775143136.6864705,fc2098317d43af66664f0f1337a49fcd8e945f0f8e21c87ed1f6e9a771b53a8f,gwsearch run
33,1775172704.4529572,fc2098317d43af66664f0f1337a49fcd8e945f0f8e21c87ed1f6e9a771b53a8f,gwsearch run
34,1775174429.415702,fc2098317d43af66664f0f1337a49fcd8e945f0f8e21c87ed1f6e9a771b53a8f,gwsearch run
35,1775190989.9490755,fc2098317d43af66664f0f1337a49fcd8e945f0f8e21c87ed1f6e9a771b53a8f,gwsearch run
36,1775191562.4457035,fc2098317d43af66664f0f1337a49fcd8e945f0f8e21c87ed1f6e9a771b53a8f,gwsearch run
37,1775192137.6813507,fc2098317d43af66664f0f1337a49fcd8e945f0f8e21c87ed1f6e9a771b53a8f,gwsearch run
38,1775192719.423864,fc2098317d43af66664f0f1337a49fcd8e945f0f8e21c87ed1f6e9a771b53a8f,gwsearch run
39,1775193290.6897497,fc2098317d43af66664f0f1337a49fcd8e945f0f8e21c87ed1f6e9a771b53a8f,gwsearch run
40,1775193860.4430096,fc2098317d43af66664f0f1337a49fcd8e945f0f8e21c87ed1f6e9a771b53a8f,gwsearch run
41,1775194431.6813233,fc2098317d43af66664f0f1337a49fcd8e945f0f8e21c87ed1f6e9a771b53a8f,gwsearch run
42,1775195003.1793373,fc2098317d43af66664f0f1337a49fcd8e945f0f8e21c87ed1f6e9a771b53a8f,gwsearch run
43,1775195575.4221675,fc2098317d43af66664f0f1337a49fcd8e945f0f8e21c87ed1f6e9a771b53a8f,gwsearch run
44,1775196156.1688135,fc2098317d43af66664f0f1337a49fcd8e945f0f8e21c87ed1f6e9a771b53a8f,gwsearch run
45,1775196727.1773493,fc2098317d43af66664f0f1337a49fcd8e945f0f8e21c87ed1f6e9a771b53a8f,gwsearch run
46,1775197300.9429228,fc2098317d43af66664f0f1337a49fcd8e945f0f8e21c87ed1f6e9a771b53a8f,gwsearch run
47,1775197874.943246,fc2098317d43af66664f0f1337a49fcd8e945f0f8e21c87ed1f6e9a771b53a8f,gwsearch run
48,1775198449.1724586,fc2098317d43af66664f0f1337a49fcd8e945f0f8e21c87ed1f6e9a771b53a8f,gwsearch run
49,1775199021.416519,fc2098317d43af66664f0f1337a49fcd8e945f0f8e21c87ed1f6e9a771b53a8f,gwsearch run
50,1775199593.927261,fc2098317d43af66664f0f1337a49fcd8e945f0f8e21c87ed1f6e9a771b53a8f,gwsearch run
51,1775200168.6566927,fc2098317d43af66664f0f1337a49fcd8e945f0f8e21c87ed1f6e9a771b53a8f,gwsearch run
52,1775200742.6668725,fc2098317d43af66664f0f1337a49fcd8e945f0f8e21c87ed1f6e9a771b53a8f,gwsearch run
53,1775201316.1672416,fc2098317d43af66664f0f1337a49fcd8e945f0f8e21c87ed1f6e9a771b53a8f,gwsearch run
54,1775201889.6821373,fc2098317d43af66664f0f1337a49fcd8e945f0f8e21c87ed1f6e9a771b53a8f,gwsearch run
55,1775202461.6726453,fc2098317d43af66664f0f1337a49fcd8e945f0f8e21c87ed1f6e9a771b53a8f,gwsearch run
56,1775203043.6845057,fc2098317d43af66664f0f1337a49fcd8e945f0f8e21c87ed1f6e9a771b53a8f,gwsearch run
57,1775203618.443235,fc2098317d43af66664f0f1337a49fcd8e945f0f8e21c87ed1f6e9a771b53a8f,gwsearch run
58,1775204191.681215,fc2098317d43af66664f0f1337a49fcd8e945f0f8e21c87ed1f6e9a771b53a8f,gwsearch run
59,1775204774.1841078,fc2098317d43af66664f0f1337a49fcd8e945f0f8e21c87ed1f6e9a771b53a8f,gwsearch run
60,1775205348.6911547,fc2098317d43af66664f0f1337a49fcd8e945f0f8e21c87ed1f6e9a771b53a8f,gwsearch run
61,1775205922.934039,fc2098317d43af66664f0f1337a49fcd8e945f0f8e21c87ed1f6e9a771b53a8f,gwsearch run
62,1775206495.9381866,fc2098317d43af66664f0f1337a49fcd8e945f0f8e21c87ed1f6e9a771b53a8f,gwsearch run
63,1775207068.1532376,fc2098317d43af66664f0f1337a49fcd8e945f0f8e21c87ed1f6e9a771b53a8f,gwsearch run
64,1775207640.6696224,fc2098317d43af66664f0f1337a49fcd8e945f0f8e21c87ed1f6e9a771b53a8f,gwsearch run
65,1775208214.940307,fc2098317d43af66664f0f1337a49fcd8e945f0f8e21c87ed1f6e9a771b53a8f,gwsearch run
66,1775208789.4176152,fc2098317d43af66664f0f1337a49fcd8e945f0f8e21c87ed1f6e9a771b53a8f,gwsearch run
67,1775209361.8982584,fc2098317d43af66664f0f1337a49fcd8e945f0f8e21c87ed1f6e9a771b53a8f,gwsearch run
68,1775209933.7000916,fc2098317d43af66664f0f1337a49fcd8e945f0f8e21c87ed1f6e9a771b53a8f,gwsearch run
69,1775210507.4333112,fc2098317d43af66664f0f1337a49fcd8e945f0f8e21c87ed1f6e9a771b53a8f,gwsearch run
70,1775211080.4347155,fc2098317d43af66664f0f1337a49fcd8e945f0f8e21c87ed1f6e9a771b53a8f,gwsearch run
71,1775211652.1742053,fc2098317d43af66664f0f1337a49fcd8e945f0f8e21c87ed1f6e9a771b53a8f,gwsearch run
72,1775212225.676917,fc2098317d43af66664f0f1337a49fcd8e945f0f8e21c87ed1f6e9a771b53a8f,gwsearch run
73,1775212797.7047615,fc2098317d43af66664f0f1337a49fcd8e945f0f8e21c87ed1f6e9a771b53a8f,gwsearch run
74,1775213370.1823366,fc2098317d43af66664f0f1337a49fcd8e945f0f8e21c87ed1f6e9a771b53a8f,gwsearch run
75,1775213950.1775186,fc2098317d43af66664f0f1337a49fcd8e945f0f8e21c87ed1f6e9a771b53a8f,gwsearch run
76,1775214523.9219964,fc2098317d43af66664f0f1337a49fcd8e945f0f8e21c87ed1f6e9a771b53a8f,gwsearch run
77,1775215098.9384356,fc2098317d43af66664f0f1337a49fcd8e945f0f8e21c87ed1f6e9a771b53a8f,gwsearch run
78,1775215683.2081778,fc2098317d43af66664f0f1337a49fcd8e945f0f8e21c87ed1f6e9a771b53a8f,gwsearch run
79,1775216255.9462078,fc2098317d43af66664f0f1337a49fcd8e945f0f8e21c87ed1f6e9a771b53a8f,gwsearch run
80,1775216828.1657581,fc2098317d43af66664f0f1337a49fcd8e945f0f8e21c87ed1f6e9a771b53a8f,gwsearch run
81,1775217401.46068,fc2098317d43af66664f0f1337a49fcd8e945f0f8e21c87ed1f6e9a771b53a8f,gwsearch run
82,1775217974.7139463,fc2098317d43af66664f0f1337a49fcd8e945f0f8e21c87ed1f6e9a771b53a8f,gwsearch run
83,1775218546.7093015,fc2098317d43af66664f0f1337a49fcd8e945f0f8e21c87ed1f6e9a771b53a8f,gwsearch run
84,1775219120.6665745,fc2098317d43af66664f0f1337a49fcd8e945f0f8e21c87ed1f6e9a771b53a8f,gwsearch run
85,1775219695.693306,fc2098317d43af66664f0f1337a49fcd8e945f0f8e21c87ed1f6e9a771b53a8f,gwsearch run
86,1775220269.4270635,fc2098317d43af66664f0f1337a49fcd8e945f0f8e21c87ed1f6e9a771b53a8f,gwsearch run
87,1775220842.6807973,fc2098317d43af66664f0f1337a49fcd8e945f0f8e21c87ed1f6e9a771b53a8f,gwsearch run
88,1775221429.6266615,fc2098317d43af66664f0f1337a49fcd8e945f0f8e21c87ed1f6e9a771b53a8f,gwsearch run
89,1775222003.6731722,fc2098317d43af66664f0f1337a49fcd8e945f0f8e21c87ed1f6e9a771b53a8f,gwsearch run
90,1775222575.433972,fc2098317d43af66664f0f1337a49fcd8e945f0f8e21c87ed1f6e9a771b53a8f,gwsearch run
91,1775223148.696796,fc2098317d43af66664f0f1337a49fcd8e945f0f8e21c87ed1f6e9a771b53a8f,gwsearch run
92,1775223732.43241,fc2098317d43af66664f0f1337a49fcd8e945f0f8e21c87ed1f6e9a771b53a8f,gwsearch run
93,1775224303.4088066,fc2098317d43af66664f0f1337a49fcd8e945f0f8e21c87ed1f6e9a771b53a8f,gwsearch run
94,1775224877.431434,fc2098317d43af66664f0f1337a49fcd8e945f0f8e21c87ed1f6e9a771b53a8f,gwsearch run
95,1775225451.463443,fc2098317d43af66664f0f1337a49fcd8e945f0f8e21c87ed1f6e9a771b53a8f,gwsearch run
96,1775226025.1885474,fc2098317d43af66664f0f1337a49fcd8e945f0f8e21c87ed1f6e9a771b53a8f,gwsearch run
97,1775226597.9241326,fc2098317d43af66664f0f1337a49fcd8e945f0f8e21c87ed1f6e9a771b53a8f,gwsearch run
98,1775227172.4173045,fc2098317d43af66664f0f1337a49fcd8e945f0f8e21c87ed1f6e9a771b53a8f,gwsearch run
99,1775227749.1920476,fc2098317d43af66664f0f1337a49fcd8e945f0f8e21c87ed1f6e9a771b53a8f,gwsearch run
100,1775228332.1933606,fc2098317d43af66664f0f1337a49fcd8e945f0f8e21c87ed1f6e9a771b53a8f,gwsearch run
101,1775228915.417326,fc2098317d43af66664f0f1337a49fcd8e945f0f8e21c87ed1f6e9a771b53a8f,gwsearch run
102,1775229488.166421,fc2098317d43af66664f0f1337a49fcd8e945f0f8e21c87ed1f6e9a771b53a8f,gwsearch run
103,1775230062.1820645,fc2098317d43af66664f0f1337a49fcd8e945f0f8e21c87ed1f6e9a771b53a8f,gwsearch run
104,1775230640.9080596,fc2098317d43af66664f0f1337a49fcd8e945f0f8e21c87ed1f6e9a771b53a8f,gwsearch run
105,1775231213.6842685,fc2098317d43af66664f0f1337a49fcd8e945f0f8e21c87ed1f6e9a771b53a8f,gwsearch run
106,1775231785.402372,fc2098317d43af66664f0f1337a49fcd8e945f0f8e21c87ed1f6e9a771b53a8f,gwsearch run
107,1775232361.6915922,fc2098317d43af66664f0f1337a49fcd8e945f0f8e21c87ed1f6e9a771b53a8f,gwsearch run
108,1775232945.4231617,fc2098317d43af66664f0f1337a49fcd8e945f0f8e21c87ed1f6e9a771b53a8f,gwsearch run
109,1775233521.6823533,fc2098317d43af66664f0f1337a49fcd8e945f0f8e21c87ed1f6e9a771b53a8f,gwsearch run
110,1775234095.4378638,fc2098317d43af66664f0f1337a49fcd8e945f0f8e21c87ed1f6e9a771b53a8f,gwsearch run
111,1775234666.6869009,fc2098317d43af66664f0f1337a49fcd8e945f0f8e21c87ed1f6e9a771b53a8f,gwsearch run
112,1775235239.701803,fc2098317d43af66664f0f1337a49fcd8e945f0f8e21c87ed1f6e9a771b53a8f,gwsearch run
113,1775235812.4342167,fc2098317d43af66664f0f1337a49fcd8e945f0f8e21c87ed1f6e9a771b53a8f,gwsearch run
114,1775236386.1974103,fc2098317d43af66664f0f1337a49fcd8e945f0f8e21c87ed1f6e9a771b53a8f,gwsearch run
115,1775236969.188461,fc2098317d43af66664f0f1337a49fcd8e945f0f8e21c87ed1f6e9a771b53a8f,gwsearch run
116,1775237544.1752834,fc2098317d43af66664f0f1337a49fcd8e945f0f8e21c87ed1f6e9a771b53a8f,gwsearch run
117,1775238117.915313,fc2098317d43af66664f0f1337a49fcd8e945f0f8e21c87ed1f6e9a771b53a8f,gwsearch run
118,1775238692.1797624,fc2098317d43af66664f0f1337a49fcd8e945f0f8e21c87ed1f6e9a771b53a8f,gwsearch run
119,1775239265.1899443,fc2098317d43af66664f0f1337a49fcd8e945f0f8e21c87ed1f6e9a771b53a8f,gwsearch run
120,1775239838.6727204,fc2098317d43af66664f0f1337a49fcd8e945f0f8e21c87ed1f6e9a771b53a8f,gwsearch run
121,1775240411.9187632,fc2098317d43af66664f0f1337a49fcd8e945f0f8e21c87ed1f6e9a771b53a8f,gwsearch run
122,1775240985.6904528,fc2098317d43af66664f0f1337a49fcd8e945f0f8e21c87ed1f6e9a771b53a8f,gwsearch run
123,1775241559.201701,fc2098317d43af66664f0f1337a49fcd8e945f0f8e21c87ed1f6e9a771b53a8f,gwsearch run
124,1775242134.4230702,fc2098317d43af66664f0f1337a49fcd8e945f0f8e21c87ed1f6e9a771b53a8f,gwsearch run
125,1775242706.9467359,fc2098317d43af66664f0f1337a49fcd8e945f0f8e21c87ed1f6e9a771b53a8f,gwsearch run
126,1775243280.9477625,fc2098317d43af66664f0f1337a49fcd8e945f0f8e21c87ed1f6e9a771b53a8f,gwsearch run
127,1775243852.4378579,fc2098317d43af66664f0f1337a49fcd8e945f0f8e21c87ed1f6e9a771b53a8f,gwsearch run
128,1775244424.942138,fc2098317d43af66664f0f1337a49fcd8e945f0f8e21c87ed1f6e9a771b53a8f,gwsearch run
129,1775244997.6840978,fc2098317d43af66664f0f1337a49fcd8e945f0f8e21c87ed1f6e9a771b53a8f,gwsearch run
130,1775245571.929268,fc2098317d43af66664f0f1337a49fcd8e945f0f8e21c87ed1f6e9a771b53a8f,gwsearch run
131,1775246145.167219,fc2098317d43af66664f0f1337a49fcd8e945f0f8e21c87ed1f6e9a771b53a8f,gwsearch run
132,1775246717.1854134,fc2098317d43af66664f0f1337a49fcd8e945f0f8e21c87ed1f6e9a771b53a8f,gwsearch run
133,1775247290.9346795,fc2098317d43af66664f0f1337a49fcd8e945f0f8e21c87ed1f6e9a771b53a8f,gwsearch run
134,1775247863.4385593,fc2098317d43af66664f0f1337a49fcd8e945f0f8e21c87ed1f6e9a771b53a8f,gwsearch run
135,1775248435.1679938,fc2098317d43af66664f0f1337a49fcd8e945f0f8e21c87ed1f6e9a771b53a8f,gwsearch run
136,1775249008.4247148,fc2098317d43af66664f0f1337a49fcd8e945f0f8e21c87ed1f6e9a771b53a8f,gwsearch run
137,1775249592.9287324,fc2098317d43af66664f0f1337a49fcd8e945f0f8e21c87ed1f6e9a771b53a8f,gwsearch run
138,1775250163.9310503,fc2098317d43af66664f0f1337a49fcd8e945f0f8e21c87ed1f6e9a771b53a8f,gwsearch run
139,1775250736.4281518,fc2098317d43af66664f0f1337a49fcd8e945f0f8e21c87ed1f6e9a771b53a8f,gwsearch run
140,1775251310.1719685,fc2098317d43af66664f0f1337a49fcd8e945f0f8e21c87ed1f6e9a771b53a8f,gwsearch run
141,1775251883.6949842,fc2098317d43af66664f0f1337a49fcd8e945f0f8e21c87ed1f6e9a771b53a8f,gwsearch run
142,1775252457.2000203,fc2098317d43af66664f0f1337a49fcd8e945f0f8e21c87ed1f6e9a771b53a8f,gwsearch run
143,1775253029.6916277,fc2098317d43af66664f0f1337a49fcd8e945f0f8e21c87ed1f6e9a771b53a8f,gwsearch run
144,1775253602.930571,fc2098317d43af66664f0f1337a49fcd8e945f0f8e21c87ed1f6e9a771b53a8f,gwsearch run
145,1775254177.943775,fc2098317d43af66664f0f1337a49fcd8e945f0f8e21c87ed1f6e9a771b53a8f,gwsearch run
146,1775254749.4362917,fc2098317d43af66664f0f1337a49fcd8e945f0f8e21c87ed1f6e9a771b53a8f,gwsearch run
147,1775255323.1744998,fc2098317d43af66664f0f1337a49fcd8e945f0f8e21c87ed1f6e9a771b53a8f,gwsearch run
148,1775255896.932149,fc2098317d43af66664f0f1337a49fcd8e945f0f8e21c87ed1f6e9a771b53a8f,gwsearch run
149,1775256471.4218037,fc2098317d43af66664f0f1337a49fcd8e945f0f8e21c87ed1f6e9a771b53a8f,gwsearch run
150,1775257045.4419408,fc2098317d43af66664f0f1337a49fcd8e945f0f8e21c87ed1f6e9a771b53a8f,gwsearch run
151,1775257618.6949475,fc2098317d43af66664f0f1337a49fcd8e945f0f8e21c87ed1f6e9a771b53a8f,gwsearch run
152,1775258192.1923099,fc2098317d43af66664f0f1337a49fcd8e945f0f8e21c87ed1f6e9a771b53a8f,gwsearch run
153,1775258764.1990948,fc2098317d43af66664f0f1337a49fcd8e945f0f8e21c87ed1f6e9a771b53a8f,gwsearch run
154,1775259338.4395077,fc2098317d43af66664f0f1337a49fcd8e945f0f8e21c87ed1f6e9a771b53a8f,gwsearch run
155,1775259910.965232,fc2098317d43af66664f0f1337a49fcd8e945f0f8e21c87ed1f6e9a771b53a8f,gwsearch run
156,1775260485.185128,fc2098317d43af66664f0f1337a49fcd8e945f0f8e21c87ed1f6e9a771b53a8f,gwsearch run
157,1775261058.6976986,fc2098317d43af66664f0f1337a49fcd8e945f0f8e21c87ed1f6e9a771b53a8f,gwsearch run
158,1775261642.702529,fc2098317d43af66664f0f1337a49fcd8e945f0f8e21c87ed1f6e9a771b53a8f,gwsearch run
159,1775262225.6624827,fc2098317d43af66664f0f1337a49fcd8e945f0f8e21c87ed1f6e9a771b53a8f,gwsearch run
160,1775262798.1711454,fc2098317d43af66664f0f1337a49fcd8e945f0f8e21c87ed1f6e9a771b53a8f,gwsearch run
161,1775263370.6454146,fc2098317d43af66664f0f1337a49fcd8e945f0f8e21c87ed1f6e9a771b53a8f,gwsearch run
162,1775263945.1753678,fc2098317d43af66664f0f1337a49fcd8e945f0f8e21c87ed1f6e9a771b53a8f,gwsearch run
163,1775264529.6835084,fc2098317d43af66664f0f1337a49fcd8e945f0f8e21c87ed1f6e9a771b53a8f,gwsearch run
164,1775265103.9254668,fc2098317d43af66664f0f1337a49fcd8e945f0f8e21c87ed1f6e9a771b53a8f,gwsearch run
165,1775265681.9492402,fc2098317d43af66664f0f1337a49fcd8e945f0f8e21c87ed1f6e9a771b53a8f,gwsearch run
166,1775266258.1365674,fc2098317d43af66664f0f1337a49fcd8e945f0f8e21c87ed1f6e9a771b53a8f,gwsearch run
167,1775266831.1845067,fc2098317d43af66664f0f1337a49fcd8e945f0f8e21c87ed1f6e9a771b53a8f,gwsearch run
168,1775267406.19576,fc2098317d43af66664f0f1337a49fcd8e945f0f8e21c87ed1f6e9a771b53a8f,gwsearch run
169,1775267978.4198804,fc2098317d43af66664f0f1337a49fcd8e945f0f8e21c87ed1f6e9a771b53a8f,gwsearch run
170,1775268551.9231696,fc2098317d43af66664f0f1337a49fcd8e945f0f8e21c87ed1f6e9a771b53a8f,gwsearch run
171,1775269125.1440444,fc2098317d43af66664f0f1337a49fcd8e945f0f8e21c87ed1f6e9a771b53a8f,gwsearch run
172,1775269698.9209883,fc2098317d43af66664f0f1337a49fcd8e945f0f8e21c87ed1f6e9a771b53a8f,gwsearch run
173,1775270273.1732702,fc2098317d43af66664f0f1337a49fcd8e945f0f8e21c87ed1f6e9a771b53a8f,gwsearch run
174,1775270844.9130766,fc2098317d43af66664f0f1337a49fcd8e945f0f8e21c87ed1f6e9a771b53a8f,gwsearch run
175,1775271418.1793194,fc2098317d43af66664f0f1337a49fcd8e945f0f8e21c87ed1f6e9a771b53a8f,gwsearch run
176,1775272001.6740587,fc2098317d43af66664f0f1337a49fcd8e945f0f8e21c87ed1f6e9a771b53a8f,gwsearch run
177,1775272573.6947129,fc2098317d43af66664f0f1337a49fcd8e945f0f8e21c87ed1f6e9a771b53a8f,gwsearch run
178,1775273151.9387434,fc2098317d43af66664f0f1337a49fcd8e945f0f8e21c87ed1f6e9a771b53a8f,gwsearch run
179,1775273735.9298828,fc2098317d43af66664f0f1337a49fcd8e945f0f8e21c87ed1f6e9a771b53a8f,gwsearch run
180,1775274309.4197483,fc2098317d43af66664f0f1337a49fcd8e945f0f8e21c87ed1f6e9a771b53a8f,gwsearch run
181,1775274882.4388757,fc2098317d43af66664f0f1337a49fcd8e945f0f8e21c87ed1f6e9a771b53a8f,gwsearch run
182,1775275455.4250321,fc2098317d43af66664f0f1337a49fcd8e945f0f8e21c87ed1f6e9a771b53a8f,gwsearch run
183,1775276027.1996722,fc2098317d43af66664f0f1337a49fcd8e945f0f8e21c87ed1f6e9a771b53a8f,gwsearch run
184,1775276600.6920555,fc2098317d43af66664f0f1337a49fcd8e945f0f8e21c87ed1f6e9a771b53a8f,gwsearch run
185,1775277173.6929471,fc2098317d43af66664f0f1337a49fcd8e945f0f8e21c87ed1f6e9a771b53a8f,gwsearch run
186,1775277744.6972094,fc2098317d43af66664f0f1337a49fcd8e945f0f8e21c87ed1f6e9a771b53a8f,gwsearch run
187,1775278318.9246016,fc2098317d43af66664f0f1337a49fcd8e945f0f8e21c87ed1f6e9a771b53a8f,gwsearch run
188,1775278888.9411488,fc2098317d43af66664f0f1337a49fcd8e945f0f8e21c87ed1f6e9a771b53a8f,gwsearch run
189,1775279464.178888,fc2098317d43af66664f0f1337a49fcd8e945f0f8e21c87ed1f6e9a771b53a8f,gwsearch run
190,1775280036.1514168,fc2098317d43af66664f0f1337a49fcd8e945f0f8e21c87ed1f6e9a771b53a8f,gwsearch run
191,1775280607.9338088,fc2098317d43af66664f0f1337a49fcd8e945f0f8e21c87ed1f6e9a771b53a8f,gwsearch run
192,1775281182.6740408,fc2098317d43af66664f0f1337a49fcd8e945f0f8e21c87ed1f6e9a771b53a8f,gwsearch run
193,1775281764.163874,fc2098317d43af66664f0f1337a49fcd8e945f0f8e21c87ed1f6e9a771b53a8f,gwsearch run
194,1775282335.6754563,fc2098317d43af66664f0f1337a49fcd8e945f0f8e21c87ed1f6e9a771b53a8f,gwsearch run
195,1775282909.6676006,fc2098317d43af66664f0f1337a49fcd8e945f0f8e21c87ed1f6e9a771b53a8f,gwsearch run
196,1775283483.9542842,fc2098317d43af66664f0f1337a49fcd8e945f0f8e21c87ed1f6e9a771b53a8f,gwsearch run
197,1775284055.1743982,fc2098317d43af66664f0f1337a49fcd8e945f0f8e21c87ed1f6e9a771b53a8f,gwsearch run
198,1775284627.437645,fc2098317d43af66664f0f1337a49fcd8e945f0f8e21c87ed1f6e9a771b53a8f,gwsearch run
199,1775285198.1759555,fc2098317d43af66664f0f1337a49fcd8e945f0f8e21c87ed1f6e9a771b53a8f,gwsearch run
200,1775285768.9407332,fc2098317d43af66664f0f1337a49fcd8e945f0f8e21c87ed1f6e9a771b53a8f,gwsearch run
201,1775286342.9366772,fc2098317d43af66664f0f1337a49fcd8e945f0f8e21c87ed1f6e9a771b53a8f,gwsearch run
202,1775286917.6665301,fc2098317d43af66664f0f1337a49fcd8e945f0f8e21c87ed1f6e9a771b53a8f,gwsearch run
203,1775287490.679818,fc2098317d43af66664f0f1337a49fcd8e945f0f8e21c87ed1f6e9a771b53a8f,gwsearch run
204,1775288069.6793482,fc2098317d43af66664f0f1337a49fcd8e945f0f8e21c87ed1f6e9a771b53a8f,gwsearch run
205,1775288642.2255511,fc2098317d43af66664f0f1337a49fcd8e945f0f8e21c87ed1f6e9a771b53a8f,gwsearch run
206,1775289214.4446201,fc2098317d43af66664f0f1337a49fcd8e945f0f8e21c87ed1f6e9a771b53a8f,gwsearch run
207,1775289787.689056,fc2098317d43af66664f0f1337a49fcd8e945f0f8e21c87ed1f6e9a771b53a8f,gwsearch run
208,1775290361.4200964,fc2098317d43af66664f0f1337a49fcd8e945f0f8e21c87ed1f6e9a771b53a8f,gwsearch run
209,1775290936.9302218,fc2098317d43af66664f0f1337a49fcd8e945f0f8e21c87ed1f6e9a771b53a8f,gwsearch run
210,1775291512.4477475,fc2098317d43af66664f0f1337a49fcd8e945f0f8e21c87ed1f6e9a771b53a8f,gwsearch run
211,1775292084.6748164,fc2098317d43af66664f0f1337a49fcd8e945f0f8e21c87ed1f6e9a771b53a8f,gwsearch run
212,1775292658.4210885,fc2098317d43af66664f0f1337a49fcd8e945f0f8e21c87ed1f6e9a771b53a8f,gwsearch run
213,1775293230.65746,fc2098317d43af66664f0f1337a49fcd8e945f0f8e21c87ed1f6e9a771b53a8f,gwsearch run
214,1775293803.9068742,fc2098317d43af66664f0f1337a49fcd8e945f0f8e21c87ed1f6e9a771b53a8f,gwsearch run
215,1775294380.9563484,fc2098317d43af66664f0f1337a49fcd8e945f0f8e21c87ed1f6e9a771b53a8f,gwsearch run
216,1775294954.1897523,fc2098317d43af66664f0f1337a49fcd8e945f0f8e21c87ed1f6e9a771b53a8f,gwsearch run
217,1775295528.1851819,fc2098317d43af66664f0f1337a49fcd8e945f0f8e21c87ed1f6e9a771b53a8f,gwsearch run
218,1775296100.9139955,fc2098317d43af66664f0f1337a49fcd8e945f0f8e21c87ed1f6e9a771b53a8f,gwsearch run
219,1775296672.6908715,fc2098317d43af66664f0f1337a49fcd8e945f0f8e21c87ed1f6e9a771b53a8f,gwsearch run
220,1775297245.1662872,fc2098317d43af66664f0f1337a49fcd8e945f0f8e21c87ed1f6e9a771b53a8f,gwsearch run
221,1775297820.4302256,fc2098317d43af66664f0f1337a49fcd8e945f0f8e21c87ed1f6e9a771b53a8f,gwsearch run
222,1775298394.1974368,fc2098317d43af66664f0f1337a49fcd8e945f0f8e21c87ed1f6e9a771b53a8f,gwsearch run
223,1775298965.715778,fc2098317d43af66664f0f1337a49fcd8e945f0f8e21c87ed1f6e9a771b53a8f,gwsearch run
224,1775299538.9446654,fc2098317d43af66664f0f1337a49fcd8e945f0f8e21c87ed1f6e9a771b53a8f,gwsearch run
225,1775300112.1928918,fc2098317d43af66664f0f1337a49fcd8e945f0f8e21c87ed1f6e9a771b53a8f,gwsearch run
226,1775300683.6737323,fc2098317d43af66664f0f1337a49fcd8e945f0f8e21c87ed1f6e9a771b53a8f,gwsearch run
227,1775301256.9436083,fc2098317d43af66664f0f1337a49fcd8e945f0f8e21c87ed1f6e9a771b53a8f,gwsearch run
228,1775301831.1712852,fc2098317d43af66664f0f1337a49fcd8e945f0f8e21c87ed1f6e9a771b53a8f,gwsearch run
229,1775302411.4410632,fc2098317d43af66664f0f1337a49fcd8e945f0f8e21c87ed1f6e9a771b53a8f,gwsearch run
230,1775302984.9250946,fc2098317d43af66664f0f1337a49fcd8e945f0f8e21c87ed1f6e9a771b53a8f,gwsearch run
231,1775303568.9412644,fc2098317d43af66664f0f1337a49fcd8e945f0f8e21c87ed1f6e9a771b53a8f,gwsearch run
232,1775304142.1736598,fc2098317d43af66664f0f1337a49fcd8e945f0f8e21c87ed1f6e9a771b53a8f,gwsearch run
233,1775304714.6657307,fc2098317d43af66664f0f1337a49fcd8e945f0f8e21c87ed1f6e9a771b53a8f,gwsearch run
234,1775305288.4446216,fc2098317d43af66664f0f1337a49fcd8e945f0f8e21c87ed1f6e9a771b53a8f,gwsearch run
235,1775305862.7054293,fc2098317d43af66664f0f1337a49fcd8e945f0f8e21c87ed1f6e9a771b53a8f,gwsearch run
236,1775306436.6936746,fc2098317d43af66664f0f1337a49fcd8e945f0f8e21c87ed1f6e9a771b53a8f,gwsearch run
237,1775307009.4275107,fc2098317d43af66664f0f1337a49fcd8e945f0f8e21c87ed1f6e9a771b53a8f,gwsearch run
238,1775307589.9610295,fc2098317d43af66664f0f1337a49fcd8e945f0f8e21c87ed1f6e9a771b53a8f,gwsearch run
239,1775308161.4444346,fc2098317d43af66664f0f1337a49fcd8e945f0f8e21c87ed1f6e9a771b53a8f,gwsearch run
240,1775308733.4515517,fc2098317d43af66664f0f1337a49fcd8e945f0f8e21c87ed1f6e9a771b53a8f,gwsearch run
241,1775309307.4382973,fc2098317d43af66664f0f1337a49fcd8e945f0f8e21c87ed1f6e9a771b53a8f,gwsearch run
242,1775309879.7118084,fc2098317d43af66664f0f1337a49fcd8e945f0f8e21c87ed1f6e9a771b53a8f,gwsearch run
243,1775310452.19297,fc2098317d43af66664f0f1337a49fcd8e945f0f8e21c87ed1f6e9a771b53a8f,gwsearch run
244,1775311028.94645,fc2098317d43af66664f0f1337a49fcd8e945f0f8e21c87ed1f6e9a771b53a8f,gwsearch run
245,1775311601.6679065,fc2098317d43af66664f0f1337a49fcd8e945f0f8e21c87ed1f6e9a771b53a8f,gwsearch run
246,1775312175.6824796,fc2098317d43af66664f0f1337a49fcd8e945f0f8e21c87ed1f6e9a771b53a8f,gwsearch run
247,1775312748.4413364,fc2098317d43af66664f0f1337a49fcd8e945f0f8e21c87ed1f6e9a771b53a8f,gwsearch run
248,1775313322.4182217,fc2098317d43af66664f0f1337a49fcd8e945f0f8e21c87ed1f6e9a771b53a8f,gwsearch run
249,1775313894.930531,fc2098317d43af66664f0f1337a49fcd8e945f0f8e21c87ed1f6e9a771b53a8f,gwsearch run
250,1775314478.46399,fc2098317d43af66664f0f1337a49fcd8e945f0f8e21c87ed1f6e9a771b53a8f,gwsearch run
251,1775315061.6879869,fc2098317d43af66664f0f1337a49fcd8e945f0f8e21c87ed1f6e9a771b53a8f,gwsearch run
252,1775315635.927026,fc2098317d43af66664f0f1337a49fcd8e945f0f8e21c87ed1f6e9a771b53a8f,gwsearch run
253,1775316209.1989481,fc2098317d43af66664f0f1337a49fcd8e945f0f8e21c87ed1f6e9a771b53a8f,gwsearch run
254,1775316781.4555557,fc2098317d43af66664f0f1337a49fcd8e945f0f8e21c87ed1f6e9a771b53a8f,gwsearch run
255,1775317354.90806,fc2098317d43af66664f0f1337a49fcd8e945f0f8e21c87ed1f6e9a771b53a8f,gwsearch run
256,1775317929.1811535,fc2098317d43af66664f0f1337a49fcd8e945f0f8e21c87ed1f6e9a771b53a8f,gwsearch run
257,1775318499.6882854,fc2098317d43af66664f0f1337a49fcd8e945f0f8e21c87ed1f6e9a771b53a8f,gwsearch run
258,1775319074.2037086,fc2098317d43af66664f0f1337a49fcd8e945f0f8e21c87ed1f6e9a771b53a8f,gwsearch run
259,1775319648.6954398,fc2098317d43af66664f0f1337a49fcd8e945f0f8e21c87ed1f6e9a771b53a8f,gwsearch run
260,1775320223.1737738,fc2098317d43af66664f0f1337a49fcd8e945f0f8e21c87ed1f6e9a771b53a8f,gwsearch run
261,1775320798.6655364,fc2098317d43af66664f0f1337a49fcd8e945f0f8e21c87ed1f6e9a771b53a8f,gwsearch run
262,1775321371.9479504,fc2098317d43af66664f0f1337a49fcd8e945f0f8e21c87ed1f6e9a771b53a8f,gwsearch run
263,1775321945.1883252,fc2098317d43af66664f0f1337a49fcd8e945f0f8e21c87ed1f6e9a771b53a8f,gwsearch run
264,1775322519.9613218,fc2098317d43af66664f0f1337a49fcd8e945f0f8e21c87ed1f6e9a771b53a8f,gwsearch run
265,1775323091.9195716,fc2098317d43af66664f0f1337a49fcd8e945f0f8e21c87ed1f6e9a771b53a8f,gwsearch run
266,1775323665.945555,fc2098317d43af66664f0f1337a49fcd8e945f0f8e21c87ed1f6e9a771b53a8f,gwsearch run
267,1775324237.4288142,fc2098317d43af66664f0f1337a49fcd8e945f0f8e21c87ed1f6e9a771b53a8f,gwsearch run
268,1775324820.4525769,fc2098317d43af66664f0f1337a49fcd8e945f0f8e21c87ed1f6e9a771b53a8f,gwsearch run
269,1775325393.690092,fc2098317d43af66664f0f1337a49fcd8e945f0f8e21c87ed1f6e9a771b53a8f,gwsearch run
270,1775325966.6748247,fc2098317d43af66664f0f1337a49fcd8e945f0f8e21c87ed1f6e9a771b53a8f,gwsearch run
271,1775326538.4534302,fc2098317d43af66664f0f1337a49fcd8e945f0f8e21c87ed1f6e9a771b53a8f,gwsearch run
272,1775327111.732011,fc2098317d43af66664f0f1337a49fcd8e945f0f8e21c87ed1f6e9a771b53a8f,gwsearch run
273,1775327685.2218359,fc2098317d43af66664f0f1337a49fcd8e945f0f8e21c87ed1f6e9a771b53a8f,gwsearch run
274,1775328269.1671698,fc2098317d43af66664f0f1337a49fcd8e945f0f8e21c87ed1f6e9a771b53a8f,gwsearch run
275,1775328842.4344027,fc2098317d43af66664f0f1337a49fcd8e945f0f8e21c87ed1f6e9a771b53a8f,gwsearch run
276,1775329414.4229755,fc2098317d43af66664f0f1337a49fcd8e945f0f8e21c87ed1f6e9a771b53a8f,gwsearch run
277,1775329985.917145,fc2098317d43af66664f0f1337a49fcd8e945f0f8e21c87ed1f6e9a771b53a8f,gwsearch run
278,1775330558.435784,fc2098317d43af66664f0f1337a49fcd8e945f0f8e21c87ed1f6e9a771b53a8f,gwsearch run
279,1775331131.6876788,fc2098317d43af66664f0f1337a49fcd8e945f0f8e21c87ed1f6e9a771b53a8f,gwsearch run
280,1775331705.4285448,fc2098317d43af66664f0f1337a49fcd8e945f0f8e21c87ed1f6e9a771b53a8f,gwsearch run
281,1775332280.1879597,fc2098317d43af66664f0f1337a49fcd8e945f0f8e21c87ed1f6e9a771b53a8f,gwsearch run
282,1775332852.1858041,fc2098317d43af66664f0f1337a49fcd8e945f0f8e21c87ed1f6e9a771b53a8f,gwsearch run
283,1775333423.4277267,fc2098317d43af66664f0f1337a49fcd8e945f0f8e21c87ed1f6e9a771b53a8f,gwsearch run
284,1775333996.1794453,fc2098317d43af66664f0f1337a49fcd8e945f0f8e21c87ed1f6e9a771b53a8f,gwsearch run
285,1775334569.6972792,fc2098317d43af66664f0f1337a49fcd8e945f0f8e21c87ed1f6e9a771b53a8f,gwsearch run
286,1775335142.9478228,fc2098317d43af66664f0f1337a49fcd8e945f0f8e21c87ed1f6e9a771b53a8f,gwsearch run
287,1775335715.4392903,fc2098317d43af66664f0f1337a49fcd8e945f0f8e21c87ed1f6e9a771b53a8f,gwsearch run
288,1775336288.437803,fc2098317d43af66664f0f1337a49fcd8e945f0f8e21c87ed1f6e9a771b53a8f,gwsearch run
289,1775336860.675662,fc2098317d43af66664f0f1337a49fcd8e945f0f8e21c87ed1f6e9a771b53a8f,gwsearch run
290,1775337431.159165,fc2098317d43af66664f0f1337a49fcd8e945f0f8e21c87ed1f6e9a771b53a8f,gwsearch run
291,1775338003.9383082,fc2098317d43af66664f0f1337a49fcd8e945f0f8e21c87ed1f6e9a771b53a8f,gwsearch run
292,1775338575.4224925,fc2098317d43af66664f0f1337a49fcd8e945f0f8e21c87ed1f6e9a771b53a8f,gwsearch run
293,1775339149.186293,fc2098317d43af66664f0f1337a49fcd8e945f0f8e21c87ed1f6e9a771b53a8f,gwsearch run
294,1775339722.1798387,fc2098317d43af66664f0f1337a49fcd8e945f0f8e21c87ed1f6e9a771b53a8f,gwsearch run
295,1775340294.4320726,fc2098317d43af66664f0f1337a49fcd8e945f0f8e21c87ed1f6e9a771b53a8f,gwsearch run
296,1775340870.689715,fc2098317d43af66664f0f1337a49fcd8e945f0f8e21c87ed1f6e9a771b53a8f,gwsearch run
297,1775341444.1729217,fc2098317d43af66664f0f1337a49fcd8e945f0f8e21c87ed1f6e9a771b53a8f,gwsearch run
298,1775342015.4290981,fc2098317d43af66664f0f1337a49fcd8e945f0f8e21c87ed1f6e9a771b53a8f,gwsearch run
299,1775342589.4377396,fc2098317d43af66664f0f1337a49fcd8e945f0f8e21c87ed1f6e9a771b53a8f,gwsearch run
300,1775343163.428048,fc2098317d43af66664f0f1337a49fcd8e945f0f8e21c87ed1f6e9a771b53a8f,gwsearch run
301,1775343736.1898937,fc2098317d43af66664f0f1337a49fcd8e945f0f8e21c87ed1f6e9a771b53a8f,gwsearch run
302,1775344310.9187925,fc2098317d43af66664f0f1337a49fcd8e945f0f8e21c87ed1f6e9a771b53a8f,gwsearch run
303,1775344884.4176688,fc2098317d43af66664f0f1337a49fcd8e945f0f8e21c87ed1f6e9a771b53a8f,gwsearch run
304,1775345457.1897378,fc2098317d43af66664f0f1337a49fcd8e945f0f8e21c87ed1f6e9a771b53a8f,gwsearch run
305,1775346029.9383485,fc2098317d43af66664f0f1337a49fcd8e945f0f8e21c87ed1f6e9a771b53a8f,gwsearch run
306,1775346602.4233212,fc2098317d43af66664f0f1337a49fcd8e945f0f8e21c87ed1f6e9a771b53a8f,gwsearch run
307,1775347175.9447558,fc2098317d43af66664f0f1337a49fcd8e945f0f8e21c87ed1f6e9a771b53a8f,gwsearch run
308,1775347751.1754148,fc2098317d43af66664f0f1337a49fcd8e945f0f8e21c87ed1f6e9a771b53a8f,gwsearch run
309,1775348323.6744766,fc2098317d43af66664f0f1337a49fcd8e945f0f8e21c87ed1f6e9a771b53a8f,gwsearch run
310,1775348898.696566,fc2098317d43af66664f0f1337a49fcd8e945f0f8e21c87ed1f6e9a771b53a8f,gwsearch run
311,1775349471.6691024,fc2098317d43af66664f0f1337a49fcd8e945f0f8e21c87ed1f6e9a771b53a8f,gwsearch run
312,1775350044.1773567,fc2098317d43af66664f0f1337a49fcd8e945f0f8e21c87ed1f6e9a771b53a8f,gwsearch run
313,1775350616.9329965,fc2098317d43af66664f0f1337a49fcd8e945f0f8e21c87ed1f6e9a771b53a8f,gwsearch run
314,1775351191.9482687,fc2098317d43af66664f0f1337a49fcd8e945f0f8e21c87ed1f6e9a771b53a8f,gwsearch run
315,1775351763.1429083,fc2098317d43af66664f0f1337a49fcd8e945f0f8e21c87ed1f6e9a771b53a8f,gwsearch run
316,1775352332.9620752,fc2098317d43af66664f0f1337a49fcd8e945f0f8e21c87ed1f6e9a771b53a8f,gwsearch run
317,1775352905.933251,fc2098317d43af66664f0f1337a49fcd8e945f0f8e21c87ed1f6e9a771b53a8f,gwsearch run
318,1775353479.1919224,fc2098317d43af66664f0f1337a49fcd8e945f0f8e21c87ed1f6e9a771b53a8f,gwsearch run
319,1775354061.429739,fc2098317d43af66664f0f1337a49fcd8e945f0f8e21c87ed1f6e9a771b53a8f,gwsearch run
320,1775354634.4394393,fc2098317d43af66664f0f1337a49fcd8e945f0f8e21c87ed1f6e9a771b53a8f,gwsearch run
321,1775355215.9021282,fc2098317d43af66664f0f1337a49fcd8e945f0f8e21c87ed1f6e9a771b53a8f,gwsearch run
322,1775355787.2002895,fc2098317d43af66664f0f1337a49fcd8e945f0f8e21c87ed1f6e9a771b53a8f,gwsearch run
323,1775356359.9219043,fc2098317d43af66664f0f1337a49fcd8e945f0f8e21c87ed1f6e9a771b53a8f,gwsearch run
324,1775356933.9155703,fc2098317d43af66664f0f1337a49fcd8e945f0f8e21c87ed1f6e9a771b53a8f,gwsearch run
325,1775357507.1788454,fc2098317d43af66664f0f1337a49fcd8e945f0f8e21c87ed1f6e9a771b53a8f,gwsearch run
326,1775358081.163234,fc2098317d43af66664f0f1337a49fcd8e945f0f8e21c87ed1f6e9a771b53a8f,gwsearch run
327,1775358653.4307086,fc2098317d43af66664f0f1337a49fcd8e945f0f8e21c87ed1f6e9a771b53a8f,gwsearch run
328,1775359227.9267602,fc2098317d43af66664f0f1337a49fcd8e945f0f8e21c87ed1f6e9a771b53a8f,gwsearch run
329,1775359799.9151983,fc2098317d43af66664f0f1337a49fcd8e945f0f8e21c87ed1f6e9a771b53a8f,gwsearch run
330,1775360373.1955926,fc2098317d43af66664f0f1337a49fcd8e945f0f8e21c87ed1f6e9a771b53a8f,gwsearch run
331,1775360945.9080992,fc2098317d43af66664f0f1337a49fcd8e945f0f8e21c87ed1f6e9a771b53a8f,gwsearch run
332,1775361517.9150312,fc2098317d43af66664f0f1337a49fcd8e945f0f8e21c87ed1f6e9a771b53a8f,gwsearch run
333,1775362089.4340882,fc2098317d43af66664f0f1337a49fcd8e945f0f8e21c87ed1f6e9a771b53a8f,gwsearch run
334,1775362661.951452,fc2098317d43af66664f0f1337a49fcd8e945f0f8e21c87ed1f6e9a771b53a8f,gwsearch run
335,1775363234.9548671,fc2098317d43af66664f0f1337a49fcd8e945f0f8e21c87ed1f6e9a771b53a8f,gwsearch run
336,1775363806.6978333,fc2098317d43af66664f0f1337a49fcd8e945f0f8e21c87ed1f6e9a771b53a8f,gwsearch run
337,1775364378.997086,fc2098317d43af66664f0f1337a49fcd8e945f0f8e21c87ed1f6e9a771b53a8f,gwsearch run
338,1775364959.9419124,fc2098317d43af66664f0f1337a49fcd8e945f0f8e21c87ed1f6e9a771b53a8f,gwsearch run
339,1775365531.4330602,fc2098317d43af66664f0f1337a49fcd8e945f0f8e21c87ed1f6e9a771b53a8f,gwsearch run
340,1775366104.9353764,fc2098317d43af66664f0f1337a49fcd8e945f0f8e21c87ed1f6e9a771b53a8f,gwsearch run
341,1775366675.9437523,fc2098317d43af66664f0f1337a49fcd8e945f0f8e21c87ed1f6e9a771b53a8f,gwsearch run
342,1775367249.4469566,fc2098317d43af66664f0f1337a49fcd8e945f0f8e21c87ed1f6e9a771b53a8f,gwsearch run
343,1775367822.4287217,fc2098317d43af66664f0f1337a49fcd8e945f0f8e21c87ed1f6e9a771b53a8f,gwsearch run
344,1775368397.1810677,fc2098317d43af66664f0f1337a49fcd8e945f0f8e21c87ed1f6e9a771b53a8f,gwsearch run
345,1775368967.6841843,fc2098317d43af66664f0f1337a49fcd8e945f0f8e21c87ed1f6e9a771b53a8f,gwsearch run
346,1775369540.4093158,fc2098317d43af66664f0f1337a49fcd8e945f0f8e21c87ed1f6e9a771b53a8f,gwsearch run
347,1775370112.1754768,fc2098317d43af66664f0f1337a49fcd8e945f0f8e21c87ed1f6e9a771b53a8f,gwsearch run
348,1775370684.1694558,fc2098317d43af66664f0f1337a49fcd8e945f0f8e21c87ed1f6e9a771b53a8f,gwsearch run
349,1775371256.6847029,fc2098317d43af66664f0f1337a49fcd8e945f0f8e21c87ed1f6e9a771b53a8f,gwsearch run
350,1775371829.67467,fc2098317d43af66664f0f1337a49fcd8e945f0f8e21c87ed1f6e9a771b53a8f,gwsearch run
351,1775372402.9467306,fc2098317d43af66664f0f1337a49fcd8e945f0f8e21c87ed1f6e9a771b53a8f,gwsearch run
352,1775372974.4460995,fc2098317d43af66664f0f1337a49fcd8e945f0f8e21c87ed1f6e9a771b53a8f,gwsearch run
353,1775373546.9309378,fc2098317d43af66664f0f1337a49fcd8e945f0f8e21c87ed1f6e9a771b53a8f,gwsearch run
354,1775374130.677482,fc2098317d43af66664f0f1337a49fcd8e945f0f8e21c87ed1f6e9a771b53a8f,gwsearch run
355,1775374701.1925342,fc2098317d43af66664f0f1337a49fcd8e945f0f8e21c87ed1f6e9a771b53a8f,gwsearch run
356,1775375271.9133317,fc2098317d43af66664f0f1337a49fcd8e945f0f8e21c87ed1f6e9a771b53a8f,gwsearch run
357,1775375843.956763,fc2098317d43af66664f0f1337a49fcd8e945f0f8e21c87ed1f6e9a771b53a8f,gwsearch run
358,1775376418.6897366,fc2098317d43af66664f0f1337a49fcd8e945f0f8e21c87ed1f6e9a771b53a8f,gwsearch run
359,1775376990.665233,fc2098317d43af66664f0f1337a49fcd8e945f0f8e21c87ed1f6e9a771b53a8f,gwsearch run
360,1775377563.6915383,fc2098317d43af66664f0f1337a49fcd8e945f0f8e21c87ed1f6e9a771b53a8f,gwsearch run
361,1775378137.4457755,fc2098317d43af66664f0f1337a49fcd8e945f0f8e21c87ed1f6e9a771b53a8f,gwsearch run
362,1775378710.3929563,fc2098317d43af66664f0f1337a49fcd8e945f0f8e21c87ed1f6e9a771b53a8f,gwsearch run
363,1775379283.4194677,fc2098317d43af66664f0f1337a49fcd8e945f0f8e21c87ed1f6e9a771b53a8f,gwsearch run
364,1775379856.44572,fc2098317d43af66664f0f1337a49fcd8e945f0f8e21c87ed1f6e9a771b53a8f,gwsearch run
365,1775380429.4298203,fc2098317d43af66664f0f1337a49fcd8e945f0f8e21c87ed1f6e9a771b53a8f,gwsearch run
366,1775381002.1826243,fc2098317d43af66664f0f1337a49fcd8e945f0f8e21c87ed1f6e9a771b53a8f,gwsearch run
367,1775381575.411917,fc2098317d43af66664f0f1337a49fcd8e945f0f8e21c87ed1f6e9a771b53a8f,gwsearch run
368,1775382157.1747274,fc2098317d43af66664f0f1337a49fcd8e945f0f8e21c87ed1f6e9a771b53a8f,gwsearch run
369,1775382732.1591547,fc2098317d43af66664f0f1337a49fcd8e945f0f8e21c87ed1f6e9a771b53a8f,gwsearch run
370,1775383304.6819432,fc2098317d43af66664f0f1337a49fcd8e945f0f8e21c87ed1f6e9a771b53a8f,gwsearch run
371,1775383875.941384,fc2098317d43af66664f0f1337a49fcd8e945f0f8e21c87ed1f6e9a771b53a8f,gwsearch run
372,1775384457.9218366,fc2098317d43af66664f0f1337a49fcd8e945f0f8e21c87ed1f6e9a771b53a8f,gwsearch run
373,1775385037.6770887,fc2098317d43af66664f0f1337a49fcd8e945f0f8e21c87ed1f6e9a771b53a8f,gwsearch run
374,1775385610.9488199,fc2098317d43af66664f0f1337a49fcd8e945f0f8e21c87ed1f6e9a771b53a8f,gwsearch run
375,1775386184.1736188,fc2098317d43af66664f0f1337a49fcd8e945f0f8e21c87ed1f6e9a771b53a8f,gwsearch run
376,1775386756.6955893,fc2098317d43af66664f0f1337a49fcd8e945f0f8e21c87ed1f6e9a771b53a8f,gwsearch run
377,1775387330.4139097,fc2098317d43af66664f0f1337a49fcd8e945f0f8e21c87ed1f6e9a771b53a8f,gwsearch run
378,1775387902.441935,fc2098317d43af66664f0f1337a49fcd8e945f0f8e21c87ed1f6e9a771b53a8f,gwsearch run
379,1775388484.1761472,fc2098317d43af66664f0f1337a49fcd8e945f0f8e21c87ed1f6e9a771b53a8f,gwsearch run
380,1775389056.1783326,fc2098317d43af66664f0f1337a49fcd8e945f0f8e21c87ed1f6e9a771b53a8f,gwsearch run
381,1775389628.9330235,fc2098317d43af66664f0f1337a49fcd8e945f0f8e21c87ed1f6e9a771b53a8f,gwsearch run
382,1775390201.4201028,fc2098317d43af66664f0f1337a49fcd8e945f0f8e21c87ed1f6e9a771b53a8f,gwsearch run
383,1775390792.7000415,fc2098317d43af66664f0f1337a49fcd8e945f0f8e21c87ed1f6e9a771b53a8f,gwsearch run
384,1775391365.956319,fc2098317d43af66664f0f1337a49fcd8e945f0f8e21c87ed1f6e9a771b53a8f,gwsearch run
385,1775391936.699296,fc2098317d43af66664f0f1337a49fcd8e945f0f8e21c87ed1f6e9a771b53a8f,gwsearch run
386,1775392510.6888375,fc2098317d43af66664f0f1337a49fcd8e945f0f8e21c87ed1f6e9a771b53a8f,gwsearch run
387,1775393082.197195,fc2098317d43af66664f0f1337a49fcd8e945f0f8e21c87ed1f6e9a771b53a8f,gwsearch run
388,1775393670.6874568,fc2098317d43af66664f0f1337a49fcd8e945f0f8e21c87ed1f6e9a771b53a8f,gwsearch run
389,1775394242.4367342,fc2098317d43af66664f0f1337a49fcd8e945f0f8e21c87ed1f6e9a771b53a8f,gwsearch run
390,1775394811.9278116,fc2098317d43af66664f0f1337a49fcd8e945f0f8e21c87ed1f6e9a771b53a8f,gwsearch run
391,1775395383.9488606,fc2098317d43af66664f0f1337a49fcd8e945f0f8e21c87ed1f6e9a771b53a8f,gwsearch run
392,1775395954.9252362,fc2098317d43af66664f0f1337a49fcd8e945f0f8e21c87ed1f6e9a771b53a8f,gwsearch run
393,1775396528.953365,fc2098317d43af66664f0f1337a49fcd8e945f0f8e21c87ed1f6e9a771b53a8f,gwsearch run
394,1775397102.1854231,fc2098317d43af66664f0f1337a49fcd8e945f0f8e21c87ed1f6e9a771b53a8f,gwsearch run
395,1775397676.1940987,fc2098317d43af66664f0f1337a49fcd8e945f0f8e21c87ed1f6e9a771b53a8f,gwsearch run
396,1775398246.1909468,fc2098317d43af66664f0f1337a49fcd8e945f0f8e21c87ed1f6e9a771b53a8f,gwsearch run
397,1775398819.4540105,fc2098317d43af66664f0f1337a49fcd8e945f0f8e21c87ed1f6e9a771b53a8f,gwsearch run
398,1775399392.4446445,fc2098317d43af66664f0f1337a49fcd8e945f0f8e21c87ed1f6e9a771b53a8f,gwsearch run
399,1775399963.6893566,fc2098317d43af66664f0f1337a49fcd8e945f0f8e21c87ed1f6e9a771b53a8f,gwsearch run
400,1775400535.6614254,fc2098317d43af66664f0f1337a49fcd8e945f0f8e21c87ed1f6e9a771b53a8f,gwsearch run
401,1775401107.6788213,fc2098317d43af66664f0f1337a49fcd8e945f0f8e21c87ed1f6e9a771b53a8f,gwsearch run
402,1775401681.9222014,fc2098317d43af66664f0f1337a49fcd8e945f0f8e21c87ed1f6e9a771b53a8f,gwsearch run
403,1775402252.6865752,fc2098317d43af66664f0f1337a49fcd8e945f0f8e21c87ed1f6e9a771b53a8f,gwsearch run
404,1775402825.4296818,fc2098317d43af66664f0f1337a49fcd8e945f0f8e21c87ed1f6e9a771b53a8f,gwsearch run
405,1775403396.6929755,fc2098317d43af66664f0f1337a49fcd8e945f0f8e21c87ed1f6e9a771b53a8f,gwsearch run
406,1775403968.6713946,fc2098317d43af66664f0f1337a49fcd8e945f0f8e21c87ed1f6e9a771b53a8f,gwsearch run
407,1775404540.6942196,fc2098317d43af66664f0f1337a49fcd8e945f0f8e21c87ed1f6e9a771b53a8f,gwsearch run
408,1775405113.1669958,fc2098317d43af66664f0f1337a49fcd8e945f0f8e21c87ed1f6e9a771b53a8f,gwsearch run
409,1775405690.169011,fc2098317d43af66664f0f1337a49fcd8e945f0f8e21c87ed1f6e9a771b53a8f,gwsearch run
410,1775406264.2713943,fc2098317d43af66664f0f1337a49fcd8e945f0f8e21c87ed1f6e9a771b53a8f,gwsearch run
411,1775406836.9401789,fc2098317d43af66664f0f1337a49fcd8e945f0f8e21c87ed1f6e9a771b53a8f,gwsearch run
412,1775407413.205082,fc2098317d43af66664f0f1337a49fcd8e945f0f8e21c87ed1f6e9a771b53a8f,gwsearch run
413,1775407986.1880434,fc2098317d43af66664f0f1337a49fcd8e945f0f8e21c87ed1f6e9a771b53a8f,gwsearch run
414,1775408558.4142728,fc2098317d43af66664f0f1337a49fcd8e945f0f8e21c87ed1f6e9a771b53a8f,gwsearch run
415,1775409130.2504172,fc2098317d43af66664f0f1337a49fcd8e945f0f8e21c87ed1f6e9a771b53a8f,gwsearch run
416,1775409703.2121923,fc2098317d43af66664f0f1337a49fcd8e945f0f8e21c87ed1f6e9a771b53a8f,gwsearch run
417,1775410275.4203796,fc2098317d43af66664f0f1337a49fcd8e945f0f8e21c87ed1f6e9a771b53a8f,gwsearch run
418,1775410847.1927776,fc2098317d43af66664f0f1337a49fcd8e945f0f8e21c87ed1f6e9a771b53a8f,gwsearch run
419,1775411420.4535282,fc2098317d43af66664f0f1337a49fcd8e945f0f8e21c87ed1f6e9a771b53a8f,gwsearch run
420,1775411993.1914215,fc2098317d43af66664f0f1337a49fcd8e945f0f8e21c87ed1f6e9a771b53a8f,gwsearch run
421,1775412567.9272337,fc2098317d43af66664f0f1337a49fcd8e945f0f8e21c87ed1f6e9a771b53a8f,gwsearch run
422,1775413140.7011664,fc2098317d43af66664f0f1337a49fcd8e945f0f8e21c87ed1f6e9a771b53a8f,gwsearch run
423,1775413715.1824248,fc2098317d43af66664f0f1337a49fcd8e945f0f8e21c87ed1f6e9a771b53a8f,gwsearch run
424,1775414287.4540064,fc2098317d43af66664f0f1337a49fcd8e945f0f8e21c87ed1f6e9a771b53a8f,gwsearch run
425,1775414859.198431,fc2098317d43af66664f0f1337a49fcd8e945f0f8e21c87ed1f6e9a771b53a8f,gwsearch run
426,1775415432.936127,fc2098317d43af66664f0f1337a49fcd8e945f0f8e21c87ed1f6e9a771b53a8f,gwsearch run
427,1775416061.2060592,fc2098317d43af66664f0f1337a49fcd8e945f0f8e21c87ed1f6e9a771b53a8f,gwsearch run
428,1775416634.1910222,fc2098317d43af66664f0f1337a49fcd8e945f0f8e21c87ed1f6e9a771b53a8f,gwsearch run
429,1775417216.9361832,fc2098317d43af66664f0f1337a49fcd8e945f0f8e21c87ed1f6e9a771b53a8f,gwsearch run
430,1775417831.9798012,fc2098317d43af66664f0f1337a49fcd8e945f0f8e21c87ed1f6e9a771b53a8f,gwsearch run
431,1775418412.677394,fc2098317d43af66664f0f1337a49fcd8e945f0f8e21c87ed1f6e9a771b53a8f,gwsearch run
432,1775418985.6952388,fc2098317d43af66664f0f1337a49fcd8e945f0f8e21c87ed1f6e9a771b53a8f,gwsearch run
433,1775419646.183913,fc2098317d43af66664f0f1337a49fcd8e945f0f8e21c87ed1f6e9a771b53a8f,gwsearch run
434,1775420218.9213693,fc2098317d43af66664f0f1337a49fcd8e945f0f8e21c87ed1f6e9a771b53a8f,gwsearch run
435,1775420791.4334946,fc2098317d43af66664f0f1337a49fcd8e945f0f8e21c87ed1f6e9a771b53a8f,gwsearch run
436,1775421364.1730363,fc2098317d43af66664f0f1337a49fcd8e945f0f8e21c87ed1f6e9a771b53a8f,gwsearch run
437,1775421936.4181929,fc2098317d43af66664f0f1337a49fcd8e945f0f8e21c87ed1f6e9a771b53a8f,gwsearch run
438,1775422508.1888337,fc2098317d43af66664f0f1337a49fcd8e945f0f8e21c87ed1f6e9a771b53a8f,gwsearch run
439,1775423080.188386,fc2098317d43af66664f0f1337a49fcd8e945f0f8e21c87ed1f6e9a771b53a8f,gwsearch run
440,1775423650.4651246,fc2098317d43af66664f0f1337a49fcd8e945f0f8e21c87ed1f6e9a771b53a8f,gwsearch run
441,1775424223.187286,fc2098317d43af66664f0f1337a49fcd8e945f0f8e21c87ed1f6e9a771b53a8f,gwsearch run
442,1775424796.17497,fc2098317d43af66664f0f1337a49fcd8e945f0f8e21c87ed1f6e9a771b53a8f,gwsearch run
443,1775425368.6819568,fc2098317d43af66664f0f1337a49fcd8e945f0f8e21c87ed1f6e9a771b53a8f,gwsearch run
444,1775425938.9305232,fc2098317d43af66664f0f1337a49fcd8e945f0f8e21c87ed1f6e9a771b53a8f,gwsearch run
445,1775426511.4226208,fc2098317d43af66664f0f1337a49fcd8e945f0f8e21c87ed1f6e9a771b53a8f,gwsearch run
446,1775427082.4081564,fc2098317d43af66664f0f1337a49fcd8e945f0f8e21c87ed1f6e9a771b53a8f,gwsearch run
447,1775427664.4463403,fc2098317d43af66664f0f1337a49fcd8e945f0f8e21c87ed1f6e9a771b53a8f,gwsearch run
448,1775428237.1852648,fc2098317d43af66664f0f1337a49fcd8e945f0f8e21c87ed1f6e9a771b53a8f,gwsearch run
449,1775428809.6971085,fc2098317d43af66664f0f1337a49fcd8e945f0f8e21c87ed1f6e9a771b53a8f,gwsearch run
450,1775429383.4460547,fc2098317d43af66664f0f1337a49fcd8e945f0f8e21c87ed1f6e9a771b53a8f,gwsearch run
451,1775429954.4443314,fc2098317d43af66664f0f1337a49fcd8e945f0f8e21c87ed1f6e9a771b53a8f,gwsearch run
452,1775430526.6813564,fc2098317d43af66664f0f1337a49fcd8e945f0f8e21c87ed1f6e9a771b53a8f,gwsearch run
453,1775431098.4277391,fc2098317d43af66664f0f1337a49fcd8e945f0f8e21c87ed1f6e9a771b53a8f,gwsearch run
454,1775431678.6920927,fc2098317d43af66664f0f1337a49fcd8e945f0f8e21c87ed1f6e9a771b53a8f,gwsearch run
455,1775432260.43749,fc2098317d43af66664f0f1337a49fcd8e945f0f8e21c87ed1f6e9a771b53a8f,gwsearch run
456,1775432837.6963658,fc2098317d43af66664f0f1337a49fcd8e945f0f8e21c87ed1f6e9a771b53a8f,gwsearch run
457,1775433415.4325035,fc2098317d43af66664f0f1337a49fcd8e945f0f8e21c87ed1f6e9a771b53a8f,gwsearch run
458,1775433988.6927774,fc2098317d43af66664f0f1337a49fcd8e945f0f8e21c87ed1f6e9a771b53a8f,gwsearch run
459,1775434561.1800032,fc2098317d43af66664f0f1337a49fcd8e945f0f8e21c87ed1f6e9a771b53a8f,gwsearch run
460,1775435134.959865,fc2098317d43af66664f0f1337a49fcd8e945f0f8e21c87ed1f6e9a771b53a8f,gwsearch run
461,1775435708.6791732,fc2098317d43af66664f0f1337a49fcd8e945f0f8e21c87ed1f6e9a771b53a8f,gwsearch run
462,1775436279.9289076,fc2098317d43af66664f0f1337a49fcd8e945f0f8e21c87ed1f6e9a771b53a8f,gwsearch run
463,1775436851.2040918,fc2098317d43af66664f0f1337a49fcd8e945f0f8e21c87ed1f6e9a771b53a8f,gwsearch run
464,1775437421.6922772,fc2098317d43af66664f0f1337a49fcd8e945f0f8e21c87ed1f6e9a771b53a8f,gwsearch run
465,1775437994.4289196,fc2098317d43af66664f0f1337a49fcd8e945f0f8e21c87ed1f6e9a771b53a8f,gwsearch run
466,1775438566.2111905,fc2098317d43af66664f0f1337a49fcd8e945f0f8e21c87ed1f6e9a771b53a8f,gwsearch run
467,1775439138.1632035,fc2098317d43af66664f0f1337a49fcd8e945f0f8e21c87ed1f6e9a771b53a8f,gwsearch run
468,1775439709.6979506,fc2098317d43af66664f0f1337a49fcd8e945f0f8e21c87ed1f6e9a771b53a8f,gwsearch run
469,1775440283.2071717,fc2098317d43af66664f0f1337a49fcd8e945f0f8e21c87ed1f6e9a771b53a8f,gwsearch run
470,1775440854.415738,fc2098317d43af66664f0f1337a49fcd8e945f0f8e21c87ed1f6e9a771b53a8f,gwsearch run
471,1775441431.1698804,fc2098317d43af66664f0f1337a49fcd8e945f0f8e21c87ed1f6e9a771b53a8f,gwsearch run
472,1775442003.17217,fc2098317d43af66664f0f1337a49fcd8e945f0f8e21c87ed1f6e9a771b53a8f,gwsearch run
473,1775442574.683611,fc2098317d43af66664f0f1337a49fcd8e945f0f8e21c87ed1f6e9a771b53a8f,gwsearch run
474,1775443149.9342635,fc2098317d43af66664f0f1337a49fcd8e945f0f8e21c87ed1f6e9a771b53a8f,gwsearch run
475,1775443728.9358895,fc2098317d43af66664f0f1337a49fcd8e945f0f8e21c87ed1f6e9a771b53a8f,gwsearch run
476,1775444301.171099,fc2098317d43af66664f0f1337a49fcd8e945f0f8e21c87ed1f6e9a771b53a8f,gwsearch run
477,1775444874.6957753,fc2098317d43af66664f0f1337a49fcd8e945f0f8e21c87ed1f6e9a771b53a8f,gwsearch run
478,1775445456.206928,fc2098317d43af66664f0f1337a49fcd8e945f0f8e21c87ed1f6e9a771b53a8f,gwsearch run
479,1775446026.951958,fc2098317d43af66664f0f1337a49fcd8e945f0f8e21c87ed1f6e9a771b53a8f,gwsearch run
480,1775446599.1917143,fc2098317d43af66664f0f1337a49fcd8e945f0f8e21c87ed1f6e9a771b53a8f,gwsearch run
481,1775447170.6999304,fc2098317d43af66664f0f1337a49fcd8e945f0f8e21c87ed1f6e9a771b53a8f,gwsearch run
482,1775447743.1821966,fc2098317d43af66664f0f1337a49fcd8e945f0f8e21c87ed1f6e9a771b53a8f,gwsearch run
483,1775448315.7071567,fc2098317d43af66664f0f1337a49fcd8e945f0f8e21c87ed1f6e9a771b53a8f,gwsearch run
484,1775448888.43582,fc2098317d43af66664f0f1337a49fcd8e945f0f8e21c87ed1f6e9a771b53a8f,gwsearch run
485,1775449496.1916757,fc2098317d43af66664f0f1337a49fcd8e945f0f8e21c87ed1f6e9a771b53a8f,gwsearch run
486,1775450123.2194247,fc2098317d43af66664f0f1337a49fcd8e945f0f8e21c87ed1f6e9a771b53a8f,gwsearch run
487,1775450696.3900344,fc2098317d43af66664f0f1337a49fcd8e945f0f8e21c87ed1f6e9a771b53a8f,gwsearch run
488,1775451269.4620721,fc2098317d43af66664f0f1337a49fcd8e945f0f8e21c87ed1f6e9a771b53a8f,gwsearch run
489,1775451842.953989,fc2098317d43af66664f0f1337a49fcd8e945f0f8e21c87ed1f6e9a771b53a8f,gwsearch run
490,1775452416.1988807,fc2098317d43af66664f0f1337a49fcd8e945f0f8e21c87ed1f6e9a771b53a8f,gwsearch run
491,1775452998.9102008,fc2098317d43af66664f0f1337a49fcd8e945f0f8e21c87ed1f6e9a771b53a8f,gwsearch run
492,1775453570.7768621,fc2098317d43af66664f0f1337a49fcd8e945f0f8e21c87ed1f6e9a771b53a8f,gwsearch run
493,1775454183.1781528,fc2098317d43af66664f0f1337a49fcd8e945f0f8e21c87ed1f6e9a771b53a8f,gwsearch run
494,1775454754.4114032,fc2098317d43af66664f0f1337a49fcd8e945f0f8e21c87ed1f6e9a771b53a8f,gwsearch run
495,1775455327.9439228,fc2098317d43af66664f0f1337a49fcd8e945f0f8e21c87ed1f6e9a771b53a8f,gwsearch run
496,1775455899.4250293,fc2098317d43af66664f0f1337a49fcd8e945f0f8e21c87ed1f6e9a771b53a8f,gwsearch run
497,1775456472.6943245,fc2098317d43af66664f0f1337a49fcd8e945f0f8e21c87ed1f6e9a771b53a8f,gwsearch run
498,1775457046.6897032,fc2098317d43af66664f0f1337a49fcd8e945f0f8e21c87ed1f6e9a771b53a8f,gwsearch run
499,1775457618.9400048,fc2098317d43af66664f0f1337a49fcd8e945f0f8e21c87ed1f6e9a771b53a8f,gwsearch run
500,1775458190.9402478,fc2098317d43af66664f0f1337a49fcd8e945f0f8e21c87ed1f6e9a771b53a8f,gwsearch run
501,1775458767.1917841,fc2098317d43af66664f0f1337a49fcd8e945f0f8e21c87ed1f6e9a771b53a8f,gwsearch run
502,1775459338.920207,fc2098317d43af66664f0f1337a49fcd8e945f0f8e21c87ed1f6e9a771b53a8f,gwsearch run
503,1775459910.7606654,fc2098317d43af66664f0f1337a49fcd8e945f0f8e21c87ed1f6e9a771b53a8f,gwsearch run
504,1775460484.1977704,fc2098317d43af66664f0f1337a49fcd8e945f0f8e21c87ed1f6e9a771b53a8f,gwsearch run
505,1775461059.9310684,fc2098317d43af66664f0f1337a49fcd8e945f0f8e21c87ed1f6e9a771b53a8f,gwsearch run
506,1775461631.9309783,fc2098317d43af66664f0f1337a49fcd8e945f0f8e21c87ed1f6e9a771b53a8f,gwsearch run
507,1775462204.202379,fc2098317d43af66664f0f1337a49fcd8e945f0f8e21c87ed1f6e9a771b53a8f,gwsearch run
508,1775462786.677356,fc2098317d43af66664f0f1337a49fcd8e945f0f8e21c87ed1f6e9a771b53a8f,gwsearch run
509,1775463360.1665096,fc2098317d43af66664f0f1337a49fcd8e945f0f8e21c87ed1f6e9a771b53a8f,gwsearch run
510,1775463931.4227712,fc2098317d43af66664f0f1337a49fcd8e945f0f8e21c87ed1f6e9a771b53a8f,gwsearch run
511,1775464501.9370522,fc2098317d43af66664f0f1337a49fcd8e945f0f8e21c87ed1f6e9a771b53a8f,gwsearch run
512,1775465075.1719968,fc2098317d43af66664f0f1337a49fcd8e945f0f8e21c87ed1f6e9a771b53a8f,gwsearch run
513,1775465649.9145994,fc2098317d43af66664f0f1337a49fcd8e945f0f8e21c87ed1f6e9a771b53a8f,gwsearch run
514,1775466222.6697178,fc2098317d43af66664f0f1337a49fcd8e945f0f8e21c87ed1f6e9a771b53a8f,gwsearch run
515,1775466796.170167,fc2098317d43af66664f0f1337a49fcd8e945f0f8e21c87ed1f6e9a771b53a8f,gwsearch run
516,1775467369.6894283,fc2098317d43af66664f0f1337a49fcd8e945f0f8e21c87ed1f6e9a771b53a8f,gwsearch run
517,1775467942.895096,fc2098317d43af66664f0f1337a49fcd8e945f0f8e21c87ed1f6e9a771b53a8f,gwsearch run
518,1775468515.9470515,fc2098317d43af66664f0f1337a49fcd8e945f0f8e21c87ed1f6e9a771b53a8f,gwsearch run
519,1775469088.1794484,fc2098317d43af66664f0f1337a49fcd8e945f0f8e21c87ed1f6e9a771b53a8f,gwsearch run
520,1775469662.1806507,fc2098317d43af66664f0f1337a49fcd8e945f0f8e21c87ed1f6e9a771b53a8f,gwsearch run
521,1775470236.441448,fc2098317d43af66664f0f1337a49fcd8e945f0f8e21c87ed1f6e9a771b53a8f,gwsearch run
522,1775470808.9384232,fc2098317d43af66664f0f1337a49fcd8e945f0f8e21c87ed1f6e9a771b53a8f,gwsearch run
523,1775471381.195058,fc2098317d43af66664f0f1337a49fcd8e945f0f8e21c87ed1f6e9a771b53a8f,gwsearch run
524,1775471956.4569356,fc2098317d43af66664f0f1337a49fcd8e945f0f8e21c87ed1f6e9a771b53a8f,gwsearch run
525,1775472529.4383895,fc2098317d43af66664f0f1337a49fcd8e945f0f8e21c87ed1f6e9a771b53a8f,gwsearch run
526,1775473100.9259691,fc2098317d43af66664f0f1337a49fcd8e945f0f8e21c87ed1f6e9a771b53a8f,gwsearch run
527,1775473672.9134877,fc2098317d43af66664f0f1337a49fcd8e945f0f8e21c87ed1f6e9a771b53a8f,gwsearch run
528,1775474243.6642096,fc2098317d43af66664f0f1337a49fcd8e945f0f8e21c87ed1f6e9a771b53a8f,gwsearch run
529,1775474826.1901915,fc2098317d43af66664f0f1337a49fcd8e945f0f8e21c87ed1f6e9a771b53a8f,gwsearch run
530,1775475399.177379,fc2098317d43af66664f0f1337a49fcd8e945f0f8e21c87ed1f6e9a771b53a8f,gwsearch run
531,1775475972.425236,fc2098317d43af66664f0f1337a49fcd8e945f0f8e21c87ed1f6e9a771b53a8f,gwsearch run
532,1775476543.7027752,fc2098317d43af66664f0f1337a49fcd8e945f0f8e21c87ed1f6e9a771b53a8f,gwsearch run
533,1775477117.9250164,fc2098317d43af66664f0f1337a49fcd8e945f0f8e21c87ed1f6e9a771b53a8f,gwsearch run
534,1775477690.4393775,fc2098317d43af66664f0f1337a49fcd8e945f0f8e21c87ed1f6e9a771b53a8f,gwsearch run
535,1775478263.193063,fc2098317d43af66664f0f1337a49fcd8e945f0f8e21c87ed1f6e9a771b53a8f,gwsearch run
536,1775478840.4212146,fc2098317d43af66664f0f1337a49fcd8e945f0f8e21c87ed1f6e9a771b53a8f,gwsearch run
537,1775479412.680482,fc2098317d43af66664f0f1337a49fcd8e945f0f8e21c87ed1f6e9a771b53a8f,gwsearch run
538,1775479983.6799636,fc2098317d43af66664f0f1337a49fcd8e945f0f8e21c87ed1f6e9a771b53a8f,gwsearch run
539,1775480556.915976,fc2098317d43af66664f0f1337a49fcd8e945f0f8e21c87ed1f6e9a771b53a8f,gwsearch run
540,1775481129.68173,fc2098317d43af66664f0f1337a49fcd8e945f0f8e21c87ed1f6e9a771b53a8f,gwsearch run
541,1775481704.9334753,fc2098317d43af66664f0f1337a49fcd8e945f0f8e21c87ed1f6e9a771b53a8f,gwsearch run
542,1775482277.6674423,fc2098317d43af66664f0f1337a49fcd8e945f0f8e21c87ed1f6e9a771b53a8f,gwsearch run
543,1775482849.443023,fc2098317d43af66664f0f1337a49fcd8e945f0f8e21c87ed1f6e9a771b53a8f,gwsearch run
544,1775483422.9185746,fc2098317d43af66664f0f1337a49fcd8e945f0f8e21c87ed1f6e9a771b53a8f,gwsearch run
545,1775483994.1748857,fc2098317d43af66664f0f1337a49fcd8e945f0f8e21c87ed1f6e9a771b53a8f,gwsearch run
546,1775484566.165684,fc2098317d43af66664f0f1337a49fcd8e945f0f8e21c87ed1f6e9a771b53a8f,gwsearch run
547,1775485137.197653,fc2098317d43af66664f0f1337a49fcd8e945f0f8e21c87ed1f6e9a771b53a8f,gwsearch run
548,1775485708.9369473,fc2098317d43af66664f0f1337a49fcd8e945f0f8e21c87ed1f6e9a771b53a8f,gwsearch run
549,1775486280.1910331,fc2098317d43af66664f0f1337a49fcd8e945f0f8e21c87ed1f6e9a771b53a8f,gwsearch run
550,1775486851.6697817,fc2098317d43af66664f0f1337a49fcd8e945f0f8e21c87ed1f6e9a771b53a8f,gwsearch run
551,1775487424.177855,fc2098317d43af66664f0f1337a49fcd8e945f0f8e21c87ed1f6e9a771b53a8f,gwsearch run
552,1775487996.442984,fc2098317d43af66664f0f1337a49fcd8e945f0f8e21c87ed1f6e9a771b53a8f,gwsearch run
553,1775488570.685018,fc2098317d43af66664f0f1337a49fcd8e945f0f8e21c87ed1f6e9a771b53a8f,gwsearch run
554,1775489140.1812694,fc2098317d43af66664f0f1337a49fcd8e945f0f8e21c87ed1f6e9a771b53a8f,gwsearch run
555,1775489711.69407,fc2098317d43af66664f0f1337a49fcd8e945f0f8e21c87ed1f6e9a771b53a8f,gwsearch run
556,1775490286.4229074,fc2098317d43af66664f0f1337a49fcd8e945f0f8e21c87ed1f6e9a771b53a8f,gwsearch run
557,1775490859.928673,fc2098317d43af66664f0f1337a49fcd8e945f0f8e21c87ed1f6e9a771b53a8f,gwsearch run
558,1775491434.942486,fc2098317d43af66664f0f1337a49fcd8e945f0f8e21c87ed1f6e9a771b53a8f,gwsearch run
559,1775492007.145858,fc2098317d43af66664f0f1337a49fcd8e945f0f8e21c87ed1f6e9a771b53a8f,gwsearch run
560,1775492580.940171,fc2098317d43af66664f0f1337a49fcd8e945f0f8e21c87ed1f6e9a771b53a8f,gwsearch run
561,1775493152.425442,fc2098317d43af66664f0f1337a49fcd8e945f0f8e21c87ed1f6e9a771b53a8f,gwsearch run
562,1775493724.4125044,fc2098317d43af66664f0f1337a49fcd8e945f0f8e21c87ed1f6e9a771b53a8f,gwsearch run
563,1775494296.6823225,fc2098317d43af66664f0f1337a49fcd8e945f0f8e21c87ed1f6e9a771b53a8f,gwsearch run
564,1775494867.9282465,fc2098317d43af66664f0f1337a49fcd8e945f0f8e21c87ed1f6e9a771b53a8f,gwsearch run
565,1775495441.2040071,fc2098317d43af66664f0f1337a49fcd8e945f0f8e21c87ed1f6e9a771b53a8f,gwsearch run
566,1775496012.6308382,fc2098317d43af66664f0f1337a49fcd8e945f0f8e21c87ed1f6e9a771b53a8f,gwsearch run
567,1775496585.427223,fc2098317d43af66664f0f1337a49fcd8e945f0f8e21c87ed1f6e9a771b53a8f,gwsearch run
568,1775497157.1894512,fc2098317d43af66664f0f1337a49fcd8e945f0f8e21c87ed1f6e9a771b53a8f,gwsearch run
569,1775497729.672042,fc2098317d43af66664f0f1337a49fcd8e945f0f8e21c87ed1f6e9a771b53a8f,gwsearch run
570,1775498303.1745486,fc2098317d43af66664f0f1337a49fcd8e945f0f8e21c87ed1f6e9a771b53a8f,gwsearch run
571,1775498874.9284704,fc2098317d43af66664f0f1337a49fcd8e945f0f8e21c87ed1f6e9a771b53a8f,gwsearch run
572,1775499449.4452128,fc2098317d43af66664f0f1337a49fcd8e945f0f8e21c87ed1f6e9a771b53a8f,gwsearch run
573,1775500021.9343157,fc2098317d43af66664f0f1337a49fcd8e945f0f8e21c87ed1f6e9a771b53a8f,gwsearch run
574,1775500593.6942782,fc2098317d43af66664f0f1337a49fcd8e945f0f8e21c87ed1f6e9a771b53a8f,gwsearch run
575,1775501172.6563993,fc2098317d43af66664f0f1337a49fcd8e945f0f8e21c87ed1f6e9a771b53a8f,gwsearch run
576,1775501762.90998,fc2098317d43af66664f0f1337a49fcd8e945f0f8e21c87ed1f6e9a771b53a8f,gwsearch run
577,1775502341.1778085,fc2098317d43af66664f0f1337a49fcd8e945f0f8e21c87ed1f6e9a771b53a8f,gwsearch run
578,1775502914.9168174,fc2098317d43af66664f0f1337a49fcd8e945f0f8e21c87ed1f6e9a771b53a8f,gwsearch run
579,1775503487.9066253,fc2098317d43af66664f0f1337a49fcd8e945f0f8e21c87ed1f6e9a771b53a8f,gwsearch run
580,1775504059.4542658,fc2098317d43af66664f0f1337a49fcd8e945f0f8e21c87ed1f6e9a771b53a8f,gwsearch run
581,1775504630.925004,fc2098317d43af66664f0f1337a49fcd8e945f0f8e21c87ed1f6e9a771b53a8f,gwsearch run
582,1775505204.8921692,fc2098317d43af66664f0f1337a49fcd8e945f0f8e21c87ed1f6e9a771b53a8f,gwsearch run
583,1775505778.6951122,fc2098317d43af66664f0f1337a49fcd8e945f0f8e21c87ed1f6e9a771b53a8f,gwsearch run
584,1775506350.4081182,fc2098317d43af66664f0f1337a49fcd8e945f0f8e21c87ed1f6e9a771b53a8f,gwsearch run
585,1775506923.1896868,fc2098317d43af66664f0f1337a49fcd8e945f0f8e21c87ed1f6e9a771b53a8f,gwsearch run
586,1775507500.9384978,fc2098317d43af66664f0f1337a49fcd8e945f0f8e21c87ed1f6e9a771b53a8f,gwsearch run
587,1775508074.4068446,fc2098317d43af66664f0f1337a49fcd8e945f0f8e21c87ed1f6e9a771b53a8f,gwsearch run
588,1775508648.195963,fc2098317d43af66664f0f1337a49fcd8e945f0f8e21c87ed1f6e9a771b53a8f,gwsearch run
589,1775509219.6709034,fc2098317d43af66664f0f1337a49fcd8e945f0f8e21c87ed1f6e9a771b53a8f,gwsearch run
590,1775509790.935263,fc2098317d43af66664f0f1337a49fcd8e945f0f8e21c87ed1f6e9a771b53a8f,gwsearch run
591,1775510362.1819994,fc2098317d43af66664f0f1337a49fcd8e945f0f8e21c87ed1f6e9a771b53a8f,gwsearch run
592,1775510934.950319,fc2098317d43af66664f0f1337a49fcd8e945f0f8e21c87ed1f6e9a771b53a8f,gwsearch run
593,1775511505.1901095,fc2098317d43af66664f0f1337a49fcd8e945f0f8e21c87ed1f6e9a771b53a8f,gwsearch run
594,1775512077.1806016,fc2098317d43af66664f0f1337a49fcd8e945f0f8e21c87ed1f6e9a771b53a8f,gwsearch run
595,1775512650.1905332,fc2098317d43af66664f0f1337a49fcd8e945f0f8e21c87ed1f6e9a771b53a8f,gwsearch run
596,1775513221.9390407,fc2098317d43af66664f0f1337a49fcd8e945f0f8e21c87ed1f6e9a771b53a8f,gwsearch run
597,1775513793.9225495,fc2098317d43af66664f0f1337a49fcd8e945f0f8e21c87ed1f6e9a771b53a8f,gwsearch run
598,1775514366.664483,fc2098317d43af66664f0f1337a49fcd8e945f0f8e21c87ed1f6e9a771b53a8f,gwsearch run
599,1775514939.417747,fc2098317d43af66664f0f1337a49fcd8e945f0f8e21c87ed1f6e9a771b53a8f,gwsearch run
600,1775515521.659359,fc2098317d43af66664f0f1337a49fcd8e945f0f8e21c87ed1f6e9a771b53a8f,gwsearch run
601,1775516093.6899745,fc2098317d43af66664f0f1337a49fcd8e945f0f8e21c87ed1f6e9a771b53a8f,gwsearch run
602,1775516668.6523046,fc2098317d43af66664f0f1337a49fcd8e945f0f8e21c87ed1f6e9a771b53a8f,gwsearch run
603,1775517240.933422,fc2098317d43af66664f0f1337a49fcd8e945f0f8e21c87ed1f6e9a771b53a8f,gwsearch run
604,1775517813.9345913,fc2098317d43af66664f0f1337a49fcd8e945f0f8e21c87ed1f6e9a771b53a8f,gwsearch run
605,1775518387.178223,fc2098317d43af66664f0f1337a49fcd8e945f0f8e21c87ed1f6e9a771b53a8f,gwsearch run
606,1775518959.934324,fc2098317d43af66664f0f1337a49fcd8e945f0f8e21c87ed1f6e9a771b53a8f,gwsearch run
607,1775519532.685642,fc2098317d43af66664f0f1337a49fcd8e945f0f8e21c87ed1f6e9a771b53a8f,gwsearch run
608,1775520104.9327888,fc2098317d43af66664f0f1337a49fcd8e945f0f8e21c87ed1f6e9a771b53a8f,gwsearch run
609,1775520674.9627755,fc2098317d43af66664f0f1337a49fcd8e945f0f8e21c87ed1f6e9a771b53a8f,gwsearch run
610,1775521248.6755311,fc2098317d43af66664f0f1337a49fcd8e945f0f8e21c87ed1f6e9a771b53a8f,gwsearch run
611,1775521822.180526,fc2098317d43af66664f0f1337a49fcd8e945f0f8e21c87ed1f6e9a771b53a8f,gwsearch run
612,1775522394.926954,fc2098317d43af66664f0f1337a49fcd8e945f0f8e21c87ed1f6e9a771b53a8f,gwsearch run
613,1775522966.1979861,fc2098317d43af66664f0f1337a49fcd8e945f0f8e21c87ed1f6e9a771b53a8f,gwsearch run
614,1775523539.1749485,fc2098317d43af66664f0f1337a49fcd8e945f0f8e21c87ed1f6e9a771b53a8f,gwsearch run
615,1775524111.932207,fc2098317d43af66664f0f1337a49fcd8e945f0f8e21c87ed1f6e9a771b53a8f,gwsearch run
616,1775524684.6881814,fc2098317d43af66664f0f1337a49fcd8e945f0f8e21c87ed1f6e9a771b53a8f,gwsearch run
617,1775525256.189274,fc2098317d43af66664f0f1337a49fcd8e945f0f8e21c87ed1f6e9a771b53a8f,gwsearch run
618,1775525830.9552784,fc2098317d43af66664f0f1337a49fcd8e945f0f8e21c87ed1f6e9a771b53a8f,gwsearch run
619,1775526403.210522,fc2098317d43af66664f0f1337a49fcd8e945f0f8e21c87ed1f6e9a771b53a8f,gwsearch run
620,1775526975.1662512,fc2098317d43af66664f0f1337a49fcd8e945f0f8e21c87ed1f6e9a771b53a8f,gwsearch run
621,1775527548.1973658,fc2098317d43af66664f0f1337a49fcd8e945f0f8e21c87ed1f6e9a771b53a8f,gwsearch run
622,1775528119.9159398,fc2098317d43af66664f0f1337a49fcd8e945f0f8e21c87ed1f6e9a771b53a8f,gwsearch run
623,1775528699.9724188,fc2098317d43af66664f0f1337a49fcd8e945f0f8e21c87ed1f6e9a771b53a8f,gwsearch run
624,1775529272.4151244,fc2098317d43af66664f0f1337a49fcd8e945f0f8e21c87ed1f6e9a771b53a8f,gwsearch run
625,1775529846.9164534,fc2098317d43af66664f0f1337a49fcd8e945f0f8e21c87ed1f6e9a771b53a8f,gwsearch run
626,1775530421.44967,fc2098317d43af66664f0f1337a49fcd8e945f0f8e21c87ed1f6e9a771b53a8f,gwsearch run
627,1775530996.177217,fc2098317d43af66664f0f1337a49fcd8e945f0f8e21c87ed1f6e9a771b53a8f,gwsearch run
628,1775531568.909371,fc2098317d43af66664f0f1337a49fcd8e945f0f8e21c87ed1f6e9a771b53a8f,gwsearch run
629,1775532141.4315863,fc2098317d43af66664f0f1337a49fcd8e945f0f8e21c87ed1f6e9a771b53a8f,gwsearch run
630,1775532715.1665528,fc2098317d43af66664f0f1337a49fcd8e945f0f8e21c87ed1f6e9a771b53a8f,gwsearch run
631,1775533285.9278538,fc2098317d43af66664f0f1337a49fcd8e945f0f8e21c87ed1f6e9a771b53a8f,gwsearch run
632,1775533858.1826751,fc2098317d43af66664f0f1337a49fcd8e945f0f8e21c87ed1f6e9a771b53a8f,gwsearch run
633,1775534432.4258153,fc2098317d43af66664f0f1337a49fcd8e945f0f8e21c87ed1f6e9a771b53a8f,gwsearch run
634,1775535006.4250278,fc2098317d43af66664f0f1337a49fcd8e945f0f8e21c87ed1f6e9a771b53a8f,gwsearch run
635,1775535579.424639,fc2098317d43af66664f0f1337a49fcd8e945f0f8e21c87ed1f6e9a771b53a8f,gwsearch run
636,1775536159.6844468,fc2098317d43af66664f0f1337a49fcd8e945f0f8e21c87ed1f6e9a771b53a8f,gwsearch run
637,1775536729.6736736,fc2098317d43af66664f0f1337a49fcd8e945f0f8e21c87ed1f6e9a771b53a8f,gwsearch run
638,1775537301.4415388,fc2098317d43af66664f0f1337a49fcd8e945f0f8e21c87ed1f6e9a771b53a8f,gwsearch run
639,1775537873.4174747,fc2098317d43af66664f0f1337a49fcd8e945f0f8e21c87ed1f6e9a771b53a8f,gwsearch run
640,1775538446.1865056,fc2098317d43af66664f0f1337a49fcd8e945f0f8e21c87ed1f6e9a771b53a8f,gwsearch run
641,1775539017.1713998,fc2098317d43af66664f0f1337a49fcd8e945f0f8e21c87ed1f6e9a771b53a8f,gwsearch run
642,1775539589.9200885,fc2098317d43af66664f0f1337a49fcd8e945f0f8e21c87ed1f6e9a771b53a8f,gwsearch run
643,1775540163.693479,fc2098317d43af66664f0f1337a49fcd8e945f0f8e21c87ed1f6e9a771b53a8f,gwsearch run
644,1775540739.1778803,fc2098317d43af66664f0f1337a49fcd8e945f0f8e21c87ed1f6e9a771b53a8f,gwsearch run
645,1775541309.674464,fc2098317d43af66664f0f1337a49fcd8e945f0f8e21c87ed1f6e9a771b53a8f,gwsearch run
646,1775541882.6893983,fc2098317d43af66664f0f1337a49fcd8e945f0f8e21c87ed1f6e9a771b53a8f,gwsearch run
647,1775542454.9483893,fc2098317d43af66664f0f1337a49fcd8e945f0f8e21c87ed1f6e9a771b53a8f,gwsearch run
648,1775543028.9308894,fc2098317d43af66664f0f1337a49fcd8e945f0f8e21c87ed1f6e9a771b53a8f,gwsearch run
649,1775543600.423491,fc2098317d43af66664f0f1337a49fcd8e945f0f8e21c87ed1f6e9a771b53a8f,gwsearch run
650,1775544173.1584496,fc2098317d43af66664f0f1337a49fcd8e945f0f8e21c87ed1f6e9a771b53a8f,gwsearch run
651,1775544748.4293115,fc2098317d43af66664f0f1337a49fcd8e945f0f8e21c87ed1f6e9a771b53a8f,gwsearch run
652,1775545321.415103,fc2098317d43af66664f0f1337a49fcd8e945f0f8e21c87ed1f6e9a771b53a8f,gwsearch run
653,1775545894.417213,fc2098317d43af66664f0f1337a49fcd8e945f0f8e21c87ed1f6e9a771b53a8f,gwsearch run
654,1775546469.198863,fc2098317d43af66664f0f1337a49fcd8e945f0f8e21c87ed1f6e9a771b53a8f,gwsearch run
655,1775547041.1870704,fc2098317d43af66664f0f1337a49fcd8e945f0f8e21c87ed1f6e9a771b53a8f,gwsearch run
656,1775547612.9327073,fc2098317d43af66664f0f1337a49fcd8e945f0f8e21c87ed1f6e9a771b53a8f,gwsearch run
657,1775548184.1760576,fc2098317d43af66664f0f1337a49fcd8e945f0f8e21c87ed1f6e9a771b53a8f,gwsearch run
658,1775548754.6589868,fc2098317d43af66664f0f1337a49fcd8e945f0f8e21c87ed1f6e9a771b53a8f,gwsearch run
659,1775549326.9388,fc2098317d43af66664f0f1337a49fcd8e945f0f8e21c87ed1f6e9a771b53a8f,gwsearch run
660,1775549899.436685,fc2098317d43af66664f0f1337a49fcd8e945f0f8e21c87ed1f6e9a771b53a8f,gwsearch run
661,1775550472.4253445,fc2098317d43af66664f0f1337a49fcd8e945f0f8e21c87ed1f6e9a771b53a8f,gwsearch run
662,1775551047.6884463,fc2098317d43af66664f0f1337a49fcd8e945f0f8e21c87ed1f6e9a771b53a8f,gwsearch run
663,1775551619.9182065,fc2098317d43af66664f0f1337a49fcd8e945f0f8e21c87ed1f6e9a771b53a8f,gwsearch run
664,1775552493.6695433,fc2098317d43af66664f0f1337a49fcd8e945f0f8e21c87ed1f6e9a771b53a8f,gwsearch run
665,1775553582.2080212,fc2098317d43af66664f0f1337a49fcd8e945f0f8e21c87ed1f6e9a771b53a8f,gwsearch run
666,1775554323.2486775,fc2098317d43af66664f0f1337a49fcd8e945f0f8e21c87ed1f6e9a771b53a8f,gwsearch run
667,1775554893.6919053,fc2098317d43af66664f0f1337a49fcd8e945f0f8e21c87ed1f6e9a771b53a8f,gwsearch run
668,1775556034.677607,fc2098317d43af66664f0f1337a49fcd8e945f0f8e21c87ed1f6e9a771b53a8f,gwsearch run
669,1775557112.1850586,fc2098317d43af66664f0f1337a49fcd8e945f0f8e21c87ed1f6e9a771b53a8f,gwsearch run
670,1775557921.4269474,fc2098317d43af66664f0f1337a49fcd8e945f0f8e21c87ed1f6e9a771b53a8f,gwsearch run
671,1775559028.1974134,fc2098317d43af66664f0f1337a49fcd8e945f0f8e21c87ed1f6e9a771b53a8f,gwsearch run
672,1775560104.1796181,fc2098317d43af66664f0f1337a49fcd8e945f0f8e21c87ed1f6e9a771b53a8f,gwsearch run
673,1775561086.6947474,fc2098317d43af66664f0f1337a49fcd8e945f0f8e21c87ed1f6e9a771b53a8f,gwsearch run
674,1775561661.9240766,fc2098317d43af66664f0f1337a49fcd8e945f0f8e21c87ed1f6e9a771b53a8f,gwsearch run
675,1775562777.9248416,fc2098317d43af66664f0f1337a49fcd8e945f0f8e21c87ed1f6e9a771b53a8f,gwsearch run
676,1775563350.1896584,fc2098317d43af66664f0f1337a49fcd8e945f0f8e21c87ed1f6e9a771b53a8f,gwsearch run
677,1775563922.4193206,fc2098317d43af66664f0f1337a49fcd8e945f0f8e21c87ed1f6e9a771b53a8f,gwsearch run
678,1775564512.676685,fc2098317d43af66664f0f1337a49fcd8e945f0f8e21c87ed1f6e9a771b53a8f,gwsearch run
679,1775565179.1886306,fc2098317d43af66664f0f1337a49fcd8e945f0f8e21c87ed1f6e9a771b53a8f,gwsearch run
680,1775565751.165687,fc2098317d43af66664f0f1337a49fcd8e945f0f8e21c87ed1f6e9a771b53a8f,gwsearch run
681,1775566323.9436529,fc2098317d43af66664f0f1337a49fcd8e945f0f8e21c87ed1f6e9a771b53a8f,gwsearch run
682,1775566896.969611,fc2098317d43af66664f0f1337a49fcd8e945f0f8e21c87ed1f6e9a771b53a8f,gwsearch run
683,1775567467.939603,fc2098317d43af66664f0f1337a49fcd8e945f0f8e21c87ed1f6e9a771b53a8f,gwsearch run
684,1775568039.3858817,fc2098317d43af66664f0f1337a49fcd8e945f0f8e21c87ed1f6e9a771b53a8f,gwsearch run
685,1775568611.1945775,fc2098317d43af66664f0f1337a49fcd8e945f0f8e21c87ed1f6e9a771b53a8f,gwsearch run
686,1775569182.6966228,fc2098317d43af66664f0f1337a49fcd8e945f0f8e21c87ed1f6e9a771b53a8f,gwsearch run
687,1775569754.4544044,fc2098317d43af66664f0f1337a49fcd8e945f0f8e21c87ed1f6e9a771b53a8f,gwsearch run
688,1775570326.4128554,fc2098317d43af66664f0f1337a49fcd8e945f0f8e21c87ed1f6e9a771b53a8f,gwsearch run
689,1775570897.181015,fc2098317d43af66664f0f1337a49fcd8e945f0f8e21c87ed1f6e9a771b53a8f,gwsearch run
690,1775571469.19106,fc2098317d43af66664f0f1337a49fcd8e945f0f8e21c87ed1f6e9a771b53a8f,gwsearch run
691,1775572042.9585211,fc2098317d43af66664f0f1337a49fcd8e945f0f8e21c87ed1f6e9a771b53a8f,gwsearch run
692,1775572614.9239557,fc2098317d43af66664f0f1337a49fcd8e945f0f8e21c87ed1f6e9a771b53a8f,gwsearch run
693,1775573196.1882162,fc2098317d43af66664f0f1337a49fcd8e945f0f8e21c87ed1f6e9a771b53a8f,gwsearch run
694,1775573772.8936543,fc2098317d43af66664f0f1337a49fcd8e945f0f8e21c87ed1f6e9a771b53a8f,gwsearch run
695,1775574344.9492047,fc2098317d43af66664f0f1337a49fcd8e945f0f8e21c87ed1f6e9a771b53a8f,gwsearch run
696,1775574916.6893249,fc2098317d43af66664f0f1337a49fcd8e945f0f8e21c87ed1f6e9a771b53a8f,gwsearch run
697,1775575488.9224555,fc2098317d43af66664f0f1337a49fcd8e945f0f8e21c87ed1f6e9a771b53a8f,gwsearch run
698,1775576059.933256,fc2098317d43af66664f0f1337a49fcd8e945f0f8e21c87ed1f6e9a771b53a8f,gwsearch run
699,1775576633.181103,fc2098317d43af66664f0f1337a49fcd8e945f0f8e21c87ed1f6e9a771b53a8f,gwsearch run
700,1775577206.675229,fc2098317d43af66664f0f1337a49fcd8e945f0f8e21c87ed1f6e9a771b53a8f,gwsearch run
701,1775577778.9327316,fc2098317d43af66664f0f1337a49fcd8e945f0f8e21c87ed1f6e9a771b53a8f,gwsearch run
702,1775578361.6958046,fc2098317d43af66664f0f1337a49fcd8e945f0f8e21c87ed1f6e9a771b53a8f,gwsearch run
703,1775578934.4449313,fc2098317d43af66664f0f1337a49fcd8e945f0f8e21c87ed1f6e9a771b53a8f,gwsearch run
704,1775579508.9311512,fc2098317d43af66664f0f1337a49fcd8e945f0f8e21c87ed1f6e9a771b53a8f,gwsearch run
705,1775580082.6834404,fc2098317d43af66664f0f1337a49fcd8e945f0f8e21c87ed1f6e9a771b53a8f,gwsearch run
706,1775580655.9451556,fc2098317d43af66664f0f1337a49fcd8e945f0f8e21c87ed1f6e9a771b53a8f,gwsearch run
707,1775581227.169548,fc2098317d43af66664f0f1337a49fcd8e945f0f8e21c87ed1f6e9a771b53a8f,gwsearch run
708,1775581801.9396932,fc2098317d43af66664f0f1337a49fcd8e945f0f8e21c87ed1f6e9a771b53a8f,gwsearch run
709,1775582374.6769593,fc2098317d43af66664f0f1337a49fcd8e945f0f8e21c87ed1f6e9a771b53a8f,gwsearch run
710,1775582947.9271567,fc2098317d43af66664f0f1337a49fcd8e945f0f8e21c87ed1f6e9a771b53a8f,gwsearch run
711,1775583520.945532,fc2098317d43af66664f0f1337a49fcd8e945f0f8e21c87ed1f6e9a771b53a8f,gwsearch run
712,1775584093.4602478,fc2098317d43af66664f0f1337a49fcd8e945f0f8e21c87ed1f6e9a771b53a8f,gwsearch run
713,1775584667.2012715,fc2098317d43af66664f0f1337a49fcd8e945f0f8e21c87ed1f6e9a771b53a8f,gwsearch run
714,1775585237.9358766,fc2098317d43af66664f0f1337a49fcd8e945f0f8e21c87ed1f6e9a771b53a8f,gwsearch run
715,1775585809.9248192,fc2098317d43af66664f0f1337a49fcd8e945f0f8e21c87ed1f6e9a771b53a8f,gwsearch run
716,1775586387.4213362,fc2098317d43af66664f0f1337a49fcd8e945f0f8e21c87ed1f6e9a771b53a8f,gwsearch run
717,1775586961.19082,fc2098317d43af66664f0f1337a49fcd8e945f0f8e21c87ed1f6e9a771b53a8f,gwsearch run
718,1775587532.1829715,fc2098317d43af66664f0f1337a49fcd8e945f0f8e21c87ed1f6e9a771b53a8f,gwsearch run
719,1775588104.705426,fc2098317d43af66664f0f1337a49fcd8e945f0f8e21c87ed1f6e9a771b53a8f,gwsearch run
720,1775588678.1780787,fc2098317d43af66664f0f1337a49fcd8e945f0f8e21c87ed1f6e9a771b53a8f,gwsearch run
721,1775589248.6888912,fc2098317d43af66664f0f1337a49fcd8e945f0f8e21c87ed1f6e9a771b53a8f,gwsearch run
722,1775589821.4249313,fc2098317d43af66664f0f1337a49fcd8e945f0f8e21c87ed1f6e9a771b53a8f,gwsearch run
723,1775590392.197145,fc2098317d43af66664f0f1337a49fcd8e945f0f8e21c87ed1f6e9a771b53a8f,gwsearch run
724,1775590964.677626,fc2098317d43af66664f0f1337a49fcd8e945f0f8e21c87ed1f6e9a771b53a8f,gwsearch run
725,1775591536.7084458,fc2098317d43af66664f0f1337a49fcd8e945f0f8e21c87ed1f6e9a771b53a8f,gwsearch run
726,1775592109.702832,fc2098317d43af66664f0f1337a49fcd8e945f0f8e21c87ed1f6e9a771b53a8f,gwsearch run
727,1775592680.4528766,fc2098317d43af66664f0f1337a49fcd8e945f0f8e21c87ed1f6e9a771b53a8f,gwsearch run
728,1775593262.92315,fc2098317d43af66664f0f1337a49fcd8e945f0f8e21c87ed1f6e9a771b53a8f,gwsearch run
729,1775593834.4062307,fc2098317d43af66664f0f1337a49fcd8e945f0f8e21c87ed1f6e9a771b53a8f,gwsearch run
730,1775594405.1718943,fc2098317d43af66664f0f1337a49fcd8e945f0f8e21c87ed1f6e9a771b53a8f,gwsearch run
731,1775594979.1494846,fc2098317d43af66664f0f1337a49fcd8e945f0f8e21c87ed1f6e9a771b53a8f,gwsearch run
732,1775595550.8776937,fc2098317d43af66664f0f1337a49fcd8e945f0f8e21c87ed1f6e9a771b53a8f,gwsearch run
733,1775596120.4553292,fc2098317d43af66664f0f1337a49fcd8e945f0f8e21c87ed1f6e9a771b53a8f,gwsearch run
734,1775596690.9491153,fc2098317d43af66664f0f1337a49fcd8e945f0f8e21c87ed1f6e9a771b53a8f,gwsearch run
735,1775597261.9902942,fc2098317d43af66664f0f1337a49fcd8e945f0f8e21c87ed1f6e9a771b53a8f,gwsearch run
736,1775597834.1877854,fc2098317d43af66664f0f1337a49fcd8e945f0f8e21c87ed1f6e9a771b53a8f,gwsearch run
737,1775598405.1932678,fc2098317d43af66664f0f1337a49fcd8e945f0f8e21c87ed1f6e9a771b53a8f,gwsearch run
738,1775598975.9338877,fc2098317d43af66664f0f1337a49fcd8e945f0f8e21c87ed1f6e9a771b53a8f,gwsearch run
739,1775599548.420927,fc2098317d43af66664f0f1337a49fcd8e945f0f8e21c87ed1f6e9a771b53a8f,gwsearch run
740,1775600120.4533086,fc2098317d43af66664f0f1337a49fcd8e945f0f8e21c87ed1f6e9a771b53a8f,gwsearch run
741,1775600692.9707327,fc2098317d43af66664f0f1337a49fcd8e945f0f8e21c87ed1f6e9a771b53a8f,gwsearch run
742,1775601264.427613,fc2098317d43af66664f0f1337a49fcd8e945f0f8e21c87ed1f6e9a771b53a8f,gwsearch run
743,1775601835.931842,fc2098317d43af66664f0f1337a49fcd8e945f0f8e21c87ed1f6e9a771b53a8f,gwsearch run
744,1775602408.1706982,fc2098317d43af66664f0f1337a49fcd8e945f0f8e21c87ed1f6e9a771b53a8f,gwsearch run
745,1775602979.1777215,fc2098317d43af66664f0f1337a49fcd8e945f0f8e21c87ed1f6e9a771b53a8f,gwsearch run
746,1775603553.9208577,fc2098317d43af66664f0f1337a49fcd8e945f0f8e21c87ed1f6e9a771b53a8f,gwsearch run
747,1775604123.9169385,fc2098317d43af66664f0f1337a49fcd8e945f0f8e21c87ed1f6e9a771b53a8f,gwsearch run
748,1775604705.1763372,fc2098317d43af66664f0f1337a49fcd8e945f0f8e21c87ed1f6e9a771b53a8f,gwsearch run
749,1775605278.689649,fc2098317d43af66664f0f1337a49fcd8e945f0f8e21c87ed1f6e9a771b53a8f,gwsearch run
750,1775605855.993193,fc2098317d43af66664f0f1337a49fcd8e945f0f8e21c87ed1f6e9a771b53a8f,gwsearch run
751,1775606527.1871119,fc2098317d43af66664f0f1337a49fcd8e945f0f8e21c87ed1f6e9a771b53a8f,gwsearch run
752,1775607101.433333,fc2098317d43af66664f0f1337a49fcd8e945f0f8e21c87ed1f6e9a771b53a8f,gwsearch run
753,1775607673.4240208,fc2098317d43af66664f0f1337a49fcd8e945f0f8e21c87ed1f6e9a771b53a8f,gwsearch run
754,1775608245.1672187,fc2098317d43af66664f0f1337a49fcd8e945f0f8e21c87ed1f6e9a771b53a8f,gwsearch run
755,1775608818.1724892,fc2098317d43af66664f0f1337a49fcd8e945f0f8e21c87ed1f6e9a771b53a8f,gwsearch run
756,1775609390.1757216,fc2098317d43af66664f0f1337a49fcd8e945f0f8e21c87ed1f6e9a771b53a8f,gwsearch run
757,1775609961.6929266,fc2098317d43af66664f0f1337a49fcd8e945f0f8e21c87ed1f6e9a771b53a8f,gwsearch run
758,1775610536.1801777,fc2098317d43af66664f0f1337a49fcd8e945f0f8e21c87ed1f6e9a771b53a8f,gwsearch run
759,1775611118.4340026,fc2098317d43af66664f0f1337a49fcd8e945f0f8e21c87ed1f6e9a771b53a8f,gwsearch run
760,1775611691.1978593,fc2098317d43af66664f0f1337a49fcd8e945f0f8e21c87ed1f6e9a771b53a8f,gwsearch run
761,1775612264.421408,fc2098317d43af66664f0f1337a49fcd8e945f0f8e21c87ed1f6e9a771b53a8f,gwsearch run
762,1775612836.6968534,fc2098317d43af66664f0f1337a49fcd8e945f0f8e21c87ed1f6e9a771b53a8f,gwsearch run
763,1775613407.428766,fc2098317d43af66664f0f1337a49fcd8e945f0f8e21c87ed1f6e9a771b53a8f,gwsearch run
764,1775613980.1698146,fc2098317d43af66664f0f1337a49fcd8e945f0f8e21c87ed1f6e9a771b53a8f,gwsearch run
765,1775614552.6867664,fc2098317d43af66664f0f1337a49fcd8e945f0f8e21c87ed1f6e9a771b53a8f,gwsearch run
766,1775615125.1739159,fc2098317d43af66664f0f1337a49fcd8e945f0f8e21c87ed1f6e9a771b53a8f,gwsearch run
767,1775615698.1808605,fc2098317d43af66664f0f1337a49fcd8e945f0f8e21c87ed1f6e9a771b53a8f,gwsearch run
768,1775616281.944965,fc2098317d43af66664f0f1337a49fcd8e945f0f8e21c87ed1f6e9a771b53a8f,gwsearch run
769,1775616860.1807442,fc2098317d43af66664f0f1337a49fcd8e945f0f8e21c87ed1f6e9a771b53a8f,gwsearch run
770,1775617432.1768274,fc2098317d43af66664f0f1337a49fcd8e945f0f8e21c87ed1f6e9a771b53a8f,gwsearch run
771,1775618015.6697285,fc2098317d43af66664f0f1337a49fcd8e945f0f8e21c87ed1f6e9a771b53a8f,gwsearch run
772,1775618594.9307907,fc2098317d43af66664f0f1337a49fcd8e945f0f8e21c87ed1f6e9a771b53a8f,gwsearch run
773,1775619624.4342585,fc2098317d43af66664f0f1337a49fcd8e945f0f8e21c87ed1f6e9a771b53a8f,gwsearch run
774,1775620730.9375184,fc2098317d43af66664f0f1337a49fcd8e945f0f8e21c87ed1f6e9a771b53a8f,gwsearch run
775,1775621302.915964,fc2098317d43af66664f0f1337a49fcd8e945f0f8e21c87ed1f6e9a771b53a8f,gwsearch run
776,1775621878.9416847,fc2098317d43af66664f0f1337a49fcd8e945f0f8e21c87ed1f6e9a771b53a8f,gwsearch run
777,1775622451.1970627,fc2098317d43af66664f0f1337a49fcd8e945f0f8e21c87ed1f6e9a771b53a8f,gwsearch run
778,1775623022.4205859,fc2098317d43af66664f0f1337a49fcd8e945f0f8e21c87ed1f6e9a771b53a8f,gwsearch run
779,1775623593.1988165,fc2098317d43af66664f0f1337a49fcd8e945f0f8e21c87ed1f6e9a771b53a8f,gwsearch run
780,1775624163.903304,fc2098317d43af66664f0f1337a49fcd8e945f0f8e21c87ed1f6e9a771b53a8f,gwsearch run
781,1775624738.1962717,fc2098317d43af66664f0f1337a49fcd8e945f0f8e21c87ed1f6e9a771b53a8f,gwsearch run
782,1775625308.918482,fc2098317d43af66664f0f1337a49fcd8e945f0f8e21c87ed1f6e9a771b53a8f,gwsearch run
783,1775625882.9168587,fc2098317d43af66664f0f1337a49fcd8e945f0f8e21c87ed1f6e9a771b53a8f,gwsearch run
784,1775626454.9328115,fc2098317d43af66664f0f1337a49fcd8e945f0f8e21c87ed1f6e9a771b53a8f,gwsearch run
785,1775627026.6741247,fc2098317d43af66664f0f1337a49fcd8e945f0f8e21c87ed1f6e9a771b53a8f,gwsearch run
786,1775627598.18757,fc2098317d43af66664f0f1337a49fcd8e945f0f8e21c87ed1f6e9a771b53a8f,gwsearch run
787,1775628169.4182746,fc2098317d43af66664f0f1337a49fcd8e945f0f8e21c87ed1f6e9a771b53a8f,gwsearch run
788,1775628741.1767685,fc2098317d43af66664f0f1337a49fcd8e945f0f8e21c87ed1f6e9a771b53a8f,gwsearch run
789,1775629312.6615925,fc2098317d43af66664f0f1337a49fcd8e945f0f8e21c87ed1f6e9a771b53a8f,gwsearch run
790,1775629884.1886213,fc2098317d43af66664f0f1337a49fcd8e945f0f8e21c87ed1f6e9a771b53a8f,gwsearch run
791,1775630455.6676319,fc2098317d43af66664f0f1337a49fcd8e945f0f8e21c87ed1f6e9a771b53a8f,gwsearch run
792,1775631025.964897,fc2098317d43af66664f0f1337a49fcd8e945f0f8e21c87ed1f6e9a771b53a8f,gwsearch run
793,1775631599.2016187,fc2098317d43af66664f0f1337a49fcd8e945f0f8e21c87ed1f6e9a771b53a8f,gwsearch run
794,1775632172.17948,fc2098317d43af66664f0f1337a49fcd8e945f0f8e21c87ed1f6e9a771b53a8f,gwsearch run
795,1775632743.4363983,fc2098317d43af66664f0f1337a49fcd8e945f0f8e21c87ed1f6e9a771b53a8f,gwsearch run
796,1775633314.192897,fc2098317d43af66664f0f1337a49fcd8e945f0f8e21c87ed1f6e9a771b53a8f,gwsearch run
797,1775633888.2091577,fc2098317d43af66664f0f1337a49fcd8e945f0f8e21c87ed1f6e9a771b53a8f,gwsearch run
798,1775634464.7131488,fc2098317d43af66664f0f1337a49fcd8e945f0f8e21c87ed1f6e9a771b53a8f,gwsearch run
799,1775635037.6705897,fc2098317d43af66664f0f1337a49fcd8e945f0f8e21c87ed1f6e9a771b53a8f,gwsearch run
800,1775635611.681805,fc2098317d43af66664f0f1337a49fcd8e945f0f8e21c87ed1f6e9a771b53a8f,gwsearch run
801,1775636182.1681745,fc2098317d43af66664f0f1337a49fcd8e945f0f8e21c87ed1f6e9a771b53a8f,gwsearch run
802,1775636754.985779,fc2098317d43af66664f0f1337a49fcd8e945f0f8e21c87ed1f6e9a771b53a8f,gwsearch run
803,1775637326.1794655,fc2098317d43af66664f0f1337a49fcd8e945f0f8e21c87ed1f6e9a771b53a8f,gwsearch run
804,1775637897.6626093,fc2098317d43af66664f0f1337a49fcd8e945f0f8e21c87ed1f6e9a771b53a8f,gwsearch run
805,1775638472.176894,fc2098317d43af66664f0f1337a49fcd8e945f0f8e21c87ed1f6e9a771b53a8f,gwsearch run
806,1775639046.178964,fc2098317d43af66664f0f1337a49fcd8e945f0f8e21c87ed1f6e9a771b53a8f,gwsearch run
807,1775639620.1666558,fc2098317d43af66664f0f1337a49fcd8e945f0f8e21c87ed1f6e9a771b53a8f,gwsearch run
808,1775640193.689213,fc2098317d43af66664f0f1337a49fcd8e945f0f8e21c87ed1f6e9a771b53a8f,gwsearch run
809,1775640765.6994214,fc2098317d43af66664f0f1337a49fcd8e945f0f8e21c87ed1f6e9a771b53a8f,gwsearch run
810,1775641337.3965144,fc2098317d43af66664f0f1337a49fcd8e945f0f8e21c87ed1f6e9a771b53a8f,gwsearch run
811,1775641910.1933634,fc2098317d43af66664f0f1337a49fcd8e945f0f8e21c87ed1f6e9a771b53a8f,gwsearch run
812,1775642482.9431784,fc2098317d43af66664f0f1337a49fcd8e945f0f8e21c87ed1f6e9a771b53a8f,gwsearch run
813,1775643055.1880245,fc2098317d43af66664f0f1337a49fcd8e945f0f8e21c87ed1f6e9a771b53a8f,gwsearch run
814,1775643627.4318244,fc2098317d43af66664f0f1337a49fcd8e945f0f8e21c87ed1f6e9a771b53a8f,gwsearch run
815,1775644198.9378436,fc2098317d43af66664f0f1337a49fcd8e945f0f8e21c87ed1f6e9a771b53a8f,gwsearch run
816,1775644769.6599457,fc2098317d43af66664f0f1337a49fcd8e945f0f8e21c87ed1f6e9a771b53a8f,gwsearch run
817,1775645341.940129,fc2098317d43af66664f0f1337a49fcd8e945f0f8e21c87ed1f6e9a771b53a8f,gwsearch run
818,1775645916.1923356,fc2098317d43af66664f0f1337a49fcd8e945f0f8e21c87ed1f6e9a771b53a8f,gwsearch run
819,1775646489.6896253,fc2098317d43af66664f0f1337a49fcd8e945f0f8e21c87ed1f6e9a771b53a8f,gwsearch run
820,1775647062.9244945,fc2098317d43af66664f0f1337a49fcd8e945f0f8e21c87ed1f6e9a771b53a8f,gwsearch run
821,1775647634.9212837,fc2098317d43af66664f0f1337a49fcd8e945f0f8e21c87ed1f6e9a771b53a8f,gwsearch run
822,1775648205.9358556,fc2098317d43af66664f0f1337a49fcd8e945f0f8e21c87ed1f6e9a771b53a8f,gwsearch run
823,1775648778.18499,fc2098317d43af66664f0f1337a49fcd8e945f0f8e21c87ed1f6e9a771b53a8f,gwsearch run
824,1775649351.4420328,fc2098317d43af66664f0f1337a49fcd8e945f0f8e21c87ed1f6e9a771b53a8f,gwsearch run
825,1775649921.891614,fc2098317d43af66664f0f1337a49fcd8e945f0f8e21c87ed1f6e9a771b53a8f,gwsearch run
826,1775650493.4399598,fc2098317d43af66664f0f1337a49fcd8e945f0f8e21c87ed1f6e9a771b53a8f,gwsearch run
827,1775651064.4307902,fc2098317d43af66664f0f1337a49fcd8e945f0f8e21c87ed1f6e9a771b53a8f,gwsearch run
828,1775651636.6753771,fc2098317d43af66664f0f1337a49fcd8e945f0f8e21c87ed1f6e9a771b53a8f,gwsearch run
829,1775652208.922525,fc2098317d43af66664f0f1337a49fcd8e945f0f8e21c87ed1f6e9a771b53a8f,gwsearch run
830,1775652782.9403071,fc2098317d43af66664f0f1337a49fcd8e945f0f8e21c87ed1f6e9a771b53a8f,gwsearch run
831,1775653354.4359245,fc2098317d43af66664f0f1337a49fcd8e945f0f8e21c87ed1f6e9a771b53a8f,gwsearch run
832,1775653926.160105,fc2098317d43af66664f0f1337a49fcd8e945f0f8e21c87ed1f6e9a771b53a8f,gwsearch run
833,1775654499.7013283,fc2098317d43af66664f0f1337a49fcd8e945f0f8e21c87ed1f6e9a771b53a8f,gwsearch run
834,1775655071.9463608,fc2098317d43af66664f0f1337a49fcd8e945f0f8e21c87ed1f6e9a771b53a8f,gwsearch run
835,1775655644.9397945,fc2098317d43af66664f0f1337a49fcd8e945f0f8e21c87ed1f6e9a771b53a8f,gwsearch run
836,1775656218.6927788,fc2098317d43af66664f0f1337a49fcd8e945f0f8e21c87ed1f6e9a771b53a8f,gwsearch run
837,1775656790.1792083,fc2098317d43af66664f0f1337a49fcd8e945f0f8e21c87ed1f6e9a771b53a8f,gwsearch run
838,1775657360.4452426,fc2098317d43af66664f0f1337a49fcd8e945f0f8e21c87ed1f6e9a771b53a8f,gwsearch run
839,1775657932.1840415,fc2098317d43af66664f0f1337a49fcd8e945f0f8e21c87ed1f6e9a771b53a8f,gwsearch run
840,1775658503.436255,fc2098317d43af66664f0f1337a49fcd8e945f0f8e21c87ed1f6e9a771b53a8f,gwsearch run
841,1775659075.9448376,fc2098317d43af66664f0f1337a49fcd8e945f0f8e21c87ed1f6e9a771b53a8f,gwsearch run
842,1775659647.4283667,fc2098317d43af66664f0f1337a49fcd8e945f0f8e21c87ed1f6e9a771b53a8f,gwsearch run
843,1775660220.1722312,fc2098317d43af66664f0f1337a49fcd8e945f0f8e21c87ed1f6e9a771b53a8f,gwsearch run
844,1775660793.6841612,fc2098317d43af66664f0f1337a49fcd8e945f0f8e21c87ed1f6e9a771b53a8f,gwsearch run
845,1775661364.684932,fc2098317d43af66664f0f1337a49fcd8e945f0f8e21c87ed1f6e9a771b53a8f,gwsearch run
846,1775661936.43469,fc2098317d43af66664f0f1337a49fcd8e945f0f8e21c87ed1f6e9a771b53a8f,gwsearch run
847,1775662510.4473271,fc2098317d43af66664f0f1337a49fcd8e945f0f8e21c87ed1f6e9a771b53a8f,gwsearch run
848,1775663082.946311,fc2098317d43af66664f0f1337a49fcd8e945f0f8e21c87ed1f6e9a771b53a8f,gwsearch run
849,1775663654.1810248,fc2098317d43af66664f0f1337a49fcd8e945f0f8e21c87ed1f6e9a771b53a8f,gwsearch run
850,1775664227.4199708,fc2098317d43af66664f0f1337a49fcd8e945f0f8e21c87ed1f6e9a771b53a8f,gwsearch run
851,1775664800.1830795,fc2098317d43af66664f0f1337a49fcd8e945f0f8e21c87ed1f6e9a771b53a8f,gwsearch run
852,1775665374.1632614,fc2098317d43af66664f0f1337a49fcd8e945f0f8e21c87ed1f6e9a771b53a8f,gwsearch run
853,1775665947.1854653,fc2098317d43af66664f0f1337a49fcd8e945f0f8e21c87ed1f6e9a771b53a8f,gwsearch run
854,1775666520.1629565,fc2098317d43af66664f0f1337a49fcd8e945f0f8e21c87ed1f6e9a771b53a8f,gwsearch run
855,1775667092.6905246,fc2098317d43af66664f0f1337a49fcd8e945f0f8e21c87ed1f6e9a771b53a8f,gwsearch run
856,1775667666.2013578,fc2098317d43af66664f0f1337a49fcd8e945f0f8e21c87ed1f6e9a771b53a8f,gwsearch run
857,1775668237.702281,fc2098317d43af66664f0f1337a49fcd8e945f0f8e21c87ed1f6e9a771b53a8f,gwsearch run
858,1775668809.1964607,fc2098317d43af66664f0f1337a49fcd8e945f0f8e21c87ed1f6e9a771b53a8f,gwsearch run
859,1775669382.4265456,fc2098317d43af66664f0f1337a49fcd8e945f0f8e21c87ed1f6e9a771b53a8f,gwsearch run
860,1775669953.1697595,fc2098317d43af66664f0f1337a49fcd8e945f0f8e21c87ed1f6e9a771b53a8f,gwsearch run
861,1775670526.4301505,fc2098317d43af66664f0f1337a49fcd8e945f0f8e21c87ed1f6e9a771b53a8f,gwsearch run
862,1775671097.9270205,fc2098317d43af66664f0f1337a49fcd8e945f0f8e21c87ed1f6e9a771b53a8f,gwsearch run
863,1775671670.1822007,fc2098317d43af66664f0f1337a49fcd8e945f0f8e21c87ed1f6e9a771b53a8f,gwsearch run
864,1775672240.694712,fc2098317d43af66664f0f1337a49fcd8e945f0f8e21c87ed1f6e9a771b53a8f,gwsearch run
865,1775672810.4450836,fc2098317d43af66664f0f1337a49fcd8e945f0f8e21c87ed1f6e9a771b53a8f,gwsearch run
866,1775673382.6807797,fc2098317d43af66664f0f1337a49fcd8e945f0f8e21c87ed1f6e9a771b53a8f,gwsearch run
867,1775673957.1826408,fc2098317d43af66664f0f1337a49fcd8e945f0f8e21c87ed1f6e9a771b53a8f,gwsearch run
868,1775674532.9390647,fc2098317d43af66664f0f1337a49fcd8e945f0f8e21c87ed1f6e9a771b53a8f,gwsearch run
869,1775675106.95843,fc2098317d43af66664f0f1337a49fcd8e945f0f8e21c87ed1f6e9a771b53a8f,gwsearch run
870,1775675680.1556857,fc2098317d43af66664f0f1337a49fcd8e945f0f8e21c87ed1f6e9a771b53a8f,gwsearch run
871,1775676254.9906073,fc2098317d43af66664f0f1337a49fcd8e945f0f8e21c87ed1f6e9a771b53a8f,gwsearch run
872,1775676830.9085393,fc2098317d43af66664f0f1337a49fcd8e945f0f8e21c87ed1f6e9a771b53a8f,gwsearch run
873,1775677402.443151,fc2098317d43af66664f0f1337a49fcd8e945f0f8e21c87ed1f6e9a771b53a8f,gwsearch run
874,1775677974.6912408,fc2098317d43af66664f0f1337a49fcd8e945f0f8e21c87ed1f6e9a771b53a8f,gwsearch run
875,1775678546.949941,fc2098317d43af66664f0f1337a49fcd8e945f0f8e21c87ed1f6e9a771b53a8f,gwsearch run
876,1775679119.947336,fc2098317d43af66664f0f1337a49fcd8e945f0f8e21c87ed1f6e9a771b53a8f,gwsearch run
877,1775679691.697859,fc2098317d43af66664f0f1337a49fcd8e945f0f8e21c87ed1f6e9a771b53a8f,gwsearch run
878,1775680264.6550765,fc2098317d43af66664f0f1337a49fcd8e945f0f8e21c87ed1f6e9a771b53a8f,gwsearch run
879,1775680838.6897974,fc2098317d43af66664f0f1337a49fcd8e945f0f8e21c87ed1f6e9a771b53a8f,gwsearch run
880,1775681409.9317162,fc2098317d43af66664f0f1337a49fcd8e945f0f8e21c87ed1f6e9a771b53a8f,gwsearch run
881,1775681983.9277565,fc2098317d43af66664f0f1337a49fcd8e945f0f8e21c87ed1f6e9a771b53a8f,gwsearch run
882,1775682555.9299896,fc2098317d43af66664f0f1337a49fcd8e945f0f8e21c87ed1f6e9a771b53a8f,gwsearch run
883,1775683128.7008543,fc2098317d43af66664f0f1337a49fcd8e945f0f8e21c87ed1f6e9a771b53a8f,gwsearch run
884,1775683700.1975079,fc2098317d43af66664f0f1337a49fcd8e945f0f8e21c87ed1f6e9a771b53a8f,gwsearch run
885,1775684269.672385,fc2098317d43af66664f0f1337a49fcd8e945f0f8e21c87ed1f6e9a771b53a8f,gwsearch run
886,1775684840.4144568,fc2098317d43af66664f0f1337a49fcd8e945f0f8e21c87ed1f6e9a771b53a8f,gwsearch run
887,1775685412.4383519,fc2098317d43af66664f0f1337a49fcd8e945f0f8e21c87ed1f6e9a771b53a8f,gwsearch run
888,1775685984.945865,fc2098317d43af66664f0f1337a49fcd8e945f0f8e21c87ed1f6e9a771b53a8f,gwsearch run
889,1775686558.9606366,fc2098317d43af66664f0f1337a49fcd8e945f0f8e21c87ed1f6e9a771b53a8f,gwsearch run
890,1775687132.1973283,fc2098317d43af66664f0f1337a49fcd8e945f0f8e21c87ed1f6e9a771b53a8f,gwsearch run
891,1775687705.4353116,fc2098317d43af66664f0f1337a49fcd8e945f0f8e21c87ed1f6e9a771b53a8f,gwsearch run
892,1775688276.431298,fc2098317d43af66664f0f1337a49fcd8e945f0f8e21c87ed1f6e9a771b53a8f,gwsearch run
893,1775688847.437184,fc2098317d43af66664f0f1337a49fcd8e945f0f8e21c87ed1f6e9a771b53a8f,gwsearch run
894,1775689420.6842535,fc2098317d43af66664f0f1337a49fcd8e945f0f8e21c87ed1f6e9a771b53a8f,gwsearch run
895,1775689994.391331,fc2098317d43af66664f0f1337a49fcd8e945f0f8e21c87ed1f6e9a771b53a8f,gwsearch run
896,1775690565.1772797,fc2098317d43af66664f0f1337a49fcd8e945f0f8e21c87ed1f6e9a771b53a8f,gwsearch run
897,1775691136.9216063,fc2098317d43af66664f0f1337a49fcd8e945f0f8e21c87ed1f6e9a771b53a8f,gwsearch run
898,1775691708.6807497,fc2098317d43af66664f0f1337a49fcd8e945f0f8e21c87ed1f6e9a771b53a8f,gwsearch run
899,1775692282.448042,fc2098317d43af66664f0f1337a49fcd8e945f0f8e21c87ed1f6e9a771b53a8f,gwsearch run
900,1775692854.9780245,fc2098317d43af66664f0f1337a49fcd8e945f0f8e21c87ed1f6e9a771b53a8f,gwsearch run
901,1775693426.1928978,fc2098317d43af66664f0f1337a49fcd8e945f0f8e21c87ed1f6e9a771b53a8f,gwsearch run
902,1775693998.1661673,fc2098317d43af66664f0f1337a49fcd8e945f0f8e21c87ed1f6e9a771b53a8f,gwsearch run
903,1775694573.9274535,fc2098317d43af66664f0f1337a49fcd8e945f0f8e21c87ed1f6e9a771b53a8f,gwsearch run
904,1775695146.4525416,fc2098317d43af66664f0f1337a49fcd8e945f0f8e21c87ed1f6e9a771b53a8f,gwsearch run
905,1775695718.1574228,fc2098317d43af66664f0f1337a49fcd8e945f0f8e21c87ed1f6e9a771b53a8f,gwsearch run
906,1775696289.1890697,fc2098317d43af66664f0f1337a49fcd8e945f0f8e21c87ed1f6e9a771b53a8f,gwsearch run
907,1775696861.428042,fc2098317d43af66664f0f1337a49fcd8e945f0f8e21c87ed1f6e9a771b53a8f,gwsearch run
908,1775697432.9579403,fc2098317d43af66664f0f1337a49fcd8e945f0f8e21c87ed1f6e9a771b53a8f,gwsearch run
909,1775698004.6822066,fc2098317d43af66664f0f1337a49fcd8e945f0f8e21c87ed1f6e9a771b53a8f,gwsearch run
910,1775698578.1712992,fc2098317d43af66664f0f1337a49fcd8e945f0f8e21c87ed1f6e9a771b53a8f,gwsearch run
911,1775699149.450444,fc2098317d43af66664f0f1337a49fcd8e945f0f8e21c87ed1f6e9a771b53a8f,gwsearch run
912,1775699723.4234908,fc2098317d43af66664f0f1337a49fcd8e945f0f8e21c87ed1f6e9a771b53a8f,gwsearch run
913,1775700294.1861959,fc2098317d43af66664f0f1337a49fcd8e945f0f8e21c87ed1f6e9a771b53a8f,gwsearch run
914,1775700867.9462254,fc2098317d43af66664f0f1337a49fcd8e945f0f8e21c87ed1f6e9a771b53a8f,gwsearch run
915,1775701443.927961,fc2098317d43af66664f0f1337a49fcd8e945f0f8e21c87ed1f6e9a771b53a8f,gwsearch run
916,1775702015.6799562,fc2098317d43af66664f0f1337a49fcd8e945f0f8e21c87ed1f6e9a771b53a8f,gwsearch run
917,1775702585.942079,fc2098317d43af66664f0f1337a49fcd8e945f0f8e21c87ed1f6e9a771b53a8f,gwsearch run
918,1775703157.9279425,fc2098317d43af66664f0f1337a49fcd8e945f0f8e21c87ed1f6e9a771b53a8f,gwsearch run
919,1775703732.1936126,fc2098317d43af66664f0f1337a49fcd8e945f0f8e21c87ed1f6e9a771b53a8f,gwsearch run
920,1775704305.2047303,fc2098317d43af66664f0f1337a49fcd8e945f0f8e21c87ed1f6e9a771b53a8f,gwsearch run
921,1775704877.94213,fc2098317d43af66664f0f1337a49fcd8e945f0f8e21c87ed1f6e9a771b53a8f,gwsearch run
922,1775705449.2151155,fc2098317d43af66664f0f1337a49fcd8e945f0f8e21c87ed1f6e9a771b53a8f,gwsearch run
923,1775705660.037254,fc2098317d43af66664f0f1337a49fcd8e945f0f8e21c87ed1f6e9a771b53a8f,gwsearch run
924,1775706231.925951,fc2098317d43af66664f0f1337a49fcd8e945f0f8e21c87ed1f6e9a771b53a8f,gwsearch run
925,1775706804.168646,fc2098317d43af66664f0f1337a49fcd8e945f0f8e21c87ed1f6e9a771b53a8f,gwsearch run
926,1775707378.1809542,fc2098317d43af66664f0f1337a49fcd8e945f0f8e21c87ed1f6e9a771b53a8f,gwsearch run
927,1775707947.9429686,fc2098317d43af66664f0f1337a49fcd8e945f0f8e21c87ed1f6e9a771b53a8f,gwsearch run
928,1775708523.6895316,fc2098317d43af66664f0f1337a49fcd8e945f0f8e21c87ed1f6e9a771b53a8f,gwsearch run
929,1775709095.6844528,fc2098317d43af66664f0f1337a49fcd8e945f0f8e21c87ed1f6e9a771b53a8f,gwsearch run
930,1775709669.188097,fc2098317d43af66664f0f1337a49fcd8e945f0f8e21c87ed1f6e9a771b53a8f,gwsearch run
931,1775710239.6840405,fc2098317d43af66664f0f1337a49fcd8e945f0f8e21c87ed1f6e9a771b53a8f,gwsearch run
932,1775710808.6769702,fc2098317d43af66664f0f1337a49fcd8e945f0f8e21c87ed1f6e9a771b53a8f,gwsearch run
933,1775711377.944301,fc2098317d43af66664f0f1337a49fcd8e945f0f8e21c87ed1f6e9a771b53a8f,gwsearch run
934,1775711946.9478018,fc2098317d43af66664f0f1337a49fcd8e945f0f8e21c87ed1f6e9a771b53a8f,gwsearch run
935,1775712518.4201996,fc2098317d43af66664f0f1337a49fcd8e945f0f8e21c87ed1f6e9a771b53a8f,gwsearch run
936,1775713089.4318876,fc2098317d43af66664f0f1337a49fcd8e945f0f8e21c87ed1f6e9a771b53a8f,gwsearch run
937,1775713662.1882803,fc2098317d43af66664f0f1337a49fcd8e945f0f8e21c87ed1f6e9a771b53a8f,gwsearch run
938,1775714233.6946175,fc2098317d43af66664f0f1337a49fcd8e945f0f8e21c87ed1f6e9a771b53a8f,gwsearch run
939,1775714805.1659968,fc2098317d43af66664f0f1337a49fcd8e945f0f8e21c87ed1f6e9a771b53a8f,gwsearch run
940,1775715376.4351695,fc2098317d43af66664f0f1337a49fcd8e945f0f8e21c87ed1f6e9a771b53a8f,gwsearch run
941,1775715946.9316597,fc2098317d43af66664f0f1337a49fcd8e945f0f8e21c87ed1f6e9a771b53a8f,gwsearch run
942,1775716516.1657145,fc2098317d43af66664f0f1337a49fcd8e945f0f8e21c87ed1f6e9a771b53a8f,gwsearch run
943,1775717086.9014194,fc2098317d43af66664f0f1337a49fcd8e945f0f8e21c87ed1f6e9a771b53a8f,gwsearch run
944,1775717659.9343998,fc2098317d43af66664f0f1337a49fcd8e945f0f8e21c87ed1f6e9a771b53a8f,gwsearch run
945,1775718231.416716,fc2098317d43af66664f0f1337a49fcd8e945f0f8e21c87ed1f6e9a771b53a8f,gwsearch run
946,1775718801.1362386,fc2098317d43af66664f0f1337a49fcd8e945f0f8e21c87ed1f6e9a771b53a8f,gwsearch run
947,1775719371.162147,fc2098317d43af66664f0f1337a49fcd8e945f0f8e21c87ed1f6e9a771b53a8f,gwsearch run
948,1775719943.1647844,fc2098317d43af66664f0f1337a49fcd8e945f0f8e21c87ed1f6e9a771b53a8f,gwsearch run
949,1775720515.469895,fc2098317d43af66664f0f1337a49fcd8e945f0f8e21c87ed1f6e9a771b53a8f,gwsearch run
950,1775721085.4341753,fc2098317d43af66664f0f1337a49fcd8e945f0f8e21c87ed1f6e9a771b53a8f,gwsearch run
951,1775721656.9252887,fc2098317d43af66664f0f1337a49fcd8e945f0f8e21c87ed1f6e9a771b53a8f,gwsearch run
952,1775722229.6873994,fc2098317d43af66664f0f1337a49fcd8e945f0f8e21c87ed1f6e9a771b53a8f,gwsearch run
953,1775722800.6940427,fc2098317d43af66664f0f1337a49fcd8e945f0f8e21c87ed1f6e9a771b53a8f,gwsearch run
954,1775723371.4779482,fc2098317d43af66664f0f1337a49fcd8e945f0f8e21c87ed1f6e9a771b53a8f,gwsearch run
955,1775723944.9643967,fc2098317d43af66664f0f1337a49fcd8e945f0f8e21c87ed1f6e9a771b53a8f,gwsearch run
956,1775724515.2422736,fc2098317d43af66664f0f1337a49fcd8e945f0f8e21c87ed1f6e9a771b53a8f,gwsearch run
957,1775725087.6792185,fc2098317d43af66664f0f1337a49fcd8e945f0f8e21c87ed1f6e9a771b53a8f,gwsearch run
958,1775725658.6895115,fc2098317d43af66664f0f1337a49fcd8e945f0f8e21c87ed1f6e9a771b53a8f,gwsearch run
959,1775726230.6742775,fc2098317d43af66664f0f1337a49fcd8e945f0f8e21c87ed1f6e9a771b53a8f,gwsearch run
960,1775726800.140496,fc2098317d43af66664f0f1337a49fcd8e945f0f8e21c87ed1f6e9a771b53a8f,gwsearch run
961,1775727370.8954365,fc2098317d43af66664f0f1337a49fcd8e945f0f8e21c87ed1f6e9a771b53a8f,gwsearch run
962,1775727943.4371448,fc2098317d43af66664f0f1337a49fcd8e945f0f8e21c87ed1f6e9a771b53a8f,gwsearch run
963,1775728515.445141,fc2098317d43af66664f0f1337a49fcd8e945f0f8e21c87ed1f6e9a771b53a8f,gwsearch run
964,1775729088.9271493,fc2098317d43af66664f0f1337a49fcd8e945f0f8e21c87ed1f6e9a771b53a8f,gwsearch run
965,1775729659.935161,fc2098317d43af66664f0f1337a49fcd8e945f0f8e21c87ed1f6e9a771b53a8f,gwsearch run
966,1775730230.163086,fc2098317d43af66664f0f1337a49fcd8e945f0f8e21c87ed1f6e9a771b53a8f,gwsearch run
967,1775730801.7046256,fc2098317d43af66664f0f1337a49fcd8e945f0f8e21c87ed1f6e9a771b53a8f,gwsearch run
968,1775731372.4598594,fc2098317d43af66664f0f1337a49fcd8e945f0f8e21c87ed1f6e9a771b53a8f,gwsearch run
969,1775731943.659278,fc2098317d43af66664f0f1337a49fcd8e945f0f8e21c87ed1f6e9a771b53a8f,gwsearch run
970,1775732517.4618385,fc2098317d43af66664f0f1337a49fcd8e945f0f8e21c87ed1f6e9a771b53a8f,gwsearch run
971,1775733089.1864586,fc2098317d43af66664f0f1337a49fcd8e945f0f8e21c87ed1f6e9a771b53a8f,gwsearch run
972,1775733660.1950698,fc2098317d43af66664f0f1337a49fcd8e945f0f8e21c87ed1f6e9a771b53a8f,gwsearch run
973,1775734234.1922657,fc2098317d43af66664f0f1337a49fcd8e945f0f8e21c87ed1f6e9a771b53a8f,gwsearch run
974,1775734806.7069483,fc2098317d43af66664f0f1337a49fcd8e945f0f8e21c87ed1f6e9a771b53a8f,gwsearch run
975,1775735378.1736917,fc2098317d43af66664f0f1337a49fcd8e945f0f8e21c87ed1f6e9a771b53a8f,gwsearch run
976,1775735948.4471822,fc2098317d43af66664f0f1337a49fcd8e945f0f8e21c87ed1f6e9a771b53a8f,gwsearch run
977,1775736520.2054782,fc2098317d43af66664f0f1337a49fcd8e945f0f8e21c87ed1f6e9a771b53a8f,gwsearch run
978,1775737091.3903055,fc2098317d43af66664f0f1337a49fcd8e945f0f8e21c87ed1f6e9a771b53a8f,gwsearch run
979,1775737662.4204283,fc2098317d43af66664f0f1337a49fcd8e945f0f8e21c87ed1f6e9a771b53a8f,gwsearch run
980,1775738234.2165072,fc2098317d43af66664f0f1337a49fcd8e945f0f8e21c87ed1f6e9a771b53a8f,gwsearch run
981,1775738806.4303186,fc2098317d43af66664f0f1337a49fcd8e945f0f8e21c87ed1f6e9a771b53a8f,gwsearch run
982,1775739378.6924412,fc2098317d43af66664f0f1337a49fcd8e945f0f8e21c87ed1f6e9a771b53a8f,gwsearch run
983,1775739949.9230688,fc2098317d43af66664f0f1337a49fcd8e945f0f8e21c87ed1f6e9a771b53a8f,gwsearch run
984,1775740521.2312226,fc2098317d43af66664f0f1337a49fcd8e945f0f8e21c87ed1f6e9a771b53a8f,gwsearch run
985,1775741093.67854,fc2098317d43af66664f0f1337a49fcd8e945f0f8e21c87ed1f6e9a771b53a8f,gwsearch run
986,1775741666.4423685,fc2098317d43af66664f0f1337a49fcd8e945f0f8e21c87ed1f6e9a771b53a8f,gwsearch run
987,1775742237.186335,fc2098317d43af66664f0f1337a49fcd8e945f0f8e21c87ed1f6e9a771b53a8f,gwsearch run
988,1775742809.42594,fc2098317d43af66664f0f1337a49fcd8e945f0f8e21c87ed1f6e9a771b53a8f,gwsearch run
989,1775743378.3995733,fc2098317d43af66664f0f1337a49fcd8e945f0f8e21c87ed1f6e9a771b53a8f,gwsearch run
990,1775743950.9456651,fc2098317d43af66664f0f1337a49fcd8e945f0f8e21c87ed1f6e9a771b53a8f,gwsearch run
991,1775744523.6955233,fc2098317d43af66664f0f1337a49fcd8e945f0f8e21c87ed1f6e9a771b53a8f,gwsearch run
992,1775745095.4757872,fc2098317d43af66664f0f1337a49fcd8e945f0f8e21c87ed1f6e9a771b53a8f,gwsearch run
993,1775745666.9380393,fc2098317d43af66664f0f1337a49fcd8e945f0f8e21c87ed1f6e9a771b53a8f,gwsearch run
994,1775746237.9332728,fc2098317d43af66664f0f1337a49fcd8e945f0f8e21c87ed1f6e9a771b53a8f,gwsearch run
995,1775746807.1819854,fc2098317d43af66664f0f1337a49fcd8e945f0f8e21c87ed1f6e9a771b53a8f,gwsearch run
996,1775747378.422609,fc2098317d43af66664f0f1337a49fcd8e945f0f8e21c87ed1f6e9a771b53a8f,gwsearch run
997,1775747951.9491928,fc2098317d43af66664f0f1337a49fcd8e945f0f8e21c87ed1f6e9a771b53a8f,gwsearch run
998,1775748521.171972,fc2098317d43af66664f0f1337a49fcd8e945f0f8e21c87ed1f6e9a771b53a8f,gwsearch run
999,1775749092.9185538,fc2098317d43af66664f0f1337a49fcd8e945f0f8e21c87ed1f6e9a771b53a8f,gwsearch run
1000,1775749665.1774704,fc2098317d43af66664f0f1337a49fcd8e945f0f8e21c87ed1f6e9a771b53a8f,gwsearch run
1001,1775750236.1755743,fc2098317d43af66664f0f1337a49fcd8e945f0f8e21c87ed1f6e9a771b53a8f,gwsearch run
1002,1775750806.4324052,fc2098317d43af66664f0f1337a49fcd8e945f0f8e21c87ed1f6e9a771b53a8f,gwsearch run
1003,1775751377.9389052,fc2098317d43af66664f0f1337a49fcd8e945f0f8e21c87ed1f6e9a771b53a8f,gwsearch run
1004,1775751948.6598563,fc2098317d43af66664f0f1337a49fcd8e945f0f8e21c87ed1f6e9a771b53a8f,gwsearch run
1005,1775752519.6923742,fc2098317d43af66664f0f1337a49fcd8e945f0f8e21c87ed1f6e9a771b53a8f,gwsearch run
1006,1775753092.6794903,fc2098317d43af66664f0f1337a49fcd8e945f0f8e21c87ed1f6e9a771b53a8f,gwsearch run
1007,1775753665.1595464,fc2098317d43af66664f0f1337a49fcd8e945f0f8e21c87ed1f6e9a771b53a8f,gwsearch run
1008,1775754235.942007,fc2098317d43af66664f0f1337a49fcd8e945f0f8e21c87ed1f6e9a771b53a8f,gwsearch run
1009,1775754807.6738584,fc2098317d43af66664f0f1337a49fcd8e945f0f8e21c87ed1f6e9a771b53a8f,gwsearch run
1010,1775755379.927334,fc2098317d43af66664f0f1337a49fcd8e945f0f8e21c87ed1f6e9a771b53a8f,gwsearch run
1011,1775755951.440914,fc2098317d43af66664f0f1337a49fcd8e945f0f8e21c87ed1f6e9a771b53a8f,gwsearch run
1012,1775756523.6852813,fc2098317d43af66664f0f1337a49fcd8e945f0f8e21c87ed1f6e9a771b53a8f,gwsearch run
1013,1775757094.9550931,fc2098317d43af66664f0f1337a49fcd8e945f0f8e21c87ed1f6e9a771b53a8f,gwsearch run
1014,1775757668.4177945,fc2098317d43af66664f0f1337a49fcd8e945f0f8e21c87ed1f6e9a771b53a8f,gwsearch run
1015,1775758242.6734767,fc2098317d43af66664f0f1337a49fcd8e945f0f8e21c87ed1f6e9a771b53a8f,gwsearch run
1016,1775758813.450578,fc2098317d43af66664f0f1337a49fcd8e945f0f8e21c87ed1f6e9a771b53a8f,gwsearch run
1017,1775759383.454579,fc2098317d43af66664f0f1337a49fcd8e945f0f8e21c87ed1f6e9a771b53a8f,gwsearch run
1018,1775759953.201614,fc2098317d43af66664f0f1337a49fcd8e945f0f8e21c87ed1f6e9a771b53a8f,gwsearch run
1019,1775760524.9377964,fc2098317d43af66664f0f1337a49fcd8e945f0f8e21c87ed1f6e9a771b53a8f,gwsearch run
1020,1775761096.4304297,fc2098317d43af66664f0f1337a49fcd8e945f0f8e21c87ed1f6e9a771b53a8f,gwsearch run
1021,1775761668.4302511,fc2098317d43af66664f0f1337a49fcd8e945f0f8e21c87ed1f6e9a771b53a8f,gwsearch run
1022,1775762239.938506,fc2098317d43af66664f0f1337a49fcd8e945f0f8e21c87ed1f6e9a771b53a8f,gwsearch run
1023,1775762812.1819944,fc2098317d43af66664f0f1337a49fcd8e945f0f8e21c87ed1f6e9a771b53a8f,gwsearch run
1024,1775763381.929727,fc2098317d43af66664f0f1337a49fcd8e945f0f8e21c87ed1f6e9a771b53a8f,gwsearch run
1025,1775763953.454783,fc2098317d43af66664f0f1337a49fcd8e945f0f8e21c87ed1f6e9a771b53a8f,gwsearch run
1026,1775764523.9445343,fc2098317d43af66664f0f1337a49fcd8e945f0f8e21c87ed1f6e9a771b53a8f,gwsearch run
1027,1775765097.4329584,fc2098317d43af66664f0f1337a49fcd8e945f0f8e21c87ed1f6e9a771b53a8f,gwsearch run
1028,1775765667.189897,fc2098317d43af66664f0f1337a49fcd8e945f0f8e21c87ed1f6e9a771b53a8f,gwsearch run
1029,1775766241.6797936,fc2098317d43af66664f0f1337a49fcd8e945f0f8e21c87ed1f6e9a771b53a8f,gwsearch run
1030,1775766812.4381335,fc2098317d43af66664f0f1337a49fcd8e945f0f8e21c87ed1f6e9a771b53a8f,gwsearch run
1031,1775767384.4479873,fc2098317d43af66664f0f1337a49fcd8e945f0f8e21c87ed1f6e9a771b53a8f,gwsearch run
1032,1775767955.1643124,fc2098317d43af66664f0f1337a49fcd8e945f0f8e21c87ed1f6e9a771b53a8f,gwsearch run
1033,1775768528.1836874,fc2098317d43af66664f0f1337a49fcd8e945f0f8e21c87ed1f6e9a771b53a8f,gwsearch run
1034,1775769100.6705644,fc2098317d43af66664f0f1337a49fcd8e945f0f8e21c87ed1f6e9a771b53a8f,gwsearch run
1035,1775769673.9473615,fc2098317d43af66664f0f1337a49fcd8e945f0f8e21c87ed1f6e9a771b53a8f,gwsearch run
1036,1775770243.1815603,fc2098317d43af66664f0f1337a49fcd8e945f0f8e21c87ed1f6e9a771b53a8f,gwsearch run
1037,1775770814.947445,fc2098317d43af66664f0f1337a49fcd8e945f0f8e21c87ed1f6e9a771b53a8f,gwsearch run
1038,1775771386.4283118,fc2098317d43af66664f0f1337a49fcd8e945f0f8e21c87ed1f6e9a771b53a8f,gwsearch run
1039,1775771957.6887248,fc2098317d43af66664f0f1337a49fcd8e945f0f8e21c87ed1f6e9a771b53a8f,gwsearch run
1040,1775772529.6793385,fc2098317d43af66664f0f1337a49fcd8e945f0f8e21c87ed1f6e9a771b53a8f,gwsearch run
1041,1775773102.1649246,fc2098317d43af66664f0f1337a49fcd8e945f0f8e21c87ed1f6e9a771b53a8f,gwsearch run
1042,1775773672.431947,fc2098317d43af66664f0f1337a49fcd8e945f0f8e21c87ed1f6e9a771b53a8f,gwsearch run
1043,1775774244.1729085,fc2098317d43af66664f0f1337a49fcd8e945f0f8e21c87ed1f6e9a771b53a8f,gwsearch run
1044,1775774817.4432268,fc2098317d43af66664f0f1337a49fcd8e945f0f8e21c87ed1f6e9a771b53a8f,gwsearch run
1045,1775775390.6846833,fc2098317d43af66664f0f1337a49fcd8e945f0f8e21c87ed1f6e9a771b53a8f,gwsearch run
1046,1775775964.9215574,fc2098317d43af66664f0f1337a49fcd8e945f0f8e21c87ed1f6e9a771b53a8f,gwsearch run
1047,1775776535.4508145,fc2098317d43af66664f0f1337a49fcd8e945f0f8e21c87ed1f6e9a771b53a8f,gwsearch run
1048,1775777107.6763432,fc2098317d43af66664f0f1337a49fcd8e945f0f8e21c87ed1f6e9a771b53a8f,gwsearch run
1049,1775777679.431174,fc2098317d43af66664f0f1337a49fcd8e945f0f8e21c87ed1f6e9a771b53a8f,gwsearch run
1050,1775778251.686518,fc2098317d43af66664f0f1337a49fcd8e945f0f8e21c87ed1f6e9a771b53a8f,gwsearch run
1051,1775778821.9463124,fc2098317d43af66664f0f1337a49fcd8e945f0f8e21c87ed1f6e9a771b53a8f,gwsearch run
1052,1775779392.4468157,fc2098317d43af66664f0f1337a49fcd8e945f0f8e21c87ed1f6e9a771b53a8f,gwsearch run
1053,1775779963.1723404,fc2098317d43af66664f0f1337a49fcd8e945f0f8e21c87ed1f6e9a771b53a8f,gwsearch run
1054,1775780536.9390738,fc2098317d43af66664f0f1337a49fcd8e945f0f8e21c87ed1f6e9a771b53a8f,gwsearch run
1055,1775781108.4410844,fc2098317d43af66664f0f1337a49fcd8e945f0f8e21c87ed1f6e9a771b53a8f,gwsearch run
1056,1775781680.6908274,fc2098317d43af66664f0f1337a49fcd8e945f0f8e21c87ed1f6e9a771b53a8f,gwsearch run
1057,1775782252.9173965,fc2098317d43af66664f0f1337a49fcd8e945f0f8e21c87ed1f6e9a771b53a8f,gwsearch run
1058,1775782825.1963603,fc2098317d43af66664f0f1337a49fcd8e945f0f8e21c87ed1f6e9a771b53a8f,gwsearch run
1059,1775783418.1730037,fc2098317d43af66664f0f1337a49fcd8e945f0f8e21c87ed1f6e9a771b53a8f,gwsearch run
1060,1775783989.1443815,fc2098317d43af66664f0f1337a49fcd8e945f0f8e21c87ed1f6e9a771b53a8f,gwsearch run
1061,1775784560.9264858,fc2098317d43af66664f0f1337a49fcd8e945f0f8e21c87ed1f6e9a771b53a8f,gwsearch run
1062,1775785133.4174242,fc2098317d43af66664f0f1337a49fcd8e945f0f8e21c87ed1f6e9a771b53a8f,gwsearch run
1063,1775785704.172387,fc2098317d43af66664f0f1337a49fcd8e945f0f8e21c87ed1f6e9a771b53a8f,gwsearch run
1064,1775786275.6771579,fc2098317d43af66664f0f1337a49fcd8e945f0f8e21c87ed1f6e9a771b53a8f,gwsearch run
1065,1775786848.9426563,fc2098317d43af66664f0f1337a49fcd8e945f0f8e21c87ed1f6e9a771b53a8f,gwsearch run
1066,1775787422.2014732,fc2098317d43af66664f0f1337a49fcd8e945f0f8e21c87ed1f6e9a771b53a8f,gwsearch run
1067,1775787995.1761203,fc2098317d43af66664f0f1337a49fcd8e945f0f8e21c87ed1f6e9a771b53a8f,gwsearch run
1068,1775788568.4394753,fc2098317d43af66664f0f1337a49fcd8e945f0f8e21c87ed1f6e9a771b53a8f,gwsearch run
1069,1775789142.1751933,fc2098317d43af66664f0f1337a49fcd8e945f0f8e21c87ed1f6e9a771b53a8f,gwsearch run
1070,1775789716.414639,fc2098317d43af66664f0f1337a49fcd8e945f0f8e21c87ed1f6e9a771b53a8f,gwsearch run
1071,1775790288.7009761,fc2098317d43af66664f0f1337a49fcd8e945f0f8e21c87ed1f6e9a771b53a8f,gwsearch run
1072,1775790860.6932986,fc2098317d43af66664f0f1337a49fcd8e945f0f8e21c87ed1f6e9a771b53a8f,gwsearch run
1073,1775791433.6975427,fc2098317d43af66664f0f1337a49fcd8e945f0f8e21c87ed1f6e9a771b53a8f,gwsearch run
1074,1775792008.2145486,fc2098317d43af66664f0f1337a49fcd8e945f0f8e21c87ed1f6e9a771b53a8f,gwsearch run
1075,1775792581.7227976,fc2098317d43af66664f0f1337a49fcd8e945f0f8e21c87ed1f6e9a771b53a8f,gwsearch run
1076,1775793254.9330833,fc2098317d43af66664f0f1337a49fcd8e945f0f8e21c87ed1f6e9a771b53a8f,gwsearch run
1077,1775793829.9434664,fc2098317d43af66664f0f1337a49fcd8e945f0f8e21c87ed1f6e9a771b53a8f,gwsearch run
1078,1775794401.4515939,fc2098317d43af66664f0f1337a49fcd8e945f0f8e21c87ed1f6e9a771b53a8f,gwsearch run
1079,1775794972.9033406,fc2098317d43af66664f0f1337a49fcd8e945f0f8e21c87ed1f6e9a771b53a8f,gwsearch run
1080,1775795545.3965437,fc2098317d43af66664f0f1337a49fcd8e945f0f8e21c87ed1f6e9a771b53a8f,gwsearch run
1081,1775796117.1771832,fc2098317d43af66664f0f1337a49fcd8e945f0f8e21c87ed1f6e9a771b53a8f,gwsearch run
1082,1775796691.4072149,fc2098317d43af66664f0f1337a49fcd8e945f0f8e21c87ed1f6e9a771b53a8f,gwsearch run
1083,1775797263.6628861,fc2098317d43af66664f0f1337a49fcd8e945f0f8e21c87ed1f6e9a771b53a8f,gwsearch run
1084,1775797837.1642544,fc2098317d43af66664f0f1337a49fcd8e945f0f8e21c87ed1f6e9a771b53a8f,gwsearch run
1085,1775798409.4240763,fc2098317d43af66664f0f1337a49fcd8e945f0f8e21c87ed1f6e9a771b53a8f,gwsearch run
1086,1775798983.4397056,fc2098317d43af66664f0f1337a49fcd8e945f0f8e21c87ed1f6e9a771b53a8f,gwsearch run
1087,1775799555.1628025,fc2098317d43af66664f0f1337a49fcd8e945f0f8e21c87ed1f6e9a771b53a8f,gwsearch run
1088,1775800130.1698837,fc2098317d43af66664f0f1337a49fcd8e945f0f8e21c87ed1f6e9a771b53a8f,gwsearch run
1089,1775800706.4192488,fc2098317d43af66664f0f1337a49fcd8e945f0f8e21c87ed1f6e9a771b53a8f,gwsearch run
1090,1775801278.9426417,fc2098317d43af66664f0f1337a49fcd8e945f0f8e21c87ed1f6e9a771b53a8f,gwsearch run
1091,1775801851.9205847,fc2098317d43af66664f0f1337a49fcd8e945f0f8e21c87ed1f6e9a771b53a8f,gwsearch run
1092,1775802423.4181936,fc2098317d43af66664f0f1337a49fcd8e945f0f8e21c87ed1f6e9a771b53a8f,gwsearch run
1093,1775802994.1841593,fc2098317d43af66664f0f1337a49fcd8e945f0f8e21c87ed1f6e9a771b53a8f,gwsearch run
1094,1775803569.1938598,fc2098317d43af66664f0f1337a49fcd8e945f0f8e21c87ed1f6e9a771b53a8f,gwsearch run
1095,1775804141.6630151,fc2098317d43af66664f0f1337a49fcd8e945f0f8e21c87ed1f6e9a771b53a8f,gwsearch run
1096,1775804714.162507,fc2098317d43af66664f0f1337a49fcd8e945f0f8e21c87ed1f6e9a771b53a8f,gwsearch run
1097,1775805284.6943688,fc2098317d43af66664f0f1337a49fcd8e945f0f8e21c87ed1f6e9a771b53a8f,gwsearch run
1098,1775805855.9258132,fc2098317d43af66664f0f1337a49fcd8e945f0f8e21c87ed1f6e9a771b53a8f,gwsearch run
1099,1775806429.4247425,fc2098317d43af66664f0f1337a49fcd8e945f0f8e21c87ed1f6e9a771b53a8f,gwsearch run
1100,1775807001.6512432,fc2098317d43af66664f0f1337a49fcd8e945f0f8e21c87ed1f6e9a771b53a8f,gwsearch run
1101,1775807572.9107902,fc2098317d43af66664f0f1337a49fcd8e945f0f8e21c87ed1f6e9a771b53a8f,gwsearch run
1102,1775808145.1926742,fc2098317d43af66664f0f1337a49fcd8e945f0f8e21c87ed1f6e9a771b53a8f,gwsearch run
1103,1775808718.6870751,fc2098317d43af66664f0f1337a49fcd8e945f0f8e21c87ed1f6e9a771b53a8f,gwsearch run
1104,1775809293.9277427,fc2098317d43af66664f0f1337a49fcd8e945f0f8e21c87ed1f6e9a771b53a8f,gwsearch run
1105,1775809866.9359114,fc2098317d43af66664f0f1337a49fcd8e945f0f8e21c87ed1f6e9a771b53a8f,gwsearch run
1106,1775810441.9268234,fc2098317d43af66664f0f1337a49fcd8e945f0f8e21c87ed1f6e9a771b53a8f,gwsearch run
1107,1775811015.6807902,fc2098317d43af66664f0f1337a49fcd8e945f0f8e21c87ed1f6e9a771b53a8f,gwsearch run
1108,1775811589.7065732,fc2098317d43af66664f0f1337a49fcd8e945f0f8e21c87ed1f6e9a771b53a8f,gwsearch run
1109,1775812163.1741097,fc2098317d43af66664f0f1337a49fcd8e945f0f8e21c87ed1f6e9a771b53a8f,gwsearch run
1110,1775812739.6931093,fc2098317d43af66664f0f1337a49fcd8e945f0f8e21c87ed1f6e9a771b53a8f,gwsearch run
1111,1775813312.697479,fc2098317d43af66664f0f1337a49fcd8e945f0f8e21c87ed1f6e9a771b53a8f,gwsearch run
1112,1775813887.6995816,fc2098317d43af66664f0f1337a49fcd8e945f0f8e21c87ed1f6e9a771b53a8f,gwsearch run
1113,1775814460.6758919,fc2098317d43af66664f0f1337a49fcd8e945f0f8e21c87ed1f6e9a771b53a8f,gwsearch run
1114,1775815032.6736333,fc2098317d43af66664f0f1337a49fcd8e945f0f8e21c87ed1f6e9a771b53a8f,gwsearch run
1115,1775815604.695225,fc2098317d43af66664f0f1337a49fcd8e945f0f8e21c87ed1f6e9a771b53a8f,gwsearch run
1116,1775816177.9462292,fc2098317d43af66664f0f1337a49fcd8e945f0f8e21c87ed1f6e9a771b53a8f,gwsearch run
1117,1775816751.5053718,fc2098317d43af66664f0f1337a49fcd8e945f0f8e21c87ed1f6e9a771b53a8f,gwsearch run
1118,1775817326.431385,fc2098317d43af66664f0f1337a49fcd8e945f0f8e21c87ed1f6e9a771b53a8f,gwsearch run
1119,1775817902.4282813,fc2098317d43af66664f0f1337a49fcd8e945f0f8e21c87ed1f6e9a771b53a8f,gwsearch run
1120,1775818475.198081,fc2098317d43af66664f0f1337a49fcd8e945f0f8e21c87ed1f6e9a771b53a8f,gwsearch run
1121,1775819049.695689,fc2098317d43af66664f0f1337a49fcd8e945f0f8e21c87ed1f6e9a771b53a8f,gwsearch run
1122,1775819626.1564548,fc2098317d43af66664f0f1337a49fcd8e945f0f8e21c87ed1f6e9a771b53a8f,gwsearch run
1123,1775820198.4212024,fc2098317d43af66664f0f1337a49fcd8e945f0f8e21c87ed1f6e9a771b53a8f,gwsearch run
1124,1775820771.429779,fc2098317d43af66664f0f1337a49fcd8e945f0f8e21c87ed1f6e9a771b53a8f,gwsearch run
1125,1775821345.6714935,fc2098317d43af66664f0f1337a49fcd8e945f0f8e21c87ed1f6e9a771b53a8f,gwsearch run
1126,1775821919.6834579,fc2098317d43af66664f0f1337a49fcd8e945f0f8e21c87ed1f6e9a771b53a8f,gwsearch run
1127,1775822491.1979454,fc2098317d43af66664f0f1337a49fcd8e945f0f8e21c87ed1f6e9a771b53a8f,gwsearch run
1128,1775823065.9312592,fc2098317d43af66664f0f1337a49fcd8e945f0f8e21c87ed1f6e9a771b53a8f,gwsearch run
1129,1775823640.693808,fc2098317d43af66664f0f1337a49fcd8e945f0f8e21c87ed1f6e9a771b53a8f,gwsearch run
1130,1775824212.9560337,fc2098317d43af66664f0f1337a49fcd8e945f0f8e21c87ed1f6e9a771b53a8f,gwsearch run
1131,1775824786.1946445,fc2098317d43af66664f0f1337a49fcd8e945f0f8e21c87ed1f6e9a771b53a8f,gwsearch run
1132,1775825361.1687026,fc2098317d43af66664f0f1337a49fcd8e945f0f8e21c87ed1f6e9a771b53a8f,gwsearch run
1133,1775825933.6785383,fc2098317d43af66664f0f1337a49fcd8e945f0f8e21c87ed1f6e9a771b53a8f,gwsearch run
1134,1775826509.455766,fc2098317d43af66664f0f1337a49fcd8e945f0f8e21c87ed1f6e9a771b53a8f,gwsearch run
1135,1775827084.6939244,fc2098317d43af66664f0f1337a49fcd8e945f0f8e21c87ed1f6e9a771b53a8f,gwsearch run
1136,1775827658.4346364,fc2098317d43af66664f0f1337a49fcd8e945f0f8e21c87ed1f6e9a771b53a8f,gwsearch run
1137,1775828229.9369843,fc2098317d43af66664f0f1337a49fcd8e945f0f8e21c87ed1f6e9a771b53a8f,gwsearch run
1138,1775828801.1742327,fc2098317d43af66664f0f1337a49fcd8e945f0f8e21c87ed1f6e9a771b53a8f,gwsearch run
1139,1775829373.6792898,fc2098317d43af66664f0f1337a49fcd8e945f0f8e21c87ed1f6e9a771b53a8f,gwsearch run
1140,1775829944.683886,fc2098317d43af66664f0f1337a49fcd8e945f0f8e21c87ed1f6e9a771b53a8f,gwsearch run
1141,1775830516.945729,fc2098317d43af66664f0f1337a49fcd8e945f0f8e21c87ed1f6e9a771b53a8f,gwsearch run
1142,1775831089.4278715,fc2098317d43af66664f0f1337a49fcd8e945f0f8e21c87ed1f6e9a771b53a8f,gwsearch run
1143,1775831663.1742027,fc2098317d43af66664f0f1337a49fcd8e945f0f8e21c87ed1f6e9a771b53a8f,gwsearch run
1144,1775832236.1768353,fc2098317d43af66664f0f1337a49fcd8e945f0f8e21c87ed1f6e9a771b53a8f,gwsearch run
1145,1775832809.6781404,fc2098317d43af66664f0f1337a49fcd8e945f0f8e21c87ed1f6e9a771b53a8f,gwsearch run
1146,1775833382.6607342,fc2098317d43af66664f0f1337a49fcd8e945f0f8e21c87ed1f6e9a771b53a8f,gwsearch run
1147,1775833954.1754808,fc2098317d43af66664f0f1337a49fcd8e945f0f8e21c87ed1f6e9a771b53a8f,gwsearch run
1148,1775834527.6955848,fc2098317d43af66664f0f1337a49fcd8e945f0f8e21c87ed1f6e9a771b53a8f,gwsearch run
1149,1775835102.143738,fc2098317d43af66664f0f1337a49fcd8e945f0f8e21c87ed1f6e9a771b53a8f,gwsearch run
1150,1775835676.1782544,fc2098317d43af66664f0f1337a49fcd8e945f0f8e21c87ed1f6e9a771b53a8f,gwsearch run
1151,1775836247.9507935,fc2098317d43af66664f0f1337a49fcd8e945f0f8e21c87ed1f6e9a771b53a8f,gwsearch run
1152,1775836823.9381304,fc2098317d43af66664f0f1337a49fcd8e945f0f8e21c87ed1f6e9a771b53a8f,gwsearch run
1153,1775837397.198569,fc2098317d43af66664f0f1337a49fcd8e945f0f8e21c87ed1f6e9a771b53a8f,gwsearch run
1154,1775837969.9266603,fc2098317d43af66664f0f1337a49fcd8e945f0f8e21c87ed1f6e9a771b53a8f,gwsearch run
1155,1775838540.1746087,fc2098317d43af66664f0f1337a49fcd8e945f0f8e21c87ed1f6e9a771b53a8f,gwsearch run
1156,1775839112.68508,fc2098317d43af66664f0f1337a49fcd8e945f0f8e21c87ed1f6e9a771b53a8f,gwsearch run
1157,1775839684.9290872,fc2098317d43af66664f0f1337a49fcd8e945f0f8e21c87ed1f6e9a771b53a8f,gwsearch run
1158,1775840258.4521742,fc2098317d43af66664f0f1337a49fcd8e945f0f8e21c87ed1f6e9a771b53a8f,gwsearch run
1159,1775840833.4280868,fc2098317d43af66664f0f1337a49fcd8e945f0f8e21c87ed1f6e9a771b53a8f,gwsearch run
1160,1775841404.9162068,fc2098317d43af66664f0f1337a49fcd8e945f0f8e21c87ed1f6e9a771b53a8f,gwsearch run
1161,1775841978.1726248,fc2098317d43af66664f0f1337a49fcd8e945f0f8e21c87ed1f6e9a771b53a8f,gwsearch run
1162,1775842550.419643,fc2098317d43af66664f0f1337a49fcd8e945f0f8e21c87ed1f6e9a771b53a8f,gwsearch run
1163,1775843124.188953,fc2098317d43af66664f0f1337a49fcd8e945f0f8e21c87ed1f6e9a771b53a8f,gwsearch run
1164,1775843696.1537228,fc2098317d43af66664f0f1337a49fcd8e945f0f8e21c87ed1f6e9a771b53a8f,gwsearch run
1165,1775844268.4338534,fc2098317d43af66664f0f1337a49fcd8e945f0f8e21c87ed1f6e9a771b53a8f,gwsearch run
1166,1775844841.914793,fc2098317d43af66664f0f1337a49fcd8e945f0f8e21c87ed1f6e9a771b53a8f,gwsearch run
1167,1775845415.4208024,fc2098317d43af66664f0f1337a49fcd8e945f0f8e21c87ed1f6e9a771b53a8f,gwsearch run
1168,1775845989.9206817,fc2098317d43af66664f0f1337a49fcd8e945f0f8e21c87ed1f6e9a771b53a8f,gwsearch run
1169,1775846562.1768293,fc2098317d43af66664f0f1337a49fcd8e945f0f8e21c87ed1f6e9a771b53a8f,gwsearch run
1170,1775847135.1675065,fc2098317d43af66664f0f1337a49fcd8e945f0f8e21c87ed1f6e9a771b53a8f,gwsearch run
1171,1775847707.41994,fc2098317d43af66664f0f1337a49fcd8e945f0f8e21c87ed1f6e9a771b53a8f,gwsearch run
1172,1775848281.1916022,fc2098317d43af66664f0f1337a49fcd8e945f0f8e21c87ed1f6e9a771b53a8f,gwsearch run
1173,1775848854.68328,fc2098317d43af66664f0f1337a49fcd8e945f0f8e21c87ed1f6e9a771b53a8f,gwsearch run
1174,1775849429.6831234,fc2098317d43af66664f0f1337a49fcd8e945f0f8e21c87ed1f6e9a771b53a8f,gwsearch run
1175,1775850001.1683946,fc2098317d43af66664f0f1337a49fcd8e945f0f8e21c87ed1f6e9a771b53a8f,gwsearch run
1176,1775850575.4371452,fc2098317d43af66664f0f1337a49fcd8e945f0f8e21c87ed1f6e9a771b53a8f,gwsearch run
1177,1775851145.4434235,fc2098317d43af66664f0f1337a49fcd8e945f0f8e21c87ed1f6e9a771b53a8f,gwsearch run
1178,1775851717.1957352,fc2098317d43af66664f0f1337a49fcd8e945f0f8e21c87ed1f6e9a771b53a8f,gwsearch run
1179,1775852299.1558082,fc2098317d43af66664f0f1337a49fcd8e945f0f8e21c87ed1f6e9a771b53a8f,gwsearch run
1180,1775852871.6720717,fc2098317d43af66664f0f1337a49fcd8e945f0f8e21c87ed1f6e9a771b53a8f,gwsearch run
1181,1775853448.1833851,fc2098317d43af66664f0f1337a49fcd8e945f0f8e21c87ed1f6e9a771b53a8f,gwsearch run
1182,1775854021.4304163,fc2098317d43af66664f0f1337a49fcd8e945f0f8e21c87ed1f6e9a771b53a8f,gwsearch run
1183,1775854593.9485202,fc2098317d43af66664f0f1337a49fcd8e945f0f8e21c87ed1f6e9a771b53a8f,gwsearch run
1184,1775855165.4225283,fc2098317d43af66664f0f1337a49fcd8e945f0f8e21c87ed1f6e9a771b53a8f,gwsearch run
1185,1775855738.7602103,fc2098317d43af66664f0f1337a49fcd8e945f0f8e21c87ed1f6e9a771b53a8f,gwsearch run
1186,1775856312.6564748,fc2098317d43af66664f0f1337a49fcd8e945f0f8e21c87ed1f6e9a771b53a8f,gwsearch run
1187,1775856886.1832168,fc2098317d43af66664f0f1337a49fcd8e945f0f8e21c87ed1f6e9a771b53a8f,gwsearch run
1188,1775857458.677174,fc2098317d43af66664f0f1337a49fcd8e945f0f8e21c87ed1f6e9a771b53a8f,gwsearch run
1189,1775858032.680229,fc2098317d43af66664f0f1337a49fcd8e945f0f8e21c87ed1f6e9a771b53a8f,gwsearch run
1190,1775858610.939148,fc2098317d43af66664f0f1337a49fcd8e945f0f8e21c87ed1f6e9a771b53a8f,gwsearch run
1191,1775859184.6930466,fc2098317d43af66664f0f1337a49fcd8e945f0f8e21c87ed1f6e9a771b53a8f,gwsearch run
1192,1775859756.194409,fc2098317d43af66664f0f1337a49fcd8e945f0f8e21c87ed1f6e9a771b53a8f,gwsearch run
1193,1775860328.4361093,fc2098317d43af66664f0f1337a49fcd8e945f0f8e21c87ed1f6e9a771b53a8f,gwsearch run
1194,1775860900.4414563,fc2098317d43af66664f0f1337a49fcd8e945f0f8e21c87ed1f6e9a771b53a8f,gwsearch run
1195,1775861471.6706662,fc2098317d43af66664f0f1337a49fcd8e945f0f8e21c87ed1f6e9a771b53a8f,gwsearch run
1196,1775862043.665277,fc2098317d43af66664f0f1337a49fcd8e945f0f8e21c87ed1f6e9a771b53a8f,gwsearch run
1197,1775862616.2092338,fc2098317d43af66664f0f1337a49fcd8e945f0f8e21c87ed1f6e9a771b53a8f,gwsearch run
1198,1775863189.9204354,fc2098317d43af66664f0f1337a49fcd8e945f0f8e21c87ed1f6e9a771b53a8f,gwsearch run
1199,1775863763.6780071,fc2098317d43af66664f0f1337a49fcd8e945f0f8e21c87ed1f6e9a771b53a8f,gwsearch run
1200,1775864335.9244864,fc2098317d43af66664f0f1337a49fcd8e945f0f8e21c87ed1f6e9a771b53a8f,gwsearch run
1201,1775864909.4642675,fc2098317d43af66664f0f1337a49fcd8e945f0f8e21c87ed1f6e9a771b53a8f,gwsearch run
1202,1775865579.6950076,fc2098317d43af66664f0f1337a49fcd8e945f0f8e21c87ed1f6e9a771b53a8f,gwsearch run
1203,1775866152.943649,fc2098317d43af66664f0f1337a49fcd8e945f0f8e21c87ed1f6e9a771b53a8f,gwsearch run
1204,1775866725.6852014,fc2098317d43af66664f0f1337a49fcd8e945f0f8e21c87ed1f6e9a771b53a8f,gwsearch run
1205,1775867296.4290144,fc2098317d43af66664f0f1337a49fcd8e945f0f8e21c87ed1f6e9a771b53a8f,gwsearch run
1206,1775867869.4380534,fc2098317d43af66664f0f1337a49fcd8e945f0f8e21c87ed1f6e9a771b53a8f,gwsearch run
1207,1775868444.943489,fc2098317d43af66664f0f1337a49fcd8e945f0f8e21c87ed1f6e9a771b53a8f,gwsearch run
1208,1775869018.437217,fc2098317d43af66664f0f1337a49fcd8e945f0f8e21c87ed1f6e9a771b53a8f,gwsearch run
1209,1775869589.6857195,fc2098317d43af66664f0f1337a49fcd8e945f0f8e21c87ed1f6e9a771b53a8f,gwsearch run
1210,1775870169.4198341,fc2098317d43af66664f0f1337a49fcd8e945f0f8e21c87ed1f6e9a771b53a8f,gwsearch run
1211,1775870744.8999388,fc2098317d43af66664f0f1337a49fcd8e945f0f8e21c87ed1f6e9a771b53a8f,gwsearch run
1212,1775871317.1888392,fc2098317d43af66664f0f1337a49fcd8e945f0f8e21c87ed1f6e9a771b53a8f,gwsearch run
1213,1775871890.6798644,fc2098317d43af66664f0f1337a49fcd8e945f0f8e21c87ed1f6e9a771b53a8f,gwsearch run
1214,1775872461.6859777,fc2098317d43af66664f0f1337a49fcd8e945f0f8e21c87ed1f6e9a771b53a8f,gwsearch run
1215,1775873033.9478323,fc2098317d43af66664f0f1337a49fcd8e945f0f8e21c87ed1f6e9a771b53a8f,gwsearch run
1216,1775873606.941042,fc2098317d43af66664f0f1337a49fcd8e945f0f8e21c87ed1f6e9a771b53a8f,gwsearch run
1217,1775874178.9485168,fc2098317d43af66664f0f1337a49fcd8e945f0f8e21c87ed1f6e9a771b53a8f,gwsearch run
1218,1775874752.4392796,fc2098317d43af66664f0f1337a49fcd8e945f0f8e21c87ed1f6e9a771b53a8f,gwsearch run
1219,1775875327.6790104,fc2098317d43af66664f0f1337a49fcd8e945f0f8e21c87ed1f6e9a771b53a8f,gwsearch run
1220,1775875901.4310894,fc2098317d43af66664f0f1337a49fcd8e945f0f8e21c87ed1f6e9a771b53a8f,gwsearch run
1221,1775876475.4546537,fc2098317d43af66664f0f1337a49fcd8e945f0f8e21c87ed1f6e9a771b53a8f,gwsearch run
1222,1775877049.6793752,fc2098317d43af66664f0f1337a49fcd8e945f0f8e21c87ed1f6e9a771b53a8f,gwsearch run
1223,1775877621.9143043,fc2098317d43af66664f0f1337a49fcd8e945f0f8e21c87ed1f6e9a771b53a8f,gwsearch run
1224,1775878194.183218,fc2098317d43af66664f0f1337a49fcd8e945f0f8e21c87ed1f6e9a771b53a8f,gwsearch run
1225,1775878766.1857893,fc2098317d43af66664f0f1337a49fcd8e945f0f8e21c87ed1f6e9a771b53a8f,gwsearch run
1226,1775879339.9283743,fc2098317d43af66664f0f1337a49fcd8e945f0f8e21c87ed1f6e9a771b53a8f,gwsearch run
1227,1775879912.6635604,fc2098317d43af66664f0f1337a49fcd8e945f0f8e21c87ed1f6e9a771b53a8f,gwsearch run
1228,1775880484.43753,fc2098317d43af66664f0f1337a49fcd8e945f0f8e21c87ed1f6e9a771b53a8f,gwsearch run
1229,1775881056.6810384,fc2098317d43af66664f0f1337a49fcd8e945f0f8e21c87ed1f6e9a771b53a8f,gwsearch run
1230,1775881629.4379227,fc2098317d43af66664f0f1337a49fcd8e945f0f8e21c87ed1f6e9a771b53a8f,gwsearch run
1231,1775882205.4029427,fc2098317d43af66664f0f1337a49fcd8e945f0f8e21c87ed1f6e9a771b53a8f,gwsearch run
1232,1775882779.1946256,fc2098317d43af66664f0f1337a49fcd8e945f0f8e21c87ed1f6e9a771b53a8f,gwsearch run
1233,1775883352.6617362,fc2098317d43af66664f0f1337a49fcd8e945f0f8e21c87ed1f6e9a771b53a8f,gwsearch run
1234,1775883922.9397464,fc2098317d43af66664f0f1337a49fcd8e945f0f8e21c87ed1f6e9a771b53a8f,gwsearch run
1235,1775884495.7031121,fc2098317d43af66664f0f1337a49fcd8e945f0f8e21c87ed1f6e9a771b53a8f,gwsearch run
1236,1775885068.9384227,fc2098317d43af66664f0f1337a49fcd8e945f0f8e21c87ed1f6e9a771b53a8f,gwsearch run
1237,1775885641.6683602,fc2098317d43af66664f0f1337a49fcd8e945f0f8e21c87ed1f6e9a771b53a8f,gwsearch run
1238,1775886213.6726375,fc2098317d43af66664f0f1337a49fcd8e945f0f8e21c87ed1f6e9a771b53a8f,gwsearch run
1239,1775886784.456872,fc2098317d43af66664f0f1337a49fcd8e945f0f8e21c87ed1f6e9a771b53a8f,gwsearch run
1240,1775887357.926022,fc2098317d43af66664f0f1337a49fcd8e945f0f8e21c87ed1f6e9a771b53a8f,gwsearch run
1241,1775887941.18121,fc2098317d43af66664f0f1337a49fcd8e945f0f8e21c87ed1f6e9a771b53a8f,gwsearch run
1242,1775888514.9319665,fc2098317d43af66664f0f1337a49fcd8e945f0f8e21c87ed1f6e9a771b53a8f,gwsearch run
1243,1775889089.9340715,fc2098317d43af66664f0f1337a49fcd8e945f0f8e21c87ed1f6e9a771b53a8f,gwsearch run
1244,1775889664.4265637,fc2098317d43af66664f0f1337a49fcd8e945f0f8e21c87ed1f6e9a771b53a8f,gwsearch run
1245,1775890235.9263709,fc2098317d43af66664f0f1337a49fcd8e945f0f8e21c87ed1f6e9a771b53a8f,gwsearch run
1246,1775890808.1788836,fc2098317d43af66664f0f1337a49fcd8e945f0f8e21c87ed1f6e9a771b53a8f,gwsearch run
1247,1775891385.1972184,fc2098317d43af66664f0f1337a49fcd8e945f0f8e21c87ed1f6e9a771b53a8f,gwsearch run
1248,1775891957.1961746,fc2098317d43af66664f0f1337a49fcd8e945f0f8e21c87ed1f6e9a771b53a8f,gwsearch run
1249,1775892528.6982837,fc2098317d43af66664f0f1337a49fcd8e945f0f8e21c87ed1f6e9a771b53a8f,gwsearch run
1250,1775893110.1421423,fc2098317d43af66664f0f1337a49fcd8e945f0f8e21c87ed1f6e9a771b53a8f,gwsearch run
1251,1775893682.1961102,fc2098317d43af66664f0f1337a49fcd8e945f0f8e21c87ed1f6e9a771b53a8f,gwsearch run
1252,1775894254.942731,fc2098317d43af66664f0f1337a49fcd8e945f0f8e21c87ed1f6e9a771b53a8f,gwsearch run
1253,1775894827.952011,fc2098317d43af66664f0f1337a49fcd8e945f0f8e21c87ed1f6e9a771b53a8f,gwsearch run
1254,1775895400.6952043,fc2098317d43af66664f0f1337a49fcd8e945f0f8e21c87ed1f6e9a771b53a8f,gwsearch run
1255,1775895976.9336655,fc2098317d43af66664f0f1337a49fcd8e945f0f8e21c87ed1f6e9a771b53a8f,gwsearch run
1256,1775896550.1528604,fc2098317d43af66664f0f1337a49fcd8e945f0f8e21c87ed1f6e9a771b53a8f,gwsearch run
1257,1775897123.4070883,fc2098317d43af66664f0f1337a49fcd8e945f0f8e21c87ed1f6e9a771b53a8f,gwsearch run
1258,1775897696.9359522,fc2098317d43af66664f0f1337a49fcd8e945f0f8e21c87ed1f6e9a771b53a8f,gwsearch run
1259,1775898270.1982772,fc2098317d43af66664f0f1337a49fcd8e945f0f8e21c87ed1f6e9a771b53a8f,gwsearch run
1260,1775898843.444706,fc2098317d43af66664f0f1337a49fcd8e945f0f8e21c87ed1f6e9a771b53a8f,gwsearch run
1261,1775899416.9174569,fc2098317d43af66664f0f1337a49fcd8e945f0f8e21c87ed1f6e9a771b53a8f,gwsearch run
1262,1775899990.4482,fc2098317d43af66664f0f1337a49fcd8e945f0f8e21c87ed1f6e9a771b53a8f,gwsearch run
1263,1775900564.6924944,fc2098317d43af66664f0f1337a49fcd8e945f0f8e21c87ed1f6e9a771b53a8f,gwsearch run
1264,1775901136.699257,fc2098317d43af66664f0f1337a49fcd8e945f0f8e21c87ed1f6e9a771b53a8f,gwsearch run
1265,1775901714.4308007,fc2098317d43af66664f0f1337a49fcd8e945f0f8e21c87ed1f6e9a771b53a8f,gwsearch run
1266,1775902285.935784,fc2098317d43af66664f0f1337a49fcd8e945f0f8e21c87ed1f6e9a771b53a8f,gwsearch run
1267,1775902858.174894,fc2098317d43af66664f0f1337a49fcd8e945f0f8e21c87ed1f6e9a771b53a8f,gwsearch run
1268,1775903435.1722186,fc2098317d43af66664f0f1337a49fcd8e945f0f8e21c87ed1f6e9a771b53a8f,gwsearch run
1269,1775904008.9694078,fc2098317d43af66664f0f1337a49fcd8e945f0f8e21c87ed1f6e9a771b53a8f,gwsearch run
1270,1775904582.4471076,fc2098317d43af66664f0f1337a49fcd8e945f0f8e21c87ed1f6e9a771b53a8f,gwsearch run
1271,1775905154.708415,fc2098317d43af66664f0f1337a49fcd8e945f0f8e21c87ed1f6e9a771b53a8f,gwsearch run
1272,1775905725.7090034,fc2098317d43af66664f0f1337a49fcd8e945f0f8e21c87ed1f6e9a771b53a8f,gwsearch run
1273,1775906297.9452453,fc2098317d43af66664f0f1337a49fcd8e945f0f8e21c87ed1f6e9a771b53a8f,gwsearch run
1274,1775906873.7011788,fc2098317d43af66664f0f1337a49fcd8e945f0f8e21c87ed1f6e9a771b53a8f,gwsearch run
1275,1775907444.9344761,fc2098317d43af66664f0f1337a49fcd8e945f0f8e21c87ed1f6e9a771b53a8f,gwsearch run
1276,1775908017.7011943,fc2098317d43af66664f0f1337a49fcd8e945f0f8e21c87ed1f6e9a771b53a8f,gwsearch run
1277,1775908590.4455159,fc2098317d43af66664f0f1337a49fcd8e945f0f8e21c87ed1f6e9a771b53a8f,gwsearch run
1278,1775909162.4531085,fc2098317d43af66664f0f1337a49fcd8e945f0f8e21c87ed1f6e9a771b53a8f,gwsearch run
1279,1775909735.9471378,fc2098317d43af66664f0f1337a49fcd8e945f0f8e21c87ed1f6e9a771b53a8f,gwsearch run
1280,1775910308.6836143,fc2098317d43af66664f0f1337a49fcd8e945f0f8e21c87ed1f6e9a771b53a8f,gwsearch run
1281,1775910881.4127839,fc2098317d43af66664f0f1337a49fcd8e945f0f8e21c87ed1f6e9a771b53a8f,gwsearch run
1282,1775911461.69348,fc2098317d43af66664f0f1337a49fcd8e945f0f8e21c87ed1f6e9a771b53a8f,gwsearch run
1283,1775912034.454499,fc2098317d43af66664f0f1337a49fcd8e945f0f8e21c87ed1f6e9a771b53a8f,gwsearch run
1284,1775912605.6820965,fc2098317d43af66664f0f1337a49fcd8e945f0f8e21c87ed1f6e9a771b53a8f,gwsearch run
1285,1775913177.1015968,fc2098317d43af66664f0f1337a49fcd8e945f0f8e21c87ed1f6e9a771b53a8f,gwsearch run
1286,1775913749.9529417,fc2098317d43af66664f0f1337a49fcd8e945f0f8e21c87ed1f6e9a771b53a8f,gwsearch run
1287,1775914322.6772292,fc2098317d43af66664f0f1337a49fcd8e945f0f8e21c87ed1f6e9a771b53a8f,gwsearch run
1288,1775914895.9427812,fc2098317d43af66664f0f1337a49fcd8e945f0f8e21c87ed1f6e9a771b53a8f,gwsearch run
1289,1775915469.9337144,fc2098317d43af66664f0f1337a49fcd8e945f0f8e21c87ed1f6e9a771b53a8f,gwsearch run
1290,1775916042.4644825,fc2098317d43af66664f0f1337a49fcd8e945f0f8e21c87ed1f6e9a771b53a8f,gwsearch run
1291,1775916613.4598274,fc2098317d43af66664f0f1337a49fcd8e945f0f8e21c87ed1f6e9a771b53a8f,gwsearch run
1292,1775917185.186664,fc2098317d43af66664f0f1337a49fcd8e945f0f8e21c87ed1f6e9a771b53a8f,gwsearch run
1293,1775917756.19953,fc2098317d43af66664f0f1337a49fcd8e945f0f8e21c87ed1f6e9a771b53a8f,gwsearch run
1294,1775918331.4262989,fc2098317d43af66664f0f1337a49fcd8e945f0f8e21c87ed1f6e9a771b53a8f,gwsearch run
1295,1775918903.683177,fc2098317d43af66664f0f1337a49fcd8e945f0f8e21c87ed1f6e9a771b53a8f,gwsearch run
1296,1775919478.957921,fc2098317d43af66664f0f1337a49fcd8e945f0f8e21c87ed1f6e9a771b53a8f,gwsearch run
1297,1775920050.4244633,fc2098317d43af66664f0f1337a49fcd8e945f0f8e21c87ed1f6e9a771b53a8f,gwsearch run
1298,1775920620.4524088,fc2098317d43af66664f0f1337a49fcd8e945f0f8e21c87ed1f6e9a771b53a8f,gwsearch run
1299,1775921193.4269361,fc2098317d43af66664f0f1337a49fcd8e945f0f8e21c87ed1f6e9a771b53a8f,gwsearch run
1300,1775921766.195034,fc2098317d43af66664f0f1337a49fcd8e945f0f8e21c87ed1f6e9a771b53a8f,gwsearch run
1301,1775922336.9294753,fc2098317d43af66664f0f1337a49fcd8e945f0f8e21c87ed1f6e9a771b53a8f,gwsearch run
1302,1775922906.4406803,fc2098317d43af66664f0f1337a49fcd8e945f0f8e21c87ed1f6e9a771b53a8f,gwsearch run
1303,1775923479.1583362,fc2098317d43af66664f0f1337a49fcd8e945f0f8e21c87ed1f6e9a771b53a8f,gwsearch run
1304,1775924049.942163,fc2098317d43af66664f0f1337a49fcd8e945f0f8e21c87ed1f6e9a771b53a8f,gwsearch run
1305,1775924623.1605072,fc2098317d43af66664f0f1337a49fcd8e945f0f8e21c87ed1f6e9a771b53a8f,gwsearch run
1306,1775925194.1819675,fc2098317d43af66664f0f1337a49fcd8e945f0f8e21c87ed1f6e9a771b53a8f,gwsearch run
1307,1775925766.93103,fc2098317d43af66664f0f1337a49fcd8e945f0f8e21c87ed1f6e9a771b53a8f,gwsearch run
1308,1775926340.1792927,fc2098317d43af66664f0f1337a49fcd8e945f0f8e21c87ed1f6e9a771b53a8f,gwsearch run
1309,1775926916.1957085,fc2098317d43af66664f0f1337a49fcd8e945f0f8e21c87ed1f6e9a771b53a8f,gwsearch run
1310,1775927490.6987555,fc2098317d43af66664f0f1337a49fcd8e945f0f8e21c87ed1f6e9a771b53a8f,gwsearch run
1311,1775928062.1875377,fc2098317d43af66664f0f1337a49fcd8e945f0f8e21c87ed1f6e9a771b53a8f,gwsearch run
1312,1775928633.9326959,fc2098317d43af66664f0f1337a49fcd8e945f0f8e21c87ed1f6e9a771b53a8f,gwsearch run
1313,1775929205.6890163,fc2098317d43af66664f0f1337a49fcd8e945f0f8e21c87ed1f6e9a771b53a8f,gwsearch run
1314,1775929776.212485,fc2098317d43af66664f0f1337a49fcd8e945f0f8e21c87ed1f6e9a771b53a8f,gwsearch run
1315,1775930347.2090335,fc2098317d43af66664f0f1337a49fcd8e945f0f8e21c87ed1f6e9a771b53a8f,gwsearch run
1316,1775930921.1768763,fc2098317d43af66664f0f1337a49fcd8e945f0f8e21c87ed1f6e9a771b53a8f,gwsearch run
1317,1775931503.1951792,fc2098317d43af66664f0f1337a49fcd8e945f0f8e21c87ed1f6e9a771b53a8f,gwsearch run
1318,1775932076.4459195,fc2098317d43af66664f0f1337a49fcd8e945f0f8e21c87ed1f6e9a771b53a8f,gwsearch run
1319,1775932647.93686,fc2098317d43af66664f0f1337a49fcd8e945f0f8e21c87ed1f6e9a771b53a8f,gwsearch run
1320,1775933220.6747818,fc2098317d43af66664f0f1337a49fcd8e945f0f8e21c87ed1f6e9a771b53a8f,gwsearch run
1321,1775933793.4076402,fc2098317d43af66664f0f1337a49fcd8e945f0f8e21c87ed1f6e9a771b53a8f,gwsearch run
1322,1775934377.684412,fc2098317d43af66664f0f1337a49fcd8e945f0f8e21c87ed1f6e9a771b53a8f,gwsearch run
1323,1775934955.9036849,fc2098317d43af66664f0f1337a49fcd8e945f0f8e21c87ed1f6e9a771b53a8f,gwsearch run
1324,1775935532.4486456,fc2098317d43af66664f0f1337a49fcd8e945f0f8e21c87ed1f6e9a771b53a8f,gwsearch run
1325,1775936104.4374795,fc2098317d43af66664f0f1337a49fcd8e945f0f8e21c87ed1f6e9a771b53a8f,gwsearch run
1326,1775936679.1888974,fc2098317d43af66664f0f1337a49fcd8e945f0f8e21c87ed1f6e9a771b53a8f,gwsearch run
1327,1775937251.6902082,fc2098317d43af66664f0f1337a49fcd8e945f0f8e21c87ed1f6e9a771b53a8f,gwsearch run
1328,1775937828.9319084,fc2098317d43af66664f0f1337a49fcd8e945f0f8e21c87ed1f6e9a771b53a8f,gwsearch run
1329,1775938399.6825438,fc2098317d43af66664f0f1337a49fcd8e945f0f8e21c87ed1f6e9a771b53a8f,gwsearch run
1330,1775938970.9154143,fc2098317d43af66664f0f1337a49fcd8e945f0f8e21c87ed1f6e9a771b53a8f,gwsearch run
1331,1775939543.1447375,fc2098317d43af66664f0f1337a49fcd8e945f0f8e21c87ed1f6e9a771b53a8f,gwsearch run
1332,1775940116.962787,fc2098317d43af66664f0f1337a49fcd8e945f0f8e21c87ed1f6e9a771b53a8f,gwsearch run
1333,1775940689.4284778,fc2098317d43af66664f0f1337a49fcd8e945f0f8e21c87ed1f6e9a771b53a8f,gwsearch run
1334,1775941264.4297457,fc2098317d43af66664f0f1337a49fcd8e945f0f8e21c87ed1f6e9a771b53a8f,gwsearch run
1335,1775941839.4454792,fc2098317d43af66664f0f1337a49fcd8e945f0f8e21c87ed1f6e9a771b53a8f,gwsearch run
1336,1775942414.2072241,fc2098317d43af66664f0f1337a49fcd8e945f0f8e21c87ed1f6e9a771b53a8f,gwsearch run
1337,1775942986.9535773,fc2098317d43af66664f0f1337a49fcd8e945f0f8e21c87ed1f6e9a771b53a8f,gwsearch run
1338,1775943558.4283657,fc2098317d43af66664f0f1337a49fcd8e945f0f8e21c87ed1f6e9a771b53a8f,gwsearch run
1339,1775944130.387611,fc2098317d43af66664f0f1337a49fcd8e945f0f8e21c87ed1f6e9a771b53a8f,gwsearch run
1340,1775944703.150033,fc2098317d43af66664f0f1337a49fcd8e945f0f8e21c87ed1f6e9a771b53a8f,gwsearch run
1341,1775945277.6679628,fc2098317d43af66664f0f1337a49fcd8e945f0f8e21c87ed1f6e9a771b53a8f,gwsearch run
1342,1775945851.4437833,fc2098317d43af66664f0f1337a49fcd8e945f0f8e21c87ed1f6e9a771b53a8f,gwsearch run
1343,1775946423.6709297,fc2098317d43af66664f0f1337a49fcd8e945f0f8e21c87ed1f6e9a771b53a8f,gwsearch run
1344,1775946997.9226205,fc2098317d43af66664f0f1337a49fcd8e945f0f8e21c87ed1f6e9a771b53a8f,gwsearch run
1345,1775947568.9345396,fc2098317d43af66664f0f1337a49fcd8e945f0f8e21c87ed1f6e9a771b53a8f,gwsearch run
1346,1775948141.1839387,fc2098317d43af66664f0f1337a49fcd8e945f0f8e21c87ed1f6e9a771b53a8f,gwsearch run
1347,1775948714.1599805,fc2098317d43af66664f0f1337a49fcd8e945f0f8e21c87ed1f6e9a771b53a8f,gwsearch run
1348,1775949285.1981876,fc2098317d43af66664f0f1337a49fcd8e945f0f8e21c87ed1f6e9a771b53a8f,gwsearch run
1349,1775949868.9168286,fc2098317d43af66664f0f1337a49fcd8e945f0f8e21c87ed1f6e9a771b53a8f,gwsearch run
1350,1775950442.1823487,fc2098317d43af66664f0f1337a49fcd8e945f0f8e21c87ed1f6e9a771b53a8f,gwsearch run
1351,1775951016.191323,fc2098317d43af66664f0f1337a49fcd8e945f0f8e21c87ed1f6e9a771b53a8f,gwsearch run
1352,1775951589.9272377,fc2098317d43af66664f0f1337a49fcd8e945f0f8e21c87ed1f6e9a771b53a8f,gwsearch run
1353,1775952164.200659,fc2098317d43af66664f0f1337a49fcd8e945f0f8e21c87ed1f6e9a771b53a8f,gwsearch run
1354,1775952736.9382718,fc2098317d43af66664f0f1337a49fcd8e945f0f8e21c87ed1f6e9a771b53a8f,gwsearch run
1355,1775953319.911387,fc2098317d43af66664f0f1337a49fcd8e945f0f8e21c87ed1f6e9a771b53a8f,gwsearch run
1356,1775953893.4384232,fc2098317d43af66664f0f1337a49fcd8e945f0f8e21c87ed1f6e9a771b53a8f,gwsearch run
1357,1775954465.9672217,fc2098317d43af66664f0f1337a49fcd8e945f0f8e21c87ed1f6e9a771b53a8f,gwsearch run
1358,1775955036.9130445,fc2098317d43af66664f0f1337a49fcd8e945f0f8e21c87ed1f6e9a771b53a8f,gwsearch run
1359,1775955608.9444785,fc2098317d43af66664f0f1337a49fcd8e945f0f8e21c87ed1f6e9a771b53a8f,gwsearch run
1360,1775956183.6632092,fc2098317d43af66664f0f1337a49fcd8e945f0f8e21c87ed1f6e9a771b53a8f,gwsearch run
1361,1775956758.4304085,fc2098317d43af66664f0f1337a49fcd8e945f0f8e21c87ed1f6e9a771b53a8f,gwsearch run
1362,1775957330.904418,fc2098317d43af66664f0f1337a49fcd8e945f0f8e21c87ed1f6e9a771b53a8f,gwsearch run
1363,1775957902.9263997,fc2098317d43af66664f0f1337a49fcd8e945f0f8e21c87ed1f6e9a771b53a8f,gwsearch run
1364,1775958474.1924124,fc2098317d43af66664f0f1337a49fcd8e945f0f8e21c87ed1f6e9a771b53a8f,gwsearch run
1365,1775959047.679205,fc2098317d43af66664f0f1337a49fcd8e945f0f8e21c87ed1f6e9a771b53a8f,gwsearch run
1366,1775959618.9451709,fc2098317d43af66664f0f1337a49fcd8e945f0f8e21c87ed1f6e9a771b53a8f,gwsearch run
1367,1775960192.6752627,fc2098317d43af66664f0f1337a49fcd8e945f0f8e21c87ed1f6e9a771b53a8f,gwsearch run
1368,1775960769.9402158,fc2098317d43af66664f0f1337a49fcd8e945f0f8e21c87ed1f6e9a771b53a8f,gwsearch run
1369,1775961343.676933,fc2098317d43af66664f0f1337a49fcd8e945f0f8e21c87ed1f6e9a771b53a8f,gwsearch run
1370,1775961916.8761106,fc2098317d43af66664f0f1337a49fcd8e945f0f8e21c87ed1f6e9a771b53a8f,gwsearch run
1371,1775962494.4249303,fc2098317d43af66664f0f1337a49fcd8e945f0f8e21c87ed1f6e9a771b53a8f,gwsearch run
1372,1775963065.446371,fc2098317d43af66664f0f1337a49fcd8e945f0f8e21c87ed1f6e9a771b53a8f,gwsearch run
1373,1775963640.426752,fc2098317d43af66664f0f1337a49fcd8e945f0f8e21c87ed1f6e9a771b53a8f,gwsearch run
1374,1775964213.4334738,fc2098317d43af66664f0f1337a49fcd8e945f0f8e21c87ed1f6e9a771b53a8f,gwsearch run
1375,1775964787.4383655,fc2098317d43af66664f0f1337a49fcd8e945f0f8e21c87ed1f6e9a771b53a8f,gwsearch run
1376,1775965358.6693702,fc2098317d43af66664f0f1337a49fcd8e945f0f8e21c87ed1f6e9a771b53a8f,gwsearch run
1377,1775965933.6873767,fc2098317d43af66664f0f1337a49fcd8e945f0f8e21c87ed1f6e9a771b53a8f,gwsearch run
1378,1775966507.4455597,fc2098317d43af66664f0f1337a49fcd8e945f0f8e21c87ed1f6e9a771b53a8f,gwsearch run
1379,1775967081.422437,fc2098317d43af66664f0f1337a49fcd8e945f0f8e21c87ed1f6e9a771b53a8f,gwsearch run
1380,1775967656.6887896,fc2098317d43af66664f0f1337a49fcd8e945f0f8e21c87ed1f6e9a771b53a8f,gwsearch run
1381,1775968230.2007754,fc2098317d43af66664f0f1337a49fcd8e945f0f8e21c87ed1f6e9a771b53a8f,gwsearch run
1382,1775968802.444342,fc2098317d43af66664f0f1337a49fcd8e945f0f8e21c87ed1f6e9a771b53a8f,gwsearch run
1383,1775969374.4191458,fc2098317d43af66664f0f1337a49fcd8e945f0f8e21c87ed1f6e9a771b53a8f,gwsearch run
1384,1775969947.9458098,fc2098317d43af66664f0f1337a49fcd8e945f0f8e21c87ed1f6e9a771b53a8f,gwsearch run
1385,1775970520.96955,fc2098317d43af66664f0f1337a49fcd8e945f0f8e21c87ed1f6e9a771b53a8f,gwsearch run
1386,1775971093.1985064,fc2098317d43af66664f0f1337a49fcd8e945f0f8e21c87ed1f6e9a771b53a8f,gwsearch run
1387,1775971665.4291027,fc2098317d43af66664f0f1337a49fcd8e945f0f8e21c87ed1f6e9a771b53a8f,gwsearch run
1388,1775972237.6851082,fc2098317d43af66664f0f1337a49fcd8e945f0f8e21c87ed1f6e9a771b53a8f,gwsearch run
1389,1775972811.1755357,fc2098317d43af66664f0f1337a49fcd8e945f0f8e21c87ed1f6e9a771b53a8f,gwsearch run
1390,1775973384.6428576,fc2098317d43af66664f0f1337a49fcd8e945f0f8e21c87ed1f6e9a771b53a8f,gwsearch run
1391,1775973958.1956413,fc2098317d43af66664f0f1337a49fcd8e945f0f8e21c87ed1f6e9a771b53a8f,gwsearch run
1392,1775974530.4391165,fc2098317d43af66664f0f1337a49fcd8e945f0f8e21c87ed1f6e9a771b53a8f,gwsearch run
1393,1775975122.1463754,fc2098317d43af66664f0f1337a49fcd8e945f0f8e21c87ed1f6e9a771b53a8f,gwsearch run
1394,1775975692.6824834,fc2098317d43af66664f0f1337a49fcd8e945f0f8e21c87ed1f6e9a771b53a8f,gwsearch run
1395,1775976266.4230385,fc2098317d43af66664f0f1337a49fcd8e945f0f8e21c87ed1f6e9a771b53a8f,gwsearch run
1396,1775976839.1877394,fc2098317d43af66664f0f1337a49fcd8e945f0f8e21c87ed1f6e9a771b53a8f,gwsearch run
1397,1775977410.6804137,fc2098317d43af66664f0f1337a49fcd8e945f0f8e21c87ed1f6e9a771b53a8f,gwsearch run
1398,1775977982.1950758,fc2098317d43af66664f0f1337a49fcd8e945f0f8e21c87ed1f6e9a771b53a8f,gwsearch run
1399,1775978553.186844,fc2098317d43af66664f0f1337a49fcd8e945f0f8e21c87ed1f6e9a771b53a8f,gwsearch run
1400,1775979127.6673143,fc2098317d43af66664f0f1337a49fcd8e945f0f8e21c87ed1f6e9a771b53a8f,gwsearch run
1401,1775979701.6647997,fc2098317d43af66664f0f1337a49fcd8e945f0f8e21c87ed1f6e9a771b53a8f,gwsearch run
1402,1775980276.4505885,fc2098317d43af66664f0f1337a49fcd8e945f0f8e21c87ed1f6e9a771b53a8f,gwsearch run
1403,1775980847.9488049,fc2098317d43af66664f0f1337a49fcd8e945f0f8e21c87ed1f6e9a771b53a8f,gwsearch run
1404,1775981420.4290645,fc2098317d43af66664f0f1337a49fcd8e945f0f8e21c87ed1f6e9a771b53a8f,gwsearch run
1405,1775981991.6293328,fc2098317d43af66664f0f1337a49fcd8e945f0f8e21c87ed1f6e9a771b53a8f,gwsearch run
1406,1775982572.1818068,fc2098317d43af66664f0f1337a49fcd8e945f0f8e21c87ed1f6e9a771b53a8f,gwsearch run
1407,1775983146.1633284,fc2098317d43af66664f0f1337a49fcd8e945f0f8e21c87ed1f6e9a771b53a8f,gwsearch run
1408,1775983718.6866384,fc2098317d43af66664f0f1337a49fcd8e945f0f8e21c87ed1f6e9a771b53a8f,gwsearch run
1409,1775984293.1902401,fc2098317d43af66664f0f1337a49fcd8e945f0f8e21c87ed1f6e9a771b53a8f,gwsearch run
1410,1775984866.4539785,fc2098317d43af66664f0f1337a49fcd8e945f0f8e21c87ed1f6e9a771b53a8f,gwsearch run
1411,1775985440.4480388,fc2098317d43af66664f0f1337a49fcd8e945f0f8e21c87ed1f6e9a771b53a8f,gwsearch run
1412,1775986012.1736333,fc2098317d43af66664f0f1337a49fcd8e945f0f8e21c87ed1f6e9a771b53a8f,gwsearch run
1413,1775986582.1759605,fc2098317d43af66664f0f1337a49fcd8e945f0f8e21c87ed1f6e9a771b53a8f,gwsearch run
1414,1775987154.1774492,fc2098317d43af66664f0f1337a49fcd8e945f0f8e21c87ed1f6e9a771b53a8f,gwsearch run
1415,1775987727.9312043,fc2098317d43af66664f0f1337a49fcd8e945f0f8e21c87ed1f6e9a771b53a8f,gwsearch run
1416,1775988301.9268599,fc2098317d43af66664f0f1337a49fcd8e945f0f8e21c87ed1f6e9a771b53a8f,gwsearch run
1417,1775988872.6735656,fc2098317d43af66664f0f1337a49fcd8e945f0f8e21c87ed1f6e9a771b53a8f,gwsearch run
1418,1775989443.4617512,fc2098317d43af66664f0f1337a49fcd8e945f0f8e21c87ed1f6e9a771b53a8f,gwsearch run
1419,1775990013.9369226,fc2098317d43af66664f0f1337a49fcd8e945f0f8e21c87ed1f6e9a771b53a8f,gwsearch run
1420,1775990585.4208374,fc2098317d43af66664f0f1337a49fcd8e945f0f8e21c87ed1f6e9a771b53a8f,gwsearch run
1421,1775991159.4347653,fc2098317d43af66664f0f1337a49fcd8e945f0f8e21c87ed1f6e9a771b53a8f,gwsearch run
1422,1775991731.9421527,fc2098317d43af66664f0f1337a49fcd8e945f0f8e21c87ed1f6e9a771b53a8f,gwsearch run
1423,1775992305.4323056,fc2098317d43af66664f0f1337a49fcd8e945f0f8e21c87ed1f6e9a771b53a8f,gwsearch run
1424,1775992876.1748018,fc2098317d43af66664f0f1337a49fcd8e945f0f8e21c87ed1f6e9a771b53a8f,gwsearch run
1425,1775993457.5966966,fc2098317d43af66664f0f1337a49fcd8e945f0f8e21c87ed1f6e9a771b53a8f,gwsearch run
1426,1775994030.169554,fc2098317d43af66664f0f1337a49fcd8e945f0f8e21c87ed1f6e9a771b53a8f,gwsearch run
1427,1775994601.9330192,fc2098317d43af66664f0f1337a49fcd8e945f0f8e21c87ed1f6e9a771b53a8f,gwsearch run
1428,1775995174.6923623,fc2098317d43af66664f0f1337a49fcd8e945f0f8e21c87ed1f6e9a771b53a8f,gwsearch run
1429,1775995754.1489193,fc2098317d43af66664f0f1337a49fcd8e945f0f8e21c87ed1f6e9a771b53a8f,gwsearch run
1430,1775996324.444594,fc2098317d43af66664f0f1337a49fcd8e945f0f8e21c87ed1f6e9a771b53a8f,gwsearch run
1431,1775996898.433658,fc2098317d43af66664f0f1337a49fcd8e945f0f8e21c87ed1f6e9a771b53a8f,gwsearch run
1432,1775997473.690905,fc2098317d43af66664f0f1337a49fcd8e945f0f8e21c87ed1f6e9a771b53a8f,gwsearch run
1433,1775998050.45516,fc2098317d43af66664f0f1337a49fcd8e945f0f8e21c87ed1f6e9a771b53a8f,gwsearch run
1434,1775998623.6666396,fc2098317d43af66664f0f1337a49fcd8e945f0f8e21c87ed1f6e9a771b53a8f,gwsearch run
1435,1775999205.6856668,fc2098317d43af66664f0f1337a49fcd8e945f0f8e21c87ed1f6e9a771b53a8f,gwsearch run
1436,1775999777.9398067,fc2098317d43af66664f0f1337a49fcd8e945f0f8e21c87ed1f6e9a771b53a8f,gwsearch run
1437,1776000349.9323883,fc2098317d43af66664f0f1337a49fcd8e945f0f8e21c87ed1f6e9a771b53a8f,gwsearch run
1438,1776000923.9431071,fc2098317d43af66664f0f1337a49fcd8e945f0f8e21c87ed1f6e9a771b53a8f,gwsearch run
1439,1776001500.2017639,fc2098317d43af66664f0f1337a49fcd8e945f0f8e21c87ed1f6e9a771b53a8f,gwsearch run
1440,1776002073.438277,fc2098317d43af66664f0f1337a49fcd8e945f0f8e21c87ed1f6e9a771b53a8f,gwsearch run
1441,1776002646.0788982,fc2098317d43af66664f0f1337a49fcd8e945f0f8e21c87ed1f6e9a771b53a8f,gwsearch run
1442,1776003219.1971128,fc2098317d43af66664f0f1337a49fcd8e945f0f8e21c87ed1f6e9a771b53a8f,gwsearch run
1443,1776003790.713166,fc2098317d43af66664f0f1337a49fcd8e945f0f8e21c87ed1f6e9a771b53a8f,gwsearch run
1444,1776004362.685062,fc2098317d43af66664f0f1337a49fcd8e945f0f8e21c87ed1f6e9a771b53a8f,gwsearch run
1445,1776004936.1931639,fc2098317d43af66664f0f1337a49fcd8e945f0f8e21c87ed1f6e9a771b53a8f,gwsearch run
1446,1776005511.9402492,fc2098317d43af66664f0f1337a49fcd8e945f0f8e21c87ed1f6e9a771b53a8f,gwsearch run
1447,1776006084.1691606,fc2098317d43af66664f0f1337a49fcd8e945f0f8e21c87ed1f6e9a771b53a8f,gwsearch run
1448,1776006656.672212,fc2098317d43af66664f0f1337a49fcd8e945f0f8e21c87ed1f6e9a771b53a8f,gwsearch run
1449,1776007240.7002294,fc2098317d43af66664f0f1337a49fcd8e945f0f8e21c87ed1f6e9a771b53a8f,gwsearch run
1450,1776007811.9113584,fc2098317d43af66664f0f1337a49fcd8e945f0f8e21c87ed1f6e9a771b53a8f,gwsearch run
1451,1776008386.1802433,fc2098317d43af66664f0f1337a49fcd8e945f0f8e21c87ed1f6e9a771b53a8f,gwsearch run
1452,1776008960.698256,fc2098317d43af66664f0f1337a49fcd8e945f0f8e21c87ed1f6e9a771b53a8f,gwsearch run
1453,1776009533.17372,fc2098317d43af66664f0f1337a49fcd8e945f0f8e21c87ed1f6e9a771b53a8f,gwsearch run
1454,1776010106.453224,fc2098317d43af66664f0f1337a49fcd8e945f0f8e21c87ed1f6e9a771b53a8f,gwsearch run
1455,1776010708.4390616,fc2098317d43af66664f0f1337a49fcd8e945f0f8e21c87ed1f6e9a771b53a8f,gwsearch run
1456,1776011281.4445057,fc2098317d43af66664f0f1337a49fcd8e945f0f8e21c87ed1f6e9a771b53a8f,gwsearch run
1457,1776011857.4303803,fc2098317d43af66664f0f1337a49fcd8e945f0f8e21c87ed1f6e9a771b53a8f,gwsearch run
1458,1776012431.697835,fc2098317d43af66664f0f1337a49fcd8e945f0f8e21c87ed1f6e9a771b53a8f,gwsearch run
1459,1776013005.423081,fc2098317d43af66664f0f1337a49fcd8e945f0f8e21c87ed1f6e9a771b53a8f,gwsearch run
1460,1776013577.667138,fc2098317d43af66664f0f1337a49fcd8e945f0f8e21c87ed1f6e9a771b53a8f,gwsearch run
1461,1776014149.9256957,fc2098317d43af66664f0f1337a49fcd8e945f0f8e21c87ed1f6e9a771b53a8f,gwsearch run
1462,1776014721.6709728,fc2098317d43af66664f0f1337a49fcd8e945f0f8e21c87ed1f6e9a771b53a8f,gwsearch run
1463,1776015295.1915903,fc2098317d43af66664f0f1337a49fcd8e945f0f8e21c87ed1f6e9a771b53a8f,gwsearch run
1464,1776015867.927473,fc2098317d43af66664f0f1337a49fcd8e945f0f8e21c87ed1f6e9a771b53a8f,gwsearch run
1465,1776016441.6744978,fc2098317d43af66664f0f1337a49fcd8e945f0f8e21c87ed1f6e9a771b53a8f,gwsearch run
1466,1776017015.6755328,fc2098317d43af66664f0f1337a49fcd8e945f0f8e21c87ed1f6e9a771b53a8f,gwsearch run
1467,1776017590.4340448,fc2098317d43af66664f0f1337a49fcd8e945f0f8e21c87ed1f6e9a771b53a8f,gwsearch run
1468,1776018162.4217222,fc2098317d43af66664f0f1337a49fcd8e945f0f8e21c87ed1f6e9a771b53a8f,gwsearch run
1469,1776018741.438903,fc2098317d43af66664f0f1337a49fcd8e945f0f8e21c87ed1f6e9a771b53a8f,gwsearch run
1470,1776019315.90337,fc2098317d43af66664f0f1337a49fcd8e945f0f8e21c87ed1f6e9a771b53a8f,gwsearch run
1471,1776019891.1738899,fc2098317d43af66664f0f1337a49fcd8e945f0f8e21c87ed1f6e9a771b53a8f,gwsearch run
1472,1776020462.682528,fc2098317d43af66664f0f1337a49fcd8e945f0f8e21c87ed1f6e9a771b53a8f,gwsearch run
1473,1776021036.429616,fc2098317d43af66664f0f1337a49fcd8e945f0f8e21c87ed1f6e9a771b53a8f,gwsearch run
1474,1776021609.70573,fc2098317d43af66664f0f1337a49fcd8e945f0f8e21c87ed1f6e9a771b53a8f,gwsearch run
1475,1776022182.4323132,fc2098317d43af66664f0f1337a49fcd8e945f0f8e21c87ed1f6e9a771b53a8f,gwsearch run
1476,1776022765.189591,fc2098317d43af66664f0f1337a49fcd8e945f0f8e21c87ed1f6e9a771b53a8f,gwsearch run
1477,1776023338.6725087,fc2098317d43af66664f0f1337a49fcd8e945f0f8e21c87ed1f6e9a771b53a8f,gwsearch run
1478,1776023912.929971,fc2098317d43af66664f0f1337a49fcd8e945f0f8e21c87ed1f6e9a771b53a8f,gwsearch run
1479,1776024495.4309404,fc2098317d43af66664f0f1337a49fcd8e945f0f8e21c87ed1f6e9a771b53a8f,gwsearch run
1480,1776025066.931433,fc2098317d43af66664f0f1337a49fcd8e945f0f8e21c87ed1f6e9a771b53a8f,gwsearch run
1481,1776025638.9267454,fc2098317d43af66664f0f1337a49fcd8e945f0f8e21c87ed1f6e9a771b53a8f,gwsearch run
1482,1776026212.9566,fc2098317d43af66664f0f1337a49fcd8e945f0f8e21c87ed1f6e9a771b53a8f,gwsearch run
1483,1776026782.7356672,fc2098317d43af66664f0f1337a49fcd8e945f0f8e21c87ed1f6e9a771b53a8f,gwsearch run
1484,1776027365.6669796,fc2098317d43af66664f0f1337a49fcd8e945f0f8e21c87ed1f6e9a771b53a8f,gwsearch run
1485,1776027935.9404228,fc2098317d43af66664f0f1337a49fcd8e945f0f8e21c87ed1f6e9a771b53a8f,gwsearch run
1486,1776028508.6672077,fc2098317d43af66664f0f1337a49fcd8e945f0f8e21c87ed1f6e9a771b53a8f,gwsearch run
1487,1776029081.4400194,fc2098317d43af66664f0f1337a49fcd8e945f0f8e21c87ed1f6e9a771b53a8f,gwsearch run
1488,1776029654.6773126,fc2098317d43af66664f0f1337a49fcd8e945f0f8e21c87ed1f6e9a771b53a8f,gwsearch run
1489,1776030226.9390476,fc2098317d43af66664f0f1337a49fcd8e945f0f8e21c87ed1f6e9a771b53a8f,gwsearch run
1490,1776030800.4442809,fc2098317d43af66664f0f1337a49fcd8e945f0f8e21c87ed1f6e9a771b53a8f,gwsearch run
1491,1776031383.6816995,fc2098317d43af66664f0f1337a49fcd8e945f0f8e21c87ed1f6e9a771b53a8f,gwsearch run
1492,1776031958.7107189,fc2098317d43af66664f0f1337a49fcd8e945f0f8e21c87ed1f6e9a771b53a8f,gwsearch run
1493,1776032529.7067873,fc2098317d43af66664f0f1337a49fcd8e945f0f8e21c87ed1f6e9a771b53a8f,gwsearch run
1494,1776033101.6851082,fc2098317d43af66664f0f1337a49fcd8e945f0f8e21c87ed1f6e9a771b53a8f,gwsearch run
1495,1776033675.667265,fc2098317d43af66664f0f1337a49fcd8e945f0f8e21c87ed1f6e9a771b53a8f,gwsearch run
1496,1776034247.6874573,fc2098317d43af66664f0f1337a49fcd8e945f0f8e21c87ed1f6e9a771b53a8f,gwsearch run
1497,1776034819.9310904,fc2098317d43af66664f0f1337a49fcd8e945f0f8e21c87ed1f6e9a771b53a8f,gwsearch run
1498,1776035395.2070103,fc2098317d43af66664f0f1337a49fcd8e945f0f8e21c87ed1f6e9a771b53a8f,gwsearch run
1499,1776035967.6905851,fc2098317d43af66664f0f1337a49fcd8e945f0f8e21c87ed1f6e9a771b53a8f,gwsearch run
1500,1776036538.9474168,fc2098317d43af66664f0f1337a49fcd8e945f0f8e21c87ed1f6e9a771b53a8f,gwsearch run
1501,1776037112.6738033,fc2098317d43af66664f0f1337a49fcd8e945f0f8e21c87ed1f6e9a771b53a8f,gwsearch run
1502,1776037695.1777868,fc2098317d43af66664f0f1337a49fcd8e945f0f8e21c87ed1f6e9a771b53a8f,gwsearch run
1503,1776038274.15722,fc2098317d43af66664f0f1337a49fcd8e945f0f8e21c87ed1f6e9a771b53a8f,gwsearch run
1504,1776038846.2825804,fc2098317d43af66664f0f1337a49fcd8e945f0f8e21c87ed1f6e9a771b53a8f,gwsearch run
1505,1776039417.9400835,fc2098317d43af66664f0f1337a49fcd8e945f0f8e21c87ed1f6e9a771b53a8f,gwsearch run
1506,1776039987.959066,fc2098317d43af66664f0f1337a49fcd8e945f0f8e21c87ed1f6e9a771b53a8f,gwsearch run
1507,1776040561.1504257,fc2098317d43af66664f0f1337a49fcd8e945f0f8e21c87ed1f6e9a771b53a8f,gwsearch run
1508,1776041133.8562536,fc2098317d43af66664f0f1337a49fcd8e945f0f8e21c87ed1f6e9a771b53a8f,gwsearch run
1509,1776041721.4481323,fc2098317d43af66664f0f1337a49fcd8e945f0f8e21c87ed1f6e9a771b53a8f,gwsearch run
1510,1776042296.1922271,fc2098317d43af66664f0f1337a49fcd8e945f0f8e21c87ed1f6e9a771b53a8f,gwsearch run
1511,1776042870.1994598,fc2098317d43af66664f0f1337a49fcd8e945f0f8e21c87ed1f6e9a771b53a8f,gwsearch run
1512,1776043442.1646636,fc2098317d43af66664f0f1337a49fcd8e945f0f8e21c87ed1f6e9a771b53a8f,gwsearch run
1513,1776044011.4348843,fc2098317d43af66664f0f1337a49fcd8e945f0f8e21c87ed1f6e9a771b53a8f,gwsearch run
1514,1776044595.195227,fc2098317d43af66664f0f1337a49fcd8e945f0f8e21c87ed1f6e9a771b53a8f,gwsearch run
1515,1776045182.4454768,fc2098317d43af66664f0f1337a49fcd8e945f0f8e21c87ed1f6e9a771b53a8f,gwsearch run
1516,1776045753.191805,fc2098317d43af66664f0f1337a49fcd8e945f0f8e21c87ed1f6e9a771b53a8f,gwsearch run
1517,1776046325.9115415,fc2098317d43af66664f0f1337a49fcd8e945f0f8e21c87ed1f6e9a771b53a8f,gwsearch run
1518,1776046898.9661422,fc2098317d43af66664f0f1337a49fcd8e945f0f8e21c87ed1f6e9a771b53a8f,gwsearch run
1519,1776047479.4822085,fc2098317d43af66664f0f1337a49fcd8e945f0f8e21c87ed1f6e9a771b53a8f,gwsearch run
1520,1776048052.4266448,fc2098317d43af66664f0f1337a49fcd8e945f0f8e21c87ed1f6e9a771b53a8f,gwsearch run
1521,1776048623.4450915,fc2098317d43af66664f0f1337a49fcd8e945f0f8e21c87ed1f6e9a771b53a8f,gwsearch run
1522,1776049195.4456255,fc2098317d43af66664f0f1337a49fcd8e945f0f8e21c87ed1f6e9a771b53a8f,gwsearch run
1523,1776049766.6744692,fc2098317d43af66664f0f1337a49fcd8e945f0f8e21c87ed1f6e9a771b53a8f,gwsearch run
1524,1776050339.172309,fc2098317d43af66664f0f1337a49fcd8e945f0f8e21c87ed1f6e9a771b53a8f,gwsearch run
1525,1776050915.9354541,fc2098317d43af66664f0f1337a49fcd8e945f0f8e21c87ed1f6e9a771b53a8f,gwsearch run
1526,1776051488.444975,fc2098317d43af66664f0f1337a49fcd8e945f0f8e21c87ed1f6e9a771b53a8f,gwsearch run
1527,1776052061.4321067,fc2098317d43af66664f0f1337a49fcd8e945f0f8e21c87ed1f6e9a771b53a8f,gwsearch run
1528,1776052634.6684618,fc2098317d43af66664f0f1337a49fcd8e945f0f8e21c87ed1f6e9a771b53a8f,gwsearch run
1529,1776053209.9372966,fc2098317d43af66664f0f1337a49fcd8e945f0f8e21c87ed1f6e9a771b53a8f,gwsearch run
1530,1776053784.6859012,fc2098317d43af66664f0f1337a49fcd8e945f0f8e21c87ed1f6e9a771b53a8f,gwsearch run
1531,1776054358.1779428,fc2098317d43af66664f0f1337a49fcd8e945f0f8e21c87ed1f6e9a771b53a8f,gwsearch run
1532,1776054931.183639,fc2098317d43af66664f0f1337a49fcd8e945f0f8e21c87ed1f6e9a771b53a8f,gwsearch run
1533,1776055504.9489782,fc2098317d43af66664f0f1337a49fcd8e945f0f8e21c87ed1f6e9a771b53a8f,gwsearch run
1534,1776056078.9352996,fc2098317d43af66664f0f1337a49fcd8e945f0f8e21c87ed1f6e9a771b53a8f,gwsearch run
1535,1776056651.6697721,fc2098317d43af66664f0f1337a49fcd8e945f0f8e21c87ed1f6e9a771b53a8f,gwsearch run
1536,1776057224.9390023,fc2098317d43af66664f0f1337a49fcd8e945f0f8e21c87ed1f6e9a771b53a8f,gwsearch run
1537,1776057801.435194,fc2098317d43af66664f0f1337a49fcd8e945f0f8e21c87ed1f6e9a771b53a8f,gwsearch run
1538,1776058396.428475,fc2098317d43af66664f0f1337a49fcd8e945f0f8e21c87ed1f6e9a771b53a8f,gwsearch run
1539,1776058969.164414,fc2098317d43af66664f0f1337a49fcd8e945f0f8e21c87ed1f6e9a771b53a8f,gwsearch run
1540,1776059539.4282532,fc2098317d43af66664f0f1337a49fcd8e945f0f8e21c87ed1f6e9a771b53a8f,gwsearch run
1541,1776060111.9369676,fc2098317d43af66664f0f1337a49fcd8e945f0f8e21c87ed1f6e9a771b53a8f,gwsearch run
1542,1776060684.4126263,fc2098317d43af66664f0f1337a49fcd8e945f0f8e21c87ed1f6e9a771b53a8f,gwsearch run
1543,1776061266.9409904,fc2098317d43af66664f0f1337a49fcd8e945f0f8e21c87ed1f6e9a771b53a8f,gwsearch run
1544,1776061839.2317872,fc2098317d43af66664f0f1337a49fcd8e945f0f8e21c87ed1f6e9a771b53a8f,gwsearch run
1545,1776062410.678275,fc2098317d43af66664f0f1337a49fcd8e945f0f8e21c87ed1f6e9a771b53a8f,gwsearch run
1546,1776062983.4509075,fc2098317d43af66664f0f1337a49fcd8e945f0f8e21c87ed1f6e9a771b53a8f,gwsearch run
1547,1776063554.1818614,fc2098317d43af66664f0f1337a49fcd8e945f0f8e21c87ed1f6e9a771b53a8f,gwsearch run
1548,1776064126.6786232,fc2098317d43af66664f0f1337a49fcd8e945f0f8e21c87ed1f6e9a771b53a8f,gwsearch run
1549,1776064697.6865065,fc2098317d43af66664f0f1337a49fcd8e945f0f8e21c87ed1f6e9a771b53a8f,gwsearch run
1550,1776065270.6898305,fc2098317d43af66664f0f1337a49fcd8e945f0f8e21c87ed1f6e9a771b53a8f,gwsearch run
1551,1776065842.6722498,fc2098317d43af66664f0f1337a49fcd8e945f0f8e21c87ed1f6e9a771b53a8f,gwsearch run
1552,1776066413.4495692,fc2098317d43af66664f0f1337a49fcd8e945f0f8e21c87ed1f6e9a771b53a8f,gwsearch run
1553,1776066985.92969,fc2098317d43af66664f0f1337a49fcd8e945f0f8e21c87ed1f6e9a771b53a8f,gwsearch run
1554,1776067557.4395423,fc2098317d43af66664f0f1337a49fcd8e945f0f8e21c87ed1f6e9a771b53a8f,gwsearch run
1555,1776068131.4333074,fc2098317d43af66664f0f1337a49fcd8e945f0f8e21c87ed1f6e9a771b53a8f,gwsearch run
1556,1776068702.6669378,fc2098317d43af66664f0f1337a49fcd8e945f0f8e21c87ed1f6e9a771b53a8f,gwsearch run
1557,1776069277.188525,fc2098317d43af66664f0f1337a49fcd8e945f0f8e21c87ed1f6e9a771b53a8f,gwsearch run
1558,1776069849.6916113,fc2098317d43af66664f0f1337a49fcd8e945f0f8e21c87ed1f6e9a771b53a8f,gwsearch run
1559,1776070421.682108,fc2098317d43af66664f0f1337a49fcd8e945f0f8e21c87ed1f6e9a771b53a8f,gwsearch run
1560,1776070993.7001326,fc2098317d43af66664f0f1337a49fcd8e945f0f8e21c87ed1f6e9a771b53a8f,gwsearch run
1561,1776071565.4311311,fc2098317d43af66664f0f1337a49fcd8e945f0f8e21c87ed1f6e9a771b53a8f,gwsearch run
1562,1776072140.449683,fc2098317d43af66664f0f1337a49fcd8e945f0f8e21c87ed1f6e9a771b53a8f,gwsearch run
1563,1776072711.9378955,fc2098317d43af66664f0f1337a49fcd8e945f0f8e21c87ed1f6e9a771b53a8f,gwsearch run
1564,1776073284.1796563,fc2098317d43af66664f0f1337a49fcd8e945f0f8e21c87ed1f6e9a771b53a8f,gwsearch run
1565,1776073865.6865437,fc2098317d43af66664f0f1337a49fcd8e945f0f8e21c87ed1f6e9a771b53a8f,gwsearch run
1566,1776074438.1678832,fc2098317d43af66664f0f1337a49fcd8e945f0f8e21c87ed1f6e9a771b53a8f,gwsearch run
1567,1776075010.1973426,fc2098317d43af66664f0f1337a49fcd8e945f0f8e21c87ed1f6e9a771b53a8f,gwsearch run
1568,1776075588.700033,fc2098317d43af66664f0f1337a49fcd8e945f0f8e21c87ed1f6e9a771b53a8f,gwsearch run
1569,1776076160.6943948,fc2098317d43af66664f0f1337a49fcd8e945f0f8e21c87ed1f6e9a771b53a8f,gwsearch run
1570,1776076732.675107,fc2098317d43af66664f0f1337a49fcd8e945f0f8e21c87ed1f6e9a771b53a8f,gwsearch run
1571,1776077304.9241407,fc2098317d43af66664f0f1337a49fcd8e945f0f8e21c87ed1f6e9a771b53a8f,gwsearch run
1572,1776077885.6922393,fc2098317d43af66664f0f1337a49fcd8e945f0f8e21c87ed1f6e9a771b53a8f,gwsearch run
1573,1776078458.928467,fc2098317d43af66664f0f1337a49fcd8e945f0f8e21c87ed1f6e9a771b53a8f,gwsearch run
1574,1776079033.6738083,fc2098317d43af66664f0f1337a49fcd8e945f0f8e21c87ed1f6e9a771b53a8f,gwsearch run
1575,1776079606.6859617,fc2098317d43af66664f0f1337a49fcd8e945f0f8e21c87ed1f6e9a771b53a8f,gwsearch run
1576,1776080179.4657109,fc2098317d43af66664f0f1337a49fcd8e945f0f8e21c87ed1f6e9a771b53a8f,gwsearch run
1577,1776080752.444927,fc2098317d43af66664f0f1337a49fcd8e945f0f8e21c87ed1f6e9a771b53a8f,gwsearch run
1578,1776081326.9372802,fc2098317d43af66664f0f1337a49fcd8e945f0f8e21c87ed1f6e9a771b53a8f,gwsearch run
1579,1776081898.6762877,fc2098317d43af66664f0f1337a49fcd8e945f0f8e21c87ed1f6e9a771b53a8f,gwsearch run
1580,1776082472.9317214,fc2098317d43af66664f0f1337a49fcd8e945f0f8e21c87ed1f6e9a771b53a8f,gwsearch run
1581,1776083044.1622114,fc2098317d43af66664f0f1337a49fcd8e945f0f8e21c87ed1f6e9a771b53a8f,gwsearch run
1582,1776083613.9406736,fc2098317d43af66664f0f1337a49fcd8e945f0f8e21c87ed1f6e9a771b53a8f,gwsearch run
1583,1776084186.1741395,fc2098317d43af66664f0f1337a49fcd8e945f0f8e21c87ed1f6e9a771b53a8f,gwsearch run
1584,1776084760.9174945,fc2098317d43af66664f0f1337a49fcd8e945f0f8e21c87ed1f6e9a771b53a8f,gwsearch run
1585,1776085333.663602,fc2098317d43af66664f0f1337a49fcd8e945f0f8e21c87ed1f6e9a771b53a8f,gwsearch run
1586,1776085906.4508398,fc2098317d43af66664f0f1337a49fcd8e945f0f8e21c87ed1f6e9a771b53a8f,gwsearch run
1587,1776086479.6753383,fc2098317d43af66664f0f1337a49fcd8e945f0f8e21c87ed1f6e9a771b53a8f,gwsearch run
1588,1776087052.1676471,fc2098317d43af66664f0f1337a49fcd8e945f0f8e21c87ed1f6e9a771b53a8f,gwsearch run
1589,1776087624.688624,fc2098317d43af66664f0f1337a49fcd8e945f0f8e21c87ed1f6e9a771b53a8f,gwsearch run
1590,1776088196.8816028,fc2098317d43af66664f0f1337a49fcd8e945f0f8e21c87ed1f6e9a771b53a8f,gwsearch run
1591,1776088769.912368,fc2098317d43af66664f0f1337a49fcd8e945f0f8e21c87ed1f6e9a771b53a8f,gwsearch run
1592,1776089342.6752908,fc2098317d43af66664f0f1337a49fcd8e945f0f8e21c87ed1f6e9a771b53a8f,gwsearch run
1593,1776089911.173463,fc2098317d43af66664f0f1337a49fcd8e945f0f8e21c87ed1f6e9a771b53a8f,gwsearch run
1594,1776090482.3749096,fc2098317d43af66664f0f1337a49fcd8e945f0f8e21c87ed1f6e9a771b53a8f,gwsearch run
1595,1776091055.44858,fc2098317d43af66664f0f1337a49fcd8e945f0f8e21c87ed1f6e9a771b53a8f,gwsearch run
1596,1776091628.6823826,fc2098317d43af66664f0f1337a49fcd8e945f0f8e21c87ed1f6e9a771b53a8f,gwsearch run
1597,1776092205.9561174,fc2098317d43af66664f0f1337a49fcd8e945f0f8e21c87ed1f6e9a771b53a8f,gwsearch run
1598,1776092775.4374824,fc2098317d43af66664f0f1337a49fcd8e945f0f8e21c87ed1f6e9a771b53a8f,gwsearch run
1599,1776093349.4434144,fc2098317d43af66664f0f1337a49fcd8e945f0f8e21c87ed1f6e9a771b53a8f,gwsearch run
1600,1776093922.7475884,fc2098317d43af66664f0f1337a49fcd8e945f0f8e21c87ed1f6e9a771b53a8f,gwsearch run
1601,1776094492.7236562,fc2098317d43af66664f0f1337a49fcd8e945f0f8e21c87ed1f6e9a771b53a8f,gwsearch run
1602,1776095064.9388914,fc2098317d43af66664f0f1337a49fcd8e945f0f8e21c87ed1f6e9a771b53a8f,gwsearch run
1603,1776095636.4390798,fc2098317d43af66664f0f1337a49fcd8e945f0f8e21c87ed1f6e9a771b53a8f,gwsearch run
1604,1776096209.448083,fc2098317d43af66664f0f1337a49fcd8e945f0f8e21c87ed1f6e9a771b53a8f,gwsearch run
1605,1776096781.9423838,fc2098317d43af66664f0f1337a49fcd8e945f0f8e21c87ed1f6e9a771b53a8f,gwsearch run
1606,1776097353.9382071,fc2098317d43af66664f0f1337a49fcd8e945f0f8e21c87ed1f6e9a771b53a8f,gwsearch run
1607,1776097926.693165,fc2098317d43af66664f0f1337a49fcd8e945f0f8e21c87ed1f6e9a771b53a8f,gwsearch run
1608,1776098499.9482663,fc2098317d43af66664f0f1337a49fcd8e945f0f8e21c87ed1f6e9a771b53a8f,gwsearch run
1609,1776099071.6821344,fc2098317d43af66664f0f1337a49fcd8e945f0f8e21c87ed1f6e9a771b53a8f,gwsearch run
1610,1776099642.9307165,fc2098317d43af66664f0f1337a49fcd8e945f0f8e21c87ed1f6e9a771b53a8f,gwsearch run
1611,1776100215.6735816,fc2098317d43af66664f0f1337a49fcd8e945f0f8e21c87ed1f6e9a771b53a8f,gwsearch run
1612,1776100787.6954324,fc2098317d43af66664f0f1337a49fcd8e945f0f8e21c87ed1f6e9a771b53a8f,gwsearch run
1613,1776101359.1790795,fc2098317d43af66664f0f1337a49fcd8e945f0f8e21c87ed1f6e9a771b53a8f,gwsearch run
1614,1776101930.9240322,fc2098317d43af66664f0f1337a49fcd8e945f0f8e21c87ed1f6e9a771b53a8f,gwsearch run
1615,1776102504.9411488,fc2098317d43af66664f0f1337a49fcd8e945f0f8e21c87ed1f6e9a771b53a8f,gwsearch run
1616,1776103076.1727865,fc2098317d43af66664f0f1337a49fcd8e945f0f8e21c87ed1f6e9a771b53a8f,gwsearch run
1617,1776103648.1774454,fc2098317d43af66664f0f1337a49fcd8e945f0f8e21c87ed1f6e9a771b53a8f,gwsearch run
1618,1776104220.1696014,fc2098317d43af66664f0f1337a49fcd8e945f0f8e21c87ed1f6e9a771b53a8f,gwsearch run
1619,1776104791.6798651,fc2098317d43af66664f0f1337a49fcd8e945f0f8e21c87ed1f6e9a771b53a8f,gwsearch run
1620,1776105363.439634,fc2098317d43af66664f0f1337a49fcd8e945f0f8e21c87ed1f6e9a771b53a8f,gwsearch run
1621,1776105935.9326184,fc2098317d43af66664f0f1337a49fcd8e945f0f8e21c87ed1f6e9a771b53a8f,gwsearch run
1622,1776106512.7044814,fc2098317d43af66664f0f1337a49fcd8e945f0f8e21c87ed1f6e9a771b53a8f,gwsearch run
1623,1776107085.4401731,fc2098317d43af66664f0f1337a49fcd8e945f0f8e21c87ed1f6e9a771b53a8f,gwsearch run
1624,1776107656.6801326,fc2098317d43af66664f0f1337a49fcd8e945f0f8e21c87ed1f6e9a771b53a8f,gwsearch run
1625,1776108228.4683986,fc2098317d43af66664f0f1337a49fcd8e945f0f8e21c87ed1f6e9a771b53a8f,gwsearch run
1626,1776108802.6806307,fc2098317d43af66664f0f1337a49fcd8e945f0f8e21c87ed1f6e9a771b53a8f,gwsearch run
1627,1776109378.4322786,fc2098317d43af66664f0f1337a49fcd8e945f0f8e21c87ed1f6e9a771b53a8f,gwsearch run
1628,1776109949.4415174,fc2098317d43af66664f0f1337a49fcd8e945f0f8e21c87ed1f6e9a771b53a8f,gwsearch run
1629,1776110521.2024472,fc2098317d43af66664f0f1337a49fcd8e945f0f8e21c87ed1f6e9a771b53a8f,gwsearch run
1630,1776111093.6711624,fc2098317d43af66664f0f1337a49fcd8e945f0f8e21c87ed1f6e9a771b53a8f,gwsearch run
1631,1776111665.6829126,fc2098317d43af66664f0f1337a49fcd8e945f0f8e21c87ed1f6e9a771b53a8f,gwsearch run
1632,1776112238.4432702,fc2098317d43af66664f0f1337a49fcd8e945f0f8e21c87ed1f6e9a771b53a8f,gwsearch run
1633,1776112810.4356623,fc2098317d43af66664f0f1337a49fcd8e945f0f8e21c87ed1f6e9a771b53a8f,gwsearch run
1634,1776113382.1716442,fc2098317d43af66664f0f1337a49fcd8e945f0f8e21c87ed1f6e9a771b53a8f,gwsearch run
1635,1776113953.939964,fc2098317d43af66664f0f1337a49fcd8e945f0f8e21c87ed1f6e9a771b53a8f,gwsearch run
1636,1776114526.9198291,fc2098317d43af66664f0f1337a49fcd8e945f0f8e21c87ed1f6e9a771b53a8f,gwsearch run
1637,1776115099.690747,fc2098317d43af66664f0f1337a49fcd8e945f0f8e21c87ed1f6e9a771b53a8f,gwsearch run
1638,1776115671.9230373,fc2098317d43af66664f0f1337a49fcd8e945f0f8e21c87ed1f6e9a771b53a8f,gwsearch run
1639,1776116243.4529715,fc2098317d43af66664f0f1337a49fcd8e945f0f8e21c87ed1f6e9a771b53a8f,gwsearch run
1640,1776116816.6843805,fc2098317d43af66664f0f1337a49fcd8e945f0f8e21c87ed1f6e9a771b53a8f,gwsearch run
1641,1776117388.447702,fc2098317d43af66664f0f1337a49fcd8e945f0f8e21c87ed1f6e9a771b53a8f,gwsearch run
1642,1776117970.435833,fc2098317d43af66664f0f1337a49fcd8e945f0f8e21c87ed1f6e9a771b53a8f,gwsearch run
1643,1776118541.6646042,fc2098317d43af66664f0f1337a49fcd8e945f0f8e21c87ed1f6e9a771b53a8f,gwsearch run
1644,1776119112.6855855,fc2098317d43af66664f0f1337a49fcd8e945f0f8e21c87ed1f6e9a771b53a8f,gwsearch run
1645,1776119685.4186933,fc2098317d43af66664f0f1337a49fcd8e945f0f8e21c87ed1f6e9a771b53a8f,gwsearch run
1646,1776120256.2089365,fc2098317d43af66664f0f1337a49fcd8e945f0f8e21c87ed1f6e9a771b53a8f,gwsearch run
1647,1776120837.914175,fc2098317d43af66664f0f1337a49fcd8e945f0f8e21c87ed1f6e9a771b53a8f,gwsearch run
1648,1776121416.2025924,fc2098317d43af66664f0f1337a49fcd8e945f0f8e21c87ed1f6e9a771b53a8f,gwsearch run
1649,1776121987.6567903,fc2098317d43af66664f0f1337a49fcd8e945f0f8e21c87ed1f6e9a771b53a8f,gwsearch run
1650,1776122561.7010431,fc2098317d43af66664f0f1337a49fcd8e945f0f8e21c87ed1f6e9a771b53a8f,gwsearch run
1651,1776123132.4355109,fc2098317d43af66664f0f1337a49fcd8e945f0f8e21c87ed1f6e9a771b53a8f,gwsearch run
1652,1776123703.6991253,fc2098317d43af66664f0f1337a49fcd8e945f0f8e21c87ed1f6e9a771b53a8f,gwsearch run
1653,1776124280.4517808,fc2098317d43af66664f0f1337a49fcd8e945f0f8e21c87ed1f6e9a771b53a8f,gwsearch run
1654,1776124851.6869278,fc2098317d43af66664f0f1337a49fcd8e945f0f8e21c87ed1f6e9a771b53a8f,gwsearch run
1655,1776125438.4103737,fc2098317d43af66664f0f1337a49fcd8e945f0f8e21c87ed1f6e9a771b53a8f,gwsearch run
1656,1776126010.6803675,fc2098317d43af66664f0f1337a49fcd8e945f0f8e21c87ed1f6e9a771b53a8f,gwsearch run
1657,1776126582.1803908,fc2098317d43af66664f0f1337a49fcd8e945f0f8e21c87ed1f6e9a771b53a8f,gwsearch run
1658,1776127156.6653342,fc2098317d43af66664f0f1337a49fcd8e945f0f8e21c87ed1f6e9a771b53a8f,gwsearch run
1659,1776127729.703489,fc2098317d43af66664f0f1337a49fcd8e945f0f8e21c87ed1f6e9a771b53a8f,gwsearch run
1660,1776128302.4446778,fc2098317d43af66664f0f1337a49fcd8e945f0f8e21c87ed1f6e9a771b53a8f,gwsearch run
1661,1776128883.92908,fc2098317d43af66664f0f1337a49fcd8e945f0f8e21c87ed1f6e9a771b53a8f,gwsearch run
1662,1776129466.6914232,fc2098317d43af66664f0f1337a49fcd8e945f0f8e21c87ed1f6e9a771b53a8f,gwsearch run
1663,1776130037.4186704,fc2098317d43af66664f0f1337a49fcd8e945f0f8e21c87ed1f6e9a771b53a8f,gwsearch run
1664,1776130608.1964865,fc2098317d43af66664f0f1337a49fcd8e945f0f8e21c87ed1f6e9a771b53a8f,gwsearch run
1665,1776131190.431715,fc2098317d43af66664f0f1337a49fcd8e945f0f8e21c87ed1f6e9a771b53a8f,gwsearch run
1666,1776131762.672722,fc2098317d43af66664f0f1337a49fcd8e945f0f8e21c87ed1f6e9a771b53a8f,gwsearch run
1667,1776132335.9195108,fc2098317d43af66664f0f1337a49fcd8e945f0f8e21c87ed1f6e9a771b53a8f,gwsearch run
1668,1776132907.938254,fc2098317d43af66664f0f1337a49fcd8e945f0f8e21c87ed1f6e9a771b53a8f,gwsearch run
1669,1776133480.9476488,fc2098317d43af66664f0f1337a49fcd8e945f0f8e21c87ed1f6e9a771b53a8f,gwsearch run
1670,1776134050.948973,fc2098317d43af66664f0f1337a49fcd8e945f0f8e21c87ed1f6e9a771b53a8f,gwsearch run
1671,1776134627.9467468,fc2098317d43af66664f0f1337a49fcd8e945f0f8e21c87ed1f6e9a771b53a8f,gwsearch run
1672,1776135200.4229732,fc2098317d43af66664f0f1337a49fcd8e945f0f8e21c87ed1f6e9a771b53a8f,gwsearch run
1673,1776135792.1787894,fc2098317d43af66664f0f1337a49fcd8e945f0f8e21c87ed1f6e9a771b53a8f,gwsearch run
1674,1776136369.1671598,fc2098317d43af66664f0f1337a49fcd8e945f0f8e21c87ed1f6e9a771b53a8f,gwsearch run
1675,1776136956.4106581,fc2098317d43af66664f0f1337a49fcd8e945f0f8e21c87ed1f6e9a771b53a8f,gwsearch run
1676,1776137528.9255476,fc2098317d43af66664f0f1337a49fcd8e945f0f8e21c87ed1f6e9a771b53a8f,gwsearch run
1677,1776138107.6641936,fc2098317d43af66664f0f1337a49fcd8e945f0f8e21c87ed1f6e9a771b53a8f,gwsearch run
1678,1776138679.6909995,fc2098317d43af66664f0f1337a49fcd8e945f0f8e21c87ed1f6e9a771b53a8f,gwsearch run
1679,1776139250.6765215,fc2098317d43af66664f0f1337a49fcd8e945f0f8e21c87ed1f6e9a771b53a8f,gwsearch run
1680,1776139821.954047,fc2098317d43af66664f0f1337a49fcd8e945f0f8e21c87ed1f6e9a771b53a8f,gwsearch run
1681,1776140393.1737566,fc2098317d43af66664f0f1337a49fcd8e945f0f8e21c87ed1f6e9a771b53a8f,gwsearch run
1682,1776140978.41678,fc2098317d43af66664f0f1337a49fcd8e945f0f8e21c87ed1f6e9a771b53a8f,gwsearch run
1683,1776141549.431294,fc2098317d43af66664f0f1337a49fcd8e945f0f8e21c87ed1f6e9a771b53a8f,gwsearch run
1684,1776142120.6574314,fc2098317d43af66664f0f1337a49fcd8e945f0f8e21c87ed1f6e9a771b53a8f,gwsearch run
1685,1776142690.9645846,fc2098317d43af66664f0f1337a49fcd8e945f0f8e21c87ed1f6e9a771b53a8f,gwsearch run
1686,1776143262.9339201,fc2098317d43af66664f0f1337a49fcd8e945f0f8e21c87ed1f6e9a771b53a8f,gwsearch run
1687,1776143835.2176802,fc2098317d43af66664f0f1337a49fcd8e945f0f8e21c87ed1f6e9a771b53a8f,gwsearch run
1688,1776144410.9272,fc2098317d43af66664f0f1337a49fcd8e945f0f8e21c87ed1f6e9a771b53a8f,gwsearch run
1689,1776144992.1866972,fc2098317d43af66664f0f1337a49fcd8e945f0f8e21c87ed1f6e9a771b53a8f,gwsearch run
1690,1776145561.9423745,fc2098317d43af66664f0f1337a49fcd8e945f0f8e21c87ed1f6e9a771b53a8f,gwsearch run
1691,1776146132.9600968,fc2098317d43af66664f0f1337a49fcd8e945f0f8e21c87ed1f6e9a771b53a8f,gwsearch run
1692,1776146706.69728,fc2098317d43af66664f0f1337a49fcd8e945f0f8e21c87ed1f6e9a771b53a8f,gwsearch run
1693,1776147278.6737013,fc2098317d43af66664f0f1337a49fcd8e945f0f8e21c87ed1f6e9a771b53a8f,gwsearch run
1694,1776147849.6817913,fc2098317d43af66664f0f1337a49fcd8e945f0f8e21c87ed1f6e9a771b53a8f,gwsearch run
1695,1776148421.4466195,fc2098317d43af66664f0f1337a49fcd8e945f0f8e21c87ed1f6e9a771b53a8f,gwsearch run
1696,1776148993.9142032,fc2098317d43af66664f0f1337a49fcd8e945f0f8e21c87ed1f6e9a771b53a8f,gwsearch run
1697,1776149566.4818673,fc2098317d43af66664f0f1337a49fcd8e945f0f8e21c87ed1f6e9a771b53a8f,gwsearch run
1698,1776150139.163586,fc2098317d43af66664f0f1337a49fcd8e945f0f8e21c87ed1f6e9a771b53a8f,gwsearch run
1699,1776150711.4426527,fc2098317d43af66664f0f1337a49fcd8e945f0f8e21c87ed1f6e9a771b53a8f,gwsearch run
1700,1776151283.6821678,fc2098317d43af66664f0f1337a49fcd8e945f0f8e21c87ed1f6e9a771b53a8f,gwsearch run
1701,1776151858.4405735,fc2098317d43af66664f0f1337a49fcd8e945f0f8e21c87ed1f6e9a771b53a8f,gwsearch run
1702,1776152431.6901183,fc2098317d43af66664f0f1337a49fcd8e945f0f8e21c87ed1f6e9a771b53a8f,gwsearch run
1703,1776153001.9345756,fc2098317d43af66664f0f1337a49fcd8e945f0f8e21c87ed1f6e9a771b53a8f,gwsearch run
1704,1776153574.6688685,fc2098317d43af66664f0f1337a49fcd8e945f0f8e21c87ed1f6e9a771b53a8f,gwsearch run
1705,1776154146.190682,fc2098317d43af66664f0f1337a49fcd8e945f0f8e21c87ed1f6e9a771b53a8f,gwsearch run
1706,1776154717.6645167,fc2098317d43af66664f0f1337a49fcd8e945f0f8e21c87ed1f6e9a771b53a8f,gwsearch run
1707,1776155291.6595569,fc2098317d43af66664f0f1337a49fcd8e945f0f8e21c87ed1f6e9a771b53a8f,gwsearch run
1708,1776155863.9379356,fc2098317d43af66664f0f1337a49fcd8e945f0f8e21c87ed1f6e9a771b53a8f,gwsearch run
1709,1776156435.9757848,fc2098317d43af66664f0f1337a49fcd8e945f0f8e21c87ed1f6e9a771b53a8f,gwsearch run
1710,1776157006.9216363,fc2098317d43af66664f0f1337a49fcd8e945f0f8e21c87ed1f6e9a771b53a8f,gwsearch run
1711,1776157577.6853983,fc2098317d43af66664f0f1337a49fcd8e945f0f8e21c87ed1f6e9a771b53a8f,gwsearch run
1712,1776158150.1933773,fc2098317d43af66664f0f1337a49fcd8e945f0f8e21c87ed1f6e9a771b53a8f,gwsearch run
1713,1776158722.1842756,fc2098317d43af66664f0f1337a49fcd8e945f0f8e21c87ed1f6e9a771b53a8f,gwsearch run
1714,1776159293.1920002,fc2098317d43af66664f0f1337a49fcd8e945f0f8e21c87ed1f6e9a771b53a8f,gwsearch run
1715,1776159865.9533172,fc2098317d43af66664f0f1337a49fcd8e945f0f8e21c87ed1f6e9a771b53a8f,gwsearch run
1716,1776160438.423217,fc2098317d43af66664f0f1337a49fcd8e945f0f8e21c87ed1f6e9a771b53a8f,gwsearch run
1717,1776161010.6821506,fc2098317d43af66664f0f1337a49fcd8e945f0f8e21c87ed1f6e9a771b53a8f,gwsearch run
1718,1776161581.937002,fc2098317d43af66664f0f1337a49fcd8e945f0f8e21c87ed1f6e9a771b53a8f,gwsearch run
1719,1776162154.9258106,fc2098317d43af66664f0f1337a49fcd8e945f0f8e21c87ed1f6e9a771b53a8f,gwsearch run
1720,1776162726.4327962,fc2098317d43af66664f0f1337a49fcd8e945f0f8e21c87ed1f6e9a771b53a8f,gwsearch run
1721,1776163299.5641413,fc2098317d43af66664f0f1337a49fcd8e945f0f8e21c87ed1f6e9a771b53a8f,gwsearch run
1722,1776163872.4487367,fc2098317d43af66664f0f1337a49fcd8e945f0f8e21c87ed1f6e9a771b53a8f,gwsearch run
1723,1776164444.6883934,fc2098317d43af66664f0f1337a49fcd8e945f0f8e21c87ed1f6e9a771b53a8f,gwsearch run
1724,1776165015.9239688,fc2098317d43af66664f0f1337a49fcd8e945f0f8e21c87ed1f6e9a771b53a8f,gwsearch run
1725,1776165587.4211383,fc2098317d43af66664f0f1337a49fcd8e945f0f8e21c87ed1f6e9a771b53a8f,gwsearch run
1726,1776166159.4379425,fc2098317d43af66664f0f1337a49fcd8e945f0f8e21c87ed1f6e9a771b53a8f,gwsearch run
1727,1776166731.9227319,fc2098317d43af66664f0f1337a49fcd8e945f0f8e21c87ed1f6e9a771b53a8f,gwsearch run
1728,1776167303.9454215,fc2098317d43af66664f0f1337a49fcd8e945f0f8e21c87ed1f6e9a771b53a8f,gwsearch run
1729,1776167875.4418921,fc2098317d43af66664f0f1337a49fcd8e945f0f8e21c87ed1f6e9a771b53a8f,gwsearch run
1730,1776168445.427434,fc2098317d43af66664f0f1337a49fcd8e945f0f8e21c87ed1f6e9a771b53a8f,gwsearch run
1731,1776169018.680948,fc2098317d43af66664f0f1337a49fcd8e945f0f8e21c87ed1f6e9a771b53a8f,gwsearch run
1732,1776169590.9370894,fc2098317d43af66664f0f1337a49fcd8e945f0f8e21c87ed1f6e9a771b53a8f,gwsearch run
1733,1776170162.163194,fc2098317d43af66664f0f1337a49fcd8e945f0f8e21c87ed1f6e9a771b53a8f,gwsearch run
1734,1776170732.9357002,fc2098317d43af66664f0f1337a49fcd8e945f0f8e21c87ed1f6e9a771b53a8f,gwsearch run
1735,1776171303.9371226,fc2098317d43af66664f0f1337a49fcd8e945f0f8e21c87ed1f6e9a771b53a8f,gwsearch run
1736,1776171875.1748278,fc2098317d43af66664f0f1337a49fcd8e945f0f8e21c87ed1f6e9a771b53a8f,gwsearch run
1737,1776172447.198859,fc2098317d43af66664f0f1337a49fcd8e945f0f8e21c87ed1f6e9a771b53a8f,gwsearch run
1738,1776173077.2023993,fc2098317d43af66664f0f1337a49fcd8e945f0f8e21c87ed1f6e9a771b53a8f,gwsearch run
1739,1776173649.6655824,fc2098317d43af66664f0f1337a49fcd8e945f0f8e21c87ed1f6e9a771b53a8f,gwsearch run
1740,1776174222.921814,fc2098317d43af66664f0f1337a49fcd8e945f0f8e21c87ed1f6e9a771b53a8f,gwsearch run
1741,1776174793.7089994,fc2098317d43af66664f0f1337a49fcd8e945f0f8e21c87ed1f6e9a771b53a8f,gwsearch run
1742,1776175363.6712363,fc2098317d43af66664f0f1337a49fcd8e945f0f8e21c87ed1f6e9a771b53a8f,gwsearch run
1743,1776175936.676924,fc2098317d43af66664f0f1337a49fcd8e945f0f8e21c87ed1f6e9a771b53a8f,gwsearch run
1744,1776176509.415741,fc2098317d43af66664f0f1337a49fcd8e945f0f8e21c87ed1f6e9a771b53a8f,gwsearch run
1745,1776177082.6732676,fc2098317d43af66664f0f1337a49fcd8e945f0f8e21c87ed1f6e9a771b53a8f,gwsearch run
1746,1776177653.6863196,fc2098317d43af66664f0f1337a49fcd8e945f0f8e21c87ed1f6e9a771b53a8f,gwsearch run
1747,1776178225.9131432,fc2098317d43af66664f0f1337a49fcd8e945f0f8e21c87ed1f6e9a771b53a8f,gwsearch run
1748,1776178798.182126,fc2098317d43af66664f0f1337a49fcd8e945f0f8e21c87ed1f6e9a771b53a8f,gwsearch run
1749,1776179368.9241402,fc2098317d43af66664f0f1337a49fcd8e945f0f8e21c87ed1f6e9a771b53a8f,gwsearch run
1750,1776179942.1622133,fc2098317d43af66664f0f1337a49fcd8e945f0f8e21c87ed1f6e9a771b53a8f,gwsearch run
1751,1776180514.9230423,fc2098317d43af66664f0f1337a49fcd8e945f0f8e21c87ed1f6e9a771b53a8f,gwsearch run
1752,1776181100.6905704,fc2098317d43af66664f0f1337a49fcd8e945f0f8e21c87ed1f6e9a771b53a8f,gwsearch run
1753,1776181671.9376597,fc2098317d43af66664f0f1337a49fcd8e945f0f8e21c87ed1f6e9a771b53a8f,gwsearch run
1754,1776182253.9224348,fc2098317d43af66664f0f1337a49fcd8e945f0f8e21c87ed1f6e9a771b53a8f,gwsearch run
1755,1776182824.6928675,fc2098317d43af66664f0f1337a49fcd8e945f0f8e21c87ed1f6e9a771b53a8f,gwsearch run
1756,1776183396.9309316,fc2098317d43af66664f0f1337a49fcd8e945f0f8e21c87ed1f6e9a771b53a8f,gwsearch run
1757,1776183966.9371977,fc2098317d43af66664f0f1337a49fcd8e945f0f8e21c87ed1f6e9a771b53a8f,gwsearch run
1758,1776184538.9375021,fc2098317d43af66664f0f1337a49fcd8e945f0f8e21c87ed1f6e9a771b53a8f,gwsearch run
1759,1776185119.9507532,fc2098317d43af66664f0f1337a49fcd8e945f0f8e21c87ed1f6e9a771b53a8f,gwsearch run
1760,1776185690.9589276,fc2098317d43af66664f0f1337a49fcd8e945f0f8e21c87ed1f6e9a771b53a8f,gwsearch run
1761,1776186262.1921442,fc2098317d43af66664f0f1337a49fcd8e945f0f8e21c87ed1f6e9a771b53a8f,gwsearch run
1762,1776186834.1815295,fc2098317d43af66664f0f1337a49fcd8e945f0f8e21c87ed1f6e9a771b53a8f,gwsearch run
1763,1776187405.1728156,fc2098317d43af66664f0f1337a49fcd8e945f0f8e21c87ed1f6e9a771b53a8f,gwsearch run
1764,1776187978.6682081,fc2098317d43af66664f0f1337a49fcd8e945f0f8e21c87ed1f6e9a771b53a8f,gwsearch run
1765,1776188557.1709125,fc2098317d43af66664f0f1337a49fcd8e945f0f8e21c87ed1f6e9a771b53a8f,gwsearch run
1766,1776189135.936717,fc2098317d43af66664f0f1337a49fcd8e945f0f8e21c87ed1f6e9a771b53a8f,gwsearch run
1767,1776189716.679747,fc2098317d43af66664f0f1337a49fcd8e945f0f8e21c87ed1f6e9a771b53a8f,gwsearch run
1768,1776190294.9431896,fc2098317d43af66664f0f1337a49fcd8e945f0f8e21c87ed1f6e9a771b53a8f,gwsearch run
1769,1776190873.9580016,fc2098317d43af66664f0f1337a49fcd8e945f0f8e21c87ed1f6e9a771b53a8f,gwsearch run
1770,1776191454.1606922,fc2098317d43af66664f0f1337a49fcd8e945f0f8e21c87ed1f6e9a771b53a8f,gwsearch run
1771,1776192034.464745,fc2098317d43af66664f0f1337a49fcd8e945f0f8e21c87ed1f6e9a771b53a8f,gwsearch run
1772,1776192624.4292464,fc2098317d43af66664f0f1337a49fcd8e945f0f8e21c87ed1f6e9a771b53a8f,gwsearch run
1773,1776193205.6960263,fc2098317d43af66664f0f1337a49fcd8e945f0f8e21c87ed1f6e9a771b53a8f,gwsearch run
1774,1776193784.4589114,fc2098317d43af66664f0f1337a49fcd8e945f0f8e21c87ed1f6e9a771b53a8f,gwsearch run
1775,1776194363.4013875,fc2098317d43af66664f0f1337a49fcd8e945f0f8e21c87ed1f6e9a771b53a8f,gwsearch run
1776,1776194946.2050507,fc2098317d43af66664f0f1337a49fcd8e945f0f8e21c87ed1f6e9a771b53a8f,gwsearch run
1777,1776195545.6872854,fc2098317d43af66664f0f1337a49fcd8e945f0f8e21c87ed1f6e9a771b53a8f,gwsearch run
1778,1776196170.9130466,fc2098317d43af66664f0f1337a49fcd8e945f0f8e21c87ed1f6e9a771b53a8f,gwsearch run
1779,1776196750.936367,fc2098317d43af66664f0f1337a49fcd8e945f0f8e21c87ed1f6e9a771b53a8f,gwsearch run
1780,1776197348.9245412,fc2098317d43af66664f0f1337a49fcd8e945f0f8e21c87ed1f6e9a771b53a8f,gwsearch run
1781,1776197928.6630363,fc2098317d43af66664f0f1337a49fcd8e945f0f8e21c87ed1f6e9a771b53a8f,gwsearch run
1782,1776198507.9432802,fc2098317d43af66664f0f1337a49fcd8e945f0f8e21c87ed1f6e9a771b53a8f,gwsearch run
1783,1776199088.1753874,fc2098317d43af66664f0f1337a49fcd8e945f0f8e21c87ed1f6e9a771b53a8f,gwsearch run
1784,1776199668.176433,fc2098317d43af66664f0f1337a49fcd8e945f0f8e21c87ed1f6e9a771b53a8f,gwsearch run
1785,1776200246.189967,fc2098317d43af66664f0f1337a49fcd8e945f0f8e21c87ed1f6e9a771b53a8f,gwsearch run
1786,1776200817.6880283,fc2098317d43af66664f0f1337a49fcd8e945f0f8e21c87ed1f6e9a771b53a8f,gwsearch run
1787,1776201387.6843874,fc2098317d43af66664f0f1337a49fcd8e945f0f8e21c87ed1f6e9a771b53a8f,gwsearch run
1788,1776201962.9510157,fc2098317d43af66664f0f1337a49fcd8e945f0f8e21c87ed1f6e9a771b53a8f,gwsearch run
1789,1776202535.4184477,fc2098317d43af66664f0f1337a49fcd8e945f0f8e21c87ed1f6e9a771b53a8f,gwsearch run
1790,1776203108.2008018,fc2098317d43af66664f0f1337a49fcd8e945f0f8e21c87ed1f6e9a771b53a8f,gwsearch run
1791,1776203680.6895292,fc2098317d43af66664f0f1337a49fcd8e945f0f8e21c87ed1f6e9a771b53a8f,gwsearch run
1792,1776204252.493146,fc2098317d43af66664f0f1337a49fcd8e945f0f8e21c87ed1f6e9a771b53a8f,gwsearch run
1793,1776204922.9370918,fc2098317d43af66664f0f1337a49fcd8e945f0f8e21c87ed1f6e9a771b53a8f,gwsearch run
1794,1776205497.1769526,fc2098317d43af66664f0f1337a49fcd8e945f0f8e21c87ed1f6e9a771b53a8f,gwsearch run
1795,1776206068.9002194,fc2098317d43af66664f0f1337a49fcd8e945f0f8e21c87ed1f6e9a771b53a8f,gwsearch run
1796,1776206640.4292839,fc2098317d43af66664f0f1337a49fcd8e945f0f8e21c87ed1f6e9a771b53a8f,gwsearch run
1797,1776207212.6890335,fc2098317d43af66664f0f1337a49fcd8e945f0f8e21c87ed1f6e9a771b53a8f,gwsearch run
1798,1776207784.4443097,fc2098317d43af66664f0f1337a49fcd8e945f0f8e21c87ed1f6e9a771b53a8f,gwsearch run
1799,1776208356.190094,fc2098317d43af66664f0f1337a49fcd8e945f0f8e21c87ed1f6e9a771b53a8f,gwsearch run
1800,1776208938.41081,fc2098317d43af66664f0f1337a49fcd8e945f0f8e21c87ed1f6e9a771b53a8f,gwsearch run
1801,1776209509.6894743,fc2098317d43af66664f0f1337a49fcd8e945f0f8e21c87ed1f6e9a771b53a8f,gwsearch run
1802,1776210082.1937995,fc2098317d43af66664f0f1337a49fcd8e945f0f8e21c87ed1f6e9a771b53a8f,gwsearch run
1803,1776210665.7033093,fc2098317d43af66664f0f1337a49fcd8e945f0f8e21c87ed1f6e9a771b53a8f,gwsearch run
1804,1776211238.4176188,fc2098317d43af66664f0f1337a49fcd8e945f0f8e21c87ed1f6e9a771b53a8f,gwsearch run
1805,1776211809.4375172,fc2098317d43af66664f0f1337a49fcd8e945f0f8e21c87ed1f6e9a771b53a8f,gwsearch run
1806,1776212380.6941943,fc2098317d43af66664f0f1337a49fcd8e945f0f8e21c87ed1f6e9a771b53a8f,gwsearch run
1807,1776212953.721082,fc2098317d43af66664f0f1337a49fcd8e945f0f8e21c87ed1f6e9a771b53a8f,gwsearch run
1808,1776213526.191956,fc2098317d43af66664f0f1337a49fcd8e945f0f8e21c87ed1f6e9a771b53a8f,gwsearch run
1809,1776214098.7142267,fc2098317d43af66664f0f1337a49fcd8e945f0f8e21c87ed1f6e9a771b53a8f,gwsearch run
1810,1776214671.4630995,fc2098317d43af66664f0f1337a49fcd8e945f0f8e21c87ed1f6e9a771b53a8f,gwsearch run
1811,1776215242.9122446,fc2098317d43af66664f0f1337a49fcd8e945f0f8e21c87ed1f6e9a771b53a8f,gwsearch run
1812,1776215814.9504094,fc2098317d43af66664f0f1337a49fcd8e945f0f8e21c87ed1f6e9a771b53a8f,gwsearch run
1813,1776216388.4614282,fc2098317d43af66664f0f1337a49fcd8e945f0f8e21c87ed1f6e9a771b53a8f,gwsearch run
1814,1776216959.4284601,fc2098317d43af66664f0f1337a49fcd8e945f0f8e21c87ed1f6e9a771b53a8f,gwsearch run
1815,1776217532.4256659,fc2098317d43af66664f0f1337a49fcd8e945f0f8e21c87ed1f6e9a771b53a8f,gwsearch run
1816,1776218103.4246914,fc2098317d43af66664f0f1337a49fcd8e945f0f8e21c87ed1f6e9a771b53a8f,gwsearch run
1817,1776218681.9315634,fc2098317d43af66664f0f1337a49fcd8e945f0f8e21c87ed1f6e9a771b53a8f,gwsearch run
1818,1776219250.931108,fc2098317d43af66664f0f1337a49fcd8e945f0f8e21c87ed1f6e9a771b53a8f,gwsearch run
1819,1776219824.6731343,fc2098317d43af66664f0f1337a49fcd8e945f0f8e21c87ed1f6e9a771b53a8f,gwsearch run
1820,1776220393.9289408,fc2098317d43af66664f0f1337a49fcd8e945f0f8e21c87ed1f6e9a771b53a8f,gwsearch run
1821,1776220966.926489,fc2098317d43af66664f0f1337a49fcd8e945f0f8e21c87ed1f6e9a771b53a8f,gwsearch run
1822,1776221537.4545252,fc2098317d43af66664f0f1337a49fcd8e945f0f8e21c87ed1f6e9a771b53a8f,gwsearch run
1823,1776222108.9277904,fc2098317d43af66664f0f1337a49fcd8e945f0f8e21c87ed1f6e9a771b53a8f,gwsearch run
1824,1776222680.1949098,fc2098317d43af66664f0f1337a49fcd8e945f0f8e21c87ed1f6e9a771b53a8f,gwsearch run
1825,1776223256.9295058,fc2098317d43af66664f0f1337a49fcd8e945f0f8e21c87ed1f6e9a771b53a8f,gwsearch run
1826,1776223829.9070866,fc2098317d43af66664f0f1337a49fcd8e945f0f8e21c87ed1f6e9a771b53a8f,gwsearch run
1827,1776224401.9222062,fc2098317d43af66664f0f1337a49fcd8e945f0f8e21c87ed1f6e9a771b53a8f,gwsearch run
1828,1776224974.433751,fc2098317d43af66664f0f1337a49fcd8e945f0f8e21c87ed1f6e9a771b53a8f,gwsearch run
1829,1776225546.1910682,fc2098317d43af66664f0f1337a49fcd8e945f0f8e21c87ed1f6e9a771b53a8f,gwsearch run
1830,1776226116.9329479,fc2098317d43af66664f0f1337a49fcd8e945f0f8e21c87ed1f6e9a771b53a8f,gwsearch run
1831,1776226690.659224,fc2098317d43af66664f0f1337a49fcd8e945f0f8e21c87ed1f6e9a771b53a8f,gwsearch run
1832,1776227264.4269705,fc2098317d43af66664f0f1337a49fcd8e945f0f8e21c87ed1f6e9a771b53a8f,gwsearch run
1833,1776227845.7344828,fc2098317d43af66664f0f1337a49fcd8e945f0f8e21c87ed1f6e9a771b53a8f,gwsearch run
1834,1776228418.6989672,fc2098317d43af66664f0f1337a49fcd8e945f0f8e21c87ed1f6e9a771b53a8f,gwsearch run
1835,1776228991.1619391,fc2098317d43af66664f0f1337a49fcd8e945f0f8e21c87ed1f6e9a771b53a8f,gwsearch run
1836,1776229561.9601974,fc2098317d43af66664f0f1337a49fcd8e945f0f8e21c87ed1f6e9a771b53a8f,gwsearch run
1837,1776230135.9346838,fc2098317d43af66664f0f1337a49fcd8e945f0f8e21c87ed1f6e9a771b53a8f,gwsearch run
1838,1776230708.4186935,fc2098317d43af66664f0f1337a49fcd8e945f0f8e21c87ed1f6e9a771b53a8f,gwsearch run
1839,1776231282.4496574,fc2098317d43af66664f0f1337a49fcd8e945f0f8e21c87ed1f6e9a771b53a8f,gwsearch run
1840,1776231854.1217885,fc2098317d43af66664f0f1337a49fcd8e945f0f8e21c87ed1f6e9a771b53a8f,gwsearch run
1841,1776232425.4076066,fc2098317d43af66664f0f1337a49fcd8e945f0f8e21c87ed1f6e9a771b53a8f,gwsearch run
1842,1776233000.925288,fc2098317d43af66664f0f1337a49fcd8e945f0f8e21c87ed1f6e9a771b53a8f,gwsearch run
1843,1776233571.941312,fc2098317d43af66664f0f1337a49fcd8e945f0f8e21c87ed1f6e9a771b53a8f,gwsearch run
1844,1776234144.6965325,fc2098317d43af66664f0f1337a49fcd8e945f0f8e21c87ed1f6e9a771b53a8f,gwsearch run
1845,1776234716.44976,fc2098317d43af66664f0f1337a49fcd8e945f0f8e21c87ed1f6e9a771b53a8f,gwsearch run
1846,1776235290.6832368,fc2098317d43af66664f0f1337a49fcd8e945f0f8e21c87ed1f6e9a771b53a8f,gwsearch run
1847,1776235861.422712,fc2098317d43af66664f0f1337a49fcd8e945f0f8e21c87ed1f6e9a771b53a8f,gwsearch run
1848,1776236431.1511579,fc2098317d43af66664f0f1337a49fcd8e945f0f8e21c87ed1f6e9a771b53a8f,gwsearch run
1849,1776237004.188424,fc2098317d43af66664f0f1337a49fcd8e945f0f8e21c87ed1f6e9a771b53a8f,gwsearch run
1850,1776237577.1977315,fc2098317d43af66664f0f1337a49fcd8e945f0f8e21c87ed1f6e9a771b53a8f,gwsearch run
1851,1776238148.449415,fc2098317d43af66664f0f1337a49fcd8e945f0f8e21c87ed1f6e9a771b53a8f,gwsearch run
1852,1776238721.431263,fc2098317d43af66664f0f1337a49fcd8e945f0f8e21c87ed1f6e9a771b53a8f,gwsearch run
1853,1776239292.2041185,fc2098317d43af66664f0f1337a49fcd8e945f0f8e21c87ed1f6e9a771b53a8f,gwsearch run
1854,1776239864.4206178,fc2098317d43af66664f0f1337a49fcd8e945f0f8e21c87ed1f6e9a771b53a8f,gwsearch run
1855,1776240440.1890624,fc2098317d43af66664f0f1337a49fcd8e945f0f8e21c87ed1f6e9a771b53a8f,gwsearch run
1856,1776241012.6570666,fc2098317d43af66664f0f1337a49fcd8e945f0f8e21c87ed1f6e9a771b53a8f,gwsearch run
1857,1776241584.9398346,fc2098317d43af66664f0f1337a49fcd8e945f0f8e21c87ed1f6e9a771b53a8f,gwsearch run
1858,1776242157.7150323,fc2098317d43af66664f0f1337a49fcd8e945f0f8e21c87ed1f6e9a771b53a8f,gwsearch run
1859,1776242728.4378347,fc2098317d43af66664f0f1337a49fcd8e945f0f8e21c87ed1f6e9a771b53a8f,gwsearch run
1860,1776243301.9452279,fc2098317d43af66664f0f1337a49fcd8e945f0f8e21c87ed1f6e9a771b53a8f,gwsearch run
1861,1776243873.1847236,fc2098317d43af66664f0f1337a49fcd8e945f0f8e21c87ed1f6e9a771b53a8f,gwsearch run
1862,1776244445.1870723,fc2098317d43af66664f0f1337a49fcd8e945f0f8e21c87ed1f6e9a771b53a8f,gwsearch run
1863,1776245021.9502308,fc2098317d43af66664f0f1337a49fcd8e945f0f8e21c87ed1f6e9a771b53a8f,gwsearch run
1864,1776245592.6970093,fc2098317d43af66664f0f1337a49fcd8e945f0f8e21c87ed1f6e9a771b53a8f,gwsearch run
1865,1776246163.9605815,fc2098317d43af66664f0f1337a49fcd8e945f0f8e21c87ed1f6e9a771b53a8f,gwsearch run
1866,1776246736.1748357,fc2098317d43af66664f0f1337a49fcd8e945f0f8e21c87ed1f6e9a771b53a8f,gwsearch run
1867,1776247305.9396853,fc2098317d43af66664f0f1337a49fcd8e945f0f8e21c87ed1f6e9a771b53a8f,gwsearch run
1868,1776247877.910197,fc2098317d43af66664f0f1337a49fcd8e945f0f8e21c87ed1f6e9a771b53a8f,gwsearch run
1869,1776248448.9348364,fc2098317d43af66664f0f1337a49fcd8e945f0f8e21c87ed1f6e9a771b53a8f,gwsearch run
1870,1776249019.4151762,fc2098317d43af66664f0f1337a49fcd8e945f0f8e21c87ed1f6e9a771b53a8f,gwsearch run
1871,1776249591.6873806,fc2098317d43af66664f0f1337a49fcd8e945f0f8e21c87ed1f6e9a771b53a8f,gwsearch run
1872,1776250163.5054693,fc2098317d43af66664f0f1337a49fcd8e945f0f8e21c87ed1f6e9a771b53a8f,gwsearch run
1873,1776250736.1900609,fc2098317d43af66664f0f1337a49fcd8e945f0f8e21c87ed1f6e9a771b53a8f,gwsearch run
1874,1776251308.4395144,fc2098317d43af66664f0f1337a49fcd8e945f0f8e21c87ed1f6e9a771b53a8f,gwsearch run
1875,1776251881.4154122,fc2098317d43af66664f0f1337a49fcd8e945f0f8e21c87ed1f6e9a771b53a8f,gwsearch run
1876,1776252453.7007217,fc2098317d43af66664f0f1337a49fcd8e945f0f8e21c87ed1f6e9a771b53a8f,gwsearch run
1877,1776253027.4217482,fc2098317d43af66664f0f1337a49fcd8e945f0f8e21c87ed1f6e9a771b53a8f,gwsearch run
1878,1776253599.4255528,fc2098317d43af66664f0f1337a49fcd8e945f0f8e21c87ed1f6e9a771b53a8f,gwsearch run
1879,1776254171.1873598,fc2098317d43af66664f0f1337a49fcd8e945f0f8e21c87ed1f6e9a771b53a8f,gwsearch run
1880,1776254744.2007241,fc2098317d43af66664f0f1337a49fcd8e945f0f8e21c87ed1f6e9a771b53a8f,gwsearch run
1881,1776255317.192587,fc2098317d43af66664f0f1337a49fcd8e945f0f8e21c87ed1f6e9a771b53a8f,gwsearch run
1882,1776255889.692826,fc2098317d43af66664f0f1337a49fcd8e945f0f8e21c87ed1f6e9a771b53a8f,gwsearch run
1883,1776256459.442544,fc2098317d43af66664f0f1337a49fcd8e945f0f8e21c87ed1f6e9a771b53a8f,gwsearch run
1884,1776257032.6786227,fc2098317d43af66664f0f1337a49fcd8e945f0f8e21c87ed1f6e9a771b53a8f,gwsearch run
1885,1776257605.194995,fc2098317d43af66664f0f1337a49fcd8e945f0f8e21c87ed1f6e9a771b53a8f,gwsearch run
1886,1776258178.2063503,fc2098317d43af66664f0f1337a49fcd8e945f0f8e21c87ed1f6e9a771b53a8f,gwsearch run
1887,1776258751.4380085,fc2098317d43af66664f0f1337a49fcd8e945f0f8e21c87ed1f6e9a771b53a8f,gwsearch run
1888,1776259323.6816313,fc2098317d43af66664f0f1337a49fcd8e945f0f8e21c87ed1f6e9a771b53a8f,gwsearch run
1889,1776259901.6759834,fc2098317d43af66664f0f1337a49fcd8e945f0f8e21c87ed1f6e9a771b53a8f,gwsearch run
1890,1776260475.204743,fc2098317d43af66664f0f1337a49fcd8e945f0f8e21c87ed1f6e9a771b53a8f,gwsearch run
1891,1776261047.169887,fc2098317d43af66664f0f1337a49fcd8e945f0f8e21c87ed1f6e9a771b53a8f,gwsearch run
1892,1776261622.1749418,fc2098317d43af66664f0f1337a49fcd8e945f0f8e21c87ed1f6e9a771b53a8f,gwsearch run
1893,1776262195.6926153,fc2098317d43af66664f0f1337a49fcd8e945f0f8e21c87ed1f6e9a771b53a8f,gwsearch run
1894,1776262781.6625214,fc2098317d43af66664f0f1337a49fcd8e945f0f8e21c87ed1f6e9a771b53a8f,gwsearch run
1895,1776263353.9345267,fc2098317d43af66664f0f1337a49fcd8e945f0f8e21c87ed1f6e9a771b53a8f,gwsearch run
1896,1776263926.9280689,fc2098317d43af66664f0f1337a49fcd8e945f0f8e21c87ed1f6e9a771b53a8f,gwsearch run
1897,1776264498.6970997,fc2098317d43af66664f0f1337a49fcd8e945f0f8e21c87ed1f6e9a771b53a8f,gwsearch run
1898,1776265072.4508917,fc2098317d43af66664f0f1337a49fcd8e945f0f8e21c87ed1f6e9a771b53a8f,gwsearch run
1899,1776265645.4385147,fc2098317d43af66664f0f1337a49fcd8e945f0f8e21c87ed1f6e9a771b53a8f,gwsearch run
1900,1776266218.1771867,fc2098317d43af66664f0f1337a49fcd8e945f0f8e21c87ed1f6e9a771b53a8f,gwsearch run
1901,1776266790.9649549,fc2098317d43af66664f0f1337a49fcd8e945f0f8e21c87ed1f6e9a771b53a8f,gwsearch run
1902,1776267380.656864,fc2098317d43af66664f0f1337a49fcd8e945f0f8e21c87ed1f6e9a771b53a8f,gwsearch run
1903,1776267952.6692297,fc2098317d43af66664f0f1337a49fcd8e945f0f8e21c87ed1f6e9a771b53a8f,gwsearch run
1904,1776268523.1734564,fc2098317d43af66664f0f1337a49fcd8e945f0f8e21c87ed1f6e9a771b53a8f,gwsearch run
1905,1776269096.6954014,fc2098317d43af66664f0f1337a49fcd8e945f0f8e21c87ed1f6e9a771b53a8f,gwsearch run
1906,1776269668.4403265,fc2098317d43af66664f0f1337a49fcd8e945f0f8e21c87ed1f6e9a771b53a8f,gwsearch run
1907,1776270249.6925244,fc2098317d43af66664f0f1337a49fcd8e945f0f8e21c87ed1f6e9a771b53a8f,gwsearch run
1908,1776270821.1954997,fc2098317d43af66664f0f1337a49fcd8e945f0f8e21c87ed1f6e9a771b53a8f,gwsearch run
1909,1776271391.9397187,fc2098317d43af66664f0f1337a49fcd8e945f0f8e21c87ed1f6e9a771b53a8f,gwsearch run
1910,1776271963.9436145,fc2098317d43af66664f0f1337a49fcd8e945f0f8e21c87ed1f6e9a771b53a8f,gwsearch run
1911,1776272541.9330707,fc2098317d43af66664f0f1337a49fcd8e945f0f8e21c87ed1f6e9a771b53a8f,gwsearch run
1912,1776273114.5545273,fc2098317d43af66664f0f1337a49fcd8e945f0f8e21c87ed1f6e9a771b53a8f,gwsearch run
1913,1776273685.941312,fc2098317d43af66664f0f1337a49fcd8e945f0f8e21c87ed1f6e9a771b53a8f,gwsearch run
1914,1776274257.431512,fc2098317d43af66664f0f1337a49fcd8e945f0f8e21c87ed1f6e9a771b53a8f,gwsearch run
1915,1776274830.4602227,fc2098317d43af66664f0f1337a49fcd8e945f0f8e21c87ed1f6e9a771b53a8f,gwsearch run
1916,1776275403.432344,fc2098317d43af66664f0f1337a49fcd8e945f0f8e21c87ed1f6e9a771b53a8f,gwsearch run
1917,1776275974.6818607,fc2098317d43af66664f0f1337a49fcd8e945f0f8e21c87ed1f6e9a771b53a8f,gwsearch run
1918,1776276545.4048967,fc2098317d43af66664f0f1337a49fcd8e945f0f8e21c87ed1f6e9a771b53a8f,gwsearch run
1919,1776277119.4425478,fc2098317d43af66664f0f1337a49fcd8e945f0f8e21c87ed1f6e9a771b53a8f,gwsearch run
1920,1776277692.6694024,fc2098317d43af66664f0f1337a49fcd8e945f0f8e21c87ed1f6e9a771b53a8f,gwsearch run
1921,1776278265.676781,fc2098317d43af66664f0f1337a49fcd8e945f0f8e21c87ed1f6e9a771b53a8f,gwsearch run
1922,1776278838.703351,fc2098317d43af66664f0f1337a49fcd8e945f0f8e21c87ed1f6e9a771b53a8f,gwsearch run
1923,1776279415.1752899,fc2098317d43af66664f0f1337a49fcd8e945f0f8e21c87ed1f6e9a771b53a8f,gwsearch run
1924,1776279989.1644244,fc2098317d43af66664f0f1337a49fcd8e945f0f8e21c87ed1f6e9a771b53a8f,gwsearch run
1925,1776280571.6512492,fc2098317d43af66664f0f1337a49fcd8e945f0f8e21c87ed1f6e9a771b53a8f,gwsearch run
1926,1776281143.4350908,fc2098317d43af66664f0f1337a49fcd8e945f0f8e21c87ed1f6e9a771b53a8f,gwsearch run
1927,1776281717.9200714,fc2098317d43af66664f0f1337a49fcd8e945f0f8e21c87ed1f6e9a771b53a8f,gwsearch run
1928,1776282290.1573513,fc2098317d43af66664f0f1337a49fcd8e945f0f8e21c87ed1f6e9a771b53a8f,gwsearch run
1929,1776282863.455779,fc2098317d43af66664f0f1337a49fcd8e945f0f8e21c87ed1f6e9a771b53a8f,gwsearch run
1930,1776283436.1740382,fc2098317d43af66664f0f1337a49fcd8e945f0f8e21c87ed1f6e9a771b53a8f,gwsearch run
1931,1776284008.6890595,fc2098317d43af66664f0f1337a49fcd8e945f0f8e21c87ed1f6e9a771b53a8f,gwsearch run
1932,1776284581.9455898,fc2098317d43af66664f0f1337a49fcd8e945f0f8e21c87ed1f6e9a771b53a8f,gwsearch run
1933,1776285154.6719093,fc2098317d43af66664f0f1337a49fcd8e945f0f8e21c87ed1f6e9a771b53a8f,gwsearch run
1934,1776285738.1826751,fc2098317d43af66664f0f1337a49fcd8e945f0f8e21c87ed1f6e9a771b53a8f,gwsearch run
1935,1776286312.431403,fc2098317d43af66664f0f1337a49fcd8e945f0f8e21c87ed1f6e9a771b53a8f,gwsearch run
1936,1776286884.6747868,fc2098317d43af66664f0f1337a49fcd8e945f0f8e21c87ed1f6e9a771b53a8f,gwsearch run
1937,1776287455.1769695,fc2098317d43af66664f0f1337a49fcd8e945f0f8e21c87ed1f6e9a771b53a8f,gwsearch run
1938,1776288029.9448109,fc2098317d43af66664f0f1337a49fcd8e945f0f8e21c87ed1f6e9a771b53a8f,gwsearch run
1939,1776288602.4340932,fc2098317d43af66664f0f1337a49fcd8e945f0f8e21c87ed1f6e9a771b53a8f,gwsearch run
1940,1776289175.6758568,fc2098317d43af66664f0f1337a49fcd8e945f0f8e21c87ed1f6e9a771b53a8f,gwsearch run
1941,1776289755.1736236,fc2098317d43af66664f0f1337a49fcd8e945f0f8e21c87ed1f6e9a771b53a8f,gwsearch run
1942,1776290328.4340215,fc2098317d43af66664f0f1337a49fcd8e945f0f8e21c87ed1f6e9a771b53a8f,gwsearch run
1943,1776290902.196934,fc2098317d43af66664f0f1337a49fcd8e945f0f8e21c87ed1f6e9a771b53a8f,gwsearch run
1944,1776291474.6997287,fc2098317d43af66664f0f1337a49fcd8e945f0f8e21c87ed1f6e9a771b53a8f,gwsearch run
1945,1776292049.687697,fc2098317d43af66664f0f1337a49fcd8e945f0f8e21c87ed1f6e9a771b53a8f,gwsearch run
1946,1776292623.421935,fc2098317d43af66664f0f1337a49fcd8e945f0f8e21c87ed1f6e9a771b53a8f,gwsearch run
1947,1776293196.6951544,fc2098317d43af66664f0f1337a49fcd8e945f0f8e21c87ed1f6e9a771b53a8f,gwsearch run
1948,1776293768.1863987,fc2098317d43af66664f0f1337a49fcd8e945f0f8e21c87ed1f6e9a771b53a8f,gwsearch run
1949,1776294341.1875806,fc2098317d43af66664f0f1337a49fcd8e945f0f8e21c87ed1f6e9a771b53a8f,gwsearch run
1950,1776294913.1976624,fc2098317d43af66664f0f1337a49fcd8e945f0f8e21c87ed1f6e9a771b53a8f,gwsearch run
1951,1776295484.9400058,fc2098317d43af66664f0f1337a49fcd8e945f0f8e21c87ed1f6e9a771b53a8f,gwsearch run
1952,1776296058.9451911,fc2098317d43af66664f0f1337a49fcd8e945f0f8e21c87ed1f6e9a771b53a8f,gwsearch run
1953,1776296631.9277909,fc2098317d43af66664f0f1337a49fcd8e945f0f8e21c87ed1f6e9a771b53a8f,gwsearch run
1954,1776297205.1769984,fc2098317d43af66664f0f1337a49fcd8e945f0f8e21c87ed1f6e9a771b53a8f,gwsearch run
1955,1776297776.4373143,fc2098317d43af66664f0f1337a49fcd8e945f0f8e21c87ed1f6e9a771b53a8f,gwsearch run
1956,1776298439.9197605,fc2098317d43af66664f0f1337a49fcd8e945f0f8e21c87ed1f6e9a771b53a8f,gwsearch run
1957,1776299106.180729,fc2098317d43af66664f0f1337a49fcd8e945f0f8e21c87ed1f6e9a771b53a8f,gwsearch run
1958,1776299678.4454436,fc2098317d43af66664f0f1337a49fcd8e945f0f8e21c87ed1f6e9a771b53a8f,gwsearch run
1959,1776300249.6596274,fc2098317d43af66664f0f1337a49fcd8e945f0f8e21c87ed1f6e9a771b53a8f,gwsearch run
1960,1776300823.6853557,fc2098317d43af66664f0f1337a49fcd8e945f0f8e21c87ed1f6e9a771b53a8f,gwsearch run
1961,1776301396.4529161,fc2098317d43af66664f0f1337a49fcd8e945f0f8e21c87ed1f6e9a771b53a8f,gwsearch run
1962,1776301968.6880753,fc2098317d43af66664f0f1337a49fcd8e945f0f8e21c87ed1f6e9a771b53a8f,gwsearch run
1963,1776302541.7055278,fc2098317d43af66664f0f1337a49fcd8e945f0f8e21c87ed1f6e9a771b53a8f,gwsearch run
1964,1776303114.1941516,fc2098317d43af66664f0f1337a49fcd8e945f0f8e21c87ed1f6e9a771b53a8f,gwsearch run
1965,1776303684.4175823,fc2098317d43af66664f0f1337a49fcd8e945f0f8e21c87ed1f6e9a771b53a8f,gwsearch run
1966,1776304255.4278848,fc2098317d43af66664f0f1337a49fcd8e945f0f8e21c87ed1f6e9a771b53a8f,gwsearch run
1967,1776304827.1876109,fc2098317d43af66664f0f1337a49fcd8e945f0f8e21c87ed1f6e9a771b53a8f,gwsearch run
1968,1776305409.4540513,fc2098317d43af66664f0f1337a49fcd8e945f0f8e21c87ed1f6e9a771b53a8f,gwsearch run
1969,1776305981.1846359,fc2098317d43af66664f0f1337a49fcd8e945f0f8e21c87ed1f6e9a771b53a8f,gwsearch run
1970,1776306554.4591105,fc2098317d43af66664f0f1337a49fcd8e945f0f8e21c87ed1f6e9a771b53a8f,gwsearch run
1971,1776307128.6667347,fc2098317d43af66664f0f1337a49fcd8e945f0f8e21c87ed1f6e9a771b53a8f,gwsearch run
1972,1776307701.1918683,fc2098317d43af66664f0f1337a49fcd8e945f0f8e21c87ed1f6e9a771b53a8f,gwsearch run
1973,1776308273.1664996,fc2098317d43af66664f0f1337a49fcd8e945f0f8e21c87ed1f6e9a771b53a8f,gwsearch run
1974,1776308846.1623926,fc2098317d43af66664f0f1337a49fcd8e945f0f8e21c87ed1f6e9a771b53a8f,gwsearch run
1975,1776309416.6892202,fc2098317d43af66664f0f1337a49fcd8e945f0f8e21c87ed1f6e9a771b53a8f,gwsearch run
1976,1776309990.7231393,fc2098317d43af66664f0f1337a49fcd8e945f0f8e21c87ed1f6e9a771b53a8f,gwsearch run
1977,1776310564.68291,fc2098317d43af66664f0f1337a49fcd8e945f0f8e21c87ed1f6e9a771b53a8f,gwsearch run
1978,1776311137.1864932,fc2098317d43af66664f0f1337a49fcd8e945f0f8e21c87ed1f6e9a771b53a8f,gwsearch run
1979,1776311710.4222884,fc2098317d43af66664f0f1337a49fcd8e945f0f8e21c87ed1f6e9a771b53a8f,gwsearch run
1980,1776312281.6274586,fc2098317d43af66664f0f1337a49fcd8e945f0f8e21c87ed1f6e9a771b53a8f,gwsearch run
1981,1776312854.9096029,fc2098317d43af66664f0f1337a49fcd8e945f0f8e21c87ed1f6e9a771b53a8f,gwsearch run
1982,1776313427.179259,fc2098317d43af66664f0f1337a49fcd8e945f0f8e21c87ed1f6e9a771b53a8f,gwsearch run
1983,1776313999.6770937,fc2098317d43af66664f0f1337a49fcd8e945f0f8e21c87ed1f6e9a771b53a8f,gwsearch run
1984,1776314572.1814487,fc2098317d43af66664f0f1337a49fcd8e945f0f8e21c87ed1f6e9a771b53a8f,gwsearch run
1985,1776315145.6597574,fc2098317d43af66664f0f1337a49fcd8e945f0f8e21c87ed1f6e9a771b53a8f,gwsearch run
1986,1776315718.932221,fc2098317d43af66664f0f1337a49fcd8e945f0f8e21c87ed1f6e9a771b53a8f,gwsearch run
1987,1776316292.441259,fc2098317d43af66664f0f1337a49fcd8e945f0f8e21c87ed1f6e9a771b53a8f,gwsearch run
1988,1776316864.6867437,fc2098317d43af66664f0f1337a49fcd8e945f0f8e21c87ed1f6e9a771b53a8f,gwsearch run
1989,1776317438.1662152,fc2098317d43af66664f0f1337a49fcd8e945f0f8e21c87ed1f6e9a771b53a8f,gwsearch run
1990,1776318009.9277508,fc2098317d43af66664f0f1337a49fcd8e945f0f8e21c87ed1f6e9a771b53a8f,gwsearch run
1991,1776318583.6781232,fc2098317d43af66664f0f1337a49fcd8e945f0f8e21c87ed1f6e9a771b53a8f,gwsearch run
1992,1776319155.949265,fc2098317d43af66664f0f1337a49fcd8e945f0f8e21c87ed1f6e9a771b53a8f,gwsearch run
1993,1776319727.4319227,fc2098317d43af66664f0f1337a49fcd8e945f0f8e21c87ed1f6e9a771b53a8f,gwsearch run
1994,1776320300.4451985,fc2098317d43af66664f0f1337a49fcd8e945f0f8e21c87ed1f6e9a771b53a8f,gwsearch run
1995,1776320875.4266832,fc2098317d43af66664f0f1337a49fcd8e945f0f8e21c87ed1f6e9a771b53a8f,gwsearch run
1996,1776321450.693932,fc2098317d43af66664f0f1337a49fcd8e945f0f8e21c87ed1f6e9a771b53a8f,gwsearch run
1997,1776322023.1861713,fc2098317d43af66664f0f1337a49fcd8e945f0f8e21c87ed1f6e9a771b53a8f,gwsearch run
1998,1776322594.4090693,fc2098317d43af66664f0f1337a49fcd8e945f0f8e21c87ed1f6e9a771b53a8f,gwsearch run
1999,1776323168.1607924,fc2098317d43af66664f0f1337a49fcd8e945f0f8e21c87ed1f6e9a771b53a8f,gwsearch run
2000,1776323740.414951,fc2098317d43af66664f0f1337a49fcd8e945f0f8e21c87ed1f6e9a771b53a8f,gwsearch run
2001,1776324315.9398034,fc2098317d43af66664f0f1337a49fcd8e945f0f8e21c87ed1f6e9a771b53a8f,gwsearch run
2002,1776324888.903695,fc2098317d43af66664f0f1337a49fcd8e945f0f8e21c87ed1f6e9a771b53a8f,gwsearch run
2003,1776325463.6877947,fc2098317d43af66664f0f1337a49fcd8e945f0f8e21c87ed1f6e9a771b53a8f,gwsearch run
2004,1776326036.9455569,fc2098317d43af66664f0f1337a49fcd8e945f0f8e21c87ed1f6e9a771b53a8f,gwsearch run
2005,1776326608.4439213,fc2098317d43af66664f0f1337a49fcd8e945f0f8e21c87ed1f6e9a771b53a8f,gwsearch run
2006,1776327181.4466026,fc2098317d43af66664f0f1337a49fcd8e945f0f8e21c87ed1f6e9a771b53a8f,gwsearch run
2007,1776327754.200599,fc2098317d43af66664f0f1337a49fcd8e945f0f8e21c87ed1f6e9a771b53a8f,gwsearch run
2008,1776328327.2012224,fc2098317d43af66664f0f1337a49fcd8e945f0f8e21c87ed1f6e9a771b53a8f,gwsearch run
2009,1776328902.4051127,fc2098317d43af66664f0f1337a49fcd8e945f0f8e21c87ed1f6e9a771b53a8f,gwsearch run
2010,1776329475.1628408,fc2098317d43af66664f0f1337a49fcd8e945f0f8e21c87ed1f6e9a771b53a8f,gwsearch run
2011,1776330051.9102256,fc2098317d43af66664f0f1337a49fcd8e945f0f8e21c87ed1f6e9a771b53a8f,gwsearch run
2012,1776330624.6775582,fc2098317d43af66664f0f1337a49fcd8e945f0f8e21c87ed1f6e9a771b53a8f,gwsearch run
2013,1776331198.415038,fc2098317d43af66664f0f1337a49fcd8e945f0f8e21c87ed1f6e9a771b53a8f,gwsearch run
2014,1776331770.4288325,fc2098317d43af66664f0f1337a49fcd8e945f0f8e21c87ed1f6e9a771b53a8f,gwsearch run
2015,1776332344.6863456,fc2098317d43af66664f0f1337a49fcd8e945f0f8e21c87ed1f6e9a771b53a8f,gwsearch run
2016,1776332917.904816,fc2098317d43af66664f0f1337a49fcd8e945f0f8e21c87ed1f6e9a771b53a8f,gwsearch run
2017,1776333491.6530411,fc2098317d43af66664f0f1337a49fcd8e945f0f8e21c87ed1f6e9a771b53a8f,gwsearch run
2018,1776334067.6815932,fc2098317d43af66664f0f1337a49fcd8e945f0f8e21c87ed1f6e9a771b53a8f,gwsearch run
2019,1776334641.6657794,fc2098317d43af66664f0f1337a49fcd8e945f0f8e21c87ed1f6e9a771b53a8f,gwsearch run
2020,1776335214.6743484,fc2098317d43af66664f0f1337a49fcd8e945f0f8e21c87ed1f6e9a771b53a8f,gwsearch run
2021,1776335787.4261978,fc2098317d43af66664f0f1337a49fcd8e945f0f8e21c87ed1f6e9a771b53a8f,gwsearch run
2022,1776336359.184747,fc2098317d43af66664f0f1337a49fcd8e945f0f8e21c87ed1f6e9a771b53a8f,gwsearch run
2023,1776336932.193638,fc2098317d43af66664f0f1337a49fcd8e945f0f8e21c87ed1f6e9a771b53a8f,gwsearch run
2024,1776337516.4193819,fc2098317d43af66664f0f1337a49fcd8e945f0f8e21c87ed1f6e9a771b53a8f,gwsearch run
2025,1776338089.418766,fc2098317d43af66664f0f1337a49fcd8e945f0f8e21c87ed1f6e9a771b53a8f,gwsearch run
2026,1776338663.4137616,fc2098317d43af66664f0f1337a49fcd8e945f0f8e21c87ed1f6e9a771b53a8f,gwsearch run
2027,1776339237.909291,fc2098317d43af66664f0f1337a49fcd8e945f0f8e21c87ed1f6e9a771b53a8f,gwsearch run
2028,1776339809.9141023,fc2098317d43af66664f0f1337a49fcd8e945f0f8e21c87ed1f6e9a771b53a8f,gwsearch run
2029,1776340384.4116359,fc2098317d43af66664f0f1337a49fcd8e945f0f8e21c87ed1f6e9a771b53a8f,gwsearch run
2030,1776340957.1680307,fc2098317d43af66664f0f1337a49fcd8e945f0f8e21c87ed1f6e9a771b53a8f,gwsearch run
2031,1776341531.1770022,fc2098317d43af66664f0f1337a49fcd8e945f0f8e21c87ed1f6e9a771b53a8f,gwsearch run
2032,1776342104.4319122,fc2098317d43af66664f0f1337a49fcd8e945f0f8e21c87ed1f6e9a771b53a8f,gwsearch run
2033,1776342678.6674979,fc2098317d43af66664f0f1337a49fcd8e945f0f8e21c87ed1f6e9a771b53a8f,gwsearch run
2034,1776343249.6745918,fc2098317d43af66664f0f1337a49fcd8e945f0f8e21c87ed1f6e9a771b53a8f,gwsearch run
2035,1776343821.6793668,fc2098317d43af66664f0f1337a49fcd8e945f0f8e21c87ed1f6e9a771b53a8f,gwsearch run
2036,1776344396.1492162,fc2098317d43af66664f0f1337a49fcd8e945f0f8e21c87ed1f6e9a771b53a8f,gwsearch run
2037,1776344967.9250658,fc2098317d43af66664f0f1337a49fcd8e945f0f8e21c87ed1f6e9a771b53a8f,gwsearch run
2038,1776345540.9105797,fc2098317d43af66664f0f1337a49fcd8e945f0f8e21c87ed1f6e9a771b53a8f,gwsearch run
2039,1776346114.4075866,fc2098317d43af66664f0f1337a49fcd8e945f0f8e21c87ed1f6e9a771b53a8f,gwsearch run
2040,1776346686.185697,fc2098317d43af66664f0f1337a49fcd8e945f0f8e21c87ed1f6e9a771b53a8f,gwsearch run
2041,1776347259.238081,fc2098317d43af66664f0f1337a49fcd8e945f0f8e21c87ed1f6e9a771b53a8f,gwsearch run
2042,1776347834.4004607,fc2098317d43af66664f0f1337a49fcd8e945f0f8e21c87ed1f6e9a771b53a8f,gwsearch run
2043,1776348405.6655188,fc2098317d43af66664f0f1337a49fcd8e945f0f8e21c87ed1f6e9a771b53a8f,gwsearch run
2044,1776348978.4269419,fc2098317d43af66664f0f1337a49fcd8e945f0f8e21c87ed1f6e9a771b53a8f,gwsearch run
2045,1776349550.656818,fc2098317d43af66664f0f1337a49fcd8e945f0f8e21c87ed1f6e9a771b53a8f,gwsearch run
2046,1776350123.6743784,fc2098317d43af66664f0f1337a49fcd8e945f0f8e21c87ed1f6e9a771b53a8f,gwsearch run
2047,1776350722.6748903,fc2098317d43af66664f0f1337a49fcd8e945f0f8e21c87ed1f6e9a771b53a8f,gwsearch run
2048,1776351296.1590068,fc2098317d43af66664f0f1337a49fcd8e945f0f8e21c87ed1f6e9a771b53a8f,gwsearch run
2049,1776351870.4151375,fc2098317d43af66664f0f1337a49fcd8e945f0f8e21c87ed1f6e9a771b53a8f,gwsearch run
2050,1776352442.4423742,fc2098317d43af66664f0f1337a49fcd8e945f0f8e21c87ed1f6e9a771b53a8f,gwsearch run
2051,1776353015.1690412,fc2098317d43af66664f0f1337a49fcd8e945f0f8e21c87ed1f6e9a771b53a8f,gwsearch run
2052,1776353588.9121714,fc2098317d43af66664f0f1337a49fcd8e945f0f8e21c87ed1f6e9a771b53a8f,gwsearch run
2053,1776354160.9136386,fc2098317d43af66664f0f1337a49fcd8e945f0f8e21c87ed1f6e9a771b53a8f,gwsearch run
2054,1776354734.6346521,fc2098317d43af66664f0f1337a49fcd8e945f0f8e21c87ed1f6e9a771b53a8f,gwsearch run
2055,1776355308.671008,fc2098317d43af66664f0f1337a49fcd8e945f0f8e21c87ed1f6e9a771b53a8f,gwsearch run
2056,1776355884.156873,fc2098317d43af66664f0f1337a49fcd8e945f0f8e21c87ed1f6e9a771b53a8f,gwsearch run
2057,1776356457.9175997,fc2098317d43af66664f0f1337a49fcd8e945f0f8e21c87ed1f6e9a771b53a8f,gwsearch run
2058,1776357031.140604,fc2098317d43af66664f0f1337a49fcd8e945f0f8e21c87ed1f6e9a771b53a8f,gwsearch run
2059,1776357603.6982937,fc2098317d43af66664f0f1337a49fcd8e945f0f8e21c87ed1f6e9a771b53a8f,gwsearch run
2060,1776358187.4275625,fc2098317d43af66664f0f1337a49fcd8e945f0f8e21c87ed1f6e9a771b53a8f,gwsearch run
2061,1776358761.1402495,fc2098317d43af66664f0f1337a49fcd8e945f0f8e21c87ed1f6e9a771b53a8f,gwsearch run
2062,1776359333.383217,fc2098317d43af66664f0f1337a49fcd8e945f0f8e21c87ed1f6e9a771b53a8f,gwsearch run
2063,1776359906.4176962,fc2098317d43af66664f0f1337a49fcd8e945f0f8e21c87ed1f6e9a771b53a8f,gwsearch run
2064,1776360479.4320555,fc2098317d43af66664f0f1337a49fcd8e945f0f8e21c87ed1f6e9a771b53a8f,gwsearch run
2065,1776361052.403005,fc2098317d43af66664f0f1337a49fcd8e945f0f8e21c87ed1f6e9a771b53a8f,gwsearch run
2066,1776361624.4673562,fc2098317d43af66664f0f1337a49fcd8e945f0f8e21c87ed1f6e9a771b53a8f,gwsearch run
2067,1776362206.4128978,fc2098317d43af66664f0f1337a49fcd8e945f0f8e21c87ed1f6e9a771b53a8f,gwsearch run
2068,1776362779.9395049,fc2098317d43af66664f0f1337a49fcd8e945f0f8e21c87ed1f6e9a771b53a8f,gwsearch run
2069,1776363352.9228332,fc2098317d43af66664f0f1337a49fcd8e945f0f8e21c87ed1f6e9a771b53a8f,gwsearch run
2070,1776363927.421311,fc2098317d43af66664f0f1337a49fcd8e945f0f8e21c87ed1f6e9a771b53a8f,gwsearch run
2071,1776364499.6726809,fc2098317d43af66664f0f1337a49fcd8e945f0f8e21c87ed1f6e9a771b53a8f,gwsearch run
2072,1776365074.1736,fc2098317d43af66664f0f1337a49fcd8e945f0f8e21c87ed1f6e9a771b53a8f,gwsearch run
2073,1776365654.9184365,fc2098317d43af66664f0f1337a49fcd8e945f0f8e21c87ed1f6e9a771b53a8f,gwsearch run
2074,1776366229.4232101,fc2098317d43af66664f0f1337a49fcd8e945f0f8e21c87ed1f6e9a771b53a8f,gwsearch run
2075,1776366801.4264927,fc2098317d43af66664f0f1337a49fcd8e945f0f8e21c87ed1f6e9a771b53a8f,gwsearch run
2076,1776367375.9122598,fc2098317d43af66664f0f1337a49fcd8e945f0f8e21c87ed1f6e9a771b53a8f,gwsearch run
2077,1776367949.1530204,fc2098317d43af66664f0f1337a49fcd8e945f0f8e21c87ed1f6e9a771b53a8f,gwsearch run
2078,1776368522.4085143,fc2098317d43af66664f0f1337a49fcd8e945f0f8e21c87ed1f6e9a771b53a8f,gwsearch run
2079,1776369095.4104228,fc2098317d43af66664f0f1337a49fcd8e945f0f8e21c87ed1f6e9a771b53a8f,gwsearch run
2080,1776369667.3974612,fc2098317d43af66664f0f1337a49fcd8e945f0f8e21c87ed1f6e9a771b53a8f,gwsearch run
2081,1776370239.8981388,fc2098317d43af66664f0f1337a49fcd8e945f0f8e21c87ed1f6e9a771b53a8f,gwsearch run
2082,1776370815.1673534,fc2098317d43af66664f0f1337a49fcd8e945f0f8e21c87ed1f6e9a771b53a8f,gwsearch run
2083,1776371388.914328,fc2098317d43af66664f0f1337a49fcd8e945f0f8e21c87ed1f6e9a771b53a8f,gwsearch run
2084,1776371961.1576421,fc2098317d43af66664f0f1337a49fcd8e945f0f8e21c87ed1f6e9a771b53a8f,gwsearch run
2085,1776372536.1801941,fc2098317d43af66664f0f1337a49fcd8e945f0f8e21c87ed1f6e9a771b53a8f,gwsearch run
2086,1776373107.906807,fc2098317d43af66664f0f1337a49fcd8e945f0f8e21c87ed1f6e9a771b53a8f,gwsearch run
2087,1776373679.9180062,fc2098317d43af66664f0f1337a49fcd8e945f0f8e21c87ed1f6e9a771b53a8f,gwsearch run
2088,1776374254.16722,fc2098317d43af66664f0f1337a49fcd8e945f0f8e21c87ed1f6e9a771b53a8f,gwsearch run
2089,1776374827.4115796,fc2098317d43af66664f0f1337a49fcd8e945f0f8e21c87ed1f6e9a771b53a8f,gwsearch run
2090,1776375400.925465,fc2098317d43af66664f0f1337a49fcd8e945f0f8e21c87ed1f6e9a771b53a8f,gwsearch run
2091,1776375976.1643689,fc2098317d43af66664f0f1337a49fcd8e945f0f8e21c87ed1f6e9a771b53a8f,gwsearch run
2092,1776376549.940755,fc2098317d43af66664f0f1337a49fcd8e945f0f8e21c87ed1f6e9a771b53a8f,gwsearch run
2093,1776377121.4309394,fc2098317d43af66664f0f1337a49fcd8e945f0f8e21c87ed1f6e9a771b53a8f,gwsearch run
2094,1776377705.4174104,fc2098317d43af66664f0f1337a49fcd8e945f0f8e21c87ed1f6e9a771b53a8f,gwsearch run
2095,1776378280.1943238,fc2098317d43af66664f0f1337a49fcd8e945f0f8e21c87ed1f6e9a771b53a8f,gwsearch run
2096,1776378854.1842318,fc2098317d43af66664f0f1337a49fcd8e945f0f8e21c87ed1f6e9a771b53a8f,gwsearch run
2097,1776379426.4313397,fc2098317d43af66664f0f1337a49fcd8e945f0f8e21c87ed1f6e9a771b53a8f,gwsearch run
2098,1776380000.165917,fc2098317d43af66664f0f1337a49fcd8e945f0f8e21c87ed1f6e9a771b53a8f,gwsearch run
2099,1776380572.6619642,fc2098317d43af66664f0f1337a49fcd8e945f0f8e21c87ed1f6e9a771b53a8f,gwsearch run
2100,1776381155.1821465,fc2098317d43af66664f0f1337a49fcd8e945f0f8e21c87ed1f6e9a771b53a8f,gwsearch run
2101,1776381728.6560168,fc2098317d43af66664f0f1337a49fcd8e945f0f8e21c87ed1f6e9a771b53a8f,gwsearch run
2102,1776382300.9461153,fc2098317d43af66664f0f1337a49fcd8e945f0f8e21c87ed1f6e9a771b53a8f,gwsearch run
2103,1776382876.1662421,fc2098317d43af66664f0f1337a49fcd8e945f0f8e21c87ed1f6e9a771b53a8f,gwsearch run
2104,1776383449.6903694,fc2098317d43af66664f0f1337a49fcd8e945f0f8e21c87ed1f6e9a771b53a8f,gwsearch run
2105,1776384022.9161131,fc2098317d43af66664f0f1337a49fcd8e945f0f8e21c87ed1f6e9a771b53a8f,gwsearch run
2106,1776384595.4134393,fc2098317d43af66664f0f1337a49fcd8e945f0f8e21c87ed1f6e9a771b53a8f,gwsearch run
2107,1776385168.1576056,fc2098317d43af66664f0f1337a49fcd8e945f0f8e21c87ed1f6e9a771b53a8f,gwsearch run
2108,1776385751.4275393,fc2098317d43af66664f0f1337a49fcd8e945f0f8e21c87ed1f6e9a771b53a8f,gwsearch run
2109,1776386324.6747735,fc2098317d43af66664f0f1337a49fcd8e945f0f8e21c87ed1f6e9a771b53a8f,gwsearch run
2110,1776386899.9432023,fc2098317d43af66664f0f1337a49fcd8e945f0f8e21c87ed1f6e9a771b53a8f,gwsearch run
2111,1776387473.1449254,fc2098317d43af66664f0f1337a49fcd8e945f0f8e21c87ed1f6e9a771b53a8f,gwsearch run
2112,1776388046.6681938,fc2098317d43af66664f0f1337a49fcd8e945f0f8e21c87ed1f6e9a771b53a8f,gwsearch run
2113,1776388619.4025826,fc2098317d43af66664f0f1337a49fcd8e945f0f8e21c87ed1f6e9a771b53a8f,gwsearch run
2114,1776389193.6696715,fc2098317d43af66664f0f1337a49fcd8e945f0f8e21c87ed1f6e9a771b53a8f,gwsearch run
2115,1776389765.4765768,fc2098317d43af66664f0f1337a49fcd8e945f0f8e21c87ed1f6e9a771b53a8f,gwsearch run
2116,1776390335.4303231,fc2098317d43af66664f0f1337a49fcd8e945f0f8e21c87ed1f6e9a771b53a8f,gwsearch run
2117,1776390908.4206197,fc2098317d43af66664f0f1337a49fcd8e945f0f8e21c87ed1f6e9a771b53a8f,gwsearch run
2118,1776391482.1677704,fc2098317d43af66664f0f1337a49fcd8e945f0f8e21c87ed1f6e9a771b53a8f,gwsearch run
2119,1776392056.6630237,fc2098317d43af66664f0f1337a49fcd8e945f0f8e21c87ed1f6e9a771b53a8f,gwsearch run
2120,1776392629.1739404,fc2098317d43af66664f0f1337a49fcd8e945f0f8e21c87ed1f6e9a771b53a8f,gwsearch run
2121,1776393201.6631289,fc2098317d43af66664f0f1337a49fcd8e945f0f8e21c87ed1f6e9a771b53a8f,gwsearch run
2122,1776393775.6659415,fc2098317d43af66664f0f1337a49fcd8e945f0f8e21c87ed1f6e9a771b53a8f,gwsearch run
2123,1776394348.416298,fc2098317d43af66664f0f1337a49fcd8e945f0f8e21c87ed1f6e9a771b53a8f,gwsearch run
2124,1776394921.6546338,fc2098317d43af66664f0f1337a49fcd8e945f0f8e21c87ed1f6e9a771b53a8f,gwsearch run
2125,1776395495.4333017,fc2098317d43af66664f0f1337a49fcd8e945f0f8e21c87ed1f6e9a771b53a8f,gwsearch run
2126,1776396069.1704462,fc2098317d43af66664f0f1337a49fcd8e945f0f8e21c87ed1f6e9a771b53a8f,gwsearch run
2127,1776396651.9461474,fc2098317d43af66664f0f1337a49fcd8e945f0f8e21c87ed1f6e9a771b53a8f,gwsearch run
2128,1776397237.7154114,fc2098317d43af66664f0f1337a49fcd8e945f0f8e21c87ed1f6e9a771b53a8f,gwsearch run
2129,1776398214.4218574,fc2098317d43af66664f0f1337a49fcd8e945f0f8e21c87ed1f6e9a771b53a8f,gwsearch run
2130,1776398890.674171,fc2098317d43af66664f0f1337a49fcd8e945f0f8e21c87ed1f6e9a771b53a8f,gwsearch run
2131,1776399463.4347503,fc2098317d43af66664f0f1337a49fcd8e945f0f8e21c87ed1f6e9a771b53a8f,gwsearch run
2132,1776400033.1734166,fc2098317d43af66664f0f1337a49fcd8e945f0f8e21c87ed1f6e9a771b53a8f,gwsearch run
2133,1776400603.6702769,fc2098317d43af66664f0f1337a49fcd8e945f0f8e21c87ed1f6e9a771b53a8f,gwsearch run
2134,1776401173.1633828,fc2098317d43af66664f0f1337a49fcd8e945f0f8e21c87ed1f6e9a771b53a8f,gwsearch run
2135,1776401743.4314315,fc2098317d43af66664f0f1337a49fcd8e945f0f8e21c87ed1f6e9a771b53a8f,gwsearch run
2136,1776402315.163307,fc2098317d43af66664f0f1337a49fcd8e945f0f8e21c87ed1f6e9a771b53a8f,gwsearch run
2137,1776402884.4299717,fc2098317d43af66664f0f1337a49fcd8e945f0f8e21c87ed1f6e9a771b53a8f,gwsearch run
2138,1776403454.669063,fc2098317d43af66664f0f1337a49fcd8e945f0f8e21c87ed1f6e9a771b53a8f,gwsearch run
2139,1776404024.1706288,fc2098317d43af66664f0f1337a49fcd8e945f0f8e21c87ed1f6e9a771b53a8f,gwsearch run
2140,1776404597.1686947,fc2098317d43af66664f0f1337a49fcd8e945f0f8e21c87ed1f6e9a771b53a8f,gwsearch run
2141,1776405166.9144661,fc2098317d43af66664f0f1337a49fcd8e945f0f8e21c87ed1f6e9a771b53a8f,gwsearch run
2142,1776405735.9196882,fc2098317d43af66664f0f1337a49fcd8e945f0f8e21c87ed1f6e9a771b53a8f,gwsearch run
2143,1776406305.6399632,fc2098317d43af66664f0f1337a49fcd8e945f0f8e21c87ed1f6e9a771b53a8f,gwsearch run
2144,1776406876.1657956,fc2098317d43af66664f0f1337a49fcd8e945f0f8e21c87ed1f6e9a771b53a8f,gwsearch run
2145,1776407446.6591132,fc2098317d43af66664f0f1337a49fcd8e945f0f8e21c87ed1f6e9a771b53a8f,gwsearch run
2146,1776408016.6861615,fc2098317d43af66664f0f1337a49fcd8e945f0f8e21c87ed1f6e9a771b53a8f,gwsearch run
2147,1776408591.1316617,fc2098317d43af66664f0f1337a49fcd8e945f0f8e21c87ed1f6e9a771b53a8f,gwsearch run
2148,1776409161.1822605,fc2098317d43af66664f0f1337a49fcd8e945f0f8e21c87ed1f6e9a771b53a8f,gwsearch run
2149,1776409730.180148,fc2098317d43af66664f0f1337a49fcd8e945f0f8e21c87ed1f6e9a771b53a8f,gwsearch run
2150,1776410299.9093075,fc2098317d43af66664f0f1337a49fcd8e945f0f8e21c87ed1f6e9a771b53a8f,gwsearch run
2151,1776410869.6597786,fc2098317d43af66664f0f1337a49fcd8e945f0f8e21c87ed1f6e9a771b53a8f,gwsearch run
2152,1776411441.1650517,fc2098317d43af66664f0f1337a49fcd8e945f0f8e21c87ed1f6e9a771b53a8f,gwsearch run
2153,1776412011.4187741,fc2098317d43af66664f0f1337a49fcd8e945f0f8e21c87ed1f6e9a771b53a8f,gwsearch run
2154,1776412582.921485,fc2098317d43af66664f0f1337a49fcd8e945f0f8e21c87ed1f6e9a771b53a8f,gwsearch run
2155,1776413153.9146755,fc2098317d43af66664f0f1337a49fcd8e945f0f8e21c87ed1f6e9a771b53a8f,gwsearch run
2156,1776413732.6555588,fc2098317d43af66664f0f1337a49fcd8e945f0f8e21c87ed1f6e9a771b53a8f,gwsearch run
2157,1776414301.9014997,fc2098317d43af66664f0f1337a49fcd8e945f0f8e21c87ed1f6e9a771b53a8f,gwsearch run
2158,1776414871.140962,fc2098317d43af66664f0f1337a49fcd8e945f0f8e21c87ed1f6e9a771b53a8f,gwsearch run
2159,1776415442.6507447,fc2098317d43af66664f0f1337a49fcd8e945f0f8e21c87ed1f6e9a771b53a8f,gwsearch run
2160,1776416013.6736305,fc2098317d43af66664f0f1337a49fcd8e945f0f8e21c87ed1f6e9a771b53a8f,gwsearch run
2161,1776416584.1587098,fc2098317d43af66664f0f1337a49fcd8e945f0f8e21c87ed1f6e9a771b53a8f,gwsearch run
2162,1776417153.1721563,fc2098317d43af66664f0f1337a49fcd8e945f0f8e21c87ed1f6e9a771b53a8f,gwsearch run
2163,1776417728.4019544,fc2098317d43af66664f0f1337a49fcd8e945f0f8e21c87ed1f6e9a771b53a8f,gwsearch run
2164,1776418297.395198,fc2098317d43af66664f0f1337a49fcd8e945f0f8e21c87ed1f6e9a771b53a8f,gwsearch run
2165,1776418867.4258904,fc2098317d43af66664f0f1337a49fcd8e945f0f8e21c87ed1f6e9a771b53a8f,gwsearch run
2166,1776419438.9270232,fc2098317d43af66664f0f1337a49fcd8e945f0f8e21c87ed1f6e9a771b53a8f,gwsearch run
2167,1776420006.9154084,fc2098317d43af66664f0f1337a49fcd8e945f0f8e21c87ed1f6e9a771b53a8f,gwsearch run
2168,1776420577.1615558,fc2098317d43af66664f0f1337a49fcd8e945f0f8e21c87ed1f6e9a771b53a8f,gwsearch run
2169,1776421148.2057188,fc2098317d43af66664f0f1337a49fcd8e945f0f8e21c87ed1f6e9a771b53a8f,gwsearch run
2170,1776421720.8890898,fc2098317d43af66664f0f1337a49fcd8e945f0f8e21c87ed1f6e9a771b53a8f,gwsearch run
2171,1776422290.1792798,fc2098317d43af66664f0f1337a49fcd8e945f0f8e21c87ed1f6e9a771b53a8f,gwsearch run
2172,1776422859.4167972,fc2098317d43af66664f0f1337a49fcd8e945f0f8e21c87ed1f6e9a771b53a8f,gwsearch run
2173,1776423429.4097822,fc2098317d43af66664f0f1337a49fcd8e945f0f8e21c87ed1f6e9a771b53a8f,gwsearch run
2174,1776424000.1918411,fc2098317d43af66664f0f1337a49fcd8e945f0f8e21c87ed1f6e9a771b53a8f,gwsearch run
2175,1776424579.669612,fc2098317d43af66664f0f1337a49fcd8e945f0f8e21c87ed1f6e9a771b53a8f,gwsearch run
2176,1776425149.6706195,fc2098317d43af66664f0f1337a49fcd8e945f0f8e21c87ed1f6e9a771b53a8f,gwsearch run
2177,1776425721.16743,fc2098317d43af66664f0f1337a49fcd8e945f0f8e21c87ed1f6e9a771b53a8f,gwsearch run
2178,1776426292.4396265,fc2098317d43af66664f0f1337a49fcd8e945f0f8e21c87ed1f6e9a771b53a8f,gwsearch run
2179,1776426862.6670566,fc2098317d43af66664f0f1337a49fcd8e945f0f8e21c87ed1f6e9a771b53a8f,gwsearch run
2180,1776427432.4287605,fc2098317d43af66664f0f1337a49fcd8e945f0f8e21c87ed1f6e9a771b53a8f,gwsearch run
2181,1776428001.1689925,fc2098317d43af66664f0f1337a49fcd8e945f0f8e21c87ed1f6e9a771b53a8f,gwsearch run
2182,1776428571.1429372,fc2098317d43af66664f0f1337a49fcd8e945f0f8e21c87ed1f6e9a771b53a8f,gwsearch run
2183,1776429140.652651,fc2098317d43af66664f0f1337a49fcd8e945f0f8e21c87ed1f6e9a771b53a8f,gwsearch run
2184,1776429710.4161904,fc2098317d43af66664f0f1337a49fcd8e945f0f8e21c87ed1f6e9a771b53a8f,gwsearch run
2185,1776430280.6730568,fc2098317d43af66664f0f1337a49fcd8e945f0f8e21c87ed1f6e9a771b53a8f,gwsearch run
2186,1776430849.929946,fc2098317d43af66664f0f1337a49fcd8e945f0f8e21c87ed1f6e9a771b53a8f,gwsearch run
2187,1776431420.1796339,fc2098317d43af66664f0f1337a49fcd8e945f0f8e21c87ed1f6e9a771b53a8f,gwsearch run
2188,1776431990.9249892,fc2098317d43af66664f0f1337a49fcd8e945f0f8e21c87ed1f6e9a771b53a8f,gwsearch run
2189,1776432558.9009516,fc2098317d43af66664f0f1337a49fcd8e945f0f8e21c87ed1f6e9a771b53a8f,gwsearch run
2190,1776433129.6710036,fc2098317d43af66664f0f1337a49fcd8e945f0f8e21c87ed1f6e9a771b53a8f,gwsearch run
2191,1776433700.177059,fc2098317d43af66664f0f1337a49fcd8e945f0f8e21c87ed1f6e9a771b53a8f,gwsearch run
2192,1776434270.6746144,fc2098317d43af66664f0f1337a49fcd8e945f0f8e21c87ed1f6e9a771b53a8f,gwsearch run
2193,1776434841.413379,fc2098317d43af66664f0f1337a49fcd8e945f0f8e21c87ed1f6e9a771b53a8f,gwsearch run
2194,1776435411.3943598,fc2098317d43af66664f0f1337a49fcd8e945f0f8e21c87ed1f6e9a771b53a8f,gwsearch run
2195,1776435982.9256325,fc2098317d43af66664f0f1337a49fcd8e945f0f8e21c87ed1f6e9a771b53a8f,gwsearch run
2196,1776436552.9134386,fc2098317d43af66664f0f1337a49fcd8e945f0f8e21c87ed1f6e9a771b53a8f,gwsearch run
2197,1776437122.667317,fc2098317d43af66664f0f1337a49fcd8e945f0f8e21c87ed1f6e9a771b53a8f,gwsearch run
2198,1776437693.1687126,fc2098317d43af66664f0f1337a49fcd8e945f0f8e21c87ed1f6e9a771b53a8f,gwsearch run
2199,1776438265.4206514,fc2098317d43af66664f0f1337a49fcd8e945f0f8e21c87ed1f6e9a771b53a8f,gwsearch run
2200,1776438836.9199061,fc2098317d43af66664f0f1337a49fcd8e945f0f8e21c87ed1f6e9a771b53a8f,gwsearch run
2201,1776439408.674169,fc2098317d43af66664f0f1337a49fcd8e945f0f8e21c87ed1f6e9a771b53a8f,gwsearch run
2202,1776439977.1543322,fc2098317d43af66664f0f1337a49fcd8e945f0f8e21c87ed1f6e9a771b53a8f,gwsearch run
2203,1776440549.6765876,fc2098317d43af66664f0f1337a49fcd8e945f0f8e21c87ed1f6e9a771b53a8f,gwsearch run
2204,1776441118.4227035,fc2098317d43af66664f0f1337a49fcd8e945f0f8e21c87ed1f6e9a771b53a8f,gwsearch run
2205,1776441688.4269435,fc2098317d43af66664f0f1337a49fcd8e945f0f8e21c87ed1f6e9a771b53a8f,gwsearch run
2206,1776442258.6525764,fc2098317d43af66664f0f1337a49fcd8e945f0f8e21c87ed1f6e9a771b53a8f,gwsearch run
2207,1776442827.4342341,fc2098317d43af66664f0f1337a49fcd8e945f0f8e21c87ed1f6e9a771b53a8f,gwsearch run
2208,1776443398.1615748,fc2098317d43af66664f0f1337a49fcd8e945f0f8e21c87ed1f6e9a771b53a8f,gwsearch run
2209,1776443967.4313388,fc2098317d43af66664f0f1337a49fcd8e945f0f8e21c87ed1f6e9a771b53a8f,gwsearch run
2210,1776444538.1636739,fc2098317d43af66664f0f1337a49fcd8e945f0f8e21c87ed1f6e9a771b53a8f,gwsearch run
2211,1776445109.6654444,fc2098317d43af66664f0f1337a49fcd8e945f0f8e21c87ed1f6e9a771b53a8f,gwsearch run
2212,1776445679.4310136,fc2098317d43af66664f0f1337a49fcd8e945f0f8e21c87ed1f6e9a771b53a8f,gwsearch run
2213,1776446249.4885602,fc2098317d43af66664f0f1337a49fcd8e945f0f8e21c87ed1f6e9a771b53a8f,gwsearch run
2214,1776446920.4167662,fc2098317d43af66664f0f1337a49fcd8e945f0f8e21c87ed1f6e9a771b53a8f,gwsearch run
2215,1776447490.6636834,fc2098317d43af66664f0f1337a49fcd8e945f0f8e21c87ed1f6e9a771b53a8f,gwsearch run
2216,1776448059.1875544,fc2098317d43af66664f0f1337a49fcd8e945f0f8e21c87ed1f6e9a771b53a8f,gwsearch run
2217,1776448631.1721752,fc2098317d43af66664f0f1337a49fcd8e945f0f8e21c87ed1f6e9a771b53a8f,gwsearch run
2218,1776449200.423272,fc2098317d43af66664f0f1337a49fcd8e945f0f8e21c87ed1f6e9a771b53a8f,gwsearch run
2219,1776449769.909586,fc2098317d43af66664f0f1337a49fcd8e945f0f8e21c87ed1f6e9a771b53a8f,gwsearch run
2220,1776450339.4069057,fc2098317d43af66664f0f1337a49fcd8e945f0f8e21c87ed1f6e9a771b53a8f,gwsearch run
2221,1776450911.4397612,fc2098317d43af66664f0f1337a49fcd8e945f0f8e21c87ed1f6e9a771b53a8f,gwsearch run
2222,1776451483.6662626,fc2098317d43af66664f0f1337a49fcd8e945f0f8e21c87ed1f6e9a771b53a8f,gwsearch run
2223,1776452054.14535,fc2098317d43af66664f0f1337a49fcd8e945f0f8e21c87ed1f6e9a771b53a8f,gwsearch run
2224,1776452625.6859577,fc2098317d43af66664f0f1337a49fcd8e945f0f8e21c87ed1f6e9a771b53a8f,gwsearch run
2225,1776453196.6757512,fc2098317d43af66664f0f1337a49fcd8e945f0f8e21c87ed1f6e9a771b53a8f,gwsearch run
2226,1776453767.1532257,fc2098317d43af66664f0f1337a49fcd8e945f0f8e21c87ed1f6e9a771b53a8f,gwsearch run
2227,1776454338.4058924,fc2098317d43af66664f0f1337a49fcd8e945f0f8e21c87ed1f6e9a771b53a8f,gwsearch run
2228,1776454910.1750464,fc2098317d43af66664f0f1337a49fcd8e945f0f8e21c87ed1f6e9a771b53a8f,gwsearch run
2229,1776455479.4434383,fc2098317d43af66664f0f1337a49fcd8e945f0f8e21c87ed1f6e9a771b53a8f,gwsearch run
2230,1776456050.164982,fc2098317d43af66664f0f1337a49fcd8e945f0f8e21c87ed1f6e9a771b53a8f,gwsearch run
2231,1776456620.6663256,fc2098317d43af66664f0f1337a49fcd8e945f0f8e21c87ed1f6e9a771b53a8f,gwsearch run
2232,1776457189.6538868,fc2098317d43af66664f0f1337a49fcd8e945f0f8e21c87ed1f6e9a771b53a8f,gwsearch run
2233,1776457758.9244587,fc2098317d43af66664f0f1337a49fcd8e945f0f8e21c87ed1f6e9a771b53a8f,gwsearch run
2234,1776458328.1780555,fc2098317d43af66664f0f1337a49fcd8e945f0f8e21c87ed1f6e9a771b53a8f,gwsearch run
2235,1776458899.9165301,fc2098317d43af66664f0f1337a49fcd8e945f0f8e21c87ed1f6e9a771b53a8f,gwsearch run
2236,1776459470.158986,fc2098317d43af66664f0f1337a49fcd8e945f0f8e21c87ed1f6e9a771b53a8f,gwsearch run
2237,1776460039.423579,fc2098317d43af66664f0f1337a49fcd8e945f0f8e21c87ed1f6e9a771b53a8f,gwsearch run
2238,1776460609.1715145,fc2098317d43af66664f0f1337a49fcd8e945f0f8e21c87ed1f6e9a771b53a8f,gwsearch run
2239,1776461180.408353,fc2098317d43af66664f0f1337a49fcd8e945f0f8e21c87ed1f6e9a771b53a8f,gwsearch run
2240,1776461752.4339437,fc2098317d43af66664f0f1337a49fcd8e945f0f8e21c87ed1f6e9a771b53a8f,gwsearch run
2241,1776462321.9117472,fc2098317d43af66664f0f1337a49fcd8e945f0f8e21c87ed1f6e9a771b53a8f,gwsearch run
2242,1776462890.1713154,fc2098317d43af66664f0f1337a49fcd8e945f0f8e21c87ed1f6e9a771b53a8f,gwsearch run
2243,1776463459.4122274,fc2098317d43af66664f0f1337a49fcd8e945f0f8e21c87ed1f6e9a771b53a8f,gwsearch run
2244,1776464028.918693,fc2098317d43af66664f0f1337a49fcd8e945f0f8e21c87ed1f6e9a771b53a8f,gwsearch run
2245,1776464599.165582,fc2098317d43af66664f0f1337a49fcd8e945f0f8e21c87ed1f6e9a771b53a8f,gwsearch run
2246,1776465169.4014513,fc2098317d43af66664f0f1337a49fcd8e945f0f8e21c87ed1f6e9a771b53a8f,gwsearch run
2247,1776465738.4084322,fc2098317d43af66664f0f1337a49fcd8e945f0f8e21c87ed1f6e9a771b53a8f,gwsearch run
2248,1776466308.1783621,fc2098317d43af66664f0f1337a49fcd8e945f0f8e21c87ed1f6e9a771b53a8f,gwsearch run
2249,1776466880.1399949,fc2098317d43af66664f0f1337a49fcd8e945f0f8e21c87ed1f6e9a771b53a8f,gwsearch run
2250,1776467449.9036617,fc2098317d43af66664f0f1337a49fcd8e945f0f8e21c87ed1f6e9a771b53a8f,gwsearch run
2251,1776468020.6707656,fc2098317d43af66664f0f1337a49fcd8e945f0f8e21c87ed1f6e9a771b53a8f,gwsearch run
2252,1776468592.4140558,fc2098317d43af66664f0f1337a49fcd8e945f0f8e21c87ed1f6e9a771b53a8f,gwsearch run
2253,1776469161.6763084,fc2098317d43af66664f0f1337a49fcd8e945f0f8e21c87ed1f6e9a771b53a8f,gwsearch run
2254,1776469731.9012344,fc2098317d43af66664f0f1337a49fcd8e945f0f8e21c87ed1f6e9a771b53a8f,gwsearch run
2255,1776470301.4004667,fc2098317d43af66664f0f1337a49fcd8e945f0f8e21c87ed1f6e9a771b53a8f,gwsearch run
2256,1776470870.3996801,fc2098317d43af66664f0f1337a49fcd8e945f0f8e21c87ed1f6e9a771b53a8f,gwsearch run
2257,1776471439.4372647,fc2098317d43af66664f0f1337a49fcd8e945f0f8e21c87ed1f6e9a771b53a8f,gwsearch run
2258,1776472008.9144118,fc2098317d43af66664f0f1337a49fcd8e945f0f8e21c87ed1f6e9a771b53a8f,gwsearch run
2259,1776472579.943634,fc2098317d43af66664f0f1337a49fcd8e945f0f8e21c87ed1f6e9a771b53a8f,gwsearch run
2260,1776473149.4177423,fc2098317d43af66664f0f1337a49fcd8e945f0f8e21c87ed1f6e9a771b53a8f,gwsearch run
2261,1776473717.9120486,fc2098317d43af66664f0f1337a49fcd8e945f0f8e21c87ed1f6e9a771b53a8f,gwsearch run
2262,1776474287.9238086,fc2098317d43af66664f0f1337a49fcd8e945f0f8e21c87ed1f6e9a771b53a8f,gwsearch run
2263,1776474858.1683931,fc2098317d43af66664f0f1337a49fcd8e945f0f8e21c87ed1f6e9a771b53a8f,gwsearch run
2264,1776475425.9229834,fc2098317d43af66664f0f1337a49fcd8e945f0f8e21c87ed1f6e9a771b53a8f,gwsearch run
2265,1776475996.4224148,fc2098317d43af66664f0f1337a49fcd8e945f0f8e21c87ed1f6e9a771b53a8f,gwsearch run
2266,1776476665.6643047,fc2098317d43af66664f0f1337a49fcd8e945f0f8e21c87ed1f6e9a771b53a8f,gwsearch run
2267,1776477234.1721728,fc2098317d43af66664f0f1337a49fcd8e945f0f8e21c87ed1f6e9a771b53a8f,gwsearch run
2268,1776477802.8982942,fc2098317d43af66664f0f1337a49fcd8e945f0f8e21c87ed1f6e9a771b53a8f,gwsearch run
2269,1776478372.921902,fc2098317d43af66664f0f1337a49fcd8e945f0f8e21c87ed1f6e9a771b53a8f,gwsearch run
2270,1776478944.4379945,fc2098317d43af66664f0f1337a49fcd8e945f0f8e21c87ed1f6e9a771b53a8f,gwsearch run
2271,1776479514.6801271,fc2098317d43af66664f0f1337a49fcd8e945f0f8e21c87ed1f6e9a771b53a8f,gwsearch run
2272,1776480085.4136503,fc2098317d43af66664f0f1337a49fcd8e945f0f8e21c87ed1f6e9a771b53a8f,gwsearch run
2273,1776480655.902248,fc2098317d43af66664f0f1337a49fcd8e945f0f8e21c87ed1f6e9a771b53a8f,gwsearch run
2274,1776481227.662964,fc2098317d43af66664f0f1337a49fcd8e945f0f8e21c87ed1f6e9a771b53a8f,gwsearch run
2275,1776481796.4460845,fc2098317d43af66664f0f1337a49fcd8e945f0f8e21c87ed1f6e9a771b53a8f,gwsearch run
2276,1776482365.432883,fc2098317d43af66664f0f1337a49fcd8e945f0f8e21c87ed1f6e9a771b53a8f,gwsearch run
2277,1776482937.9138544,fc2098317d43af66664f0f1337a49fcd8e945f0f8e21c87ed1f6e9a771b53a8f,gwsearch run
2278,1776483508.442379,fc2098317d43af66664f0f1337a49fcd8e945f0f8e21c87ed1f6e9a771b53a8f,gwsearch run
2279,1776484080.4299498,fc2098317d43af66664f0f1337a49fcd8e945f0f8e21c87ed1f6e9a771b53a8f,gwsearch run
2280,1776484651.1844976,fc2098317d43af66664f0f1337a49fcd8e945f0f8e21c87ed1f6e9a771b53a8f,gwsearch run
2281,1776485222.1842334,fc2098317d43af66664f0f1337a49fcd8e945f0f8e21c87ed1f6e9a771b53a8f,gwsearch run
2282,1776485792.9263513,fc2098317d43af66664f0f1337a49fcd8e945f0f8e21c87ed1f6e9a771b53a8f,gwsearch run
2283,1776486361.9183655,fc2098317d43af66664f0f1337a49fcd8e945f0f8e21c87ed1f6e9a771b53a8f,gwsearch run
2284,1776486932.2123344,fc2098317d43af66664f0f1337a49fcd8e945f0f8e21c87ed1f6e9a771b53a8f,gwsearch run
2285,1776487502.1734133,fc2098317d43af66664f0f1337a49fcd8e945f0f8e21c87ed1f6e9a771b53a8f,gwsearch run
2286,1776488080.9242537,fc2098317d43af66664f0f1337a49fcd8e945f0f8e21c87ed1f6e9a771b53a8f,gwsearch run
2287,1776488652.6836438,fc2098317d43af66664f0f1337a49fcd8e945f0f8e21c87ed1f6e9a771b53a8f,gwsearch run
2288,1776489220.6720774,fc2098317d43af66664f0f1337a49fcd8e945f0f8e21c87ed1f6e9a771b53a8f,gwsearch run
2289,1776489792.1660953,fc2098317d43af66664f0f1337a49fcd8e945f0f8e21c87ed1f6e9a771b53a8f,gwsearch run
2290,1776490363.433931,fc2098317d43af66664f0f1337a49fcd8e945f0f8e21c87ed1f6e9a771b53a8f,gwsearch run
2291,1776490943.3891554,fc2098317d43af66664f0f1337a49fcd8e945f0f8e21c87ed1f6e9a771b53a8f,gwsearch run
2292,1776491515.6871357,fc2098317d43af66664f0f1337a49fcd8e945f0f8e21c87ed1f6e9a771b53a8f,gwsearch run
2293,1776492086.654722,fc2098317d43af66664f0f1337a49fcd8e945f0f8e21c87ed1f6e9a771b53a8f,gwsearch run
2294,1776492657.1812458,fc2098317d43af66664f0f1337a49fcd8e945f0f8e21c87ed1f6e9a771b53a8f,gwsearch run
2295,1776493228.9183807,fc2098317d43af66664f0f1337a49fcd8e945f0f8e21c87ed1f6e9a771b53a8f,gwsearch run
2296,1776493799.6727705,fc2098317d43af66664f0f1337a49fcd8e945f0f8e21c87ed1f6e9a771b53a8f,gwsearch run
2297,1776494370.41482,fc2098317d43af66664f0f1337a49fcd8e945f0f8e21c87ed1f6e9a771b53a8f,gwsearch run
2298,1776494946.6567984,fc2098317d43af66664f0f1337a49fcd8e945f0f8e21c87ed1f6e9a771b53a8f,gwsearch run
2299,1776495517.6721687,fc2098317d43af66664f0f1337a49fcd8e945f0f8e21c87ed1f6e9a771b53a8f,gwsearch run
2300,1776496087.662699,fc2098317d43af66664f0f1337a49fcd8e945f0f8e21c87ed1f6e9a771b53a8f,gwsearch run
2301,1776496659.6356034,fc2098317d43af66664f0f1337a49fcd8e945f0f8e21c87ed1f6e9a771b53a8f,gwsearch run
2302,1776497232.4132152,fc2098317d43af66664f0f1337a49fcd8e945f0f8e21c87ed1f6e9a771b53a8f,gwsearch run
2303,1776497804.4092476,fc2098317d43af66664f0f1337a49fcd8e945f0f8e21c87ed1f6e9a771b53a8f,gwsearch run
2304,1776498377.6711638,fc2098317d43af66664f0f1337a49fcd8e945f0f8e21c87ed1f6e9a771b53a8f,gwsearch run
2305,1776498947.927549,fc2098317d43af66664f0f1337a49fcd8e945f0f8e21c87ed1f6e9a771b53a8f,gwsearch run
2306,1776499518.43328,fc2098317d43af66664f0f1337a49fcd8e945f0f8e21c87ed1f6e9a771b53a8f,gwsearch run
2307,1776500088.9131057,fc2098317d43af66664f0f1337a49fcd8e945f0f8e21c87ed1f6e9a771b53a8f,gwsearch run
2308,1776500660.1638339,fc2098317d43af66664f0f1337a49fcd8e945f0f8e21c87ed1f6e9a771b53a8f,gwsearch run
2309,1776501231.1752539,fc2098317d43af66664f0f1337a49fcd8e945f0f8e21c87ed1f6e9a771b53a8f,gwsearch run
2310,1776501801.6520853,fc2098317d43af66664f0f1337a49fcd8e945f0f8e21c87ed1f6e9a771b53a8f,gwsearch run
2311,1776502373.928343,fc2098317d43af66664f0f1337a49fcd8e945f0f8e21c87ed1f6e9a771b53a8f,gwsearch run
2312,1776502942.912209,fc2098317d43af66664f0f1337a49fcd8e945f0f8e21c87ed1f6e9a771b53a8f,gwsearch run
2313,1776503512.1700163,fc2098317d43af66664f0f1337a49fcd8e945f0f8e21c87ed1f6e9a771b53a8f,gwsearch run
2314,1776504081.166743,fc2098317d43af66664f0f1337a49fcd8e945f0f8e21c87ed1f6e9a771b53a8f,gwsearch run
2315,1776504651.4262123,fc2098317d43af66664f0f1337a49fcd8e945f0f8e21c87ed1f6e9a771b53a8f,gwsearch run
2316,1776505222.6828012,fc2098317d43af66664f0f1337a49fcd8e945f0f8e21c87ed1f6e9a771b53a8f,gwsearch run
2317,1776505792.9046514,fc2098317d43af66664f0f1337a49fcd8e945f0f8e21c87ed1f6e9a771b53a8f,gwsearch run
2318,1776506363.6686954,fc2098317d43af66664f0f1337a49fcd8e945f0f8e21c87ed1f6e9a771b53a8f,gwsearch run
2319,1776506930.926356,fc2098317d43af66664f0f1337a49fcd8e945f0f8e21c87ed1f6e9a771b53a8f,gwsearch run
2320,1776507503.9074318,fc2098317d43af66664f0f1337a49fcd8e945f0f8e21c87ed1f6e9a771b53a8f,gwsearch run
2321,1776508074.6821136,fc2098317d43af66664f0f1337a49fcd8e945f0f8e21c87ed1f6e9a771b53a8f,gwsearch run
2322,1776508644.1742358,fc2098317d43af66664f0f1337a49fcd8e945f0f8e21c87ed1f6e9a771b53a8f,gwsearch run
2323,1776509217.428818,fc2098317d43af66664f0f1337a49fcd8e945f0f8e21c87ed1f6e9a771b53a8f,gwsearch run
2324,1776509787.138468,fc2098317d43af66664f0f1337a49fcd8e945f0f8e21c87ed1f6e9a771b53a8f,gwsearch run
2325,1776510361.185264,fc2098317d43af66664f0f1337a49fcd8e945f0f8e21c87ed1f6e9a771b53a8f,gwsearch run
2326,1776510931.909311,fc2098317d43af66664f0f1337a49fcd8e945f0f8e21c87ed1f6e9a771b53a8f,gwsearch run
2327,1776511505.1859438,fc2098317d43af66664f0f1337a49fcd8e945f0f8e21c87ed1f6e9a771b53a8f,gwsearch run
2328,1776512075.4214065,fc2098317d43af66664f0f1337a49fcd8e945f0f8e21c87ed1f6e9a771b53a8f,gwsearch run
2329,1776512645.1817956,fc2098317d43af66664f0f1337a49fcd8e945f0f8e21c87ed1f6e9a771b53a8f,gwsearch run
2330,1776513214.4334896,fc2098317d43af66664f0f1337a49fcd8e945f0f8e21c87ed1f6e9a771b53a8f,gwsearch run
2331,1776513781.1785088,fc2098317d43af66664f0f1337a49fcd8e945f0f8e21c87ed1f6e9a771b53a8f,gwsearch run
2332,1776514351.1804385,fc2098317d43af66664f0f1337a49fcd8e945f0f8e21c87ed1f6e9a771b53a8f,gwsearch run
2333,1776514921.1669605,fc2098317d43af66664f0f1337a49fcd8e945f0f8e21c87ed1f6e9a771b53a8f,gwsearch run
2334,1776515492.433373,fc2098317d43af66664f0f1337a49fcd8e945f0f8e21c87ed1f6e9a771b53a8f,gwsearch run
2335,1776516062.8963554,fc2098317d43af66664f0f1337a49fcd8e945f0f8e21c87ed1f6e9a771b53a8f,gwsearch run
2336,1776516642.9161923,fc2098317d43af66664f0f1337a49fcd8e945f0f8e21c87ed1f6e9a771b53a8f,gwsearch run
2337,1776517211.9337096,fc2098317d43af66664f0f1337a49fcd8e945f0f8e21c87ed1f6e9a771b53a8f,gwsearch run
2338,1776517781.908318,fc2098317d43af66664f0f1337a49fcd8e945f0f8e21c87ed1f6e9a771b53a8f,gwsearch run
2339,1776518354.4130523,fc2098317d43af66664f0f1337a49fcd8e945f0f8e21c87ed1f6e9a771b53a8f,gwsearch run
2340,1776518925.6401262,fc2098317d43af66664f0f1337a49fcd8e945f0f8e21c87ed1f6e9a771b53a8f,gwsearch run
2341,1776519495.6566372,fc2098317d43af66664f0f1337a49fcd8e945f0f8e21c87ed1f6e9a771b53a8f,gwsearch run
2342,1776520067.4065022,fc2098317d43af66664f0f1337a49fcd8e945f0f8e21c87ed1f6e9a771b53a8f,gwsearch run
2343,1776520638.409557,fc2098317d43af66664f0f1337a49fcd8e945f0f8e21c87ed1f6e9a771b53a8f,gwsearch run
2344,1776521212.4310923,fc2098317d43af66664f0f1337a49fcd8e945f0f8e21c87ed1f6e9a771b53a8f,gwsearch run
2345,1776521779.4054613,fc2098317d43af66664f0f1337a49fcd8e945f0f8e21c87ed1f6e9a771b53a8f,gwsearch run
2346,1776522354.186451,fc2098317d43af66664f0f1337a49fcd8e945f0f8e21c87ed1f6e9a771b53a8f,gwsearch run
2347,1776522924.4360864,fc2098317d43af66664f0f1337a49fcd8e945f0f8e21c87ed1f6e9a771b53a8f,gwsearch run
2348,1776523494.167193,fc2098317d43af66664f0f1337a49fcd8e945f0f8e21c87ed1f6e9a771b53a8f,gwsearch run
2349,1776524063.9175944,fc2098317d43af66664f0f1337a49fcd8e945f0f8e21c87ed1f6e9a771b53a8f,gwsearch run
2350,1776524633.9107158,fc2098317d43af66664f0f1337a49fcd8e945f0f8e21c87ed1f6e9a771b53a8f,gwsearch run
2351,1776525203.663152,fc2098317d43af66664f0f1337a49fcd8e945f0f8e21c87ed1f6e9a771b53a8f,gwsearch run
2352,1776525773.670924,fc2098317d43af66664f0f1337a49fcd8e945f0f8e21c87ed1f6e9a771b53a8f,gwsearch run
2353,1776526344.4293354,fc2098317d43af66664f0f1337a49fcd8e945f0f8e21c87ed1f6e9a771b53a8f,gwsearch run
2354,1776526915.6709375,fc2098317d43af66664f0f1337a49fcd8e945f0f8e21c87ed1f6e9a771b53a8f,gwsearch run
2355,1776527484.9227865,fc2098317d43af66664f0f1337a49fcd8e945f0f8e21c87ed1f6e9a771b53a8f,gwsearch run
2356,1776528055.9237306,fc2098317d43af66664f0f1337a49fcd8e945f0f8e21c87ed1f6e9a771b53a8f,gwsearch run
2357,1776528626.9198673,fc2098317d43af66664f0f1337a49fcd8e945f0f8e21c87ed1f6e9a771b53a8f,gwsearch run
2358,1776529207.1584918,fc2098317d43af66664f0f1337a49fcd8e945f0f8e21c87ed1f6e9a771b53a8f,gwsearch run
2359,1776529778.9205227,fc2098317d43af66664f0f1337a49fcd8e945f0f8e21c87ed1f6e9a771b53a8f,gwsearch run
2360,1776530346.4351857,fc2098317d43af66664f0f1337a49fcd8e945f0f8e21c87ed1f6e9a771b53a8f,gwsearch run
2361,1776530918.906265,fc2098317d43af66664f0f1337a49fcd8e945f0f8e21c87ed1f6e9a771b53a8f,gwsearch run
2362,1776531498.4015617,fc2098317d43af66664f0f1337a49fcd8e945f0f8e21c87ed1f6e9a771b53a8f,gwsearch run
2363,1776532067.9121091,fc2098317d43af66664f0f1337a49fcd8e945f0f8e21c87ed1f6e9a771b53a8f,gwsearch run
2364,1776532638.6590996,fc2098317d43af66664f0f1337a49fcd8e945f0f8e21c87ed1f6e9a771b53a8f,gwsearch run
2365,1776533210.1609685,fc2098317d43af66664f0f1337a49fcd8e945f0f8e21c87ed1f6e9a771b53a8f,gwsearch run
2366,1776533780.908786,fc2098317d43af66664f0f1337a49fcd8e945f0f8e21c87ed1f6e9a771b53a8f,gwsearch run
2367,1776534351.4040482,fc2098317d43af66664f0f1337a49fcd8e945f0f8e21c87ed1f6e9a771b53a8f,gwsearch run
2368,1776534922.4383335,fc2098317d43af66664f0f1337a49fcd8e945f0f8e21c87ed1f6e9a771b53a8f,gwsearch run
2369,1776535490.9002893,fc2098317d43af66664f0f1337a49fcd8e945f0f8e21c87ed1f6e9a771b53a8f,gwsearch run
2370,1776536068.1659927,fc2098317d43af66664f0f1337a49fcd8e945f0f8e21c87ed1f6e9a771b53a8f,gwsearch run
2371,1776536649.3864357,fc2098317d43af66664f0f1337a49fcd8e945f0f8e21c87ed1f6e9a771b53a8f,gwsearch run
2372,1776537218.6695657,fc2098317d43af66664f0f1337a49fcd8e945f0f8e21c87ed1f6e9a771b53a8f,gwsearch run
2373,1776537789.4198349,fc2098317d43af66664f0f1337a49fcd8e945f0f8e21c87ed1f6e9a771b53a8f,gwsearch run
2374,1776538359.9300907,fc2098317d43af66664f0f1337a49fcd8e945f0f8e21c87ed1f6e9a771b53a8f,gwsearch run
2375,1776538929.1821685,fc2098317d43af66664f0f1337a49fcd8e945f0f8e21c87ed1f6e9a771b53a8f,gwsearch run
2376,1776539498.1582623,fc2098317d43af66664f0f1337a49fcd8e945f0f8e21c87ed1f6e9a771b53a8f,gwsearch run
2377,1776540072.6722903,fc2098317d43af66664f0f1337a49fcd8e945f0f8e21c87ed1f6e9a771b53a8f,gwsearch run
2378,1776540644.1606266,fc2098317d43af66664f0f1337a49fcd8e945f0f8e21c87ed1f6e9a771b53a8f,gwsearch run
2379,1776541215.411744,fc2098317d43af66664f0f1337a49fcd8e945f0f8e21c87ed1f6e9a771b53a8f,gwsearch run
2380,1776541788.1615248,fc2098317d43af66664f0f1337a49fcd8e945f0f8e21c87ed1f6e9a771b53a8f,gwsearch run
2381,1776542356.922038,fc2098317d43af66664f0f1337a49fcd8e945f0f8e21c87ed1f6e9a771b53a8f,gwsearch run
2382,1776542927.6716287,fc2098317d43af66664f0f1337a49fcd8e945f0f8e21c87ed1f6e9a771b53a8f,gwsearch run
2383,1776543496.1536684,fc2098317d43af66664f0f1337a49fcd8e945f0f8e21c87ed1f6e9a771b53a8f,gwsearch run
2384,1776544065.4349513,fc2098317d43af66664f0f1337a49fcd8e945f0f8e21c87ed1f6e9a771b53a8f,gwsearch run
2385,1776544634.428941,fc2098317d43af66664f0f1337a49fcd8e945f0f8e21c87ed1f6e9a771b53a8f,gwsearch run
2386,1776545203.4182737,fc2098317d43af66664f0f1337a49fcd8e945f0f8e21c87ed1f6e9a771b53a8f,gwsearch run
2387,1776545774.678901,fc2098317d43af66664f0f1337a49fcd8e945f0f8e21c87ed1f6e9a771b53a8f,gwsearch run
2388,1776546343.4132643,fc2098317d43af66664f0f1337a49fcd8e945f0f8e21c87ed1f6e9a771b53a8f,gwsearch run
2389,1776546914.686279,fc2098317d43af66664f0f1337a49fcd8e945f0f8e21c87ed1f6e9a771b53a8f,gwsearch run
2390,1776547483.663421,fc2098317d43af66664f0f1337a49fcd8e945f0f8e21c87ed1f6e9a771b53a8f,gwsearch run
2391,1776548054.15179,fc2098317d43af66664f0f1337a49fcd8e945f0f8e21c87ed1f6e9a771b53a8f,gwsearch run
2392,1776548625.413287,fc2098317d43af66664f0f1337a49fcd8e945f0f8e21c87ed1f6e9a771b53a8f,gwsearch run
2393,1776549197.667189,fc2098317d43af66664f0f1337a49fcd8e945f0f8e21c87ed1f6e9a771b53a8f,gwsearch run
2394,1776549767.89467,fc2098317d43af66664f0f1337a49fcd8e945f0f8e21c87ed1f6e9a771b53a8f,gwsearch run
2395,1776550339.1720676,fc2098317d43af66664f0f1337a49fcd8e945f0f8e21c87ed1f6e9a771b53a8f,gwsearch run
2396,1776550908.900479,fc2098317d43af66664f0f1337a49fcd8e945f0f8e21c87ed1f6e9a771b53a8f,gwsearch run
2397,1776551477.9452927,fc2098317d43af66664f0f1337a49fcd8e945f0f8e21c87ed1f6e9a771b53a8f,gwsearch run
2398,1776552049.155908,fc2098317d43af66664f0f1337a49fcd8e945f0f8e21c87ed1f6e9a771b53a8f,gwsearch run
2399,1776552619.6848576,fc2098317d43af66664f0f1337a49fcd8e945f0f8e21c87ed1f6e9a771b53a8f,gwsearch run
2400,1776553192.1640844,fc2098317d43af66664f0f1337a49fcd8e945f0f8e21c87ed1f6e9a771b53a8f,gwsearch run
2401,1776553762.6516771,fc2098317d43af66664f0f1337a49fcd8e945f0f8e21c87ed1f6e9a771b53a8f,gwsearch run
2402,1776554333.6839833,fc2098317d43af66664f0f1337a49fcd8e945f0f8e21c87ed1f6e9a771b53a8f,gwsearch run
2403,1776554913.1494012,fc2098317d43af66664f0f1337a49fcd8e945f0f8e21c87ed1f6e9a771b53a8f,gwsearch run
2404,1776555482.9282672,fc2098317d43af66664f0f1337a49fcd8e945f0f8e21c87ed1f6e9a771b53a8f,gwsearch run
2405,1776556052.8986778,fc2098317d43af66664f0f1337a49fcd8e945f0f8e21c87ed1f6e9a771b53a8f,gwsearch run
2406,1776556625.1647468,fc2098317d43af66664f0f1337a49fcd8e945f0f8e21c87ed1f6e9a771b53a8f,gwsearch run
2407,1776557195.1653755,fc2098317d43af66664f0f1337a49fcd8e945f0f8e21c87ed1f6e9a771b53a8f,gwsearch run
2408,1776557764.9147615,fc2098317d43af66664f0f1337a49fcd8e945f0f8e21c87ed1f6e9a771b53a8f,gwsearch run
2409,1776558335.4179885,fc2098317d43af66664f0f1337a49fcd8e945f0f8e21c87ed1f6e9a771b53a8f,gwsearch run
2410,1776558905.6620343,fc2098317d43af66664f0f1337a49fcd8e945f0f8e21c87ed1f6e9a771b53a8f,gwsearch run
2411,1776559490.9078267,fc2098317d43af66664f0f1337a49fcd8e945f0f8e21c87ed1f6e9a771b53a8f,gwsearch run
2412,1776560070.9121392,fc2098317d43af66664f0f1337a49fcd8e945f0f8e21c87ed1f6e9a771b53a8f,gwsearch run
2413,1776560641.4533179,fc2098317d43af66664f0f1337a49fcd8e945f0f8e21c87ed1f6e9a771b53a8f,gwsearch run
2414,1776561211.1875548,fc2098317d43af66664f0f1337a49fcd8e945f0f8e21c87ed1f6e9a771b53a8f,gwsearch run
2415,1776561780.9162333,fc2098317d43af66664f0f1337a49fcd8e945f0f8e21c87ed1f6e9a771b53a8f,gwsearch run
2416,1776562350.6661358,fc2098317d43af66664f0f1337a49fcd8e945f0f8e21c87ed1f6e9a771b53a8f,gwsearch run
2417,1776562920.3942401,fc2098317d43af66664f0f1337a49fcd8e945f0f8e21c87ed1f6e9a771b53a8f,gwsearch run
2418,1776563490.903788,fc2098317d43af66664f0f1337a49fcd8e945f0f8e21c87ed1f6e9a771b53a8f,gwsearch run
2419,1776564059.924244,fc2098317d43af66664f0f1337a49fcd8e945f0f8e21c87ed1f6e9a771b53a8f,gwsearch run
2420,1776564629.698927,fc2098317d43af66664f0f1337a49fcd8e945f0f8e21c87ed1f6e9a771b53a8f,gwsearch run
2421,1776565208.6524827,fc2098317d43af66664f0f1337a49fcd8e945f0f8e21c87ed1f6e9a771b53a8f,gwsearch run
2422,1776565778.9242954,fc2098317d43af66664f0f1337a49fcd8e945f0f8e21c87ed1f6e9a771b53a8f,gwsearch run
2423,1776566358.9066865,fc2098317d43af66664f0f1337a49fcd8e945f0f8e21c87ed1f6e9a771b53a8f,gwsearch run
2424,1776566934.172447,fc2098317d43af66664f0f1337a49fcd8e945f0f8e21c87ed1f6e9a771b53a8f,gwsearch run
2425,1776567505.9126463,fc2098317d43af66664f0f1337a49fcd8e945f0f8e21c87ed1f6e9a771b53a8f,gwsearch run
2426,1776568076.4077563,fc2098317d43af66664f0f1337a49fcd8e945f0f8e21c87ed1f6e9a771b53a8f,gwsearch run
2427,1776568645.9139094,fc2098317d43af66664f0f1337a49fcd8e945f0f8e21c87ed1f6e9a771b53a8f,gwsearch run
2428,1776569215.4185512,fc2098317d43af66664f0f1337a49fcd8e945f0f8e21c87ed1f6e9a771b53a8f,gwsearch run
2429,1776569785.6778307,fc2098317d43af66664f0f1337a49fcd8e945f0f8e21c87ed1f6e9a771b53a8f,gwsearch run
2430,1776570357.9148195,fc2098317d43af66664f0f1337a49fcd8e945f0f8e21c87ed1f6e9a771b53a8f,gwsearch run
2431,1776570928.4249952,fc2098317d43af66664f0f1337a49fcd8e945f0f8e21c87ed1f6e9a771b53a8f,gwsearch run
2432,1776571500.663615,fc2098317d43af66664f0f1337a49fcd8e945f0f8e21c87ed1f6e9a771b53a8f,gwsearch run
2433,1776572070.4115326,fc2098317d43af66664f0f1337a49fcd8e945f0f8e21c87ed1f6e9a771b53a8f,gwsearch run
2434,1776572640.1294594,fc2098317d43af66664f0f1337a49fcd8e945f0f8e21c87ed1f6e9a771b53a8f,gwsearch run
2435,1776573211.6567729,fc2098317d43af66664f0f1337a49fcd8e945f0f8e21c87ed1f6e9a771b53a8f,gwsearch run
2436,1776573782.4069006,fc2098317d43af66664f0f1337a49fcd8e945f0f8e21c87ed1f6e9a771b53a8f,gwsearch run
2437,1776574365.664133,fc2098317d43af66664f0f1337a49fcd8e945f0f8e21c87ed1f6e9a771b53a8f,gwsearch run
2438,1776574934.9322073,fc2098317d43af66664f0f1337a49fcd8e945f0f8e21c87ed1f6e9a771b53a8f,gwsearch run
2439,1776575506.662573,fc2098317d43af66664f0f1337a49fcd8e945f0f8e21c87ed1f6e9a771b53a8f,gwsearch run
2440,1776576075.9544551,fc2098317d43af66664f0f1337a49fcd8e945f0f8e21c87ed1f6e9a771b53a8f,gwsearch run
2441,1776576648.1544569,fc2098317d43af66664f0f1337a49fcd8e945f0f8e21c87ed1f6e9a771b53a8f,gwsearch run
2442,1776577219.6776989,fc2098317d43af66664f0f1337a49fcd8e945f0f8e21c87ed1f6e9a771b53a8f,gwsearch run
2443,1776577790.4116855,fc2098317d43af66664f0f1337a49fcd8e945f0f8e21c87ed1f6e9a771b53a8f,gwsearch run
2444,1776578362.9344532,fc2098317d43af66664f0f1337a49fcd8e945f0f8e21c87ed1f6e9a771b53a8f,gwsearch run
2445,1776578939.1700573,fc2098317d43af66664f0f1337a49fcd8e945f0f8e21c87ed1f6e9a771b53a8f,gwsearch run
2446,1776579509.1667743,fc2098317d43af66664f0f1337a49fcd8e945f0f8e21c87ed1f6e9a771b53a8f,gwsearch run
2447,1776580078.6470666,fc2098317d43af66664f0f1337a49fcd8e945f0f8e21c87ed1f6e9a771b53a8f,gwsearch run
2448,1776580649.1726434,fc2098317d43af66664f0f1337a49fcd8e945f0f8e21c87ed1f6e9a771b53a8f,gwsearch run
2449,1776581217.8981357,fc2098317d43af66664f0f1337a49fcd8e945f0f8e21c87ed1f6e9a771b53a8f,gwsearch run
2450,1776581787.9359486,fc2098317d43af66664f0f1337a49fcd8e945f0f8e21c87ed1f6e9a771b53a8f,gwsearch run
2451,1776582358.912892,fc2098317d43af66664f0f1337a49fcd8e945f0f8e21c87ed1f6e9a771b53a8f,gwsearch run
2452,1776582929.1631916,fc2098317d43af66664f0f1337a49fcd8e945f0f8e21c87ed1f6e9a771b53a8f,gwsearch run
2453,1776583500.6637526,fc2098317d43af66664f0f1337a49fcd8e945f0f8e21c87ed1f6e9a771b53a8f,gwsearch run
2454,1776584070.1606653,fc2098317d43af66664f0f1337a49fcd8e945f0f8e21c87ed1f6e9a771b53a8f,gwsearch run
2455,1776584641.4070904,fc2098317d43af66664f0f1337a49fcd8e945f0f8e21c87ed1f6e9a771b53a8f,gwsearch run
2456,1776585212.4084764,fc2098317d43af66664f0f1337a49fcd8e945f0f8e21c87ed1f6e9a771b53a8f,gwsearch run
2457,1776585784.3971136,fc2098317d43af66664f0f1337a49fcd8e945f0f8e21c87ed1f6e9a771b53a8f,gwsearch run
2458,1776586362.9064944,fc2098317d43af66664f0f1337a49fcd8e945f0f8e21c87ed1f6e9a771b53a8f,gwsearch run
2459,1776586933.1742597,fc2098317d43af66664f0f1337a49fcd8e945f0f8e21c87ed1f6e9a771b53a8f,gwsearch run
2460,1776587503.915251,fc2098317d43af66664f0f1337a49fcd8e945f0f8e21c87ed1f6e9a771b53a8f,gwsearch run
2461,1776588073.6608007,fc2098317d43af66664f0f1337a49fcd8e945f0f8e21c87ed1f6e9a771b53a8f,gwsearch run
2462,1776588641.9163864,fc2098317d43af66664f0f1337a49fcd8e945f0f8e21c87ed1f6e9a771b53a8f,gwsearch run
2463,1776589212.671972,fc2098317d43af66664f0f1337a49fcd8e945f0f8e21c87ed1f6e9a771b53a8f,gwsearch run
2464,1776589782.6450698,fc2098317d43af66664f0f1337a49fcd8e945f0f8e21c87ed1f6e9a771b53a8f,gwsearch run
2465,1776590351.4374259,fc2098317d43af66664f0f1337a49fcd8e945f0f8e21c87ed1f6e9a771b53a8f,gwsearch run
2466,1776590921.9321795,fc2098317d43af66664f0f1337a49fcd8e945f0f8e21c87ed1f6e9a771b53a8f,gwsearch run
2467,1776591503.1534495,fc2098317d43af66664f0f1337a49fcd8e945f0f8e21c87ed1f6e9a771b53a8f,gwsearch run
2468,1776592073.4090984,fc2098317d43af66664f0f1337a49fcd8e945f0f8e21c87ed1f6e9a771b53a8f,gwsearch run
2469,1776592643.9164436,fc2098317d43af66664f0f1337a49fcd8e945f0f8e21c87ed1f6e9a771b53a8f,gwsearch run
2470,1776593213.4230886,fc2098317d43af66664f0f1337a49fcd8e945f0f8e21c87ed1f6e9a771b53a8f,gwsearch run
2471,1776593783.42264,fc2098317d43af66664f0f1337a49fcd8e945f0f8e21c87ed1f6e9a771b53a8f,gwsearch run
2472,1776594353.1639268,fc2098317d43af66664f0f1337a49fcd8e945f0f8e21c87ed1f6e9a771b53a8f,gwsearch run
2473,1776594924.6775942,fc2098317d43af66664f0f1337a49fcd8e945f0f8e21c87ed1f6e9a771b53a8f,gwsearch run
2474,1776595494.413496,fc2098317d43af66664f0f1337a49fcd8e945f0f8e21c87ed1f6e9a771b53a8f,gwsearch run
2475,1776596082.4099588,fc2098317d43af66664f0f1337a49fcd8e945f0f8e21c87ed1f6e9a771b53a8f,gwsearch run
2476,1776596653.9244926,fc2098317d43af66664f0f1337a49fcd8e945f0f8e21c87ed1f6e9a771b53a8f,gwsearch run
2477,1776597224.408114,fc2098317d43af66664f0f1337a49fcd8e945f0f8e21c87ed1f6e9a771b53a8f,gwsearch run
2478,1776597795.6759436,fc2098317d43af66664f0f1337a49fcd8e945f0f8e21c87ed1f6e9a771b53a8f,gwsearch run
2479,1776598366.6499593,fc2098317d43af66664f0f1337a49fcd8e945f0f8e21c87ed1f6e9a771b53a8f,gwsearch run
2480,1776598938.184365,fc2098317d43af66664f0f1337a49fcd8e945f0f8e21c87ed1f6e9a771b53a8f,gwsearch run
2481,1776599508.1407795,fc2098317d43af66664f0f1337a49fcd8e945f0f8e21c87ed1f6e9a771b53a8f,gwsearch run
2482,1776600077.9284282,fc2098317d43af66664f0f1337a49fcd8e945f0f8e21c87ed1f6e9a771b53a8f,gwsearch run
2483,1776600646.9487176,fc2098317d43af66664f0f1337a49fcd8e945f0f8e21c87ed1f6e9a771b53a8f,gwsearch run
2484,1776601216.43702,fc2098317d43af66664f0f1337a49fcd8e945f0f8e21c87ed1f6e9a771b53a8f,gwsearch run
2485,1776601787.1706269,fc2098317d43af66664f0f1337a49fcd8e945f0f8e21c87ed1f6e9a771b53a8f,gwsearch run
2486,1776602358.901321,fc2098317d43af66664f0f1337a49fcd8e945f0f8e21c87ed1f6e9a771b53a8f,gwsearch run
2487,1776602938.1790986,fc2098317d43af66664f0f1337a49fcd8e945f0f8e21c87ed1f6e9a771b53a8f,gwsearch run
2488,1776603510.2005272,fc2098317d43af66664f0f1337a49fcd8e945f0f8e21c87ed1f6e9a771b53a8f,gwsearch run
2489,1776604081.1487226,fc2098317d43af66664f0f1337a49fcd8e945f0f8e21c87ed1f6e9a771b53a8f,gwsearch run
2490,1776604652.15639,fc2098317d43af66664f0f1337a49fcd8e945f0f8e21c87ed1f6e9a771b53a8f,gwsearch run
2491,1776605226.4286962,fc2098317d43af66664f0f1337a49fcd8e945f0f8e21c87ed1f6e9a771b53a8f,gwsearch run
2492,1776605797.6558259,fc2098317d43af66664f0f1337a49fcd8e945f0f8e21c87ed1f6e9a771b53a8f,gwsearch run
2493,1776606368.4008157,fc2098317d43af66664f0f1337a49fcd8e945f0f8e21c87ed1f6e9a771b53a8f,gwsearch run
2494,1776606944.9110885,fc2098317d43af66664f0f1337a49fcd8e945f0f8e21c87ed1f6e9a771b53a8f,gwsearch run
2495,1776607527.154585,fc2098317d43af66664f0f1337a49fcd8e945f0f8e21c87ed1f6e9a771b53a8f,gwsearch run
2496,1776608100.1829624,fc2098317d43af66664f0f1337a49fcd8e945f0f8e21c87ed1f6e9a771b53a8f,gwsearch run
2497,1776608671.401387,fc2098317d43af66664f0f1337a49fcd8e945f0f8e21c87ed1f6e9a771b53a8f,gwsearch run
2498,1776609243.9045732,fc2098317d43af66664f0f1337a49fcd8e945f0f8e21c87ed1f6e9a771b53a8f,gwsearch run
2499,1776609816.6581135,fc2098317d43af66664f0f1337a49fcd8e945f0f8e21c87ed1f6e9a771b53a8f,gwsearch run
2500,1776610390.8999805,fc2098317d43af66664f0f1337a49fcd8e945f0f8e21c87ed1f6e9a771b53a8f,gwsearch run
2501,1776610960.9057267,fc2098317d43af66664f0f1337a49fcd8e945f0f8e21c87ed1f6e9a771b53a8f,gwsearch run
2502,1776611532.9132793,fc2098317d43af66664f0f1337a49fcd8e945f0f8e21c87ed1f6e9a771b53a8f,gwsearch run
2503,1776612102.685733,fc2098317d43af66664f0f1337a49fcd8e945f0f8e21c87ed1f6e9a771b53a8f,gwsearch run
2504,1776612677.4148138,fc2098317d43af66664f0f1337a49fcd8e945f0f8e21c87ed1f6e9a771b53a8f,gwsearch run
2505,1776613250.6607943,fc2098317d43af66664f0f1337a49fcd8e945f0f8e21c87ed1f6e9a771b53a8f,gwsearch run
2506,1776613820.516374,fc2098317d43af66664f0f1337a49fcd8e945f0f8e21c87ed1f6e9a771b53a8f,gwsearch run
2507,1776614391.1405456,fc2098317d43af66664f0f1337a49fcd8e945f0f8e21c87ed1f6e9a771b53a8f,gwsearch run
2508,1776614961.906452,fc2098317d43af66664f0f1337a49fcd8e945f0f8e21c87ed1f6e9a771b53a8f,gwsearch run
2509,1776615535.9102867,fc2098317d43af66664f0f1337a49fcd8e945f0f8e21c87ed1f6e9a771b53a8f,gwsearch run
2510,1776616108.1711156,fc2098317d43af66664f0f1337a49fcd8e945f0f8e21c87ed1f6e9a771b53a8f,gwsearch run
2511,1776616678.1703477,fc2098317d43af66664f0f1337a49fcd8e945f0f8e21c87ed1f6e9a771b53a8f,gwsearch run
2512,1776617249.9258242,fc2098317d43af66664f0f1337a49fcd8e945f0f8e21c87ed1f6e9a771b53a8f,gwsearch run
2513,1776617821.169324,fc2098317d43af66664f0f1337a49fcd8e945f0f8e21c87ed1f6e9a771b53a8f,gwsearch run
2514,1776618392.4169736,fc2098317d43af66664f0f1337a49fcd8e945f0f8e21c87ed1f6e9a771b53a8f,gwsearch run
2515,1776618962.4046614,fc2098317d43af66664f0f1337a49fcd8e945f0f8e21c87ed1f6e9a771b53a8f,gwsearch run
2516,1776619532.153161,fc2098317d43af66664f0f1337a49fcd8e945f0f8e21c87ed1f6e9a771b53a8f,gwsearch run
2517,1776620109.4060664,fc2098317d43af66664f0f1337a49fcd8e945f0f8e21c87ed1f6e9a771b53a8f,gwsearch run
2518,1776620679.1703925,fc2098317d43af66664f0f1337a49fcd8e945f0f8e21c87ed1f6e9a771b53a8f,gwsearch run
2519,1776621249.4031465,fc2098317d43af66664f0f1337a49fcd8e945f0f8e21c87ed1f6e9a771b53a8f,gwsearch run
2520,1776621818.9280884,fc2098317d43af66664f0f1337a49fcd8e945f0f8e21c87ed1f6e9a771b53a8f,gwsearch run
2521,1776622388.433191,fc2098317d43af66664f0f1337a49fcd8e945f0f8e21c87ed1f6e9a771b53a8f,gwsearch run
2522,1776622956.905215,fc2098317d43af66664f0f1337a49fcd8e945f0f8e21c87ed1f6e9a771b53a8f,gwsearch run
2523,1776623526.4136057,fc2098317d43af66664f0f1337a49fcd8e945f0f8e21c87ed1f6e9a771b53a8f,gwsearch run
2524,1776624099.6799736,fc2098317d43af66664f0f1337a49fcd8e945f0f8e21c87ed1f6e9a771b53a8f,gwsearch run
2525,1776624668.6565278,fc2098317d43af66664f0f1337a49fcd8e945f0f8e21c87ed1f6e9a771b53a8f,gwsearch run
2526,1776625238.4065084,fc2098317d43af66664f0f1337a49fcd8e945f0f8e21c87ed1f6e9a771b53a8f,gwsearch run
2527,1776625808.6647518,fc2098317d43af66664f0f1337a49fcd8e945f0f8e21c87ed1f6e9a771b53a8f,gwsearch run
2528,1776626378.1662087,fc2098317d43af66664f0f1337a49fcd8e945f0f8e21c87ed1f6e9a771b53a8f,gwsearch run
2529,1776626955.3872054,fc2098317d43af66664f0f1337a49fcd8e945f0f8e21c87ed1f6e9a771b53a8f,gwsearch run
2530,1776627533.2015939,fc2098317d43af66664f0f1337a49fcd8e945f0f8e21c87ed1f6e9a771b53a8f,gwsearch run
2531,1776628102.1458168,fc2098317d43af66664f0f1337a49fcd8e945f0f8e21c87ed1f6e9a771b53a8f,gwsearch run
2532,1776628672.670369,fc2098317d43af66664f0f1337a49fcd8e945f0f8e21c87ed1f6e9a771b53a8f,gwsearch run
2533,1776629240.670381,fc2098317d43af66664f0f1337a49fcd8e945f0f8e21c87ed1f6e9a771b53a8f,gwsearch run
2534,1776629810.185343,fc2098317d43af66664f0f1337a49fcd8e945f0f8e21c87ed1f6e9a771b53a8f,gwsearch run
2535,1776630379.913554,fc2098317d43af66664f0f1337a49fcd8e945f0f8e21c87ed1f6e9a771b53a8f,gwsearch run
2536,1776630947.6696532,fc2098317d43af66664f0f1337a49fcd8e945f0f8e21c87ed1f6e9a771b53a8f,gwsearch run
2537,1776631518.3944457,fc2098317d43af66664f0f1337a49fcd8e945f0f8e21c87ed1f6e9a771b53a8f,gwsearch run
2538,1776632087.9451478,fc2098317d43af66664f0f1337a49fcd8e945f0f8e21c87ed1f6e9a771b53a8f,gwsearch run
2539,1776632659.1828027,fc2098317d43af66664f0f1337a49fcd8e945f0f8e21c87ed1f6e9a771b53a8f,gwsearch run
2540,1776633229.4025688,fc2098317d43af66664f0f1337a49fcd8e945f0f8e21c87ed1f6e9a771b53a8f,gwsearch run
2541,1776633798.6744335,fc2098317d43af66664f0f1337a49fcd8e945f0f8e21c87ed1f6e9a771b53a8f,gwsearch run
2542,1776634367.915682,fc2098317d43af66664f0f1337a49fcd8e945f0f8e21c87ed1f6e9a771b53a8f,gwsearch run
2543,1776634935.6635013,fc2098317d43af66664f0f1337a49fcd8e945f0f8e21c87ed1f6e9a771b53a8f,gwsearch run
2544,1776635502.6780183,fc2098317d43af66664f0f1337a49fcd8e945f0f8e21c87ed1f6e9a771b53a8f,gwsearch run
2545,1776636073.4136,fc2098317d43af66664f0f1337a49fcd8e945f0f8e21c87ed1f6e9a771b53a8f,gwsearch run
2546,1776636642.9192872,fc2098317d43af66664f0f1337a49fcd8e945f0f8e21c87ed1f6e9a771b53a8f,gwsearch run
2547,1776637212.4095244,fc2098317d43af66664f0f1337a49fcd8e945f0f8e21c87ed1f6e9a771b53a8f,gwsearch run
2548,1776637782.1700604,fc2098317d43af66664f0f1337a49fcd8e945f0f8e21c87ed1f6e9a771b53a8f,gwsearch run
2549,1776638353.4147983,fc2098317d43af66664f0f1337a49fcd8e945f0f8e21c87ed1f6e9a771b53a8f,gwsearch run
2550,1776638924.1483374,fc2098317d43af66664f0f1337a49fcd8e945f0f8e21c87ed1f6e9a771b53a8f,gwsearch run
2551,1776639493.6688583,fc2098317d43af66664f0f1337a49fcd8e945f0f8e21c87ed1f6e9a771b53a8f,gwsearch run
2552,1776640065.9092233,fc2098317d43af66664f0f1337a49fcd8e945f0f8e21c87ed1f6e9a771b53a8f,gwsearch run
2553,1776640636.9238408,fc2098317d43af66664f0f1337a49fcd8e945f0f8e21c87ed1f6e9a771b53a8f,gwsearch run
2554,1776641206.9172904,fc2098317d43af66664f0f1337a49fcd8e945f0f8e21c87ed1f6e9a771b53a8f,gwsearch run
2555,1776641776.1633897,fc2098317d43af66664f0f1337a49fcd8e945f0f8e21c87ed1f6e9a771b53a8f,gwsearch run
2556,1776642345.915957,fc2098317d43af66664f0f1337a49fcd8e945f0f8e21c87ed1f6e9a771b53a8f,gwsearch run
2557,1776642917.6820748,fc2098317d43af66664f0f1337a49fcd8e945f0f8e21c87ed1f6e9a771b53a8f,gwsearch run
2558,1776643487.4065154,fc2098317d43af66664f0f1337a49fcd8e945f0f8e21c87ed1f6e9a771b53a8f,gwsearch run
2559,1776644056.6605706,fc2098317d43af66664f0f1337a49fcd8e945f0f8e21c87ed1f6e9a771b53a8f,gwsearch run
2560,1776644625.647137,fc2098317d43af66664f0f1337a49fcd8e945f0f8e21c87ed1f6e9a771b53a8f,gwsearch run
2561,1776645204.4201596,fc2098317d43af66664f0f1337a49fcd8e945f0f8e21c87ed1f6e9a771b53a8f,gwsearch run
2562,1776645774.9073792,fc2098317d43af66664f0f1337a49fcd8e945f0f8e21c87ed1f6e9a771b53a8f,gwsearch run
2563,1776646344.156336,fc2098317d43af66664f0f1337a49fcd8e945f0f8e21c87ed1f6e9a771b53a8f,gwsearch run
2564,1776646925.8912642,fc2098317d43af66664f0f1337a49fcd8e945f0f8e21c87ed1f6e9a771b53a8f,gwsearch run
2565,1776647495.9207976,fc2098317d43af66664f0f1337a49fcd8e945f0f8e21c87ed1f6e9a771b53a8f,gwsearch run
2566,1776648066.693797,fc2098317d43af66664f0f1337a49fcd8e945f0f8e21c87ed1f6e9a771b53a8f,gwsearch run
2567,1776648637.4283106,fc2098317d43af66664f0f1337a49fcd8e945f0f8e21c87ed1f6e9a771b53a8f,gwsearch run
2568,1776649207.4332032,fc2098317d43af66664f0f1337a49fcd8e945f0f8e21c87ed1f6e9a771b53a8f,gwsearch run
2569,1776649778.9975138,fc2098317d43af66664f0f1337a49fcd8e945f0f8e21c87ed1f6e9a771b53a8f,gwsearch run
2570,1776650348.4157057,fc2098317d43af66664f0f1337a49fcd8e945f0f8e21c87ed1f6e9a771b53a8f,gwsearch run
2571,1776650919.4135008,fc2098317d43af66664f0f1337a49fcd8e945f0f8e21c87ed1f6e9a771b53a8f,gwsearch run
2572,1776651487.6665769,fc2098317d43af66664f0f1337a49fcd8e945f0f8e21c87ed1f6e9a771b53a8f,gwsearch run
2573,1776652056.9171326,fc2098317d43af66664f0f1337a49fcd8e945f0f8e21c87ed1f6e9a771b53a8f,gwsearch run
2574,1776652628.426987,fc2098317d43af66664f0f1337a49fcd8e945f0f8e21c87ed1f6e9a771b53a8f,gwsearch run
2575,1776653199.1724648,fc2098317d43af66664f0f1337a49fcd8e945f0f8e21c87ed1f6e9a771b53a8f,gwsearch run
2576,1776653768.145974,fc2098317d43af66664f0f1337a49fcd8e945f0f8e21c87ed1f6e9a771b53a8f,gwsearch run
2577,1776654337.9054692,fc2098317d43af66664f0f1337a49fcd8e945f0f8e21c87ed1f6e9a771b53a8f,gwsearch run
2578,1776654907.438236,fc2098317d43af66664f0f1337a49fcd8e945f0f8e21c87ed1f6e9a771b53a8f,gwsearch run
2579,1776655477.4287102,fc2098317d43af66664f0f1337a49fcd8e945f0f8e21c87ed1f6e9a771b53a8f,gwsearch run
2580,1776656048.9271019,fc2098317d43af66664f0f1337a49fcd8e945f0f8e21c87ed1f6e9a771b53a8f,gwsearch run
2581,1776656620.9184597,fc2098317d43af66664f0f1337a49fcd8e945f0f8e21c87ed1f6e9a771b53a8f,gwsearch run
2582,1776657191.4173393,fc2098317d43af66664f0f1337a49fcd8e945f0f8e21c87ed1f6e9a771b53a8f,gwsearch run
2583,1776657761.4127321,fc2098317d43af66664f0f1337a49fcd8e945f0f8e21c87ed1f6e9a771b53a8f,gwsearch run
2584,1776658332.6630952,fc2098317d43af66664f0f1337a49fcd8e945f0f8e21c87ed1f6e9a771b53a8f,gwsearch run
2585,1776658903.6724708,fc2098317d43af66664f0f1337a49fcd8e945f0f8e21c87ed1f6e9a771b53a8f,gwsearch run
2586,1776659476.6688836,fc2098317d43af66664f0f1337a49fcd8e945f0f8e21c87ed1f6e9a771b53a8f,gwsearch run
2587,1776660049.1564686,fc2098317d43af66664f0f1337a49fcd8e945f0f8e21c87ed1f6e9a771b53a8f,gwsearch run
2588,1776660620.6615362,fc2098317d43af66664f0f1337a49fcd8e945f0f8e21c87ed1f6e9a771b53a8f,gwsearch run
2589,1776661191.4274662,fc2098317d43af66664f0f1337a49fcd8e945f0f8e21c87ed1f6e9a771b53a8f,gwsearch run
2590,1776661762.6723542,fc2098317d43af66664f0f1337a49fcd8e945f0f8e21c87ed1f6e9a771b53a8f,gwsearch run
2591,1776662332.9334571,fc2098317d43af66664f0f1337a49fcd8e945f0f8e21c87ed1f6e9a771b53a8f,gwsearch run
2592,1776662902.6521904,fc2098317d43af66664f0f1337a49fcd8e945f0f8e21c87ed1f6e9a771b53a8f,gwsearch run
2593,1776663471.1779344,fc2098317d43af66664f0f1337a49fcd8e945f0f8e21c87ed1f6e9a771b53a8f,gwsearch run
2594,1776664042.1651216,fc2098317d43af66664f0f1337a49fcd8e945f0f8e21c87ed1f6e9a771b53a8f,gwsearch run
2595,1776664612.6276264,fc2098317d43af66664f0f1337a49fcd8e945f0f8e21c87ed1f6e9a771b53a8f,gwsearch run
2596,1776665181.430769,fc2098317d43af66664f0f1337a49fcd8e945f0f8e21c87ed1f6e9a771b53a8f,gwsearch run
2597,1776665750.9342089,fc2098317d43af66664f0f1337a49fcd8e945f0f8e21c87ed1f6e9a771b53a8f,gwsearch run
2598,1776666319.1736722,fc2098317d43af66664f0f1337a49fcd8e945f0f8e21c87ed1f6e9a771b53a8f,gwsearch run
2599,1776666889.4075031,fc2098317d43af66664f0f1337a49fcd8e945f0f8e21c87ed1f6e9a771b53a8f,gwsearch run
2600,1776667458.6487856,fc2098317d43af66664f0f1337a49fcd8e945f0f8e21c87ed1f6e9a771b53a8f,gwsearch run
2601,1776668028.9126606,fc2098317d43af66664f0f1337a49fcd8e945f0f8e21c87ed1f6e9a771b53a8f,gwsearch run
2602,1776668608.4126735,fc2098317d43af66664f0f1337a49fcd8e945f0f8e21c87ed1f6e9a771b53a8f,gwsearch run
2603,1776669177.897168,fc2098317d43af66664f0f1337a49fcd8e945f0f8e21c87ed1f6e9a771b53a8f,gwsearch run
2604,1776669748.6943107,fc2098317d43af66664f0f1337a49fcd8e945f0f8e21c87ed1f6e9a771b53a8f,gwsearch run
2605,1776670319.1812465,fc2098317d43af66664f0f1337a49fcd8e945f0f8e21c87ed1f6e9a771b53a8f,gwsearch run
2606,1776670888.4230192,fc2098317d43af66664f0f1337a49fcd8e945f0f8e21c87ed1f6e9a771b53a8f,gwsearch run
2607,1776671458.4329228,fc2098317d43af66664f0f1337a49fcd8e945f0f8e21c87ed1f6e9a771b53a8f,gwsearch run
2608,1776672027.6778648,fc2098317d43af66664f0f1337a49fcd8e945f0f8e21c87ed1f6e9a771b53a8f,gwsearch run
2609,1776672598.1703572,fc2098317d43af66664f0f1337a49fcd8e945f0f8e21c87ed1f6e9a771b53a8f,gwsearch run
2610,1776673168.9322963,fc2098317d43af66664f0f1337a49fcd8e945f0f8e21c87ed1f6e9a771b53a8f,gwsearch run
2611,1776673738.91593,fc2098317d43af66664f0f1337a49fcd8e945f0f8e21c87ed1f6e9a771b53a8f,gwsearch run
2612,1776674307.4057891,fc2098317d43af66664f0f1337a49fcd8e945f0f8e21c87ed1f6e9a771b53a8f,gwsearch run
2613,1776674877.429476,fc2098317d43af66664f0f1337a49fcd8e945f0f8e21c87ed1f6e9a771b53a8f,gwsearch run
2614,1776675448.8774605,fc2098317d43af66664f0f1337a49fcd8e945f0f8e21c87ed1f6e9a771b53a8f,gwsearch run
2615,1776676019.1571856,fc2098317d43af66664f0f1337a49fcd8e945f0f8e21c87ed1f6e9a771b53a8f,gwsearch run
2616,1776676589.3377602,fc2098317d43af66664f0f1337a49fcd8e945f0f8e21c87ed1f6e9a771b53a8f,gwsearch run
2617,1776677159.9082835,fc2098317d43af66664f0f1337a49fcd8e945f0f8e21c87ed1f6e9a771b53a8f,gwsearch run
2618,1776677730.666391,fc2098317d43af66664f0f1337a49fcd8e945f0f8e21c87ed1f6e9a771b53a8f,gwsearch run
2619,1776678300.9387672,fc2098317d43af66664f0f1337a49fcd8e945f0f8e21c87ed1f6e9a771b53a8f,gwsearch run
2620,1776678871.425527,fc2098317d43af66664f0f1337a49fcd8e945f0f8e21c87ed1f6e9a771b53a8f,gwsearch run
2621,1776679442.4306922,fc2098317d43af66664f0f1337a49fcd8e945f0f8e21c87ed1f6e9a771b53a8f,gwsearch run
2622,1776680015.1588128,fc2098317d43af66664f0f1337a49fcd8e945f0f8e21c87ed1f6e9a771b53a8f,gwsearch run
2623,1776680585.6632621,fc2098317d43af66664f0f1337a49fcd8e945f0f8e21c87ed1f6e9a771b53a8f,gwsearch run
2624,1776681155.1661873,fc2098317d43af66664f0f1337a49fcd8e945f0f8e21c87ed1f6e9a771b53a8f,gwsearch run
2625,1776681724.1716945,fc2098317d43af66664f0f1337a49fcd8e945f0f8e21c87ed1f6e9a771b53a8f,gwsearch run
2626,1776682295.1572988,fc2098317d43af66664f0f1337a49fcd8e945f0f8e21c87ed1f6e9a771b53a8f,gwsearch run
2627,1776682865.892234,fc2098317d43af66664f0f1337a49fcd8e945f0f8e21c87ed1f6e9a771b53a8f,gwsearch run
2628,1776683434.420266,fc2098317d43af66664f0f1337a49fcd8e945f0f8e21c87ed1f6e9a771b53a8f,gwsearch run
2629,1776684004.4319584,fc2098317d43af66664f0f1337a49fcd8e945f0f8e21c87ed1f6e9a771b53a8f,gwsearch run
2630,1776684575.1617355,fc2098317d43af66664f0f1337a49fcd8e945f0f8e21c87ed1f6e9a771b53a8f,gwsearch run
2631,1776685147.9511962,fc2098317d43af66664f0f1337a49fcd8e945f0f8e21c87ed1f6e9a771b53a8f,gwsearch run
2632,1776685720.1699522,fc2098317d43af66664f0f1337a49fcd8e945f0f8e21c87ed1f6e9a771b53a8f,gwsearch run
2633,1776686289.3347628,fc2098317d43af66664f0f1337a49fcd8e945f0f8e21c87ed1f6e9a771b53a8f,gwsearch run
2634,1776686859.658962,fc2098317d43af66664f0f1337a49fcd8e945f0f8e21c87ed1f6e9a771b53a8f,gwsearch run
2635,1776687428.949766,fc2098317d43af66664f0f1337a49fcd8e945f0f8e21c87ed1f6e9a771b53a8f,gwsearch run
2636,1776688002.4021785,fc2098317d43af66664f0f1337a49fcd8e945f0f8e21c87ed1f6e9a771b53a8f,gwsearch run
2637,1776688575.6442275,fc2098317d43af66664f0f1337a49fcd8e945f0f8e21c87ed1f6e9a771b53a8f,gwsearch run
2638,1776689146.9293933,fc2098317d43af66664f0f1337a49fcd8e945f0f8e21c87ed1f6e9a771b53a8f,gwsearch run
2639,1776689718.6708252,fc2098317d43af66664f0f1337a49fcd8e945f0f8e21c87ed1f6e9a771b53a8f,gwsearch run
2640,1776690289.4363065,fc2098317d43af66664f0f1337a49fcd8e945f0f8e21c87ed1f6e9a771b53a8f,gwsearch run
2641,1776690860.4308178,fc2098317d43af66664f0f1337a49fcd8e945f0f8e21c87ed1f6e9a771b53a8f,gwsearch run
2642,1776691432.182501,fc2098317d43af66664f0f1337a49fcd8e945f0f8e21c87ed1f6e9a771b53a8f,gwsearch run
2643,1776692000.6868021,fc2098317d43af66664f0f1337a49fcd8e945f0f8e21c87ed1f6e9a771b53a8f,gwsearch run
2644,1776692570.1712947,fc2098317d43af66664f0f1337a49fcd8e945f0f8e21c87ed1f6e9a771b53a8f,gwsearch run
2645,1776693139.181251,fc2098317d43af66664f0f1337a49fcd8e945f0f8e21c87ed1f6e9a771b53a8f,gwsearch run
2646,1776693712.668048,fc2098317d43af66664f0f1337a49fcd8e945f0f8e21c87ed1f6e9a771b53a8f,gwsearch run
2647,1776694284.415556,fc2098317d43af66664f0f1337a49fcd8e945f0f8e21c87ed1f6e9a771b53a8f,gwsearch run
2648,1776694855.173375,fc2098317d43af66664f0f1337a49fcd8e945f0f8e21c87ed1f6e9a771b53a8f,gwsearch run
2649,1776695430.4207678,fc2098317d43af66664f0f1337a49fcd8e945f0f8e21c87ed1f6e9a771b53a8f,gwsearch run
2650,1776696000.1907105,fc2098317d43af66664f0f1337a49fcd8e945f0f8e21c87ed1f6e9a771b53a8f,gwsearch run
2651,1776696571.6576183,fc2098317d43af66664f0f1337a49fcd8e945f0f8e21c87ed1f6e9a771b53a8f,gwsearch run
2652,1776697141.6618893,fc2098317d43af66664f0f1337a49fcd8e945f0f8e21c87ed1f6e9a771b53a8f,gwsearch run
2653,1776697721.444739,fc2098317d43af66664f0f1337a49fcd8e945f0f8e21c87ed1f6e9a771b53a8f,gwsearch run
2654,1776698300.4176102,fc2098317d43af66664f0f1337a49fcd8e945f0f8e21c87ed1f6e9a771b53a8f,gwsearch run
2655,1776698871.1624408,fc2098317d43af66664f0f1337a49fcd8e945f0f8e21c87ed1f6e9a771b53a8f,gwsearch run
2656,1776699440.9190512,fc2098317d43af66664f0f1337a49fcd8e945f0f8e21c87ed1f6e9a771b53a8f,gwsearch run
2657,1776700020.4263127,fc2098317d43af66664f0f1337a49fcd8e945f0f8e21c87ed1f6e9a771b53a8f,gwsearch run
2658,1776700588.89362,fc2098317d43af66664f0f1337a49fcd8e945f0f8e21c87ed1f6e9a771b53a8f,gwsearch run
2659,1776701158.6700022,fc2098317d43af66664f0f1337a49fcd8e945f0f8e21c87ed1f6e9a771b53a8f,gwsearch run
2660,1776701729.1580522,fc2098317d43af66664f0f1337a49fcd8e945f0f8e21c87ed1f6e9a771b53a8f,gwsearch run
2661,1776702306.1848278,fc2098317d43af66664f0f1337a49fcd8e945f0f8e21c87ed1f6e9a771b53a8f,gwsearch run
2662,1776702876.710458,fc2098317d43af66664f0f1337a49fcd8e945f0f8e21c87ed1f6e9a771b53a8f,gwsearch run
2663,1776703447.4113362,fc2098317d43af66664f0f1337a49fcd8e945f0f8e21c87ed1f6e9a771b53a8f,gwsearch run
2664,1776704018.9338195,fc2098317d43af66664f0f1337a49fcd8e945f0f8e21c87ed1f6e9a771b53a8f,gwsearch run
2665,1776704589.148434,fc2098317d43af66664f0f1337a49fcd8e945f0f8e21c87ed1f6e9a771b53a8f,gwsearch run
2666,1776705158.4302187,fc2098317d43af66664f0f1337a49fcd8e945f0f8e21c87ed1f6e9a771b53a8f,gwsearch run
2667,1776705728.7333894,fc2098317d43af66664f0f1337a49fcd8e945f0f8e21c87ed1f6e9a771b53a8f,gwsearch run
2668,1776706299.6806357,fc2098317d43af66664f0f1337a49fcd8e945f0f8e21c87ed1f6e9a771b53a8f,gwsearch run
2669,1776706871.1575112,fc2098317d43af66664f0f1337a49fcd8e945f0f8e21c87ed1f6e9a771b53a8f,gwsearch run
2670,1776707441.4110398,fc2098317d43af66664f0f1337a49fcd8e945f0f8e21c87ed1f6e9a771b53a8f,gwsearch run
2671,1776708021.1502929,fc2098317d43af66664f0f1337a49fcd8e945f0f8e21c87ed1f6e9a771b53a8f,gwsearch run
2672,1776708591.9319084,fc2098317d43af66664f0f1337a49fcd8e945f0f8e21c87ed1f6e9a771b53a8f,gwsearch run
2673,1776709163.4116738,fc2098317d43af66664f0f1337a49fcd8e945f0f8e21c87ed1f6e9a771b53a8f,gwsearch run
2674,1776709733.170648,fc2098317d43af66664f0f1337a49fcd8e945f0f8e21c87ed1f6e9a771b53a8f,gwsearch run
2675,1776710303.4182928,fc2098317d43af66664f0f1337a49fcd8e945f0f8e21c87ed1f6e9a771b53a8f,gwsearch run
2676,1776710874.4263167,fc2098317d43af66664f0f1337a49fcd8e945f0f8e21c87ed1f6e9a771b53a8f,gwsearch run
2677,1776711445.9266708,fc2098317d43af66664f0f1337a49fcd8e945f0f8e21c87ed1f6e9a771b53a8f,gwsearch run
2678,1776712016.165469,fc2098317d43af66664f0f1337a49fcd8e945f0f8e21c87ed1f6e9a771b53a8f,gwsearch run
2679,1776712587.6710105,fc2098317d43af66664f0f1337a49fcd8e945f0f8e21c87ed1f6e9a771b53a8f,gwsearch run
2680,1776713160.3996885,fc2098317d43af66664f0f1337a49fcd8e945f0f8e21c87ed1f6e9a771b53a8f,gwsearch run
2681,1776713731.415177,fc2098317d43af66664f0f1337a49fcd8e945f0f8e21c87ed1f6e9a771b53a8f,gwsearch run
2682,1776714300.6638126,fc2098317d43af66664f0f1337a49fcd8e945f0f8e21c87ed1f6e9a771b53a8f,gwsearch run
2683,1776714871.4146361,fc2098317d43af66664f0f1337a49fcd8e945f0f8e21c87ed1f6e9a771b53a8f,gwsearch run
2684,1776715441.9364157,fc2098317d43af66664f0f1337a49fcd8e945f0f8e21c87ed1f6e9a771b53a8f,gwsearch run
2685,1776716013.9272103,fc2098317d43af66664f0f1337a49fcd8e945f0f8e21c87ed1f6e9a771b53a8f,gwsearch run
2686,1776716586.4034944,fc2098317d43af66664f0f1337a49fcd8e945f0f8e21c87ed1f6e9a771b53a8f,gwsearch run
2687,1776717158.8994067,fc2098317d43af66664f0f1337a49fcd8e945f0f8e21c87ed1f6e9a771b53a8f,gwsearch run
2688,1776717729.675394,fc2098317d43af66664f0f1337a49fcd8e945f0f8e21c87ed1f6e9a771b53a8f,gwsearch run
2689,1776718300.981091,fc2098317d43af66664f0f1337a49fcd8e945f0f8e21c87ed1f6e9a771b53a8f,gwsearch run
2690,1776718871.413625,fc2098317d43af66664f0f1337a49fcd8e945f0f8e21c87ed1f6e9a771b53a8f,gwsearch run
2691,1776719441.4223442,fc2098317d43af66664f0f1337a49fcd8e945f0f8e21c87ed1f6e9a771b53a8f,gwsearch run
2692,1776720011.9172523,fc2098317d43af66664f0f1337a49fcd8e945f0f8e21c87ed1f6e9a771b53a8f,gwsearch run
2693,1776720591.16105,fc2098317d43af66664f0f1337a49fcd8e945f0f8e21c87ed1f6e9a771b53a8f,gwsearch run
2694,1776721161.6635277,fc2098317d43af66664f0f1337a49fcd8e945f0f8e21c87ed1f6e9a771b53a8f,gwsearch run
2695,1776721732.1463444,fc2098317d43af66664f0f1337a49fcd8e945f0f8e21c87ed1f6e9a771b53a8f,gwsearch run
2696,1776722302.4235876,fc2098317d43af66664f0f1337a49fcd8e945f0f8e21c87ed1f6e9a771b53a8f,gwsearch run
2697,1776722871.9194062,fc2098317d43af66664f0f1337a49fcd8e945f0f8e21c87ed1f6e9a771b53a8f,gwsearch run
2698,1776723440.4323258,fc2098317d43af66664f0f1337a49fcd8e945f0f8e21c87ed1f6e9a771b53a8f,gwsearch run
2699,1776724009.4430904,fc2098317d43af66664f0f1337a49fcd8e945f0f8e21c87ed1f6e9a771b53a8f,gwsearch run
2700,1776724579.6584587,fc2098317d43af66664f0f1337a49fcd8e945f0f8e21c87ed1f6e9a771b53a8f,gwsearch run
2701,1776725149.6797445,fc2098317d43af66664f0f1337a49fcd8e945f0f8e21c87ed1f6e9a771b53a8f,gwsearch run
2702,1776725721.6488366,fc2098317d43af66664f0f1337a49fcd8e945f0f8e21c87ed1f6e9a771b53a8f,gwsearch run
2703,1776726291.6529968,fc2098317d43af66664f0f1337a49fcd8e945f0f8e21c87ed1f6e9a771b53a8f,gwsearch run
2704,1776726863.0670624,fc2098317d43af66664f0f1337a49fcd8e945f0f8e21c87ed1f6e9a771b53a8f,gwsearch run
2705,1776727433.6866033,fc2098317d43af66664f0f1337a49fcd8e945f0f8e21c87ed1f6e9a771b53a8f,gwsearch run
2706,1776728003.6606598,fc2098317d43af66664f0f1337a49fcd8e945f0f8e21c87ed1f6e9a771b53a8f,gwsearch run
2707,1776728573.1621,fc2098317d43af66664f0f1337a49fcd8e945f0f8e21c87ed1f6e9a771b53a8f,gwsearch run
2708,1776729142.8889718,fc2098317d43af66664f0f1337a49fcd8e945f0f8e21c87ed1f6e9a771b53a8f,gwsearch run
2709,1776729713.4102352,fc2098317d43af66664f0f1337a49fcd8e945f0f8e21c87ed1f6e9a771b53a8f,gwsearch run
2710,1776730284.4344172,fc2098317d43af66664f0f1337a49fcd8e945f0f8e21c87ed1f6e9a771b53a8f,gwsearch run
2711,1776730853.9206822,fc2098317d43af66664f0f1337a49fcd8e945f0f8e21c87ed1f6e9a771b53a8f,gwsearch run
2712,1776731423.6797159,fc2098317d43af66664f0f1337a49fcd8e945f0f8e21c87ed1f6e9a771b53a8f,gwsearch run
2713,1776731994.914948,fc2098317d43af66664f0f1337a49fcd8e945f0f8e21c87ed1f6e9a771b53a8f,gwsearch run
2714,1776732564.8993835,fc2098317d43af66664f0f1337a49fcd8e945f0f8e21c87ed1f6e9a771b53a8f,gwsearch run
2715,1776733135.4360456,fc2098317d43af66664f0f1337a49fcd8e945f0f8e21c87ed1f6e9a771b53a8f,gwsearch run
2716,1776733707.172478,fc2098317d43af66664f0f1337a49fcd8e945f0f8e21c87ed1f6e9a771b53a8f,gwsearch run
2717,1776734279.4296536,fc2098317d43af66664f0f1337a49fcd8e945f0f8e21c87ed1f6e9a771b53a8f,gwsearch run
2718,1776734851.6734614,fc2098317d43af66664f0f1337a49fcd8e945f0f8e21c87ed1f6e9a771b53a8f,gwsearch run
2719,1776735422.6693876,fc2098317d43af66664f0f1337a49fcd8e945f0f8e21c87ed1f6e9a771b53a8f,gwsearch run
2720,1776735992.9475193,fc2098317d43af66664f0f1337a49fcd8e945f0f8e21c87ed1f6e9a771b53a8f,gwsearch run
2721,1776736573.4163527,fc2098317d43af66664f0f1337a49fcd8e945f0f8e21c87ed1f6e9a771b53a8f,gwsearch run
2722,1776737143.4120193,fc2098317d43af66664f0f1337a49fcd8e945f0f8e21c87ed1f6e9a771b53a8f,gwsearch run
2723,1776737713.1796958,fc2098317d43af66664f0f1337a49fcd8e945f0f8e21c87ed1f6e9a771b53a8f,gwsearch run
2724,1776738283.6715076,fc2098317d43af66664f0f1337a49fcd8e945f0f8e21c87ed1f6e9a771b53a8f,gwsearch run
2725,1776738853.6924493,fc2098317d43af66664f0f1337a49fcd8e945f0f8e21c87ed1f6e9a771b53a8f,gwsearch run
2726,1776739424.6690834,fc2098317d43af66664f0f1337a49fcd8e945f0f8e21c87ed1f6e9a771b53a8f,gwsearch run
2727,1776739995.1620502,fc2098317d43af66664f0f1337a49fcd8e945f0f8e21c87ed1f6e9a771b53a8f,gwsearch run
2728,1776740566.1581903,fc2098317d43af66664f0f1337a49fcd8e945f0f8e21c87ed1f6e9a771b53a8f,gwsearch run
2729,1776741137.1852446,fc2098317d43af66664f0f1337a49fcd8e945f0f8e21c87ed1f6e9a771b53a8f,gwsearch run
2730,1776741706.9107077,fc2098317d43af66664f0f1337a49fcd8e945f0f8e21c87ed1f6e9a771b53a8f,gwsearch run
2731,1776742276.3913407,fc2098317d43af66664f0f1337a49fcd8e945f0f8e21c87ed1f6e9a771b53a8f,gwsearch run
2732,1776742846.247138,fc2098317d43af66664f0f1337a49fcd8e945f0f8e21c87ed1f6e9a771b53a8f,gwsearch run
2733,1776743417.9488847,fc2098317d43af66664f0f1337a49fcd8e945f0f8e21c87ed1f6e9a771b53a8f,gwsearch run
2734,1776743985.934683,fc2098317d43af66664f0f1337a49fcd8e945f0f8e21c87ed1f6e9a771b53a8f,gwsearch run
2735,1776744556.4352071,fc2098317d43af66664f0f1337a49fcd8e945f0f8e21c87ed1f6e9a771b53a8f,gwsearch run
2736,1776745126.6723378,fc2098317d43af66664f0f1337a49fcd8e945f0f8e21c87ed1f6e9a771b53a8f,gwsearch run
2737,1776745695.6692297,fc2098317d43af66664f0f1337a49fcd8e945f0f8e21c87ed1f6e9a771b53a8f,gwsearch run
2738,1776746275.4357054,fc2098317d43af66664f0f1337a49fcd8e945f0f8e21c87ed1f6e9a771b53a8f,gwsearch run
2739,1776746843.4085586,fc2098317d43af66664f0f1337a49fcd8e945f0f8e21c87ed1f6e9a771b53a8f,gwsearch run
2740,1776747413.6864696,fc2098317d43af66664f0f1337a49fcd8e945f0f8e21c87ed1f6e9a771b53a8f,gwsearch run
2741,1776747984.4276521,fc2098317d43af66664f0f1337a49fcd8e945f0f8e21c87ed1f6e9a771b53a8f,gwsearch run
2742,1776748553.9330966,fc2098317d43af66664f0f1337a49fcd8e945f0f8e21c87ed1f6e9a771b53a8f,gwsearch run
2743,1776749224.915319,fc2098317d43af66664f0f1337a49fcd8e945f0f8e21c87ed1f6e9a771b53a8f,gwsearch run
2744,1776749793.9177237,fc2098317d43af66664f0f1337a49fcd8e945f0f8e21c87ed1f6e9a771b53a8f,gwsearch run
2745,1776750365.4172997,fc2098317d43af66664f0f1337a49fcd8e945f0f8e21c87ed1f6e9a771b53a8f,gwsearch run
2746,1776750934.4182498,fc2098317d43af66664f0f1337a49fcd8e945f0f8e21c87ed1f6e9a771b53a8f,gwsearch run
2747,1776751504.4021847,fc2098317d43af66664f0f1337a49fcd8e945f0f8e21c87ed1f6e9a771b53a8f,gwsearch run
2748,1776752074.9315221,fc2098317d43af66664f0f1337a49fcd8e945f0f8e21c87ed1f6e9a771b53a8f,gwsearch run
2749,1776752645.1697884,fc2098317d43af66664f0f1337a49fcd8e945f0f8e21c87ed1f6e9a771b53a8f,gwsearch run
2750,1776753217.704478,fc2098317d43af66664f0f1337a49fcd8e945f0f8e21c87ed1f6e9a771b53a8f,gwsearch run
2751,1776753789.4056664,fc2098317d43af66664f0f1337a49fcd8e945f0f8e21c87ed1f6e9a771b53a8f,gwsearch run
2752,1776754360.669248,fc2098317d43af66664f0f1337a49fcd8e945f0f8e21c87ed1f6e9a771b53a8f,gwsearch run
2753,1776754932.6449804,fc2098317d43af66664f0f1337a49fcd8e945f0f8e21c87ed1f6e9a771b53a8f,gwsearch run
2754,1776755503.9261084,fc2098317d43af66664f0f1337a49fcd8e945f0f8e21c87ed1f6e9a771b53a8f,gwsearch run
2755,1776756075.9034047,fc2098317d43af66664f0f1337a49fcd8e945f0f8e21c87ed1f6e9a771b53a8f,gwsearch run
2756,1776756645.9209661,fc2098317d43af66664f0f1337a49fcd8e945f0f8e21c87ed1f6e9a771b53a8f,gwsearch run
2757,1776757215.4308832,fc2098317d43af66664f0f1337a49fcd8e945f0f8e21c87ed1f6e9a771b53a8f,gwsearch run
2758,1776757785.6469676,fc2098317d43af66664f0f1337a49fcd8e945f0f8e21c87ed1f6e9a771b53a8f,gwsearch run
2759,1776758356.4046397,fc2098317d43af66664f0f1337a49fcd8e945f0f8e21c87ed1f6e9a771b53a8f,gwsearch run
2760,1776758925.920493,fc2098317d43af66664f0f1337a49fcd8e945f0f8e21c87ed1f6e9a771b53a8f,gwsearch run
2761,1776759498.6590538,fc2098317d43af66664f0f1337a49fcd8e945f0f8e21c87ed1f6e9a771b53a8f,gwsearch run
2762,1776760069.4070737,fc2098317d43af66664f0f1337a49fcd8e945f0f8e21c87ed1f6e9a771b53a8f,gwsearch run
2763,1776760639.904507,fc2098317d43af66664f0f1337a49fcd8e945f0f8e21c87ed1f6e9a771b53a8f,gwsearch run
2764,1776761211.6782126,fc2098317d43af66664f0f1337a49fcd8e945f0f8e21c87ed1f6e9a771b53a8f,gwsearch run
2765,1776761782.427674,fc2098317d43af66664f0f1337a49fcd8e945f0f8e21c87ed1f6e9a771b53a8f,gwsearch run
2766,1776762352.3956113,fc2098317d43af66664f0f1337a49fcd8e945f0f8e21c87ed1f6e9a771b53a8f,gwsearch run
2767,1776762921.9116862,fc2098317d43af66664f0f1337a49fcd8e945f0f8e21c87ed1f6e9a771b53a8f,gwsearch run
2768,1776763493.018202,fc2098317d43af66664f0f1337a49fcd8e945f0f8e21c87ed1f6e9a771b53a8f,gwsearch run
2769,1776764065.9361067,fc2098317d43af66664f0f1337a49fcd8e945f0f8e21c87ed1f6e9a771b53a8f,gwsearch run
2770,1776764636.9214597,fc2098317d43af66664f0f1337a49fcd8e945f0f8e21c87ed1f6e9a771b53a8f,gwsearch run
2771,1776765207.4049911,fc2098317d43af66664f0f1337a49fcd8e945f0f8e21c87ed1f6e9a771b53a8f,gwsearch run
2772,1776765778.667934,fc2098317d43af66664f0f1337a49fcd8e945f0f8e21c87ed1f6e9a771b53a8f,gwsearch run
2773,1776766349.4119153,fc2098317d43af66664f0f1337a49fcd8e945f0f8e21c87ed1f6e9a771b53a8f,gwsearch run
2774,1776766921.4236717,fc2098317d43af66664f0f1337a49fcd8e945f0f8e21c87ed1f6e9a771b53a8f,gwsearch run
2775,1776767491.6599295,fc2098317d43af66664f0f1337a49fcd8e945f0f8e21c87ed1f6e9a771b53a8f,gwsearch run
2776,1776768063.4325037,fc2098317d43af66664f0f1337a49fcd8e945f0f8e21c87ed1f6e9a771b53a8f,gwsearch run
2777,1776768633.4214866,fc2098317d43af66664f0f1337a49fcd8e945f0f8e21c87ed1f6e9a771b53a8f,gwsearch run
2778,1776769203.7043712,fc2098317d43af66664f0f1337a49fcd8e945f0f8e21c87ed1f6e9a771b53a8f,gwsearch run
2779,1776769774.6634765,fc2098317d43af66664f0f1337a49fcd8e945f0f8e21c87ed1f6e9a771b53a8f,gwsearch run
2780,1776770347.1761773,fc2098317d43af66664f0f1337a49fcd8e945f0f8e21c87ed1f6e9a771b53a8f,gwsearch run
2781,1776770917.6737757,fc2098317d43af66664f0f1337a49fcd8e945f0f8e21c87ed1f6e9a771b53a8f,gwsearch run
2782,1776771489.6603658,fc2098317d43af66664f0f1337a49fcd8e945f0f8e21c87ed1f6e9a771b53a8f,gwsearch run
2783,1776772060.18632,fc2098317d43af66664f0f1337a49fcd8e945f0f8e21c87ed1f6e9a771b53a8f,gwsearch run
2784,1776772629.1739533,fc2098317d43af66664f0f1337a49fcd8e945f0f8e21c87ed1f6e9a771b53a8f,gwsearch run
2785,1776773200.1727183,fc2098317d43af66664f0f1337a49fcd8e945f0f8e21c87ed1f6e9a771b53a8f,gwsearch run
2786,1776773769.906956,fc2098317d43af66664f0f1337a49fcd8e945f0f8e21c87ed1f6e9a771b53a8f,gwsearch run
2787,1776774339.6696985,fc2098317d43af66664f0f1337a49fcd8e945f0f8e21c87ed1f6e9a771b53a8f,gwsearch run
2788,1776774909.9452105,fc2098317d43af66664f0f1337a49fcd8e945f0f8e21c87ed1f6e9a771b53a8f,gwsearch run
2789,1776775480.6670485,fc2098317d43af66664f0f1337a49fcd8e945f0f8e21c87ed1f6e9a771b53a8f,gwsearch run
2790,1776776050.9120774,fc2098317d43af66664f0f1337a49fcd8e945f0f8e21c87ed1f6e9a771b53a8f,gwsearch run
2791,1776776621.6701849,fc2098317d43af66664f0f1337a49fcd8e945f0f8e21c87ed1f6e9a771b53a8f,gwsearch run
2792,1776777192.4209473,fc2098317d43af66664f0f1337a49fcd8e945f0f8e21c87ed1f6e9a771b53a8f,gwsearch run
2793,1776777762.3910067,fc2098317d43af66664f0f1337a49fcd8e945f0f8e21c87ed1f6e9a771b53a8f,gwsearch run
2794,1776778331.9085064,fc2098317d43af66664f0f1337a49fcd8e945f0f8e21c87ed1f6e9a771b53a8f,gwsearch run
2795,1776778901.434532,fc2098317d43af66664f0f1337a49fcd8e945f0f8e21c87ed1f6e9a771b53a8f,gwsearch run
2796,1776779471.1270933,fc2098317d43af66664f0f1337a49fcd8e945f0f8e21c87ed1f6e9a771b53a8f,gwsearch run
2797,1776780042.4221504,fc2098317d43af66664f0f1337a49fcd8e945f0f8e21c87ed1f6e9a771b53a8f,gwsearch run
2798,1776780611.6758573,fc2098317d43af66664f0f1337a49fcd8e945f0f8e21c87ed1f6e9a771b53a8f,gwsearch run
2799,1776781181.6865318,fc2098317d43af66664f0f1337a49fcd8e945f0f8e21c87ed1f6e9a771b53a8f,gwsearch run
2800,1776781752.4252756,fc2098317d43af66664f0f1337a49fcd8e945f0f8e21c87ed1f6e9a771b53a8f,gwsearch run
2801,1776782323.6548827,fc2098317d43af66664f0f1337a49fcd8e945f0f8e21c87ed1f6e9a771b53a8f,gwsearch run
2802,1776782892.4223745,fc2098317d43af66664f0f1337a49fcd8e945f0f8e21c87ed1f6e9a771b53a8f,gwsearch run
2803,1776783462.4217563,fc2098317d43af66664f0f1337a49fcd8e945f0f8e21c87ed1f6e9a771b53a8f,gwsearch run
2804,1776784032.9414144,fc2098317d43af66664f0f1337a49fcd8e945f0f8e21c87ed1f6e9a771b53a8f,gwsearch run
2805,1776784604.173111,fc2098317d43af66664f0f1337a49fcd8e945f0f8e21c87ed1f6e9a771b53a8f,gwsearch run
2806,1776785171.9317524,fc2098317d43af66664f0f1337a49fcd8e945f0f8e21c87ed1f6e9a771b53a8f,gwsearch run
2807,1776785736.670768,fc2098317d43af66664f0f1337a49fcd8e945f0f8e21c87ed1f6e9a771b53a8f,gwsearch run
2808,1776786309.680962,fc2098317d43af66664f0f1337a49fcd8e945f0f8e21c87ed1f6e9a771b53a8f,gwsearch run
2809,1776786879.6457777,fc2098317d43af66664f0f1337a49fcd8e945f0f8e21c87ed1f6e9a771b53a8f,gwsearch run
2810,1776787448.4491136,fc2098317d43af66664f0f1337a49fcd8e945f0f8e21c87ed1f6e9a771b53a8f,gwsearch run
2811,1776788017.1655364,fc2098317d43af66664f0f1337a49fcd8e945f0f8e21c87ed1f6e9a771b53a8f,gwsearch run
2812,1776788589.1742926,fc2098317d43af66664f0f1337a49fcd8e945f0f8e21c87ed1f6e9a771b53a8f,gwsearch run
2813,1776789158.91996,fc2098317d43af66664f0f1337a49fcd8e945f0f8e21c87ed1f6e9a771b53a8f,gwsearch run
2814,1776789728.4207268,fc2098317d43af66664f0f1337a49fcd8e945f0f8e21c87ed1f6e9a771b53a8f,gwsearch run
2815,1776790300.6777134,fc2098317d43af66664f0f1337a49fcd8e945f0f8e21c87ed1f6e9a771b53a8f,gwsearch run
2816,1776790872.1757941,fc2098317d43af66664f0f1337a49fcd8e945f0f8e21c87ed1f6e9a771b53a8f,gwsearch run
2817,1776791445.1728454,fc2098317d43af66664f0f1337a49fcd8e945f0f8e21c87ed1f6e9a771b53a8f,gwsearch run
2818,1776792016.9480395,fc2098317d43af66664f0f1337a49fcd8e945f0f8e21c87ed1f6e9a771b53a8f,gwsearch run
2819,1776792585.1585221,fc2098317d43af66664f0f1337a49fcd8e945f0f8e21c87ed1f6e9a771b53a8f,gwsearch run
2820,1776793158.1685948,fc2098317d43af66664f0f1337a49fcd8e945f0f8e21c87ed1f6e9a771b53a8f,gwsearch run
2821,1776793740.1511652,fc2098317d43af66664f0f1337a49fcd8e945f0f8e21c87ed1f6e9a771b53a8f,gwsearch run
2822,1776794309.3897164,fc2098317d43af66664f0f1337a49fcd8e945f0f8e21c87ed1f6e9a771b53a8f,gwsearch run
2823,1776794881.406123,fc2098317d43af66664f0f1337a49fcd8e945f0f8e21c87ed1f6e9a771b53a8f,gwsearch run
2824,1776795450.1746514,fc2098317d43af66664f0f1337a49fcd8e945f0f8e21c87ed1f6e9a771b53a8f,gwsearch run
2825,1776796022.1395109,fc2098317d43af66664f0f1337a49fcd8e945f0f8e21c87ed1f6e9a771b53a8f,gwsearch run
2826,1776796591.1549568,fc2098317d43af66664f0f1337a49fcd8e945f0f8e21c87ed1f6e9a771b53a8f,gwsearch run
2827,1776797162.4131868,fc2098317d43af66664f0f1337a49fcd8e945f0f8e21c87ed1f6e9a771b53a8f,gwsearch run
2828,1776797735.3953784,fc2098317d43af66664f0f1337a49fcd8e945f0f8e21c87ed1f6e9a771b53a8f,gwsearch run
2829,1776798308.6769102,fc2098317d43af66664f0f1337a49fcd8e945f0f8e21c87ed1f6e9a771b53a8f,gwsearch run
2830,1776798881.1497335,fc2098317d43af66664f0f1337a49fcd8e945f0f8e21c87ed1f6e9a771b53a8f,gwsearch run
2831,1776799454.9114912,fc2098317d43af66664f0f1337a49fcd8e945f0f8e21c87ed1f6e9a771b53a8f,gwsearch run
2832,1776800024.398721,fc2098317d43af66664f0f1337a49fcd8e945f0f8e21c87ed1f6e9a771b53a8f,gwsearch run
2833,1776800593.1900601,fc2098317d43af66664f0f1337a49fcd8e945f0f8e21c87ed1f6e9a771b53a8f,gwsearch run
2834,1776801169.4202821,fc2098317d43af66664f0f1337a49fcd8e945f0f8e21c87ed1f6e9a771b53a8f,gwsearch run
2835,1776801739.7150195,fc2098317d43af66664f0f1337a49fcd8e945f0f8e21c87ed1f6e9a771b53a8f,gwsearch run
2836,1776802309.4060116,fc2098317d43af66664f0f1337a49fcd8e945f0f8e21c87ed1f6e9a771b53a8f,gwsearch run
2837,1776802880.1802883,fc2098317d43af66664f0f1337a49fcd8e945f0f8e21c87ed1f6e9a771b53a8f,gwsearch run
2838,1776803450.4194186,fc2098317d43af66664f0f1337a49fcd8e945f0f8e21c87ed1f6e9a771b53a8f,gwsearch run
2839,1776804019.4146643,fc2098317d43af66664f0f1337a49fcd8e945f0f8e21c87ed1f6e9a771b53a8f,gwsearch run
2840,1776804588.9026566,fc2098317d43af66664f0f1337a49fcd8e945f0f8e21c87ed1f6e9a771b53a8f,gwsearch run
2841,1776805157.9042244,fc2098317d43af66664f0f1337a49fcd8e945f0f8e21c87ed1f6e9a771b53a8f,gwsearch run
2842,1776805727.6941068,fc2098317d43af66664f0f1337a49fcd8e945f0f8e21c87ed1f6e9a771b53a8f,gwsearch run
2843,1776806299.1750052,fc2098317d43af66664f0f1337a49fcd8e945f0f8e21c87ed1f6e9a771b53a8f,gwsearch run
2844,1776806868.691682,fc2098317d43af66664f0f1337a49fcd8e945f0f8e21c87ed1f6e9a771b53a8f,gwsearch run
2845,1776807442.0512762,fc2098317d43af66664f0f1337a49fcd8e945f0f8e21c87ed1f6e9a771b53a8f,gwsearch run
2846,1776808010.6500328,fc2098317d43af66664f0f1337a49fcd8e945f0f8e21c87ed1f6e9a771b53a8f,gwsearch run
2847,1776808580.8978364,fc2098317d43af66664f0f1337a49fcd8e945f0f8e21c87ed1f6e9a771b53a8f,gwsearch run
2848,1776809151.4046772,fc2098317d43af66664f0f1337a49fcd8e945f0f8e21c87ed1f6e9a771b53a8f,gwsearch run
2849,1776809727.4125888,fc2098317d43af66664f0f1337a49fcd8e945f0f8e21c87ed1f6e9a771b53a8f,gwsearch run
2850,1776810304.4103732,fc2098317d43af66664f0f1337a49fcd8e945f0f8e21c87ed1f6e9a771b53a8f,gwsearch run
2851,1776810875.4432428,fc2098317d43af66664f0f1337a49fcd8e945f0f8e21c87ed1f6e9a771b53a8f,gwsearch run
2852,1776811451.4160228,fc2098317d43af66664f0f1337a49fcd8e945f0f8e21c87ed1f6e9a771b53a8f,gwsearch run
2853,1776812022.64961,fc2098317d43af66664f0f1337a49fcd8e945f0f8e21c87ed1f6e9a771b53a8f,gwsearch run
2854,1776812614.4287074,fc2098317d43af66664f0f1337a49fcd8e945f0f8e21c87ed1f6e9a771b53a8f,gwsearch run
2855,1776813184.4190903,fc2098317d43af66664f0f1337a49fcd8e945f0f8e21c87ed1f6e9a771b53a8f,gwsearch run
2856,1776813753.3714612,fc2098317d43af66664f0f1337a49fcd8e945f0f8e21c87ed1f6e9a771b53a8f,gwsearch run
2857,1776814323.4069445,fc2098317d43af66664f0f1337a49fcd8e945f0f8e21c87ed1f6e9a771b53a8f,gwsearch run
2858,1776814893.6601634,fc2098317d43af66664f0f1337a49fcd8e945f0f8e21c87ed1f6e9a771b53a8f,gwsearch run
2859,1776815462.4021642,fc2098317d43af66664f0f1337a49fcd8e945f0f8e21c87ed1f6e9a771b53a8f,gwsearch run
2860,1776816032.6525667,fc2098317d43af66664f0f1337a49fcd8e945f0f8e21c87ed1f6e9a771b53a8f,gwsearch run
2861,1776816604.1605196,fc2098317d43af66664f0f1337a49fcd8e945f0f8e21c87ed1f6e9a771b53a8f,gwsearch run
2862,1776817184.9088907,fc2098317d43af66664f0f1337a49fcd8e945f0f8e21c87ed1f6e9a771b53a8f,gwsearch run
2863,1776817754.168351,fc2098317d43af66664f0f1337a49fcd8e945f0f8e21c87ed1f6e9a771b53a8f,gwsearch run
2864,1776818325.6658278,fc2098317d43af66664f0f1337a49fcd8e945f0f8e21c87ed1f6e9a771b53a8f,gwsearch run
2865,1776818893.4274,fc2098317d43af66664f0f1337a49fcd8e945f0f8e21c87ed1f6e9a771b53a8f,gwsearch run
2866,1776819472.412244,fc2098317d43af66664f0f1337a49fcd8e945f0f8e21c87ed1f6e9a771b53a8f,gwsearch run
2867,1776820050.4086366,fc2098317d43af66664f0f1337a49fcd8e945f0f8e21c87ed1f6e9a771b53a8f,gwsearch run
2868,1776820618.673447,fc2098317d43af66664f0f1337a49fcd8e945f0f8e21c87ed1f6e9a771b53a8f,gwsearch run
2869,1776821189.9262455,fc2098317d43af66664f0f1337a49fcd8e945f0f8e21c87ed1f6e9a771b53a8f,gwsearch run
2870,1776821770.6609201,fc2098317d43af66664f0f1337a49fcd8e945f0f8e21c87ed1f6e9a771b53a8f,gwsearch run
2871,1776822339.142815,fc2098317d43af66664f0f1337a49fcd8e945f0f8e21c87ed1f6e9a771b53a8f,gwsearch run
2872,1776822911.4160523,fc2098317d43af66664f0f1337a49fcd8e945f0f8e21c87ed1f6e9a771b53a8f,gwsearch run
2873,1776823480.6542583,fc2098317d43af66664f0f1337a49fcd8e945f0f8e21c87ed1f6e9a771b53a8f,gwsearch run
2874,1776824051.1848671,fc2098317d43af66664f0f1337a49fcd8e945f0f8e21c87ed1f6e9a771b53a8f,gwsearch run
2875,1776824619.4169238,fc2098317d43af66664f0f1337a49fcd8e945f0f8e21c87ed1f6e9a771b53a8f,gwsearch run
2876,1776825189.6651325,fc2098317d43af66664f0f1337a49fcd8e945f0f8e21c87ed1f6e9a771b53a8f,gwsearch run
2877,1776825762.392184,fc2098317d43af66664f0f1337a49fcd8e945f0f8e21c87ed1f6e9a771b53a8f,gwsearch run
2878,1776826332.9179854,fc2098317d43af66664f0f1337a49fcd8e945f0f8e21c87ed1f6e9a771b53a8f,gwsearch run
2879,1776826903.919111,fc2098317d43af66664f0f1337a49fcd8e945f0f8e21c87ed1f6e9a771b53a8f,gwsearch run
2880,1776827473.6676536,fc2098317d43af66664f0f1337a49fcd8e945f0f8e21c87ed1f6e9a771b53a8f,gwsearch run
2881,1776828044.4151504,fc2098317d43af66664f0f1337a49fcd8e945f0f8e21c87ed1f6e9a771b53a8f,gwsearch run
2882,1776828614.9177873,fc2098317d43af66664f0f1337a49fcd8e945f0f8e21c87ed1f6e9a771b53a8f,gwsearch run
2883,1776829184.1523237,fc2098317d43af66664f0f1337a49fcd8e945f0f8e21c87ed1f6e9a771b53a8f,gwsearch run
2884,1776829754.4311254,fc2098317d43af66664f0f1337a49fcd8e945f0f8e21c87ed1f6e9a771b53a8f,gwsearch run
2885,1776830129.5400689,fc2098317d43af66664f0f1337a49fcd8e945f0f8e21c87ed1f6e9a771b53a8f,gwsearch run
2886,1776830695.663288,fc2098317d43af66664f0f1337a49fcd8e945f0f8e21c87ed1f6e9a771b53a8f,gwsearch run
2887,1776831262.9195952,fc2098317d43af66664f0f1337a49fcd8e945f0f8e21c87ed1f6e9a771b53a8f,gwsearch run
2888,1776831832.4041305,fc2098317d43af66664f0f1337a49fcd8e945f0f8e21c87ed1f6e9a771b53a8f,gwsearch run
2889,1776832398.664472,fc2098317d43af66664f0f1337a49fcd8e945f0f8e21c87ed1f6e9a771b53a8f,gwsearch run
2890,1776832966.1760063,fc2098317d43af66664f0f1337a49fcd8e945f0f8e21c87ed1f6e9a771b53a8f,gwsearch run
2891,1776833533.1432374,fc2098317d43af66664f0f1337a49fcd8e945f0f8e21c87ed1f6e9a771b53a8f,gwsearch run
2892,1776834098.9419477,fc2098317d43af66664f0f1337a49fcd8e945f0f8e21c87ed1f6e9a771b53a8f,gwsearch run
2893,1776834668.150419,fc2098317d43af66664f0f1337a49fcd8e945f0f8e21c87ed1f6e9a771b53a8f,gwsearch run
2894,1776835233.9136765,fc2098317d43af66664f0f1337a49fcd8e945f0f8e21c87ed1f6e9a771b53a8f,gwsearch run
2895,1776835800.6686938,fc2098317d43af66664f0f1337a49fcd8e945f0f8e21c87ed1f6e9a771b53a8f,gwsearch run
2896,1776836368.9041524,fc2098317d43af66664f0f1337a49fcd8e945f0f8e21c87ed1f6e9a771b53a8f,gwsearch run
2897,1776836936.1744885,fc2098317d43af66664f0f1337a49fcd8e945f0f8e21c87ed1f6e9a771b53a8f,gwsearch run
2898,1776837502.1673267,fc2098317d43af66664f0f1337a49fcd8e945f0f8e21c87ed1f6e9a771b53a8f,gwsearch run
2899,1776838069.4003143,fc2098317d43af66664f0f1337a49fcd8e945f0f8e21c87ed1f6e9a771b53a8f,gwsearch run
2900,1776838636.3950768,fc2098317d43af66664f0f1337a49fcd8e945f0f8e21c87ed1f6e9a771b53a8f,gwsearch run
2901,1776839202.9159918,fc2098317d43af66664f0f1337a49fcd8e945f0f8e21c87ed1f6e9a771b53a8f,gwsearch run
2902,1776839768.4154618,fc2098317d43af66664f0f1337a49fcd8e945f0f8e21c87ed1f6e9a771b53a8f,gwsearch run
2903,1776840334.8870606,fc2098317d43af66664f0f1337a49fcd8e945f0f8e21c87ed1f6e9a771b53a8f,gwsearch run
2904,1776840901.1648233,fc2098317d43af66664f0f1337a49fcd8e945f0f8e21c87ed1f6e9a771b53a8f,gwsearch run
2905,1776841469.4105487,fc2098317d43af66664f0f1337a49fcd8e945f0f8e21c87ed1f6e9a771b53a8f,gwsearch run
2906,1776842036.1531913,fc2098317d43af66664f0f1337a49fcd8e945f0f8e21c87ed1f6e9a771b53a8f,gwsearch run
2907,1776842603.6666281,fc2098317d43af66664f0f1337a49fcd8e945f0f8e21c87ed1f6e9a771b53a8f,gwsearch run
2908,1776843169.9333496,fc2098317d43af66664f0f1337a49fcd8e945f0f8e21c87ed1f6e9a771b53a8f,gwsearch run
2909,1776843736.9124339,fc2098317d43af66664f0f1337a49fcd8e945f0f8e21c87ed1f6e9a771b53a8f,gwsearch run
2910,1776844304.184642,fc2098317d43af66664f0f1337a49fcd8e945f0f8e21c87ed1f6e9a771b53a8f,gwsearch run
2911,1776844869.9156232,fc2098317d43af66664f0f1337a49fcd8e945f0f8e21c87ed1f6e9a771b53a8f,gwsearch run
2912,1776845437.6678612,fc2098317d43af66664f0f1337a49fcd8e945f0f8e21c87ed1f6e9a771b53a8f,gwsearch run
2913,1776846002.1465933,fc2098317d43af66664f0f1337a49fcd8e945f0f8e21c87ed1f6e9a771b53a8f,gwsearch run
2914,1776846569.9045537,fc2098317d43af66664f0f1337a49fcd8e945f0f8e21c87ed1f6e9a771b53a8f,gwsearch run
2915,1776847141.674617,fc2098317d43af66664f0f1337a49fcd8e945f0f8e21c87ed1f6e9a771b53a8f,gwsearch run
2916,1776847708.9274635,fc2098317d43af66664f0f1337a49fcd8e945f0f8e21c87ed1f6e9a771b53a8f,gwsearch run
2917,1776848274.6877615,fc2098317d43af66664f0f1337a49fcd8e945f0f8e21c87ed1f6e9a771b53a8f,gwsearch run
2918,1776848843.412514,fc2098317d43af66664f0f1337a49fcd8e945f0f8e21c87ed1f6e9a771b53a8f,gwsearch run
2919,1776849408.1487963,fc2098317d43af66664f0f1337a49fcd8e945f0f8e21c87ed1f6e9a771b53a8f,gwsearch run
2920,1776849973.6541286,fc2098317d43af66664f0f1337a49fcd8e945f0f8e21c87ed1f6e9a771b53a8f,gwsearch run
2921,1776850541.923381,fc2098317d43af66664f0f1337a49fcd8e945f0f8e21c87ed1f6e9a771b53a8f,gwsearch run
2922,1776851108.666379,fc2098317d43af66664f0f1337a49fcd8e945f0f8e21c87ed1f6e9a771b53a8f,gwsearch run
2923,1776851676.1478817,fc2098317d43af66664f0f1337a49fcd8e945f0f8e21c87ed1f6e9a771b53a8f,gwsearch run
2924,1776852251.3998966,fc2098317d43af66664f0f1337a49fcd8e945f0f8e21c87ed1f6e9a771b53a8f,gwsearch run
2925,1776852828.1541216,fc2098317d43af66664f0f1337a49fcd8e945f0f8e21c87ed1f6e9a771b53a8f,gwsearch run
2926,1776853393.17681,fc2098317d43af66664f0f1337a49fcd8e945f0f8e21c87ed1f6e9a771b53a8f,gwsearch run
2927,1776853959.1624177,fc2098317d43af66664f0f1337a49fcd8e945f0f8e21c87ed1f6e9a771b53a8f,gwsearch run
2928,1776854527.6516974,fc2098317d43af66664f0f1337a49fcd8e945f0f8e21c87ed1f6e9a771b53a8f,gwsearch run
2929,1776855095.1610742,fc2098317d43af66664f0f1337a49fcd8e945f0f8e21c87ed1f6e9a771b53a8f,gwsearch run
2930,1776855663.9108999,fc2098317d43af66664f0f1337a49fcd8e945f0f8e21c87ed1f6e9a771b53a8f,gwsearch run
2931,1776856230.1575716,fc2098317d43af66664f0f1337a49fcd8e945f0f8e21c87ed1f6e9a771b53a8f,gwsearch run
2932,1776856794.6437435,fc2098317d43af66664f0f1337a49fcd8e945f0f8e21c87ed1f6e9a771b53a8f,gwsearch run
2933,1776857362.9160128,fc2098317d43af66664f0f1337a49fcd8e945f0f8e21c87ed1f6e9a771b53a8f,gwsearch run
2934,1776857939.669327,fc2098317d43af66664f0f1337a49fcd8e945f0f8e21c87ed1f6e9a771b53a8f,gwsearch run
2935,1776858505.8970947,fc2098317d43af66664f0f1337a49fcd8e945f0f8e21c87ed1f6e9a771b53a8f,gwsearch run
2936,1776859071.1722136,fc2098317d43af66664f0f1337a49fcd8e945f0f8e21c87ed1f6e9a771b53a8f,gwsearch run
2937,1776859638.4266355,fc2098317d43af66664f0f1337a49fcd8e945f0f8e21c87ed1f6e9a771b53a8f,gwsearch run
2938,1776860205.654297,fc2098317d43af66664f0f1337a49fcd8e945f0f8e21c87ed1f6e9a771b53a8f,gwsearch run
2939,1776860773.6537492,fc2098317d43af66664f0f1337a49fcd8e945f0f8e21c87ed1f6e9a771b53a8f,gwsearch run
2940,1776861338.923417,fc2098317d43af66664f0f1337a49fcd8e945f0f8e21c87ed1f6e9a771b53a8f,gwsearch run
2941,1776861908.9196088,fc2098317d43af66664f0f1337a49fcd8e945f0f8e21c87ed1f6e9a771b53a8f,gwsearch run
2942,1776862475.1294882,fc2098317d43af66664f0f1337a49fcd8e945f0f8e21c87ed1f6e9a771b53a8f,gwsearch run
2943,1776863040.898061,fc2098317d43af66664f0f1337a49fcd8e945f0f8e21c87ed1f6e9a771b53a8f,gwsearch run
2944,1776863608.1802058,fc2098317d43af66664f0f1337a49fcd8e945f0f8e21c87ed1f6e9a771b53a8f,gwsearch run
2945,1776864176.1766942,fc2098317d43af66664f0f1337a49fcd8e945f0f8e21c87ed1f6e9a771b53a8f,gwsearch run
2946,1776864744.642564,fc2098317d43af66664f0f1337a49fcd8e945f0f8e21c87ed1f6e9a771b53a8f,gwsearch run
2947,1776865311.152927,fc2098317d43af66664f0f1337a49fcd8e945f0f8e21c87ed1f6e9a771b53a8f,gwsearch run
2948,1776865878.1436331,fc2098317d43af66664f0f1337a49fcd8e945f0f8e21c87ed1f6e9a771b53a8f,gwsearch run
2949,1776866444.6604154,fc2098317d43af66664f0f1337a49fcd8e945f0f8e21c87ed1f6e9a771b53a8f,gwsearch run
2950,1776867011.6661458,fc2098317d43af66664f0f1337a49fcd8e945f0f8e21c87ed1f6e9a771b53a8f,gwsearch run
2951,1776867577.9232907,fc2098317d43af66664f0f1337a49fcd8e945f0f8e21c87ed1f6e9a771b53a8f,gwsearch run
2952,1776868144.9055831,fc2098317d43af66664f0f1337a49fcd8e945f0f8e21c87ed1f6e9a771b53a8f,gwsearch run
2953,1776868711.912943,fc2098317d43af66664f0f1337a49fcd8e945f0f8e21c87ed1f6e9a771b53a8f,gwsearch run
2954,1776869278.6474972,fc2098317d43af66664f0f1337a49fcd8e945f0f8e21c87ed1f6e9a771b53a8f,gwsearch run
2955,1776869847.6781511,fc2098317d43af66664f0f1337a49fcd8e945f0f8e21c87ed1f6e9a771b53a8f,gwsearch run
2956,1776870413.4102583,fc2098317d43af66664f0f1337a49fcd8e945f0f8e21c87ed1f6e9a771b53a8f,gwsearch run
2957,1776870979.6643324,fc2098317d43af66664f0f1337a49fcd8e945f0f8e21c87ed1f6e9a771b53a8f,gwsearch run
2958,1776871545.4667559,fc2098317d43af66664f0f1337a49fcd8e945f0f8e21c87ed1f6e9a771b53a8f,gwsearch run
2959,1776872111.8909934,fc2098317d43af66664f0f1337a49fcd8e945f0f8e21c87ed1f6e9a771b53a8f,gwsearch run
2960,1776872679.660171,fc2098317d43af66664f0f1337a49fcd8e945f0f8e21c87ed1f6e9a771b53a8f,gwsearch run
2961,1776873247.4327908,fc2098317d43af66664f0f1337a49fcd8e945f0f8e21c87ed1f6e9a771b53a8f,gwsearch run
2962,1776873816.1687446,fc2098317d43af66664f0f1337a49fcd8e945f0f8e21c87ed1f6e9a771b53a8f,gwsearch run
2963,1776874386.6875644,fc2098317d43af66664f0f1337a49fcd8e945f0f8e21c87ed1f6e9a771b53a8f,gwsearch run
2964,1776874954.4175003,fc2098317d43af66664f0f1337a49fcd8e945f0f8e21c87ed1f6e9a771b53a8f,gwsearch run
2965,1776875521.1612086,fc2098317d43af66664f0f1337a49fcd8e945f0f8e21c87ed1f6e9a771b53a8f,gwsearch run
2966,1776876086.651595,fc2098317d43af66664f0f1337a49fcd8e945f0f8e21c87ed1f6e9a771b53a8f,gwsearch run
2967,1776876653.9124672,fc2098317d43af66664f0f1337a49fcd8e945f0f8e21c87ed1f6e9a771b53a8f,gwsearch run
2968,1776877221.410164,fc2098317d43af66664f0f1337a49fcd8e945f0f8e21c87ed1f6e9a771b53a8f,gwsearch run
2969,1776877788.6943316,fc2098317d43af66664f0f1337a49fcd8e945f0f8e21c87ed1f6e9a771b53a8f,gwsearch run
2970,1776878355.184129,fc2098317d43af66664f0f1337a49fcd8e945f0f8e21c87ed1f6e9a771b53a8f,gwsearch run
2971,1776878922.408015,fc2098317d43af66664f0f1337a49fcd8e945f0f8e21c87ed1f6e9a771b53a8f,gwsearch run
2972,1776879488.9083352,fc2098317d43af66664f0f1337a49fcd8e945f0f8e21c87ed1f6e9a771b53a8f,gwsearch run
2973,1776880055.6494339,fc2098317d43af66664f0f1337a49fcd8e945f0f8e21c87ed1f6e9a771b53a8f,gwsearch run
2974,1776880619.9037511,fc2098317d43af66664f0f1337a49fcd8e945f0f8e21c87ed1f6e9a771b53a8f,gwsearch run
2975,1776881187.394948,fc2098317d43af66664f0f1337a49fcd8e945f0f8e21c87ed1f6e9a771b53a8f,gwsearch run
2976,1776881755.9124444,fc2098317d43af66664f0f1337a49fcd8e945f0f8e21c87ed1f6e9a771b53a8f,gwsearch run
2977,1776882322.4159212,fc2098317d43af66664f0f1337a49fcd8e945f0f8e21c87ed1f6e9a771b53a8f,gwsearch run
2978,1776882890.665855,fc2098317d43af66664f0f1337a49fcd8e945f0f8e21c87ed1f6e9a771b53a8f,gwsearch run
2979,1776883457.916648,fc2098317d43af66664f0f1337a49fcd8e945f0f8e21c87ed1f6e9a771b53a8f,gwsearch run
2980,1776884025.4148269,fc2098317d43af66664f0f1337a49fcd8e945f0f8e21c87ed1f6e9a771b53a8f,gwsearch run
2981,1776884591.9225688,fc2098317d43af66664f0f1337a49fcd8e945f0f8e21c87ed1f6e9a771b53a8f,gwsearch run
2982,1776885158.6576638,fc2098317d43af66664f0f1337a49fcd8e945f0f8e21c87ed1f6e9a771b53a8f,gwsearch run
2983,1776885724.4326246,fc2098317d43af66664f0f1337a49fcd8e945f0f8e21c87ed1f6e9a771b53a8f,gwsearch run
2984,1776886292.6578133,fc2098317d43af66664f0f1337a49fcd8e945f0f8e21c87ed1f6e9a771b53a8f,gwsearch run
2985,1776886859.1862254,fc2098317d43af66664f0f1337a49fcd8e945f0f8e21c87ed1f6e9a771b53a8f,gwsearch run
2986,1776887425.4133859,fc2098317d43af66664f0f1337a49fcd8e945f0f8e21c87ed1f6e9a771b53a8f,gwsearch run
2987,1776887991.3949914,fc2098317d43af66664f0f1337a49fcd8e945f0f8e21c87ed1f6e9a771b53a8f,gwsearch run
2988,1776888558.399511,fc2098317d43af66664f0f1337a49fcd8e945f0f8e21c87ed1f6e9a771b53a8f,gwsearch run
2989,1776889125.4282024,fc2098317d43af66664f0f1337a49fcd8e945f0f8e21c87ed1f6e9a771b53a8f,gwsearch run
2990,1776889691.931321,fc2098317d43af66664f0f1337a49fcd8e945f0f8e21c87ed1f6e9a771b53a8f,gwsearch run
2991,1776890260.6670249,fc2098317d43af66664f0f1337a49fcd8e945f0f8e21c87ed1f6e9a771b53a8f,gwsearch run
2992,1776890827.8964708,fc2098317d43af66664f0f1337a49fcd8e945f0f8e21c87ed1f6e9a771b53a8f,gwsearch run
2993,1776891394.667467,fc2098317d43af66664f0f1337a49fcd8e945f0f8e21c87ed1f6e9a771b53a8f,gwsearch run
2994,1776891961.6652184,fc2098317d43af66664f0f1337a49fcd8e945f0f8e21c87ed1f6e9a771b53a8f,gwsearch run
2995,1776892527.9087012,fc2098317d43af66664f0f1337a49fcd8e945f0f8e21c87ed1f6e9a771b53a8f,gwsearch run
2996,1776893097.9226813,fc2098317d43af66664f0f1337a49fcd8e945f0f8e21c87ed1f6e9a771b53a8f,gwsearch run
2997,1776893663.9112618,fc2098317d43af66664f0f1337a49fcd8e945f0f8e21c87ed1f6e9a771b53a8f,gwsearch run
2998,1776894233.1794775,fc2098317d43af66664f0f1337a49fcd8e945f0f8e21c87ed1f6e9a771b53a8f,gwsearch run
2999,1776894801.1439047,fc2098317d43af66664f0f1337a49fcd8e945f0f8e21c87ed1f6e9a771b53a8f,gwsearch run
3000,1776895369.151291,fc2098317d43af66664f0f1337a49fcd8e945f0f8e21c87ed1f6e9a771b53a8f,gwsearch run
3001,1776895936.4078286,fc2098317d43af66664f0f1337a49fcd8e945f0f8e21c87ed1f6e9a771b53a8f,gwsearch run
3002,1776896501.6867902,fc2098317d43af66664f0f1337a49fcd8e945f0f8e21c87ed1f6e9a771b53a8f,gwsearch run
3003,1776897068.4227138,fc2098317d43af66664f0f1337a49fcd8e945f0f8e21c87ed1f6e9a771b53a8f,gwsearch run
3004,1776897636.6645164,fc2098317d43af66664f0f1337a49fcd8e945f0f8e21c87ed1f6e9a771b53a8f,gwsearch run
3005,1776898204.9228542,fc2098317d43af66664f0f1337a49fcd8e945f0f8e21c87ed1f6e9a771b53a8f,gwsearch run
3006,1776898772.1639297,fc2098317d43af66664f0f1337a49fcd8e945f0f8e21c87ed1f6e9a771b53a8f,gwsearch run
3007,1776899336.9108121,fc2098317d43af66664f0f1337a49fcd8e945f0f8e21c87ed1f6e9a771b53a8f,gwsearch run
3008,1776899903.938362,fc2098317d43af66664f0f1337a49fcd8e945f0f8e21c87ed1f6e9a771b53a8f,gwsearch run
3009,1776900470.6574264,fc2098317d43af66664f0f1337a49fcd8e945f0f8e21c87ed1f6e9a771b53a8f,gwsearch run
3010,1776901036.8984768,fc2098317d43af66664f0f1337a49fcd8e945f0f8e21c87ed1f6e9a771b53a8f,gwsearch run
3011,1776901604.146536,fc2098317d43af66664f0f1337a49fcd8e945f0f8e21c87ed1f6e9a771b53a8f,gwsearch run
3012,1776902170.6730855,fc2098317d43af66664f0f1337a49fcd8e945f0f8e21c87ed1f6e9a771b53a8f,gwsearch run
3013,1776902740.1514974,fc2098317d43af66664f0f1337a49fcd8e945f0f8e21c87ed1f6e9a771b53a8f,gwsearch run
3014,1776903307.4160492,fc2098317d43af66664f0f1337a49fcd8e945f0f8e21c87ed1f6e9a771b53a8f,gwsearch run
3015,1776903873.6637003,fc2098317d43af66664f0f1337a49fcd8e945f0f8e21c87ed1f6e9a771b53a8f,gwsearch run
3016,1776904441.6593068,fc2098317d43af66664f0f1337a49fcd8e945f0f8e21c87ed1f6e9a771b53a8f,gwsearch run
3017,1776905008.6515677,fc2098317d43af66664f0f1337a49fcd8e945f0f8e21c87ed1f6e9a771b53a8f,gwsearch run
3018,1776905576.4007106,fc2098317d43af66664f0f1337a49fcd8e945f0f8e21c87ed1f6e9a771b53a8f,gwsearch run
3019,1776906144.4112902,fc2098317d43af66664f0f1337a49fcd8e945f0f8e21c87ed1f6e9a771b53a8f,gwsearch run
3020,1776906712.1690996,fc2098317d43af66664f0f1337a49fcd8e945f0f8e21c87ed1f6e9a771b53a8f,gwsearch run
3021,1776907278.4128401,fc2098317d43af66664f0f1337a49fcd8e945f0f8e21c87ed1f6e9a771b53a8f,gwsearch run
3022,1776907845.668945,fc2098317d43af66664f0f1337a49fcd8e945f0f8e21c87ed1f6e9a771b53a8f,gwsearch run
3023,1776908414.1675656,fc2098317d43af66664f0f1337a49fcd8e945f0f8e21c87ed1f6e9a771b53a8f,gwsearch run
3024,1776908981.1704943,fc2098317d43af66664f0f1337a49fcd8e945f0f8e21c87ed1f6e9a771b53a8f,gwsearch run
3025,1776909549.383456,fc2098317d43af66664f0f1337a49fcd8e945f0f8e21c87ed1f6e9a771b53a8f,gwsearch run
3026,1776910116.158827,fc2098317d43af66664f0f1337a49fcd8e945f0f8e21c87ed1f6e9a771b53a8f,gwsearch run
3027,1776910685.6876717,fc2098317d43af66664f0f1337a49fcd8e945f0f8e21c87ed1f6e9a771b53a8f,gwsearch run
3028,1776911251.6720824,fc2098317d43af66664f0f1337a49fcd8e945f0f8e21c87ed1f6e9a771b53a8f,gwsearch run
3029,1776911819.4142132,fc2098317d43af66664f0f1337a49fcd8e945f0f8e21c87ed1f6e9a771b53a8f,gwsearch run
3030,1776912387.8928013,fc2098317d43af66664f0f1337a49fcd8e945f0f8e21c87ed1f6e9a771b53a8f,gwsearch run
3031,1776912954.390115,fc2098317d43af66664f0f1337a49fcd8e945f0f8e21c87ed1f6e9a771b53a8f,gwsearch run
3032,1776913520.6499958,fc2098317d43af66664f0f1337a49fcd8e945f0f8e21c87ed1f6e9a771b53a8f,gwsearch run
3033,1776914109.1816995,fc2098317d43af66664f0f1337a49fcd8e945f0f8e21c87ed1f6e9a771b53a8f,gwsearch run
3034,1776914674.926749,fc2098317d43af66664f0f1337a49fcd8e945f0f8e21c87ed1f6e9a771b53a8f,gwsearch run
3035,1776915242.1741865,fc2098317d43af66664f0f1337a49fcd8e945f0f8e21c87ed1f6e9a771b53a8f,gwsearch run
3036,1776915810.42801,fc2098317d43af66664f0f1337a49fcd8e945f0f8e21c87ed1f6e9a771b53a8f,gwsearch run
3037,1776916376.8974006,fc2098317d43af66664f0f1337a49fcd8e945f0f8e21c87ed1f6e9a771b53a8f,gwsearch run
3038,1776916944.1440487,fc2098317d43af66664f0f1337a49fcd8e945f0f8e21c87ed1f6e9a771b53a8f,gwsearch run
3039,1776917511.409473,fc2098317d43af66664f0f1337a49fcd8e945f0f8e21c87ed1f6e9a771b53a8f,gwsearch run
3040,1776918078.167263,fc2098317d43af66664f0f1337a49fcd8e945f0f8e21c87ed1f6e9a771b53a8f,gwsearch run
3041,1776918644.1617885,fc2098317d43af66664f0f1337a49fcd8e945f0f8e21c87ed1f6e9a771b53a8f,gwsearch run
3042,1776919209.6846912,fc2098317d43af66664f0f1337a49fcd8e945f0f8e21c87ed1f6e9a771b53a8f,gwsearch run
3043,1776919776.158286,fc2098317d43af66664f0f1337a49fcd8e945f0f8e21c87ed1f6e9a771b53a8f,gwsearch run
3044,1776920343.1645935,fc2098317d43af66664f0f1337a49fcd8e945f0f8e21c87ed1f6e9a771b53a8f,gwsearch run
3045,1776920910.6763206,fc2098317d43af66664f0f1337a49fcd8e945f0f8e21c87ed1f6e9a771b53a8f,gwsearch run
3046,1776921479.6368144,fc2098317d43af66664f0f1337a49fcd8e945f0f8e21c87ed1f6e9a771b53a8f,gwsearch run
3047,1776922049.4138277,fc2098317d43af66664f0f1337a49fcd8e945f0f8e21c87ed1f6e9a771b53a8f,gwsearch run
3048,1776922618.6628282,fc2098317d43af66664f0f1337a49fcd8e945f0f8e21c87ed1f6e9a771b53a8f,gwsearch run
3049,1776923184.9211967,fc2098317d43af66664f0f1337a49fcd8e945f0f8e21c87ed1f6e9a771b53a8f,gwsearch run
3050,1776923752.6676779,fc2098317d43af66664f0f1337a49fcd8e945f0f8e21c87ed1f6e9a771b53a8f,gwsearch run
3051,1776924319.6829898,fc2098317d43af66664f0f1337a49fcd8e945f0f8e21c87ed1f6e9a771b53a8f,gwsearch run
3052,1776924887.1816227,fc2098317d43af66664f0f1337a49fcd8e945f0f8e21c87ed1f6e9a771b53a8f,gwsearch run
3053,1776925454.174107,fc2098317d43af66664f0f1337a49fcd8e945f0f8e21c87ed1f6e9a771b53a8f,gwsearch run
3054,1776926021.914694,fc2098317d43af66664f0f1337a49fcd8e945f0f8e21c87ed1f6e9a771b53a8f,gwsearch run
3055,1776926590.6566339,fc2098317d43af66664f0f1337a49fcd8e945f0f8e21c87ed1f6e9a771b53a8f,gwsearch run
3056,1776927157.4351163,fc2098317d43af66664f0f1337a49fcd8e945f0f8e21c87ed1f6e9a771b53a8f,gwsearch run
3057,1776927726.913669,fc2098317d43af66664f0f1337a49fcd8e945f0f8e21c87ed1f6e9a771b53a8f,gwsearch run
3058,1776928297.158121,fc2098317d43af66664f0f1337a49fcd8e945f0f8e21c87ed1f6e9a771b53a8f,gwsearch run
3059,1776928864.1468673,fc2098317d43af66664f0f1337a49fcd8e945f0f8e21c87ed1f6e9a771b53a8f,gwsearch run
3060,1776929429.891128,fc2098317d43af66664f0f1337a49fcd8e945f0f8e21c87ed1f6e9a771b53a8f,gwsearch run
3061,1776929996.7473233,fc2098317d43af66664f0f1337a49fcd8e945f0f8e21c87ed1f6e9a771b53a8f,gwsearch run
3062,1776930563.6740792,fc2098317d43af66664f0f1337a49fcd8e945f0f8e21c87ed1f6e9a771b53a8f,gwsearch run
3063,1776931130.4073293,fc2098317d43af66664f0f1337a49fcd8e945f0f8e21c87ed1f6e9a771b53a8f,gwsearch run
3064,1776931696.655001,fc2098317d43af66664f0f1337a49fcd8e945f0f8e21c87ed1f6e9a771b53a8f,gwsearch run
3065,1776932264.665817,fc2098317d43af66664f0f1337a49fcd8e945f0f8e21c87ed1f6e9a771b53a8f,gwsearch run
3066,1776932833.4174006,fc2098317d43af66664f0f1337a49fcd8e945f0f8e21c87ed1f6e9a771b53a8f,gwsearch run
3067,1776933399.6629632,fc2098317d43af66664f0f1337a49fcd8e945f0f8e21c87ed1f6e9a771b53a8f,gwsearch run
3068,1776933967.9362817,fc2098317d43af66664f0f1337a49fcd8e945f0f8e21c87ed1f6e9a771b53a8f,gwsearch run
3069,1776934535.4211671,fc2098317d43af66664f0f1337a49fcd8e945f0f8e21c87ed1f6e9a771b53a8f,gwsearch run
3070,1776935102.6902435,fc2098317d43af66664f0f1337a49fcd8e945f0f8e21c87ed1f6e9a771b53a8f,gwsearch run
3071,1776935669.8837986,fc2098317d43af66664f0f1337a49fcd8e945f0f8e21c87ed1f6e9a771b53a8f,gwsearch run
3072,1776936259.4108741,fc2098317d43af66664f0f1337a49fcd8e945f0f8e21c87ed1f6e9a771b53a8f,gwsearch run
3073,1776936827.4230523,fc2098317d43af66664f0f1337a49fcd8e945f0f8e21c87ed1f6e9a771b53a8f,gwsearch run
3074,1776937395.2140577,fc2098317d43af66664f0f1337a49fcd8e945f0f8e21c87ed1f6e9a771b53a8f,gwsearch run
3075,1776937962.1807785,fc2098317d43af66664f0f1337a49fcd8e945f0f8e21c87ed1f6e9a771b53a8f,gwsearch run
3076,1776938530.1739426,fc2098317d43af66664f0f1337a49fcd8e945f0f8e21c87ed1f6e9a771b53a8f,gwsearch run
3077,1776939097.1811907,fc2098317d43af66664f0f1337a49fcd8e945f0f8e21c87ed1f6e9a771b53a8f,gwsearch run
3078,1776939664.6461277,fc2098317d43af66664f0f1337a49fcd8e945f0f8e21c87ed1f6e9a771b53a8f,gwsearch run
3079,1776940232.1821125,fc2098317d43af66664f0f1337a49fcd8e945f0f8e21c87ed1f6e9a771b53a8f,gwsearch run
3080,1776940800.4321034,fc2098317d43af66664f0f1337a49fcd8e945f0f8e21c87ed1f6e9a771b53a8f,gwsearch run
3081,1776941369.157767,fc2098317d43af66664f0f1337a49fcd8e945f0f8e21c87ed1f6e9a771b53a8f,gwsearch run
3082,1776941936.4147542,fc2098317d43af66664f0f1337a49fcd8e945f0f8e21c87ed1f6e9a771b53a8f,gwsearch run
3083,1776942506.17527,fc2098317d43af66664f0f1337a49fcd8e945f0f8e21c87ed1f6e9a771b53a8f,gwsearch run
3084,1776943072.4648325,fc2098317d43af66664f0f1337a49fcd8e945f0f8e21c87ed1f6e9a771b53a8f,gwsearch run
3085,1776943639.6618528,fc2098317d43af66664f0f1337a49fcd8e945f0f8e21c87ed1f6e9a771b53a8f,gwsearch run
3086,1776944206.4003422,fc2098317d43af66664f0f1337a49fcd8e945f0f8e21c87ed1f6e9a771b53a8f,gwsearch run
3087,1776944773.4219425,fc2098317d43af66664f0f1337a49fcd8e945f0f8e21c87ed1f6e9a771b53a8f,gwsearch run
3088,1776945341.1598456,fc2098317d43af66664f0f1337a49fcd8e945f0f8e21c87ed1f6e9a771b53a8f,gwsearch run
3089,1776945907.168442,fc2098317d43af66664f0f1337a49fcd8e945f0f8e21c87ed1f6e9a771b53a8f,gwsearch run
3090,1776946473.637393,fc2098317d43af66664f0f1337a49fcd8e945f0f8e21c87ed1f6e9a771b53a8f,gwsearch run
3091,1776947040.909101,fc2098317d43af66664f0f1337a49fcd8e945f0f8e21c87ed1f6e9a771b53a8f,gwsearch run
3092,1776947607.901058,fc2098317d43af66664f0f1337a49fcd8e945f0f8e21c87ed1f6e9a771b53a8f,gwsearch run
3093,1776948177.6862142,fc2098317d43af66664f0f1337a49fcd8e945f0f8e21c87ed1f6e9a771b53a8f,gwsearch run
3094,1776948742.9039843,fc2098317d43af66664f0f1337a49fcd8e945f0f8e21c87ed1f6e9a771b53a8f,gwsearch run
3095,1776949309.1578183,fc2098317d43af66664f0f1337a49fcd8e945f0f8e21c87ed1f6e9a771b53a8f,gwsearch run
3096,1776949877.9194503,fc2098317d43af66664f0f1337a49fcd8e945f0f8e21c87ed1f6e9a771b53a8f,gwsearch run
3097,1776950446.6729617,fc2098317d43af66664f0f1337a49fcd8e945f0f8e21c87ed1f6e9a771b53a8f,gwsearch run
3098,1776951015.9012034,fc2098317d43af66664f0f1337a49fcd8e945f0f8e21c87ed1f6e9a771b53a8f,gwsearch run
3099,1776951582.6439893,fc2098317d43af66664f0f1337a49fcd8e945f0f8e21c87ed1f6e9a771b53a8f,gwsearch run
3100,1776952149.6888533,fc2098317d43af66664f0f1337a49fcd8e945f0f8e21c87ed1f6e9a771b53a8f,gwsearch run
3101,1776952716.9241648,fc2098317d43af66664f0f1337a49fcd8e945f0f8e21c87ed1f6e9a771b53a8f,gwsearch run
3102,1776953285.9126358,fc2098317d43af66664f0f1337a49fcd8e945f0f8e21c87ed1f6e9a771b53a8f,gwsearch run
3103,1776953853.3995616,fc2098317d43af66664f0f1337a49fcd8e945f0f8e21c87ed1f6e9a771b53a8f,gwsearch run
3104,1776954419.4035745,fc2098317d43af66664f0f1337a49fcd8e945f0f8e21c87ed1f6e9a771b53a8f,gwsearch run
3105,1776954986.6832013,fc2098317d43af66664f0f1337a49fcd8e945f0f8e21c87ed1f6e9a771b53a8f,gwsearch run
3106,1776955555.175306,fc2098317d43af66664f0f1337a49fcd8e945f0f8e21c87ed1f6e9a771b53a8f,gwsearch run
3107,1776956123.4353843,fc2098317d43af66664f0f1337a49fcd8e945f0f8e21c87ed1f6e9a771b53a8f,gwsearch run
3108,1776956690.153262,fc2098317d43af66664f0f1337a49fcd8e945f0f8e21c87ed1f6e9a771b53a8f,gwsearch run
3109,1776957256.6567342,fc2098317d43af66664f0f1337a49fcd8e945f0f8e21c87ed1f6e9a771b53a8f,gwsearch run
3110,1776957824.4082198,fc2098317d43af66664f0f1337a49fcd8e945f0f8e21c87ed1f6e9a771b53a8f,gwsearch run
3111,1776958393.6672678,fc2098317d43af66664f0f1337a49fcd8e945f0f8e21c87ed1f6e9a771b53a8f,gwsearch run
3112,1776958962.1889236,fc2098317d43af66664f0f1337a49fcd8e945f0f8e21c87ed1f6e9a771b53a8f,gwsearch run
3113,1776959531.4128003,fc2098317d43af66664f0f1337a49fcd8e945f0f8e21c87ed1f6e9a771b53a8f,gwsearch run
3114,1776960097.4225972,fc2098317d43af66664f0f1337a49fcd8e945f0f8e21c87ed1f6e9a771b53a8f,gwsearch run
3115,1776960663.9163961,fc2098317d43af66664f0f1337a49fcd8e945f0f8e21c87ed1f6e9a771b53a8f,gwsearch run
3116,1776961230.408567,fc2098317d43af66664f0f1337a49fcd8e945f0f8e21c87ed1f6e9a771b53a8f,gwsearch run
3117,1776961799.914009,fc2098317d43af66664f0f1337a49fcd8e945f0f8e21c87ed1f6e9a771b53a8f,gwsearch run
3118,1776962367.9072905,fc2098317d43af66664f0f1337a49fcd8e945f0f8e21c87ed1f6e9a771b53a8f,gwsearch run
3119,1776962935.9121585,fc2098317d43af66664f0f1337a49fcd8e945f0f8e21c87ed1f6e9a771b53a8f,gwsearch run
3120,1776963504.666946,fc2098317d43af66664f0f1337a49fcd8e945f0f8e21c87ed1f6e9a771b53a8f,gwsearch run
3121,1776964072.1763513,fc2098317d43af66664f0f1337a49fcd8e945f0f8e21c87ed1f6e9a771b53a8f,gwsearch run
3122,1776964638.8989534,fc2098317d43af66664f0f1337a49fcd8e945f0f8e21c87ed1f6e9a771b53a8f,gwsearch run
3123,1776965215.9111805,fc2098317d43af66664f0f1337a49fcd8e945f0f8e21c87ed1f6e9a771b53a8f,gwsearch run
3124,1776965783.1729546,fc2098317d43af66664f0f1337a49fcd8e945f0f8e21c87ed1f6e9a771b53a8f,gwsearch run
3125,1776966351.4271703,fc2098317d43af66664f0f1337a49fcd8e945f0f8e21c87ed1f6e9a771b53a8f,gwsearch run
3126,1776966919.4155498,fc2098317d43af66664f0f1337a49fcd8e945f0f8e21c87ed1f6e9a771b53a8f,gwsearch run
3127,1776967487.1720197,fc2098317d43af66664f0f1337a49fcd8e945f0f8e21c87ed1f6e9a771b53a8f,gwsearch run
3128,1776968054.9201992,fc2098317d43af66664f0f1337a49fcd8e945f0f8e21c87ed1f6e9a771b53a8f,gwsearch run
3129,1776968621.4144828,fc2098317d43af66664f0f1337a49fcd8e945f0f8e21c87ed1f6e9a771b53a8f,gwsearch run
3130,1776969189.6843216,fc2098317d43af66664f0f1337a49fcd8e945f0f8e21c87ed1f6e9a771b53a8f,gwsearch run
3131,1776969766.9076617,fc2098317d43af66664f0f1337a49fcd8e945f0f8e21c87ed1f6e9a771b53a8f,gwsearch run
3132,1776970340.201368,fc2098317d43af66664f0f1337a49fcd8e945f0f8e21c87ed1f6e9a771b53a8f,gwsearch run
3133,1776970907.4068034,fc2098317d43af66664f0f1337a49fcd8e945f0f8e21c87ed1f6e9a771b53a8f,gwsearch run
3134,1776971474.644734,fc2098317d43af66664f0f1337a49fcd8e945f0f8e21c87ed1f6e9a771b53a8f,gwsearch run
3135,1776972041.6614733,fc2098317d43af66664f0f1337a49fcd8e945f0f8e21c87ed1f6e9a771b53a8f,gwsearch run
3136,1776972607.922357,fc2098317d43af66664f0f1337a49fcd8e945f0f8e21c87ed1f6e9a771b53a8f,gwsearch run
3137,1776973177.1794486,fc2098317d43af66664f0f1337a49fcd8e945f0f8e21c87ed1f6e9a771b53a8f,gwsearch run
3138,1776973744.4805694,fc2098317d43af66664f0f1337a49fcd8e945f0f8e21c87ed1f6e9a771b53a8f,gwsearch run
3139,1776974312.9042046,fc2098317d43af66664f0f1337a49fcd8e945f0f8e21c87ed1f6e9a771b53a8f,gwsearch run
3140,1776974879.4284003,fc2098317d43af66664f0f1337a49fcd8e945f0f8e21c87ed1f6e9a771b53a8f,gwsearch run
3141,1776975448.6800714,fc2098317d43af66664f0f1337a49fcd8e945f0f8e21c87ed1f6e9a771b53a8f,gwsearch run
3142,1776976017.9049556,fc2098317d43af66664f0f1337a49fcd8e945f0f8e21c87ed1f6e9a771b53a8f,gwsearch run
3143,1776976585.41503,fc2098317d43af66664f0f1337a49fcd8e945f0f8e21c87ed1f6e9a771b53a8f,gwsearch run
3144,1776977152.6649282,fc2098317d43af66664f0f1337a49fcd8e945f0f8e21c87ed1f6e9a771b53a8f,gwsearch run
3145,1776977721.909954,fc2098317d43af66664f0f1337a49fcd8e945f0f8e21c87ed1f6e9a771b53a8f,gwsearch run
3146,1776978291.669666,fc2098317d43af66664f0f1337a49fcd8e945f0f8e21c87ed1f6e9a771b53a8f,gwsearch run
3147,1776978861.437169,fc2098317d43af66664f0f1337a49fcd8e945f0f8e21c87ed1f6e9a771b53a8f,gwsearch run
3148,1776979431.161835,fc2098317d43af66664f0f1337a49fcd8e945f0f8e21c87ed1f6e9a771b53a8f,gwsearch run
3149,1776979997.4173095,fc2098317d43af66664f0f1337a49fcd8e945f0f8e21c87ed1f6e9a771b53a8f,gwsearch run
3150,1776980565.922193,fc2098317d43af66664f0f1337a49fcd8e945f0f8e21c87ed1f6e9a771b53a8f,gwsearch run
3151,1776981133.6640258,fc2098317d43af66664f0f1337a49fcd8e945f0f8e21c87ed1f6e9a771b53a8f,gwsearch run
3152,1776981700.9015088,fc2098317d43af66664f0f1337a49fcd8e945f0f8e21c87ed1f6e9a771b53a8f,gwsearch run
3153,1776982269.9298189,fc2098317d43af66664f0f1337a49fcd8e945f0f8e21c87ed1f6e9a771b53a8f,gwsearch run
3154,1776982838.6635647,fc2098317d43af66664f0f1337a49fcd8e945f0f8e21c87ed1f6e9a771b53a8f,gwsearch run
3155,1776983406.6675436,fc2098317d43af66664f0f1337a49fcd8e945f0f8e21c87ed1f6e9a771b53a8f,gwsearch run
3156,1776983976.709336,fc2098317d43af66664f0f1337a49fcd8e945f0f8e21c87ed1f6e9a771b53a8f,gwsearch run
3157,1776984543.1643739,fc2098317d43af66664f0f1337a49fcd8e945f0f8e21c87ed1f6e9a771b53a8f,gwsearch run
3158,1776985112.9282663,fc2098317d43af66664f0f1337a49fcd8e945f0f8e21c87ed1f6e9a771b53a8f,gwsearch run
3159,1776985679.4165566,fc2098317d43af66664f0f1337a49fcd8e945f0f8e21c87ed1f6e9a771b53a8f,gwsearch run
3160,1776986249.166473,fc2098317d43af66664f0f1337a49fcd8e945f0f8e21c87ed1f6e9a771b53a8f,gwsearch run
3161,1776986817.174699,fc2098317d43af66664f0f1337a49fcd8e945f0f8e21c87ed1f6e9a771b53a8f,gwsearch run
3162,1776987384.396727,fc2098317d43af66664f0f1337a49fcd8e945f0f8e21c87ed1f6e9a771b53a8f,gwsearch run
3163,1776987952.68005,fc2098317d43af66664f0f1337a49fcd8e945f0f8e21c87ed1f6e9a771b53a8f,gwsearch run
3164,1776988521.649605,fc2098317d43af66664f0f1337a49fcd8e945f0f8e21c87ed1f6e9a771b53a8f,gwsearch run
3165,1776989091.3948798,fc2098317d43af66664f0f1337a49fcd8e945f0f8e21c87ed1f6e9a771b53a8f,gwsearch run
3166,1776989661.1582642,fc2098317d43af66664f0f1337a49fcd8e945f0f8e21c87ed1f6e9a771b53a8f,gwsearch run
3167,1776990230.3914762,fc2098317d43af66664f0f1337a49fcd8e945f0f8e21c87ed1f6e9a771b53a8f,gwsearch run
3168,1776990797.6536753,fc2098317d43af66664f0f1337a49fcd8e945f0f8e21c87ed1f6e9a771b53a8f,gwsearch run
3169,1776991364.1677938,fc2098317d43af66664f0f1337a49fcd8e945f0f8e21c87ed1f6e9a771b53a8f,gwsearch run
3170,1776991931.452009,fc2098317d43af66664f0f1337a49fcd8e945f0f8e21c87ed1f6e9a771b53a8f,gwsearch run
3171,1776992500.6753252,fc2098317d43af66664f0f1337a49fcd8e945f0f8e21c87ed1f6e9a771b53a8f,gwsearch run
3172,1776993067.3973765,fc2098317d43af66664f0f1337a49fcd8e945f0f8e21c87ed1f6e9a771b53a8f,gwsearch run
3173,1776993635.667694,fc2098317d43af66664f0f1337a49fcd8e945f0f8e21c87ed1f6e9a771b53a8f,gwsearch run
3174,1776994203.6670258,fc2098317d43af66664f0f1337a49fcd8e945f0f8e21c87ed1f6e9a771b53a8f,gwsearch run
3175,1776994770.6530998,fc2098317d43af66664f0f1337a49fcd8e945f0f8e21c87ed1f6e9a771b53a8f,gwsearch run
3176,1776995336.9201055,fc2098317d43af66664f0f1337a49fcd8e945f0f8e21c87ed1f6e9a771b53a8f,gwsearch run
3177,1776995905.4064288,fc2098317d43af66664f0f1337a49fcd8e945f0f8e21c87ed1f6e9a771b53a8f,gwsearch run
3178,1776996473.6836865,fc2098317d43af66664f0f1337a49fcd8e945f0f8e21c87ed1f6e9a771b53a8f,gwsearch run
3179,1776997042.6453915,fc2098317d43af66664f0f1337a49fcd8e945f0f8e21c87ed1f6e9a771b53a8f,gwsearch run
3180,1776997608.9053001,fc2098317d43af66664f0f1337a49fcd8e945f0f8e21c87ed1f6e9a771b53a8f,gwsearch run
3181,1776998177.6609557,fc2098317d43af66664f0f1337a49fcd8e945f0f8e21c87ed1f6e9a771b53a8f,gwsearch run
3182,1776998743.6578255,fc2098317d43af66664f0f1337a49fcd8e945f0f8e21c87ed1f6e9a771b53a8f,gwsearch run
3183,1776999310.207476,fc2098317d43af66664f0f1337a49fcd8e945f0f8e21c87ed1f6e9a771b53a8f,gwsearch run
3184,1776999876.685756,fc2098317d43af66664f0f1337a49fcd8e945f0f8e21c87ed1f6e9a771b53a8f,gwsearch run
3185,1777000442.6673203,fc2098317d43af66664f0f1337a49fcd8e945f0f8e21c87ed1f6e9a771b53a8f,gwsearch run
3186,1777001011.1566796,fc2098317d43af66664f0f1337a49fcd8e945f0f8e21c87ed1f6e9a771b53a8f,gwsearch run
3187,1777001580.9118207,fc2098317d43af66664f0f1337a49fcd8e945f0f8e21c87ed1f6e9a771b53a8f,gwsearch run
3188,1777002149.4136264,fc2098317d43af66664f0f1337a49fcd8e945f0f8e21c87ed1f6e9a771b53a8f,gwsearch run
3189,1777002716.6775732,fc2098317d43af66664f0f1337a49fcd8e945f0f8e21c87ed1f6e9a771b53a8f,gwsearch run
3190,1777003284.4057488,fc2098317d43af66664f0f1337a49fcd8e945f0f8e21c87ed1f6e9a771b53a8f,gwsearch run
3191,1777003853.3918898,fc2098317d43af66664f0f1337a49fcd8e945f0f8e21c87ed1f6e9a771b53a8f,gwsearch run
3192,1777004428.914831,fc2098317d43af66664f0f1337a49fcd8e945f0f8e21c87ed1f6e9a771b53a8f,gwsearch run
3193,1777004996.4144688,fc2098317d43af66664f0f1337a49fcd8e945f0f8e21c87ed1f6e9a771b53a8f,gwsearch run
3194,1777005563.1798165,fc2098317d43af66664f0f1337a49fcd8e945f0f8e21c87ed1f6e9a771b53a8f,gwsearch run
3195,1777006130.4129305,fc2098317d43af66664f0f1337a49fcd8e945f0f8e21c87ed1f6e9a771b53a8f,gwsearch run
3196,1777006697.9066067,fc2098317d43af66664f0f1337a49fcd8e945f0f8e21c87ed1f6e9a771b53a8f,gwsearch run
3197,1777007266.9025574,fc2098317d43af66664f0f1337a49fcd8e945f0f8e21c87ed1f6e9a771b53a8f,gwsearch run
3198,1777007835.4355695,fc2098317d43af66664f0f1337a49fcd8e945f0f8e21c87ed1f6e9a771b53a8f,gwsearch run
3199,1777008402.4249203,fc2098317d43af66664f0f1337a49fcd8e945f0f8e21c87ed1f6e9a771b53a8f,gwsearch run
3200,1777008970.424157,fc2098317d43af66664f0f1337a49fcd8e945f0f8e21c87ed1f6e9a771b53a8f,gwsearch run
3201,1777009537.9107778,fc2098317d43af66664f0f1337a49fcd8e945f0f8e21c87ed1f6e9a771b53a8f,gwsearch run
3202,1777010104.1551998,fc2098317d43af66664f0f1337a49fcd8e945f0f8e21c87ed1f6e9a771b53a8f,gwsearch run
3203,1777010671.9109395,fc2098317d43af66664f0f1337a49fcd8e945f0f8e21c87ed1f6e9a771b53a8f,gwsearch run
3204,1777011238.9296186,fc2098317d43af66664f0f1337a49fcd8e945f0f8e21c87ed1f6e9a771b53a8f,gwsearch run
3205,1777011806.9200048,fc2098317d43af66664f0f1337a49fcd8e945f0f8e21c87ed1f6e9a771b53a8f,gwsearch run
3206,1777012373.4146855,fc2098317d43af66664f0f1337a49fcd8e945f0f8e21c87ed1f6e9a771b53a8f,gwsearch run
3207,1777012942.9005823,fc2098317d43af66664f0f1337a49fcd8e945f0f8e21c87ed1f6e9a771b53a8f,gwsearch run
3208,1777013510.3963873,fc2098317d43af66664f0f1337a49fcd8e945f0f8e21c87ed1f6e9a771b53a8f,gwsearch run
3209,1777014076.670649,fc2098317d43af66664f0f1337a49fcd8e945f0f8e21c87ed1f6e9a771b53a8f,gwsearch run
3210,1777014644.9331748,fc2098317d43af66664f0f1337a49fcd8e945f0f8e21c87ed1f6e9a771b53a8f,gwsearch run
3211,1777015213.8945637,fc2098317d43af66664f0f1337a49fcd8e945f0f8e21c87ed1f6e9a771b53a8f,gwsearch run
3212,1777015781.9251318,fc2098317d43af66664f0f1337a49fcd8e945f0f8e21c87ed1f6e9a771b53a8f,gwsearch run
3213,1777016360.4087641,fc2098317d43af66664f0f1337a49fcd8e945f0f8e21c87ed1f6e9a771b53a8f,gwsearch run
3214,1777016929.1708639,fc2098317d43af66664f0f1337a49fcd8e945f0f8e21c87ed1f6e9a771b53a8f,gwsearch run
3215,1777017497.1582189,fc2098317d43af66664f0f1337a49fcd8e945f0f8e21c87ed1f6e9a771b53a8f,gwsearch run
3216,1777018065.1776228,fc2098317d43af66664f0f1337a49fcd8e945f0f8e21c87ed1f6e9a771b53a8f,gwsearch run
3217,1777018634.1539168,fc2098317d43af66664f0f1337a49fcd8e945f0f8e21c87ed1f6e9a771b53a8f,gwsearch run
3218,1777019202.6739225,fc2098317d43af66664f0f1337a49fcd8e945f0f8e21c87ed1f6e9a771b53a8f,gwsearch run
3219,1777019772.6491294,fc2098317d43af66664f0f1337a49fcd8e945f0f8e21c87ed1f6e9a771b53a8f,gwsearch run
3220,1777020340.9109466,fc2098317d43af66664f0f1337a49fcd8e945f0f8e21c87ed1f6e9a771b53a8f,gwsearch run
3221,1777020908.9200912,fc2098317d43af66664f0f1337a49fcd8e945f0f8e21c87ed1f6e9a771b53a8f,gwsearch run
3222,1777021477.1420252,fc2098317d43af66664f0f1337a49fcd8e945f0f8e21c87ed1f6e9a771b53a8f,gwsearch run
3223,1777022046.4131162,fc2098317d43af66664f0f1337a49fcd8e945f0f8e21c87ed1f6e9a771b53a8f,gwsearch run
3224,1777022616.673406,fc2098317d43af66664f0f1337a49fcd8e945f0f8e21c87ed1f6e9a771b53a8f,gwsearch run
3225,1777023184.9179122,fc2098317d43af66664f0f1337a49fcd8e945f0f8e21c87ed1f6e9a771b53a8f,gwsearch run
3226,1777023753.9188867,fc2098317d43af66664f0f1337a49fcd8e945f0f8e21c87ed1f6e9a771b53a8f,gwsearch run
3227,1777024322.6541822,fc2098317d43af66664f0f1337a49fcd8e945f0f8e21c87ed1f6e9a771b53a8f,gwsearch run
3228,1777024891.9028654,fc2098317d43af66664f0f1337a49fcd8e945f0f8e21c87ed1f6e9a771b53a8f,gwsearch run
3229,1777025461.6353724,fc2098317d43af66664f0f1337a49fcd8e945f0f8e21c87ed1f6e9a771b53a8f,gwsearch run
3230,1777026031.9167416,fc2098317d43af66664f0f1337a49fcd8e945f0f8e21c87ed1f6e9a771b53a8f,gwsearch run
3231,1777026601.1749988,fc2098317d43af66664f0f1337a49fcd8e945f0f8e21c87ed1f6e9a771b53a8f,gwsearch run
3232,1777027169.6589844,fc2098317d43af66664f0f1337a49fcd8e945f0f8e21c87ed1f6e9a771b53a8f,gwsearch run
3233,1777027738.4178042,fc2098317d43af66664f0f1337a49fcd8e945f0f8e21c87ed1f6e9a771b53a8f,gwsearch run
3234,1777028309.6410296,fc2098317d43af66664f0f1337a49fcd8e945f0f8e21c87ed1f6e9a771b53a8f,gwsearch run
3235,1777028876.9239254,fc2098317d43af66664f0f1337a49fcd8e945f0f8e21c87ed1f6e9a771b53a8f,gwsearch run
3236,1777029448.6553884,fc2098317d43af66664f0f1337a49fcd8e945f0f8e21c87ed1f6e9a771b53a8f,gwsearch run
3237,1777030017.3981583,fc2098317d43af66664f0f1337a49fcd8e945f0f8e21c87ed1f6e9a771b53a8f,gwsearch run
3238,1777030585.4175608,fc2098317d43af66664f0f1337a49fcd8e945f0f8e21c87ed1f6e9a771b53a8f,gwsearch run
3239,1777031153.1915233,fc2098317d43af66664f0f1337a49fcd8e945f0f8e21c87ed1f6e9a771b53a8f,gwsearch run
3240,1777031723.9436705,fc2098317d43af66664f0f1337a49fcd8e945f0f8e21c87ed1f6e9a771b53a8f,gwsearch run
3241,1777032291.425453,fc2098317d43af66664f0f1337a49fcd8e945f0f8e21c87ed1f6e9a771b53a8f,gwsearch run
3242,1777032857.1636484,fc2098317d43af66664f0f1337a49fcd8e945f0f8e21c87ed1f6e9a771b53a8f,gwsearch run
3243,1777033424.651985,fc2098317d43af66664f0f1337a49fcd8e945f0f8e21c87ed1f6e9a771b53a8f,gwsearch run
3244,1777033994.9248016,fc2098317d43af66664f0f1337a49fcd8e945f0f8e21c87ed1f6e9a771b53a8f,gwsearch run
3245,1777034563.169424,fc2098317d43af66664f0f1337a49fcd8e945f0f8e21c87ed1f6e9a771b53a8f,gwsearch run
3246,1777035132.9107046,fc2098317d43af66664f0f1337a49fcd8e945f0f8e21c87ed1f6e9a771b53a8f,gwsearch run
3247,1777035699.9111533,fc2098317d43af66664f0f1337a49fcd8e945f0f8e21c87ed1f6e9a771b53a8f,gwsearch run
3248,1777036272.1748166,fc2098317d43af66664f0f1337a49fcd8e945f0f8e21c87ed1f6e9a771b53a8f,gwsearch run
3249,1777036850.657921,fc2098317d43af66664f0f1337a49fcd8e945f0f8e21c87ed1f6e9a771b53a8f,gwsearch run
3250,1777037418.8996854,fc2098317d43af66664f0f1337a49fcd8e945f0f8e21c87ed1f6e9a771b53a8f,gwsearch run
3251,1777037987.6753013,fc2098317d43af66664f0f1337a49fcd8e945f0f8e21c87ed1f6e9a771b53a8f,gwsearch run
3252,1777038556.932068,fc2098317d43af66664f0f1337a49fcd8e945f0f8e21c87ed1f6e9a771b53a8f,gwsearch run
3253,1777039126.6649632,fc2098317d43af66664f0f1337a49fcd8e945f0f8e21c87ed1f6e9a771b53a8f,gwsearch run
3254,1777039694.8943949,fc2098317d43af66664f0f1337a49fcd8e945f0f8e21c87ed1f6e9a771b53a8f,gwsearch run
3255,1777040262.6582966,fc2098317d43af66664f0f1337a49fcd8e945f0f8e21c87ed1f6e9a771b53a8f,gwsearch run
3256,1777040832.657749,fc2098317d43af66664f0f1337a49fcd8e945f0f8e21c87ed1f6e9a771b53a8f,gwsearch run
3257,1777041400.9383793,fc2098317d43af66664f0f1337a49fcd8e945f0f8e21c87ed1f6e9a771b53a8f,gwsearch run
3258,1777041971.6636448,fc2098317d43af66664f0f1337a49fcd8e945f0f8e21c87ed1f6e9a771b53a8f,gwsearch run
3259,1777042541.417771,fc2098317d43af66664f0f1337a49fcd8e945f0f8e21c87ed1f6e9a771b53a8f,gwsearch run
3260,1777043108.4679515,fc2098317d43af66664f0f1337a49fcd8e945f0f8e21c87ed1f6e9a771b53a8f,gwsearch run
3261,1777043673.919073,fc2098317d43af66664f0f1337a49fcd8e945f0f8e21c87ed1f6e9a771b53a8f,gwsearch run
3262,1777044240.418471,fc2098317d43af66664f0f1337a49fcd8e945f0f8e21c87ed1f6e9a771b53a8f,gwsearch run
3263,1777044807.4218006,fc2098317d43af66664f0f1337a49fcd8e945f0f8e21c87ed1f6e9a771b53a8f,gwsearch run
3264,1777045374.9013422,fc2098317d43af66664f0f1337a49fcd8e945f0f8e21c87ed1f6e9a771b53a8f,gwsearch run
3265,1777045942.6711125,fc2098317d43af66664f0f1337a49fcd8e945f0f8e21c87ed1f6e9a771b53a8f,gwsearch run
3266,1777046511.6550534,fc2098317d43af66664f0f1337a49fcd8e945f0f8e21c87ed1f6e9a771b53a8f,gwsearch run
3267,1777047079.398241,fc2098317d43af66664f0f1337a49fcd8e945f0f8e21c87ed1f6e9a771b53a8f,gwsearch run
3268,1777047647.1363559,fc2098317d43af66664f0f1337a49fcd8e945f0f8e21c87ed1f6e9a771b53a8f,gwsearch run
3269,1777048215.9126077,fc2098317d43af66664f0f1337a49fcd8e945f0f8e21c87ed1f6e9a771b53a8f,gwsearch run
3270,1777048783.4418674,fc2098317d43af66664f0f1337a49fcd8e945f0f8e21c87ed1f6e9a771b53a8f,gwsearch run
3271,1777049352.9437244,fc2098317d43af66664f0f1337a49fcd8e945f0f8e21c87ed1f6e9a771b53a8f,gwsearch run
3272,1777049919.6722653,fc2098317d43af66664f0f1337a49fcd8e945f0f8e21c87ed1f6e9a771b53a8f,gwsearch run
3273,1777050488.142952,fc2098317d43af66664f0f1337a49fcd8e945f0f8e21c87ed1f6e9a771b53a8f,gwsearch run
3274,1777051060.668619,fc2098317d43af66664f0f1337a49fcd8e945f0f8e21c87ed1f6e9a771b53a8f,gwsearch run
3275,1777051631.1573563,fc2098317d43af66664f0f1337a49fcd8e945f0f8e21c87ed1f6e9a771b53a8f,gwsearch run
3276,1777052199.4162562,fc2098317d43af66664f0f1337a49fcd8e945f0f8e21c87ed1f6e9a771b53a8f,gwsearch run
3277,1777052766.4065945,fc2098317d43af66664f0f1337a49fcd8e945f0f8e21c87ed1f6e9a771b53a8f,gwsearch run
3278,1777053333.1366596,fc2098317d43af66664f0f1337a49fcd8e945f0f8e21c87ed1f6e9a771b53a8f,gwsearch run
3279,1777053906.6754205,fc2098317d43af66664f0f1337a49fcd8e945f0f8e21c87ed1f6e9a771b53a8f,gwsearch run
3280,1777054474.4197283,fc2098317d43af66664f0f1337a49fcd8e945f0f8e21c87ed1f6e9a771b53a8f,gwsearch run
3281,1777055039.9091477,fc2098317d43af66664f0f1337a49fcd8e945f0f8e21c87ed1f6e9a771b53a8f,gwsearch run
3282,1777055608.4158142,fc2098317d43af66664f0f1337a49fcd8e945f0f8e21c87ed1f6e9a771b53a8f,gwsearch run
3283,1777056180.676672,fc2098317d43af66664f0f1337a49fcd8e945f0f8e21c87ed1f6e9a771b53a8f,gwsearch run
3284,1777056749.4457257,fc2098317d43af66664f0f1337a49fcd8e945f0f8e21c87ed1f6e9a771b53a8f,gwsearch run
3285,1777057316.387551,fc2098317d43af66664f0f1337a49fcd8e945f0f8e21c87ed1f6e9a771b53a8f,gwsearch run
3286,1777057884.9041348,fc2098317d43af66664f0f1337a49fcd8e945f0f8e21c87ed1f6e9a771b53a8f,gwsearch run
3287,1777058450.9081187,fc2098317d43af66664f0f1337a49fcd8e945f0f8e21c87ed1f6e9a771b53a8f,gwsearch run
3288,1777059019.1802948,fc2098317d43af66664f0f1337a49fcd8e945f0f8e21c87ed1f6e9a771b53a8f,gwsearch run
3289,1777059685.9319317,fc2098317d43af66664f0f1337a49fcd8e945f0f8e21c87ed1f6e9a771b53a8f,gwsearch run
3290,1777060253.917012,fc2098317d43af66664f0f1337a49fcd8e945f0f8e21c87ed1f6e9a771b53a8f,gwsearch run
3291,1777060821.6504972,fc2098317d43af66664f0f1337a49fcd8e945f0f8e21c87ed1f6e9a771b53a8f,gwsearch run
3292,1777061393.9380848,fc2098317d43af66664f0f1337a49fcd8e945f0f8e21c87ed1f6e9a771b53a8f,gwsearch run
3293,1777061961.4309323,fc2098317d43af66664f0f1337a49fcd8e945f0f8e21c87ed1f6e9a771b53a8f,gwsearch run
3294,1777062527.4106734,fc2098317d43af66664f0f1337a49fcd8e945f0f8e21c87ed1f6e9a771b53a8f,gwsearch run
3295,1777063096.670879,fc2098317d43af66664f0f1337a49fcd8e945f0f8e21c87ed1f6e9a771b53a8f,gwsearch run
3296,1777063673.9150684,fc2098317d43af66664f0f1337a49fcd8e945f0f8e21c87ed1f6e9a771b53a8f,gwsearch run
3297,1777064240.8827872,fc2098317d43af66664f0f1337a49fcd8e945f0f8e21c87ed1f6e9a771b53a8f,gwsearch run
3298,1777064806.6656387,fc2098317d43af66664f0f1337a49fcd8e945f0f8e21c87ed1f6e9a771b53a8f,gwsearch run
3299,1777065371.4463878,fc2098317d43af66664f0f1337a49fcd8e945f0f8e21c87ed1f6e9a771b53a8f,gwsearch run
3300,1777065949.4120677,fc2098317d43af66664f0f1337a49fcd8e945f0f8e21c87ed1f6e9a771b53a8f,gwsearch run
3301,1777066514.1725821,fc2098317d43af66664f0f1337a49fcd8e945f0f8e21c87ed1f6e9a771b53a8f,gwsearch run
3302,1777067080.386697,fc2098317d43af66664f0f1337a49fcd8e945f0f8e21c87ed1f6e9a771b53a8f,gwsearch run
3303,1777067648.3936708,fc2098317d43af66664f0f1337a49fcd8e945f0f8e21c87ed1f6e9a771b53a8f,gwsearch run
3304,1777068218.1415286,fc2098317d43af66664f0f1337a49fcd8e945f0f8e21c87ed1f6e9a771b53a8f,gwsearch run
3305,1777068783.643796,fc2098317d43af66664f0f1337a49fcd8e945f0f8e21c87ed1f6e9a771b53a8f,gwsearch run
3306,1777069351.9307916,fc2098317d43af66664f0f1337a49fcd8e945f0f8e21c87ed1f6e9a771b53a8f,gwsearch run
3307,1777069919.4244,fc2098317d43af66664f0f1337a49fcd8e945f0f8e21c87ed1f6e9a771b53a8f,gwsearch run
3308,1777070487.68439,fc2098317d43af66664f0f1337a49fcd8e945f0f8e21c87ed1f6e9a771b53a8f,gwsearch run
3309,1777071063.9022696,fc2098317d43af66664f0f1337a49fcd8e945f0f8e21c87ed1f6e9a771b53a8f,gwsearch run
3310,1777071646.8808155,fc2098317d43af66664f0f1337a49fcd8e945f0f8e21c87ed1f6e9a771b53a8f,gwsearch run
3311,1777072215.6550348,fc2098317d43af66664f0f1337a49fcd8e945f0f8e21c87ed1f6e9a771b53a8f,gwsearch run
3312,1777072783.1554863,fc2098317d43af66664f0f1337a49fcd8e945f0f8e21c87ed1f6e9a771b53a8f,gwsearch run
3313,1777073353.171868,fc2098317d43af66664f0f1337a49fcd8e945f0f8e21c87ed1f6e9a771b53a8f,gwsearch run
3314,1777073921.170353,fc2098317d43af66664f0f1337a49fcd8e945f0f8e21c87ed1f6e9a771b53a8f,gwsearch run
3315,1777074488.4241333,fc2098317d43af66664f0f1337a49fcd8e945f0f8e21c87ed1f6e9a771b53a8f,gwsearch run
3316,1777075056.4286559,fc2098317d43af66664f0f1337a49fcd8e945f0f8e21c87ed1f6e9a771b53a8f,gwsearch run
3317,1777075630.3930037,fc2098317d43af66664f0f1337a49fcd8e945f0f8e21c87ed1f6e9a771b53a8f,gwsearch run
3318,1777076198.6592445,fc2098317d43af66664f0f1337a49fcd8e945f0f8e21c87ed1f6e9a771b53a8f,gwsearch run
3319,1777076767.4266047,fc2098317d43af66664f0f1337a49fcd8e945f0f8e21c87ed1f6e9a771b53a8f,gwsearch run
3320,1777077333.9093003,fc2098317d43af66664f0f1337a49fcd8e945f0f8e21c87ed1f6e9a771b53a8f,gwsearch run
3321,1777077903.4155996,fc2098317d43af66664f0f1337a49fcd8e945f0f8e21c87ed1f6e9a771b53a8f,gwsearch run
3322,1777078470.9287913,fc2098317d43af66664f0f1337a49fcd8e945f0f8e21c87ed1f6e9a771b53a8f,gwsearch run
3323,1777079049.4162023,fc2098317d43af66664f0f1337a49fcd8e945f0f8e21c87ed1f6e9a771b53a8f,gwsearch run
3324,1777079616.6637852,fc2098317d43af66664f0f1337a49fcd8e945f0f8e21c87ed1f6e9a771b53a8f,gwsearch run
3325,1777080184.907184,fc2098317d43af66664f0f1337a49fcd8e945f0f8e21c87ed1f6e9a771b53a8f,gwsearch run
3326,1777080762.419769,fc2098317d43af66664f0f1337a49fcd8e945f0f8e21c87ed1f6e9a771b53a8f,gwsearch run
3327,1777081328.4208007,fc2098317d43af66664f0f1337a49fcd8e945f0f8e21c87ed1f6e9a771b53a8f,gwsearch run
3328,1777081906.933448,fc2098317d43af66664f0f1337a49fcd8e945f0f8e21c87ed1f6e9a771b53a8f,gwsearch run
3329,1777082475.6657574,fc2098317d43af66664f0f1337a49fcd8e945f0f8e21c87ed1f6e9a771b53a8f,gwsearch run
3330,1777083043.4290414,fc2098317d43af66664f0f1337a49fcd8e945f0f8e21c87ed1f6e9a771b53a8f,gwsearch run
3331,1777083612.1472366,fc2098317d43af66664f0f1337a49fcd8e945f0f8e21c87ed1f6e9a771b53a8f,gwsearch run
3332,1777084180.1606715,fc2098317d43af66664f0f1337a49fcd8e945f0f8e21c87ed1f6e9a771b53a8f,gwsearch run
3333,1777084749.4177554,fc2098317d43af66664f0f1337a49fcd8e945f0f8e21c87ed1f6e9a771b53a8f,gwsearch run
3334,1777085318.9338799,fc2098317d43af66664f0f1337a49fcd8e945f0f8e21c87ed1f6e9a771b53a8f,gwsearch run
3335,1777085889.4201324,fc2098317d43af66664f0f1337a49fcd8e945f0f8e21c87ed1f6e9a771b53a8f,gwsearch run
3336,1777086457.43056,fc2098317d43af66664f0f1337a49fcd8e945f0f8e21c87ed1f6e9a771b53a8f,gwsearch run
3337,1777087025.4137623,fc2098317d43af66664f0f1337a49fcd8e945f0f8e21c87ed1f6e9a771b53a8f,gwsearch run
3338,1777087591.8996859,fc2098317d43af66664f0f1337a49fcd8e945f0f8e21c87ed1f6e9a771b53a8f,gwsearch run
3339,1777088159.9137096,fc2098317d43af66664f0f1337a49fcd8e945f0f8e21c87ed1f6e9a771b53a8f,gwsearch run
3340,1777088727.143786,fc2098317d43af66664f0f1337a49fcd8e945f0f8e21c87ed1f6e9a771b53a8f,gwsearch run
3341,1777089294.4253025,fc2098317d43af66664f0f1337a49fcd8e945f0f8e21c87ed1f6e9a771b53a8f,gwsearch run
3342,1777089861.6710346,fc2098317d43af66664f0f1337a49fcd8e945f0f8e21c87ed1f6e9a771b53a8f,gwsearch run
3343,1777090430.1544285,fc2098317d43af66664f0f1337a49fcd8e945f0f8e21c87ed1f6e9a771b53a8f,gwsearch run
3344,1777090998.1743183,fc2098317d43af66664f0f1337a49fcd8e945f0f8e21c87ed1f6e9a771b53a8f,gwsearch run
3345,1777091567.1534116,fc2098317d43af66664f0f1337a49fcd8e945f0f8e21c87ed1f6e9a771b53a8f,gwsearch run
3346,1777092133.9099116,fc2098317d43af66664f0f1337a49fcd8e945f0f8e21c87ed1f6e9a771b53a8f,gwsearch run
3347,1777092702.661505,fc2098317d43af66664f0f1337a49fcd8e945f0f8e21c87ed1f6e9a771b53a8f,gwsearch run
3348,1777093269.9153745,fc2098317d43af66664f0f1337a49fcd8e945f0f8e21c87ed1f6e9a771b53a8f,gwsearch run
3349,1777093837.4038796,fc2098317d43af66664f0f1337a49fcd8e945f0f8e21c87ed1f6e9a771b53a8f,gwsearch run
3350,1777094403.6699963,fc2098317d43af66664f0f1337a49fcd8e945f0f8e21c87ed1f6e9a771b53a8f,gwsearch run
3351,1777094970.8975143,fc2098317d43af66664f0f1337a49fcd8e945f0f8e21c87ed1f6e9a771b53a8f,gwsearch run
3352,1777095539.1777043,fc2098317d43af66664f0f1337a49fcd8e945f0f8e21c87ed1f6e9a771b53a8f,gwsearch run
3353,1777096105.3915896,fc2098317d43af66664f0f1337a49fcd8e945f0f8e21c87ed1f6e9a771b53a8f,gwsearch run
3354,1777096672.4262598,fc2098317d43af66664f0f1337a49fcd8e945f0f8e21c87ed1f6e9a771b53a8f,gwsearch run
3355,1777097240.6585062,fc2098317d43af66664f0f1337a49fcd8e945f0f8e21c87ed1f6e9a771b53a8f,gwsearch run
3356,1777097810.43054,fc2098317d43af66664f0f1337a49fcd8e945f0f8e21c87ed1f6e9a771b53a8f,gwsearch run
3357,1777098377.6592188,fc2098317d43af66664f0f1337a49fcd8e945f0f8e21c87ed1f6e9a771b53a8f,gwsearch run
3358,1777098954.1565785,fc2098317d43af66664f0f1337a49fcd8e945f0f8e21c87ed1f6e9a771b53a8f,gwsearch run
3359,1777099521.9052606,fc2098317d43af66664f0f1337a49fcd8e945f0f8e21c87ed1f6e9a771b53a8f,gwsearch run
3360,1777100088.6737697,fc2098317d43af66664f0f1337a49fcd8e945f0f8e21c87ed1f6e9a771b53a8f,gwsearch run
3361,1777100662.922862,fc2098317d43af66664f0f1337a49fcd8e945f0f8e21c87ed1f6e9a771b53a8f,gwsearch run
3362,1777101230.15438,fc2098317d43af66664f0f1337a49fcd8e945f0f8e21c87ed1f6e9a771b53a8f,gwsearch run
3363,1777101825.40968,fc2098317d43af66664f0f1337a49fcd8e945f0f8e21c87ed1f6e9a771b53a8f,gwsearch run
3364,1777102391.920077,fc2098317d43af66664f0f1337a49fcd8e945f0f8e21c87ed1f6e9a771b53a8f,gwsearch run
3365,1777102960.651367,fc2098317d43af66664f0f1337a49fcd8e945f0f8e21c87ed1f6e9a771b53a8f,gwsearch run
3366,1777103528.9054742,fc2098317d43af66664f0f1337a49fcd8e945f0f8e21c87ed1f6e9a771b53a8f,gwsearch run
3367,1777104096.1651256,fc2098317d43af66664f0f1337a49fcd8e945f0f8e21c87ed1f6e9a771b53a8f,gwsearch run
3368,1777104665.416272,fc2098317d43af66664f0f1337a49fcd8e945f0f8e21c87ed1f6e9a771b53a8f,gwsearch run
3369,1777105232.1504495,fc2098317d43af66664f0f1337a49fcd8e945f0f8e21c87ed1f6e9a771b53a8f,gwsearch run
3370,1777105801.4127266,fc2098317d43af66664f0f1337a49fcd8e945f0f8e21c87ed1f6e9a771b53a8f,gwsearch run
3371,1777106368.1670036,fc2098317d43af66664f0f1337a49fcd8e945f0f8e21c87ed1f6e9a771b53a8f,gwsearch run
3372,1777106936.4213212,fc2098317d43af66664f0f1337a49fcd8e945f0f8e21c87ed1f6e9a771b53a8f,gwsearch run
3373,1777107503.9742005,fc2098317d43af66664f0f1337a49fcd8e945f0f8e21c87ed1f6e9a771b53a8f,gwsearch run
3374,1777108070.6503234,fc2098317d43af66664f0f1337a49fcd8e945f0f8e21c87ed1f6e9a771b53a8f,gwsearch run
3375,1777108639.1522868,fc2098317d43af66664f0f1337a49fcd8e945f0f8e21c87ed1f6e9a771b53a8f,gwsearch run
3376,1777109208.1529074,fc2098317d43af66664f0f1337a49fcd8e945f0f8e21c87ed1f6e9a771b53a8f,gwsearch run
3377,1777109775.6666021,fc2098317d43af66664f0f1337a49fcd8e945f0f8e21c87ed1f6e9a771b53a8f,gwsearch run
3378,1777110345.203129,fc2098317d43af66664f0f1337a49fcd8e945f0f8e21c87ed1f6e9a771b53a8f,gwsearch run
3379,1777110921.891315,fc2098317d43af66664f0f1337a49fcd8e945f0f8e21c87ed1f6e9a771b53a8f,gwsearch run
3380,1777111488.66115,fc2098317d43af66664f0f1337a49fcd8e945f0f8e21c87ed1f6e9a771b53a8f,gwsearch run
3381,1777112056.9416175,fc2098317d43af66664f0f1337a49fcd8e945f0f8e21c87ed1f6e9a771b53a8f,gwsearch run
3382,1777112625.718504,fc2098317d43af66664f0f1337a49fcd8e945f0f8e21c87ed1f6e9a771b53a8f,gwsearch run
3383,1777113288.9064028,fc2098317d43af66664f0f1337a49fcd8e945f0f8e21c87ed1f6e9a771b53a8f,gwsearch run
3384,1777113865.9010072,fc2098317d43af66664f0f1337a49fcd8e945f0f8e21c87ed1f6e9a771b53a8f,gwsearch run
3385,1777114436.4152822,fc2098317d43af66664f0f1337a49fcd8e945f0f8e21c87ed1f6e9a771b53a8f,gwsearch run
3386,1777115013.645342,fc2098317d43af66664f0f1337a49fcd8e945f0f8e21c87ed1f6e9a771b53a8f,gwsearch run
3387,1777115580.9194763,fc2098317d43af66664f0f1337a49fcd8e945f0f8e21c87ed1f6e9a771b53a8f,gwsearch run
3388,1777116149.6686862,fc2098317d43af66664f0f1337a49fcd8e945f0f8e21c87ed1f6e9a771b53a8f,gwsearch run
3389,1777116716.9001536,fc2098317d43af66664f0f1337a49fcd8e945f0f8e21c87ed1f6e9a771b53a8f,gwsearch run
3390,1777117283.1583598,fc2098317d43af66664f0f1337a49fcd8e945f0f8e21c87ed1f6e9a771b53a8f,gwsearch run
3391,1777117860.3893747,fc2098317d43af66664f0f1337a49fcd8e945f0f8e21c87ed1f6e9a771b53a8f,gwsearch run
3392,1777118427.654259,fc2098317d43af66664f0f1337a49fcd8e945f0f8e21c87ed1f6e9a771b53a8f,gwsearch run
3393,1777118994.9039247,fc2098317d43af66664f0f1337a49fcd8e945f0f8e21c87ed1f6e9a771b53a8f,gwsearch run
3394,1777119572.4202466,fc2098317d43af66664f0f1337a49fcd8e945f0f8e21c87ed1f6e9a771b53a8f,gwsearch run
3395,1777120139.666057,fc2098317d43af66664f0f1337a49fcd8e945f0f8e21c87ed1f6e9a771b53a8f,gwsearch run
3396,1777120706.407864,fc2098317d43af66664f0f1337a49fcd8e945f0f8e21c87ed1f6e9a771b53a8f,gwsearch run
3397,1777121272.9344778,fc2098317d43af66664f0f1337a49fcd8e945f0f8e21c87ed1f6e9a771b53a8f,gwsearch run
3398,1777121845.1856463,fc2098317d43af66664f0f1337a49fcd8e945f0f8e21c87ed1f6e9a771b53a8f,gwsearch run
3399,1777122413.191297,fc2098317d43af66664f0f1337a49fcd8e945f0f8e21c87ed1f6e9a771b53a8f,gwsearch run
3400,1777122981.913404,fc2098317d43af66664f0f1337a49fcd8e945f0f8e21c87ed1f6e9a771b53a8f,gwsearch run
3401,1777123549.9116833,fc2098317d43af66664f0f1337a49fcd8e945f0f8e21c87ed1f6e9a771b53a8f,gwsearch run
3402,1777124117.662011,fc2098317d43af66664f0f1337a49fcd8e945f0f8e21c87ed1f6e9a771b53a8f,gwsearch run
3403,1777124685.9097152,fc2098317d43af66664f0f1337a49fcd8e945f0f8e21c87ed1f6e9a771b53a8f,gwsearch run
3404,1777125254.200408,fc2098317d43af66664f0f1337a49fcd8e945f0f8e21c87ed1f6e9a771b53a8f,gwsearch run
3405,1777125834.9174008,fc2098317d43af66664f0f1337a49fcd8e945f0f8e21c87ed1f6e9a771b53a8f,gwsearch run
3406,1777126403.901404,fc2098317d43af66664f0f1337a49fcd8e945f0f8e21c87ed1f6e9a771b53a8f,gwsearch run
3407,1777126972.6571496,fc2098317d43af66664f0f1337a49fcd8e945f0f8e21c87ed1f6e9a771b53a8f,gwsearch run
3408,1777127540.414207,fc2098317d43af66664f0f1337a49fcd8e945f0f8e21c87ed1f6e9a771b53a8f,gwsearch run
3409,1777128107.656514,fc2098317d43af66664f0f1337a49fcd8e945f0f8e21c87ed1f6e9a771b53a8f,gwsearch run
3410,1777128675.4152167,fc2098317d43af66664f0f1337a49fcd8e945f0f8e21c87ed1f6e9a771b53a8f,gwsearch run
3411,1777129244.4127455,fc2098317d43af66664f0f1337a49fcd8e945f0f8e21c87ed1f6e9a771b53a8f,gwsearch run
3412,1777129820.4247305,fc2098317d43af66664f0f1337a49fcd8e945f0f8e21c87ed1f6e9a771b53a8f,gwsearch run
3413,1777130387.6722398,fc2098317d43af66664f0f1337a49fcd8e945f0f8e21c87ed1f6e9a771b53a8f,gwsearch run
3414,1777130956.4130533,fc2098317d43af66664f0f1337a49fcd8e945f0f8e21c87ed1f6e9a771b53a8f,gwsearch run
3415,1777131525.388925,fc2098317d43af66664f0f1337a49fcd8e945f0f8e21c87ed1f6e9a771b53a8f,gwsearch run
3416,1777132091.4195092,fc2098317d43af66664f0f1337a49fcd8e945f0f8e21c87ed1f6e9a771b53a8f,gwsearch run
3417,1777132658.8947704,fc2098317d43af66664f0f1337a49fcd8e945f0f8e21c87ed1f6e9a771b53a8f,gwsearch run
3418,1777133237.433607,fc2098317d43af66664f0f1337a49fcd8e945f0f8e21c87ed1f6e9a771b53a8f,gwsearch run
3419,1777133805.165821,fc2098317d43af66664f0f1337a49fcd8e945f0f8e21c87ed1f6e9a771b53a8f,gwsearch run
3420,1777134374.6638927,fc2098317d43af66664f0f1337a49fcd8e945f0f8e21c87ed1f6e9a771b53a8f,gwsearch run
3421,1777134941.1657236,fc2098317d43af66664f0f1337a49fcd8e945f0f8e21c87ed1f6e9a771b53a8f,gwsearch run
3422,1777135507.9468105,fc2098317d43af66664f0f1337a49fcd8e945f0f8e21c87ed1f6e9a771b53a8f,gwsearch run
3423,1777136076.4307735,fc2098317d43af66664f0f1337a49fcd8e945f0f8e21c87ed1f6e9a771b53a8f,gwsearch run
3424,1777136645.414367,fc2098317d43af66664f0f1337a49fcd8e945f0f8e21c87ed1f6e9a771b53a8f,gwsearch run
3425,1777137212.6580524,fc2098317d43af66664f0f1337a49fcd8e945f0f8e21c87ed1f6e9a771b53a8f,gwsearch run
3426,1777137779.4143229,fc2098317d43af66664f0f1337a49fcd8e945f0f8e21c87ed1f6e9a771b53a8f,gwsearch run
3427,1777138346.40749,fc2098317d43af66664f0f1337a49fcd8e945f0f8e21c87ed1f6e9a771b53a8f,gwsearch run
3428,1777138913.6618233,fc2098317d43af66664f0f1337a49fcd8e945f0f8e21c87ed1f6e9a771b53a8f,gwsearch run
3429,1777139484.4150808,fc2098317d43af66664f0f1337a49fcd8e945f0f8e21c87ed1f6e9a771b53a8f,gwsearch run
3430,1777140053.6870897,fc2098317d43af66664f0f1337a49fcd8e945f0f8e21c87ed1f6e9a771b53a8f,gwsearch run
3431,1777140624.416825,fc2098317d43af66664f0f1337a49fcd8e945f0f8e21c87ed1f6e9a771b53a8f,gwsearch run
3432,1777141193.1143768,fc2098317d43af66664f0f1337a49fcd8e945f0f8e21c87ed1f6e9a771b53a8f,gwsearch run
3433,1777141761.4004493,fc2098317d43af66664f0f1337a49fcd8e945f0f8e21c87ed1f6e9a771b53a8f,gwsearch run
3434,1777142329.6751924,fc2098317d43af66664f0f1337a49fcd8e945f0f8e21c87ed1f6e9a771b53a8f,gwsearch run
3435,1777142906.4089072,fc2098317d43af66664f0f1337a49fcd8e945f0f8e21c87ed1f6e9a771b53a8f,gwsearch run
3436,1777143477.1677155,fc2098317d43af66664f0f1337a49fcd8e945f0f8e21c87ed1f6e9a771b53a8f,gwsearch run
3437,1777144046.4240332,fc2098317d43af66664f0f1337a49fcd8e945f0f8e21c87ed1f6e9a771b53a8f,gwsearch run
3438,1777144614.916967,fc2098317d43af66664f0f1337a49fcd8e945f0f8e21c87ed1f6e9a771b53a8f,gwsearch run
3439,1777145182.8927019,fc2098317d43af66664f0f1337a49fcd8e945f0f8e21c87ed1f6e9a771b53a8f,gwsearch run
3440,1777145752.4206111,fc2098317d43af66664f0f1337a49fcd8e945f0f8e21c87ed1f6e9a771b53a8f,gwsearch run
3441,1777146320.9196992,fc2098317d43af66664f0f1337a49fcd8e945f0f8e21c87ed1f6e9a771b53a8f,gwsearch run
3442,1777146888.8977454,fc2098317d43af66664f0f1337a49fcd8e945f0f8e21c87ed1f6e9a771b53a8f,gwsearch run
3443,1777147459.6721687,fc2098317d43af66664f0f1337a49fcd8e945f0f8e21c87ed1f6e9a771b53a8f,gwsearch run
3444,1777148028.9330192,fc2098317d43af66664f0f1337a49fcd8e945f0f8e21c87ed1f6e9a771b53a8f,gwsearch run
3445,1777148596.9044352,fc2098317d43af66664f0f1337a49fcd8e945f0f8e21c87ed1f6e9a771b53a8f,gwsearch run
3446,1777149167.1631038,fc2098317d43af66664f0f1337a49fcd8e945f0f8e21c87ed1f6e9a771b53a8f,gwsearch run
3447,1777149739.9163501,fc2098317d43af66664f0f1337a49fcd8e945f0f8e21c87ed1f6e9a771b53a8f,gwsearch run
3448,1777150315.4344504,fc2098317d43af66664f0f1337a49fcd8e945f0f8e21c87ed1f6e9a771b53a8f,gwsearch run
3449,1777150884.4340458,fc2098317d43af66664f0f1337a49fcd8e945f0f8e21c87ed1f6e9a771b53a8f,gwsearch run
3450,1777151453.1713827,fc2098317d43af66664f0f1337a49fcd8e945f0f8e21c87ed1f6e9a771b53a8f,gwsearch run
3451,1777152020.4183,fc2098317d43af66664f0f1337a49fcd8e945f0f8e21c87ed1f6e9a771b53a8f,gwsearch run
3452,1777152589.913367,fc2098317d43af66664f0f1337a49fcd8e945f0f8e21c87ed1f6e9a771b53a8f,gwsearch run
3453,1777153157.7020516,fc2098317d43af66664f0f1337a49fcd8e945f0f8e21c87ed1f6e9a771b53a8f,gwsearch run
3454,1777153724.9315796,fc2098317d43af66664f0f1337a49fcd8e945f0f8e21c87ed1f6e9a771b53a8f,gwsearch run
3455,1777154293.638634,fc2098317d43af66664f0f1337a49fcd8e945f0f8e21c87ed1f6e9a771b53a8f,gwsearch run
3456,1777154862.1652913,fc2098317d43af66664f0f1337a49fcd8e945f0f8e21c87ed1f6e9a771b53a8f,gwsearch run
3457,1777155433.153989,fc2098317d43af66664f0f1337a49fcd8e945f0f8e21c87ed1f6e9a771b53a8f,gwsearch run
3458,1777156002.391257,fc2098317d43af66664f0f1337a49fcd8e945f0f8e21c87ed1f6e9a771b53a8f,gwsearch run
3459,1777156569.4103096,fc2098317d43af66664f0f1337a49fcd8e945f0f8e21c87ed1f6e9a771b53a8f,gwsearch run
3460,1777157139.1631572,fc2098317d43af66664f0f1337a49fcd8e945f0f8e21c87ed1f6e9a771b53a8f,gwsearch run
3461,1777157709.420577,fc2098317d43af66664f0f1337a49fcd8e945f0f8e21c87ed1f6e9a771b53a8f,gwsearch run
3462,1777158276.902242,fc2098317d43af66664f0f1337a49fcd8e945f0f8e21c87ed1f6e9a771b53a8f,gwsearch run
3463,1777158846.175288,fc2098317d43af66664f0f1337a49fcd8e945f0f8e21c87ed1f6e9a771b53a8f,gwsearch run
3464,1777159414.9059927,fc2098317d43af66664f0f1337a49fcd8e945f0f8e21c87ed1f6e9a771b53a8f,gwsearch run
3465,1777159982.6740427,fc2098317d43af66664f0f1337a49fcd8e945f0f8e21c87ed1f6e9a771b53a8f,gwsearch run
3466,1777160549.900968,fc2098317d43af66664f0f1337a49fcd8e945f0f8e21c87ed1f6e9a771b53a8f,gwsearch run
3467,1777161117.8964574,fc2098317d43af66664f0f1337a49fcd8e945f0f8e21c87ed1f6e9a771b53a8f,gwsearch run
3468,1777161688.898132,fc2098317d43af66664f0f1337a49fcd8e945f0f8e21c87ed1f6e9a771b53a8f,gwsearch run
3469,1777162257.4262645,fc2098317d43af66664f0f1337a49fcd8e945f0f8e21c87ed1f6e9a771b53a8f,gwsearch run
3470,1777162826.1490722,fc2098317d43af66664f0f1337a49fcd8e945f0f8e21c87ed1f6e9a771b53a8f,gwsearch run
3471,1777163394.6672707,fc2098317d43af66664f0f1337a49fcd8e945f0f8e21c87ed1f6e9a771b53a8f,gwsearch run
3472,1777163963.6643968,fc2098317d43af66664f0f1337a49fcd8e945f0f8e21c87ed1f6e9a771b53a8f,gwsearch run
3473,1777164530.6522639,fc2098317d43af66664f0f1337a49fcd8e945f0f8e21c87ed1f6e9a771b53a8f,gwsearch run
3474,1777165104.6851969,fc2098317d43af66664f0f1337a49fcd8e945f0f8e21c87ed1f6e9a771b53a8f,gwsearch run
3475,1777165742.670707,fc2098317d43af66664f0f1337a49fcd8e945f0f8e21c87ed1f6e9a771b53a8f,gwsearch run
3476,1777166310.1619115,fc2098317d43af66664f0f1337a49fcd8e945f0f8e21c87ed1f6e9a771b53a8f,gwsearch run
3477,1777166893.909141,fc2098317d43af66664f0f1337a49fcd8e945f0f8e21c87ed1f6e9a771b53a8f,gwsearch run
3478,1777167461.9247463,fc2098317d43af66664f0f1337a49fcd8e945f0f8e21c87ed1f6e9a771b53a8f,gwsearch run
3479,1777168028.1537504,fc2098317d43af66664f0f1337a49fcd8e945f0f8e21c87ed1f6e9a771b53a8f,gwsearch run
3480,1777168598.418323,fc2098317d43af66664f0f1337a49fcd8e945f0f8e21c87ed1f6e9a771b53a8f,gwsearch run
3481,1777169166.911597,fc2098317d43af66664f0f1337a49fcd8e945f0f8e21c87ed1f6e9a771b53a8f,gwsearch run
3482,1777169735.1511981,fc2098317d43af66664f0f1337a49fcd8e945f0f8e21c87ed1f6e9a771b53a8f,gwsearch run
3483,1777170304.6453958,fc2098317d43af66664f0f1337a49fcd8e945f0f8e21c87ed1f6e9a771b53a8f,gwsearch run
3484,1777170872.9314616,fc2098317d43af66664f0f1337a49fcd8e945f0f8e21c87ed1f6e9a771b53a8f,gwsearch run
3485,1777171441.9279585,fc2098317d43af66664f0f1337a49fcd8e945f0f8e21c87ed1f6e9a771b53a8f,gwsearch run
3486,1777172009.141111,fc2098317d43af66664f0f1337a49fcd8e945f0f8e21c87ed1f6e9a771b53a8f,gwsearch run
3487,1777172577.153316,fc2098317d43af66664f0f1337a49fcd8e945f0f8e21c87ed1f6e9a771b53a8f,gwsearch run
3488,1777173147.6819203,fc2098317d43af66664f0f1337a49fcd8e945f0f8e21c87ed1f6e9a771b53a8f,gwsearch run
3489,1777173714.6715798,fc2098317d43af66664f0f1337a49fcd8e945f0f8e21c87ed1f6e9a771b53a8f,gwsearch run
3490,1777174283.1615667,fc2098317d43af66664f0f1337a49fcd8e945f0f8e21c87ed1f6e9a771b53a8f,gwsearch run
3491,1777174853.152802,fc2098317d43af66664f0f1337a49fcd8e945f0f8e21c87ed1f6e9a771b53a8f,gwsearch run
3492,1777175420.1583943,fc2098317d43af66664f0f1337a49fcd8e945f0f8e21c87ed1f6e9a771b53a8f,gwsearch run
3493,1777175988.419387,fc2098317d43af66664f0f1337a49fcd8e945f0f8e21c87ed1f6e9a771b53a8f,gwsearch run
3494,1777176558.409424,fc2098317d43af66664f0f1337a49fcd8e945f0f8e21c87ed1f6e9a771b53a8f,gwsearch run
3495,1777177124.407319,fc2098317d43af66664f0f1337a49fcd8e945f0f8e21c87ed1f6e9a771b53a8f,gwsearch run
3496,1777177693.6596668,fc2098317d43af66664f0f1337a49fcd8e945f0f8e21c87ed1f6e9a771b53a8f,gwsearch run
3497,1777178261.171385,fc2098317d43af66664f0f1337a49fcd8e945f0f8e21c87ed1f6e9a771b53a8f,gwsearch run
3498,1777178828.6558833,fc2098317d43af66664f0f1337a49fcd8e945f0f8e21c87ed1f6e9a771b53a8f,gwsearch run
3499,1777179397.9667242,fc2098317d43af66664f0f1337a49fcd8e945f0f8e21c87ed1f6e9a771b53a8f,gwsearch run
3500,1777180064.1443553,fc2098317d43af66664f0f1337a49fcd8e945f0f8e21c87ed1f6e9a771b53a8f,gwsearch run
3501,1777180634.1709008,fc2098317d43af66664f0f1337a49fcd8e945f0f8e21c87ed1f6e9a771b53a8f,gwsearch run
3502,1777181210.928017,fc2098317d43af66664f0f1337a49fcd8e945f0f8e21c87ed1f6e9a771b53a8f,gwsearch run
3503,1777181779.4081385,fc2098317d43af66664f0f1337a49fcd8e945f0f8e21c87ed1f6e9a771b53a8f,gwsearch run
3504,1777182348.1312773,fc2098317d43af66664f0f1337a49fcd8e945f0f8e21c87ed1f6e9a771b53a8f,gwsearch run
3505,1777182917.9185975,fc2098317d43af66664f0f1337a49fcd8e945f0f8e21c87ed1f6e9a771b53a8f,gwsearch run
3506,1777183485.4247332,fc2098317d43af66664f0f1337a49fcd8e945f0f8e21c87ed1f6e9a771b53a8f,gwsearch run
3507,1777184052.6681852,fc2098317d43af66664f0f1337a49fcd8e945f0f8e21c87ed1f6e9a771b53a8f,gwsearch run
3508,1777184622.1444209,fc2098317d43af66664f0f1337a49fcd8e945f0f8e21c87ed1f6e9a771b53a8f,gwsearch run
3509,1777185190.6551886,fc2098317d43af66664f0f1337a49fcd8e945f0f8e21c87ed1f6e9a771b53a8f,gwsearch run
3510,1777185758.9146204,fc2098317d43af66664f0f1337a49fcd8e945f0f8e21c87ed1f6e9a771b53a8f,gwsearch run
3511,1777186328.1620224,fc2098317d43af66664f0f1337a49fcd8e945f0f8e21c87ed1f6e9a771b53a8f,gwsearch run
3512,1777186897.1522076,fc2098317d43af66664f0f1337a49fcd8e945f0f8e21c87ed1f6e9a771b53a8f,gwsearch run
3513,1777187467.4088032,fc2098317d43af66664f0f1337a49fcd8e945f0f8e21c87ed1f6e9a771b53a8f,gwsearch run
3514,1777188036.6589983,fc2098317d43af66664f0f1337a49fcd8e945f0f8e21c87ed1f6e9a771b53a8f,gwsearch run
3515,1777188606.4042168,fc2098317d43af66664f0f1337a49fcd8e945f0f8e21c87ed1f6e9a771b53a8f,gwsearch run
3516,1777189175.1867104,fc2098317d43af66664f0f1337a49fcd8e945f0f8e21c87ed1f6e9a771b53a8f,gwsearch run
3517,1777189742.4128728,fc2098317d43af66664f0f1337a49fcd8e945f0f8e21c87ed1f6e9a771b53a8f,gwsearch run
3518,1777190311.4083672,fc2098317d43af66664f0f1337a49fcd8e945f0f8e21c87ed1f6e9a771b53a8f,gwsearch run
3519,1777190878.6759992,fc2098317d43af66664f0f1337a49fcd8e945f0f8e21c87ed1f6e9a771b53a8f,gwsearch run
3520,1777191446.9237747,fc2098317d43af66664f0f1337a49fcd8e945f0f8e21c87ed1f6e9a771b53a8f,gwsearch run
3521,1777192014.9140127,fc2098317d43af66664f0f1337a49fcd8e945f0f8e21c87ed1f6e9a771b53a8f,gwsearch run
3522,1777192584.1509383,fc2098317d43af66664f0f1337a49fcd8e945f0f8e21c87ed1f6e9a771b53a8f,gwsearch run
3523,1777193152.9217083,fc2098317d43af66664f0f1337a49fcd8e945f0f8e21c87ed1f6e9a771b53a8f,gwsearch run
3524,1777193720.9077265,fc2098317d43af66664f0f1337a49fcd8e945f0f8e21c87ed1f6e9a771b53a8f,gwsearch run
3525,1777194286.6721542,fc2098317d43af66664f0f1337a49fcd8e945f0f8e21c87ed1f6e9a771b53a8f,gwsearch run
3526,1777194854.8997698,fc2098317d43af66664f0f1337a49fcd8e945f0f8e21c87ed1f6e9a771b53a8f,gwsearch run
3527,1777195421.1545637,fc2098317d43af66664f0f1337a49fcd8e945f0f8e21c87ed1f6e9a771b53a8f,gwsearch run
3528,1777195988.6745677,fc2098317d43af66664f0f1337a49fcd8e945f0f8e21c87ed1f6e9a771b53a8f,gwsearch run
3529,1777196557.1658232,fc2098317d43af66664f0f1337a49fcd8e945f0f8e21c87ed1f6e9a771b53a8f,gwsearch run
3530,1777197125.9200823,fc2098317d43af66664f0f1337a49fcd8e945f0f8e21c87ed1f6e9a771b53a8f,gwsearch run
3531,1777197693.4047995,fc2098317d43af66664f0f1337a49fcd8e945f0f8e21c87ed1f6e9a771b53a8f,gwsearch run
3532,1777198260.4171772,fc2098317d43af66664f0f1337a49fcd8e945f0f8e21c87ed1f6e9a771b53a8f,gwsearch run
3533,1777198828.9104605,fc2098317d43af66664f0f1337a49fcd8e945f0f8e21c87ed1f6e9a771b53a8f,gwsearch run
3534,1777199395.6592734,fc2098317d43af66664f0f1337a49fcd8e945f0f8e21c87ed1f6e9a771b53a8f,gwsearch run
3535,1777199964.9032671,fc2098317d43af66664f0f1337a49fcd8e945f0f8e21c87ed1f6e9a771b53a8f,gwsearch run
3536,1777200532.6689923,fc2098317d43af66664f0f1337a49fcd8e945f0f8e21c87ed1f6e9a771b53a8f,gwsearch run
3537,1777201101.40582,fc2098317d43af66664f0f1337a49fcd8e945f0f8e21c87ed1f6e9a771b53a8f,gwsearch run
3538,1777201669.1675656,fc2098317d43af66664f0f1337a49fcd8e945f0f8e21c87ed1f6e9a771b53a8f,gwsearch run
3539,1777202237.924879,fc2098317d43af66664f0f1337a49fcd8e945f0f8e21c87ed1f6e9a771b53a8f,gwsearch run
3540,1777202807.9056036,fc2098317d43af66664f0f1337a49fcd8e945f0f8e21c87ed1f6e9a771b53a8f,gwsearch run
3541,1777203376.6774,fc2098317d43af66664f0f1337a49fcd8e945f0f8e21c87ed1f6e9a771b53a8f,gwsearch run
3542,1777203944.6367714,fc2098317d43af66664f0f1337a49fcd8e945f0f8e21c87ed1f6e9a771b53a8f,gwsearch run
3543,1777204511.428285,fc2098317d43af66664f0f1337a49fcd8e945f0f8e21c87ed1f6e9a771b53a8f,gwsearch run
3544,1777205081.9017472,fc2098317d43af66664f0f1337a49fcd8e945f0f8e21c87ed1f6e9a771b53a8f,gwsearch run
3545,1777205651.663588,fc2098317d43af66664f0f1337a49fcd8e945f0f8e21c87ed1f6e9a771b53a8f,gwsearch run
3546,1777206220.1487215,fc2098317d43af66664f0f1337a49fcd8e945f0f8e21c87ed1f6e9a771b53a8f,gwsearch run
3547,1777206787.1570241,fc2098317d43af66664f0f1337a49fcd8e945f0f8e21c87ed1f6e9a771b53a8f,gwsearch run
3548,1777207355.6573517,fc2098317d43af66664f0f1337a49fcd8e945f0f8e21c87ed1f6e9a771b53a8f,gwsearch run
3549,1777207923.415393,fc2098317d43af66664f0f1337a49fcd8e945f0f8e21c87ed1f6e9a771b53a8f,gwsearch run
3550,1777208491.6684475,fc2098317d43af66664f0f1337a49fcd8e945f0f8e21c87ed1f6e9a771b53a8f,gwsearch run
3551,1777209061.6654818,fc2098317d43af66664f0f1337a49fcd8e945f0f8e21c87ed1f6e9a771b53a8f,gwsearch run
3552,1777209631.6481116,fc2098317d43af66664f0f1337a49fcd8e945f0f8e21c87ed1f6e9a771b53a8f,gwsearch run
3553,1777210201.6472929,fc2098317d43af66664f0f1337a49fcd8e945f0f8e21c87ed1f6e9a771b53a8f,gwsearch run
3554,1777210771.6574125,fc2098317d43af66664f0f1337a49fcd8e945f0f8e21c87ed1f6e9a771b53a8f,gwsearch run
3555,1777211342.1620436,fc2098317d43af66664f0f1337a49fcd8e945f0f8e21c87ed1f6e9a771b53a8f,gwsearch run
3556,1777211910.167039,fc2098317d43af66664f0f1337a49fcd8e945f0f8e21c87ed1f6e9a771b53a8f,gwsearch run
3557,1777212480.4181917,fc2098317d43af66664f0f1337a49fcd8e945f0f8e21c87ed1f6e9a771b53a8f,gwsearch run
3558,1777213049.4049058,fc2098317d43af66664f0f1337a49fcd8e945f0f8e21c87ed1f6e9a771b53a8f,gwsearch run
3559,1777213618.876811,fc2098317d43af66664f0f1337a49fcd8e945f0f8e21c87ed1f6e9a771b53a8f,gwsearch run
3560,1777214187.9229615,fc2098317d43af66664f0f1337a49fcd8e945f0f8e21c87ed1f6e9a771b53a8f,gwsearch run
3561,1777214758.1723435,fc2098317d43af66664f0f1337a49fcd8e945f0f8e21c87ed1f6e9a771b53a8f,gwsearch run
3562,1777215327.4141774,fc2098317d43af66664f0f1337a49fcd8e945f0f8e21c87ed1f6e9a771b53a8f,gwsearch run
3563,1777215898.6419356,fc2098317d43af66664f0f1337a49fcd8e945f0f8e21c87ed1f6e9a771b53a8f,gwsearch run
3564,1777216468.938236,fc2098317d43af66664f0f1337a49fcd8e945f0f8e21c87ed1f6e9a771b53a8f,gwsearch run
3565,1777217038.1745431,fc2098317d43af66664f0f1337a49fcd8e945f0f8e21c87ed1f6e9a771b53a8f,gwsearch run
3566,1777217608.4320679,fc2098317d43af66664f0f1337a49fcd8e945f0f8e21c87ed1f6e9a771b53a8f,gwsearch run
3567,1777218179.6700861,fc2098317d43af66664f0f1337a49fcd8e945f0f8e21c87ed1f6e9a771b53a8f,gwsearch run
3568,1777218747.9197643,fc2098317d43af66664f0f1337a49fcd8e945f0f8e21c87ed1f6e9a771b53a8f,gwsearch run
3569,1777219317.9249392,fc2098317d43af66664f0f1337a49fcd8e945f0f8e21c87ed1f6e9a771b53a8f,gwsearch run
3570,1777219886.4096196,fc2098317d43af66664f0f1337a49fcd8e945f0f8e21c87ed1f6e9a771b53a8f,gwsearch run
3571,1777220458.4308817,fc2098317d43af66664f0f1337a49fcd8e945f0f8e21c87ed1f6e9a771b53a8f,gwsearch run
3572,1777221027.1663632,fc2098317d43af66664f0f1337a49fcd8e945f0f8e21c87ed1f6e9a771b53a8f,gwsearch run
3573,1777221595.9130964,fc2098317d43af66664f0f1337a49fcd8e945f0f8e21c87ed1f6e9a771b53a8f,gwsearch run
3574,1777222164.9260914,fc2098317d43af66664f0f1337a49fcd8e945f0f8e21c87ed1f6e9a771b53a8f,gwsearch run
3575,1777222733.6699297,fc2098317d43af66664f0f1337a49fcd8e945f0f8e21c87ed1f6e9a771b53a8f,gwsearch run
3576,1777223301.9154477,fc2098317d43af66664f0f1337a49fcd8e945f0f8e21c87ed1f6e9a771b53a8f,gwsearch run
3577,1777223872.1290715,fc2098317d43af66664f0f1337a49fcd8e945f0f8e21c87ed1f6e9a771b53a8f,gwsearch run
3578,1777224437.9079895,fc2098317d43af66664f0f1337a49fcd8e945f0f8e21c87ed1f6e9a771b53a8f,gwsearch run
3579,1777225007.4147384,fc2098317d43af66664f0f1337a49fcd8e945f0f8e21c87ed1f6e9a771b53a8f,gwsearch run
3580,1777225576.9094648,fc2098317d43af66664f0f1337a49fcd8e945f0f8e21c87ed1f6e9a771b53a8f,gwsearch run
3581,1777226145.6693993,fc2098317d43af66664f0f1337a49fcd8e945f0f8e21c87ed1f6e9a771b53a8f,gwsearch run
3582,1777226714.1706033,fc2098317d43af66664f0f1337a49fcd8e945f0f8e21c87ed1f6e9a771b53a8f,gwsearch run
3583,1777227282.9080458,fc2098317d43af66664f0f1337a49fcd8e945f0f8e21c87ed1f6e9a771b53a8f,gwsearch run
3584,1777227850.422349,fc2098317d43af66664f0f1337a49fcd8e945f0f8e21c87ed1f6e9a771b53a8f,gwsearch run
3585,1777228417.918235,fc2098317d43af66664f0f1337a49fcd8e945f0f8e21c87ed1f6e9a771b53a8f,gwsearch run
3586,1777228984.9087086,fc2098317d43af66664f0f1337a49fcd8e945f0f8e21c87ed1f6e9a771b53a8f,gwsearch run
3587,1777229554.1664286,fc2098317d43af66664f0f1337a49fcd8e945f0f8e21c87ed1f6e9a771b53a8f,gwsearch run
3588,1777230123.9353323,fc2098317d43af66664f0f1337a49fcd8e945f0f8e21c87ed1f6e9a771b53a8f,gwsearch run
3589,1777230696.1447487,fc2098317d43af66664f0f1337a49fcd8e945f0f8e21c87ed1f6e9a771b53a8f,gwsearch run
3590,1777231265.1257555,fc2098317d43af66664f0f1337a49fcd8e945f0f8e21c87ed1f6e9a771b53a8f,gwsearch run
3591,1777231833.1637373,fc2098317d43af66664f0f1337a49fcd8e945f0f8e21c87ed1f6e9a771b53a8f,gwsearch run
3592,1777232402.1742756,fc2098317d43af66664f0f1337a49fcd8e945f0f8e21c87ed1f6e9a771b53a8f,gwsearch run
3593,1777232971.1472669,fc2098317d43af66664f0f1337a49fcd8e945f0f8e21c87ed1f6e9a771b53a8f,gwsearch run
3594,1777233549.9126356,fc2098317d43af66664f0f1337a49fcd8e945f0f8e21c87ed1f6e9a771b53a8f,gwsearch run
3595,1777234119.1540034,fc2098317d43af66664f0f1337a49fcd8e945f0f8e21c87ed1f6e9a771b53a8f,gwsearch run
3596,1777234686.1731634,fc2098317d43af66664f0f1337a49fcd8e945f0f8e21c87ed1f6e9a771b53a8f,gwsearch run
3597,1777235254.4151437,fc2098317d43af66664f0f1337a49fcd8e945f0f8e21c87ed1f6e9a771b53a8f,gwsearch run
3598,1777235822.1819856,fc2098317d43af66664f0f1337a49fcd8e945f0f8e21c87ed1f6e9a771b53a8f,gwsearch run
3599,1777236387.4058647,fc2098317d43af66664f0f1337a49fcd8e945f0f8e21c87ed1f6e9a771b53a8f,gwsearch run
3600,1777236955.162248,fc2098317d43af66664f0f1337a49fcd8e945f0f8e21c87ed1f6e9a771b53a8f,gwsearch run
3601,1777237523.6757007,fc2098317d43af66664f0f1337a49fcd8e945f0f8e21c87ed1f6e9a771b53a8f,gwsearch run
3602,1777238092.914649,fc2098317d43af66664f0f1337a49fcd8e945f0f8e21c87ed1f6e9a771b53a8f,gwsearch run
3603,1777238661.9276004,fc2098317d43af66664f0f1337a49fcd8e945f0f8e21c87ed1f6e9a771b53a8f,gwsearch run
3604,1777239229.6685994,fc2098317d43af66664f0f1337a49fcd8e945f0f8e21c87ed1f6e9a771b53a8f,gwsearch run
3605,1777239799.6715744,fc2098317d43af66664f0f1337a49fcd8e945f0f8e21c87ed1f6e9a771b53a8f,gwsearch run
3606,1777240365.6541288,fc2098317d43af66664f0f1337a49fcd8e945f0f8e21c87ed1f6e9a771b53a8f,gwsearch run
3607,1777240934.9087493,fc2098317d43af66664f0f1337a49fcd8e945f0f8e21c87ed1f6e9a771b53a8f,gwsearch run
3608,1777241509.7122123,fc2098317d43af66664f0f1337a49fcd8e945f0f8e21c87ed1f6e9a771b53a8f,gwsearch run
3609,1777242079.4317632,fc2098317d43af66664f0f1337a49fcd8e945f0f8e21c87ed1f6e9a771b53a8f,gwsearch run
3610,1777242645.9107165,fc2098317d43af66664f0f1337a49fcd8e945f0f8e21c87ed1f6e9a771b53a8f,gwsearch run
3611,1777243214.410907,fc2098317d43af66664f0f1337a49fcd8e945f0f8e21c87ed1f6e9a771b53a8f,gwsearch run
3612,1777243781.9114866,fc2098317d43af66664f0f1337a49fcd8e945f0f8e21c87ed1f6e9a771b53a8f,gwsearch run
3613,1777244350.4233177,fc2098317d43af66664f0f1337a49fcd8e945f0f8e21c87ed1f6e9a771b53a8f,gwsearch run
3614,1777244918.4122589,fc2098317d43af66664f0f1337a49fcd8e945f0f8e21c87ed1f6e9a771b53a8f,gwsearch run
3615,1777245487.9145446,fc2098317d43af66664f0f1337a49fcd8e945f0f8e21c87ed1f6e9a771b53a8f,gwsearch run
3616,1777246057.6635087,fc2098317d43af66664f0f1337a49fcd8e945f0f8e21c87ed1f6e9a771b53a8f,gwsearch run
3617,1777246627.9411118,fc2098317d43af66664f0f1337a49fcd8e945f0f8e21c87ed1f6e9a771b53a8f,gwsearch run
3618,1777247195.940424,fc2098317d43af66664f0f1337a49fcd8e945f0f8e21c87ed1f6e9a771b53a8f,gwsearch run
3619,1777247764.6806967,fc2098317d43af66664f0f1337a49fcd8e945f0f8e21c87ed1f6e9a771b53a8f,gwsearch run
3620,1777248333.1538258,fc2098317d43af66664f0f1337a49fcd8e945f0f8e21c87ed1f6e9a771b53a8f,gwsearch run
3621,1777248910.6614165,fc2098317d43af66664f0f1337a49fcd8e945f0f8e21c87ed1f6e9a771b53a8f,gwsearch run
3622,1777249479.415655,fc2098317d43af66664f0f1337a49fcd8e945f0f8e21c87ed1f6e9a771b53a8f,gwsearch run
3623,1777250047.6673095,fc2098317d43af66664f0f1337a49fcd8e945f0f8e21c87ed1f6e9a771b53a8f,gwsearch run
3624,1777250616.1575437,fc2098317d43af66664f0f1337a49fcd8e945f0f8e21c87ed1f6e9a771b53a8f,gwsearch run
3625,1777251185.3688872,fc2098317d43af66664f0f1337a49fcd8e945f0f8e21c87ed1f6e9a771b53a8f,gwsearch run
3626,1777251754.185722,fc2098317d43af66664f0f1337a49fcd8e945f0f8e21c87ed1f6e9a771b53a8f,gwsearch run
3627,1777252320.3995595,fc2098317d43af66664f0f1337a49fcd8e945f0f8e21c87ed1f6e9a771b53a8f,gwsearch run
3628,1777252886.9107926,fc2098317d43af66664f0f1337a49fcd8e945f0f8e21c87ed1f6e9a771b53a8f,gwsearch run
3629,1777253460.4063227,fc2098317d43af66664f0f1337a49fcd8e945f0f8e21c87ed1f6e9a771b53a8f,gwsearch run
3630,1777254024.6652849,fc2098317d43af66664f0f1337a49fcd8e945f0f8e21c87ed1f6e9a771b53a8f,gwsearch run
3631,1777254593.1512053,fc2098317d43af66664f0f1337a49fcd8e945f0f8e21c87ed1f6e9a771b53a8f,gwsearch run
3632,1777255160.911564,fc2098317d43af66664f0f1337a49fcd8e945f0f8e21c87ed1f6e9a771b53a8f,gwsearch run
3633,1777255728.902641,fc2098317d43af66664f0f1337a49fcd8e945f0f8e21c87ed1f6e9a771b53a8f,gwsearch run
3634,1777256297.4150813,fc2098317d43af66664f0f1337a49fcd8e945f0f8e21c87ed1f6e9a771b53a8f,gwsearch run
3635,1777256865.668507,fc2098317d43af66664f0f1337a49fcd8e945f0f8e21c87ed1f6e9a771b53a8f,gwsearch run
3636,1777257434.1469908,fc2098317d43af66664f0f1337a49fcd8e945f0f8e21c87ed1f6e9a771b53a8f,gwsearch run
3637,1777258002.42944,fc2098317d43af66664f0f1337a49fcd8e945f0f8e21c87ed1f6e9a771b53a8f,gwsearch run
3638,1777258568.6536005,fc2098317d43af66664f0f1337a49fcd8e945f0f8e21c87ed1f6e9a771b53a8f,gwsearch run
3639,1777259137.6797755,fc2098317d43af66664f0f1337a49fcd8e945f0f8e21c87ed1f6e9a771b53a8f,gwsearch run
3640,1777259708.6580443,fc2098317d43af66664f0f1337a49fcd8e945f0f8e21c87ed1f6e9a771b53a8f,gwsearch run
3641,1777260277.4142177,fc2098317d43af66664f0f1337a49fcd8e945f0f8e21c87ed1f6e9a771b53a8f,gwsearch run
3642,1777260843.918045,fc2098317d43af66664f0f1337a49fcd8e945f0f8e21c87ed1f6e9a771b53a8f,gwsearch run
3643,1777261411.6559713,fc2098317d43af66664f0f1337a49fcd8e945f0f8e21c87ed1f6e9a771b53a8f,gwsearch run
3644,1777261987.9318419,fc2098317d43af66664f0f1337a49fcd8e945f0f8e21c87ed1f6e9a771b53a8f,gwsearch run
3645,1777262556.6503713,fc2098317d43af66664f0f1337a49fcd8e945f0f8e21c87ed1f6e9a771b53a8f,gwsearch run
3646,1777263125.6643763,fc2098317d43af66664f0f1337a49fcd8e945f0f8e21c87ed1f6e9a771b53a8f,gwsearch run
3647,1777263696.155035,fc2098317d43af66664f0f1337a49fcd8e945f0f8e21c87ed1f6e9a771b53a8f,gwsearch run
3648,1777264263.9002032,fc2098317d43af66664f0f1337a49fcd8e945f0f8e21c87ed1f6e9a771b53a8f,gwsearch run
3649,1777264832.413066,fc2098317d43af66664f0f1337a49fcd8e945f0f8e21c87ed1f6e9a771b53a8f,gwsearch run
3650,1777265400.9165006,fc2098317d43af66664f0f1337a49fcd8e945f0f8e21c87ed1f6e9a771b53a8f,gwsearch run
3651,1777265969.921067,fc2098317d43af66664f0f1337a49fcd8e945f0f8e21c87ed1f6e9a771b53a8f,gwsearch run
3652,1777266538.1584516,fc2098317d43af66664f0f1337a49fcd8e945f0f8e21c87ed1f6e9a771b53a8f,gwsearch run
3653,1777267104.9267786,fc2098317d43af66664f0f1337a49fcd8e945f0f8e21c87ed1f6e9a771b53a8f,gwsearch run
3654,1777267671.6829338,fc2098317d43af66664f0f1337a49fcd8e945f0f8e21c87ed1f6e9a771b53a8f,gwsearch run
3655,1777268239.6734889,fc2098317d43af66664f0f1337a49fcd8e945f0f8e21c87ed1f6e9a771b53a8f,gwsearch run
3656,1777268807.9035254,fc2098317d43af66664f0f1337a49fcd8e945f0f8e21c87ed1f6e9a771b53a8f,gwsearch run
3657,1777269375.6461463,fc2098317d43af66664f0f1337a49fcd8e945f0f8e21c87ed1f6e9a771b53a8f,gwsearch run
3658,1777269940.9085276,fc2098317d43af66664f0f1337a49fcd8e945f0f8e21c87ed1f6e9a771b53a8f,gwsearch run
3659,1777270509.6595328,fc2098317d43af66664f0f1337a49fcd8e945f0f8e21c87ed1f6e9a771b53a8f,gwsearch run
3660,1777271076.9155755,fc2098317d43af66664f0f1337a49fcd8e945f0f8e21c87ed1f6e9a771b53a8f,gwsearch run
3661,1777271643.1514509,fc2098317d43af66664f0f1337a49fcd8e945f0f8e21c87ed1f6e9a771b53a8f,gwsearch run
3662,1777272213.6571271,fc2098317d43af66664f0f1337a49fcd8e945f0f8e21c87ed1f6e9a771b53a8f,gwsearch run
3663,1777272782.1909437,fc2098317d43af66664f0f1337a49fcd8e945f0f8e21c87ed1f6e9a771b53a8f,gwsearch run
3664,1777273351.1494412,fc2098317d43af66664f0f1337a49fcd8e945f0f8e21c87ed1f6e9a771b53a8f,gwsearch run
3665,1777273918.6732023,fc2098317d43af66664f0f1337a49fcd8e945f0f8e21c87ed1f6e9a771b53a8f,gwsearch run
3666,1777274488.667302,fc2098317d43af66664f0f1337a49fcd8e945f0f8e21c87ed1f6e9a771b53a8f,gwsearch run
3667,1777275057.9188461,fc2098317d43af66664f0f1337a49fcd8e945f0f8e21c87ed1f6e9a771b53a8f,gwsearch run
3668,1777275626.6530583,fc2098317d43af66664f0f1337a49fcd8e945f0f8e21c87ed1f6e9a771b53a8f,gwsearch run
3669,1777276195.6587105,fc2098317d43af66664f0f1337a49fcd8e945f0f8e21c87ed1f6e9a771b53a8f,gwsearch run
3670,1777276763.6694133,fc2098317d43af66664f0f1337a49fcd8e945f0f8e21c87ed1f6e9a771b53a8f,gwsearch run
3671,1777277332.9165797,fc2098317d43af66664f0f1337a49fcd8e945f0f8e21c87ed1f6e9a771b53a8f,gwsearch run
3672,1777277902.166168,fc2098317d43af66664f0f1337a49fcd8e945f0f8e21c87ed1f6e9a771b53a8f,gwsearch run
3673,1777278469.399634,fc2098317d43af66664f0f1337a49fcd8e945f0f8e21c87ed1f6e9a771b53a8f,gwsearch run
3674,1777279043.952813,fc2098317d43af66664f0f1337a49fcd8e945f0f8e21c87ed1f6e9a771b53a8f,gwsearch run
3675,1777279613.4099257,fc2098317d43af66664f0f1337a49fcd8e945f0f8e21c87ed1f6e9a771b53a8f,gwsearch run
3676,1777280182.1666007,fc2098317d43af66664f0f1337a49fcd8e945f0f8e21c87ed1f6e9a771b53a8f,gwsearch run
3677,1777280752.662863,fc2098317d43af66664f0f1337a49fcd8e945f0f8e21c87ed1f6e9a771b53a8f,gwsearch run
3678,1777281322.9222448,fc2098317d43af66664f0f1337a49fcd8e945f0f8e21c87ed1f6e9a771b53a8f,gwsearch run
3679,1777281892.660957,fc2098317d43af66664f0f1337a49fcd8e945f0f8e21c87ed1f6e9a771b53a8f,gwsearch run
3680,1777282463.1793716,fc2098317d43af66664f0f1337a49fcd8e945f0f8e21c87ed1f6e9a771b53a8f,gwsearch run
3681,1777283028.8957264,fc2098317d43af66664f0f1337a49fcd8e945f0f8e21c87ed1f6e9a771b53a8f,gwsearch run
3682,1777283596.6543775,fc2098317d43af66664f0f1337a49fcd8e945f0f8e21c87ed1f6e9a771b53a8f,gwsearch run
3683,1777284166.6610413,fc2098317d43af66664f0f1337a49fcd8e945f0f8e21c87ed1f6e9a771b53a8f,gwsearch run
3684,1777284735.162472,fc2098317d43af66664f0f1337a49fcd8e945f0f8e21c87ed1f6e9a771b53a8f,gwsearch run
3685,1777285305.1720603,fc2098317d43af66664f0f1337a49fcd8e945f0f8e21c87ed1f6e9a771b53a8f,gwsearch run
3686,1777285875.145267,fc2098317d43af66664f0f1337a49fcd8e945f0f8e21c87ed1f6e9a771b53a8f,gwsearch run
3687,1777286442.6703541,fc2098317d43af66664f0f1337a49fcd8e945f0f8e21c87ed1f6e9a771b53a8f,gwsearch run
3688,1777287012.1547325,fc2098317d43af66664f0f1337a49fcd8e945f0f8e21c87ed1f6e9a771b53a8f,gwsearch run
3689,1777287580.6862578,fc2098317d43af66664f0f1337a49fcd8e945f0f8e21c87ed1f6e9a771b53a8f,gwsearch run
3690,1777288147.654971,fc2098317d43af66664f0f1337a49fcd8e945f0f8e21c87ed1f6e9a771b53a8f,gwsearch run
3691,1777288714.6590765,fc2098317d43af66664f0f1337a49fcd8e945f0f8e21c87ed1f6e9a771b53a8f,gwsearch run
3692,1777289285.886053,fc2098317d43af66664f0f1337a49fcd8e945f0f8e21c87ed1f6e9a771b53a8f,gwsearch run
3693,1777289859.6537309,fc2098317d43af66664f0f1337a49fcd8e945f0f8e21c87ed1f6e9a771b53a8f,gwsearch run
3694,1777290426.6556008,fc2098317d43af66664f0f1337a49fcd8e945f0f8e21c87ed1f6e9a771b53a8f,gwsearch run
3695,1777290994.914062,fc2098317d43af66664f0f1337a49fcd8e945f0f8e21c87ed1f6e9a771b53a8f,gwsearch run
3696,1777291561.7127802,fc2098317d43af66664f0f1337a49fcd8e945f0f8e21c87ed1f6e9a771b53a8f,gwsearch run
3697,1777292226.9279008,fc2098317d43af66664f0f1337a49fcd8e945f0f8e21c87ed1f6e9a771b53a8f,gwsearch run
3698,1777292796.926485,fc2098317d43af66664f0f1337a49fcd8e945f0f8e21c87ed1f6e9a771b53a8f,gwsearch run
3699,1777293364.1472435,fc2098317d43af66664f0f1337a49fcd8e945f0f8e21c87ed1f6e9a771b53a8f,gwsearch run
3700,1777293933.4316413,fc2098317d43af66664f0f1337a49fcd8e945f0f8e21c87ed1f6e9a771b53a8f,gwsearch run
3701,1777294507.6768525,fc2098317d43af66664f0f1337a49fcd8e945f0f8e21c87ed1f6e9a771b53a8f,gwsearch run
3702,1777295077.909491,fc2098317d43af66664f0f1337a49fcd8e945f0f8e21c87ed1f6e9a771b53a8f,gwsearch run
3703,1777295647.4259098,fc2098317d43af66664f0f1337a49fcd8e945f0f8e21c87ed1f6e9a771b53a8f,gwsearch run
3704,1777296216.4343033,fc2098317d43af66664f0f1337a49fcd8e945f0f8e21c87ed1f6e9a771b53a8f,gwsearch run
3705,1777296783.936713,fc2098317d43af66664f0f1337a49fcd8e945f0f8e21c87ed1f6e9a771b53a8f,gwsearch run
3706,1777297353.92601,fc2098317d43af66664f0f1337a49fcd8e945f0f8e21c87ed1f6e9a771b53a8f,gwsearch run
3707,1777297922.6596131,fc2098317d43af66664f0f1337a49fcd8e945f0f8e21c87ed1f6e9a771b53a8f,gwsearch run
3708,1777298488.9095802,fc2098317d43af66664f0f1337a49fcd8e945f0f8e21c87ed1f6e9a771b53a8f,gwsearch run
3709,1777299058.4190533,fc2098317d43af66664f0f1337a49fcd8e945f0f8e21c87ed1f6e9a771b53a8f,gwsearch run
3710,1777299626.9108427,fc2098317d43af66664f0f1337a49fcd8e945f0f8e21c87ed1f6e9a771b53a8f,gwsearch run
3711,1777300194.9120414,fc2098317d43af66664f0f1337a49fcd8e945f0f8e21c87ed1f6e9a771b53a8f,gwsearch run
3712,1777300763.15011,fc2098317d43af66664f0f1337a49fcd8e945f0f8e21c87ed1f6e9a771b53a8f,gwsearch run
3713,1777301332.649909,fc2098317d43af66664f0f1337a49fcd8e945f0f8e21c87ed1f6e9a771b53a8f,gwsearch run
3714,1777301901.9064407,fc2098317d43af66664f0f1337a49fcd8e945f0f8e21c87ed1f6e9a771b53a8f,gwsearch run
3715,1777302470.1635027,fc2098317d43af66664f0f1337a49fcd8e945f0f8e21c87ed1f6e9a771b53a8f,gwsearch run
3716,1777303037.1891732,fc2098317d43af66664f0f1337a49fcd8e945f0f8e21c87ed1f6e9a771b53a8f,gwsearch run
3717,1777303607.4091444,fc2098317d43af66664f0f1337a49fcd8e945f0f8e21c87ed1f6e9a771b53a8f,gwsearch run
3718,1777304176.1599953,fc2098317d43af66664f0f1337a49fcd8e945f0f8e21c87ed1f6e9a771b53a8f,gwsearch run
3719,1777304749.3619683,fc2098317d43af66664f0f1337a49fcd8e945f0f8e21c87ed1f6e9a771b53a8f,gwsearch run
3720,1777305318.4481733,fc2098317d43af66664f0f1337a49fcd8e945f0f8e21c87ed1f6e9a771b53a8f,gwsearch run
3721,1777305886.921132,fc2098317d43af66664f0f1337a49fcd8e945f0f8e21c87ed1f6e9a771b53a8f,gwsearch run
3722,1777306458.4105995,fc2098317d43af66664f0f1337a49fcd8e945f0f8e21c87ed1f6e9a771b53a8f,gwsearch run
3723,1777307029.1480277,fc2098317d43af66664f0f1337a49fcd8e945f0f8e21c87ed1f6e9a771b53a8f,gwsearch run
3724,1777307597.4146688,fc2098317d43af66664f0f1337a49fcd8e945f0f8e21c87ed1f6e9a771b53a8f,gwsearch run
3725,1777308170.896996,fc2098317d43af66664f0f1337a49fcd8e945f0f8e21c87ed1f6e9a771b53a8f,gwsearch run
3726,1777308739.652183,fc2098317d43af66664f0f1337a49fcd8e945f0f8e21c87ed1f6e9a771b53a8f,gwsearch run
3727,1777309308.3997962,fc2098317d43af66664f0f1337a49fcd8e945f0f8e21c87ed1f6e9a771b53a8f,gwsearch run
3728,1777309875.9212642,fc2098317d43af66664f0f1337a49fcd8e945f0f8e21c87ed1f6e9a771b53a8f,gwsearch run
3729,1777310444.1672053,fc2098317d43af66664f0f1337a49fcd8e945f0f8e21c87ed1f6e9a771b53a8f,gwsearch run
3730,1777311012.165157,fc2098317d43af66664f0f1337a49fcd8e945f0f8e21c87ed1f6e9a771b53a8f,gwsearch run
3731,1777311578.6658309,fc2098317d43af66664f0f1337a49fcd8e945f0f8e21c87ed1f6e9a771b53a8f,gwsearch run
3732,1777312147.4190128,fc2098317d43af66664f0f1337a49fcd8e945f0f8e21c87ed1f6e9a771b53a8f,gwsearch run
3733,1777312716.892812,fc2098317d43af66664f0f1337a49fcd8e945f0f8e21c87ed1f6e9a771b53a8f,gwsearch run
3734,1777313287.1748095,fc2098317d43af66664f0f1337a49fcd8e945f0f8e21c87ed1f6e9a771b53a8f,gwsearch run
3735,1777313854.4030411,fc2098317d43af66664f0f1337a49fcd8e945f0f8e21c87ed1f6e9a771b53a8f,gwsearch run
3736,1777314421.9327738,fc2098317d43af66664f0f1337a49fcd8e945f0f8e21c87ed1f6e9a771b53a8f,gwsearch run
3737,1777314992.1783895,fc2098317d43af66664f0f1337a49fcd8e945f0f8e21c87ed1f6e9a771b53a8f,gwsearch run
3738,1777315561.410738,fc2098317d43af66664f0f1337a49fcd8e945f0f8e21c87ed1f6e9a771b53a8f,gwsearch run
3739,1777316133.158608,fc2098317d43af66664f0f1337a49fcd8e945f0f8e21c87ed1f6e9a771b53a8f,gwsearch run
3740,1777316704.4234402,fc2098317d43af66664f0f1337a49fcd8e945f0f8e21c87ed1f6e9a771b53a8f,gwsearch run
3741,1777317275.9271412,fc2098317d43af66664f0f1337a49fcd8e945f0f8e21c87ed1f6e9a771b53a8f,gwsearch run
3742,1777317848.180594,fc2098317d43af66664f0f1337a49fcd8e945f0f8e21c87ed1f6e9a771b53a8f,gwsearch run
3743,1777318417.9310572,fc2098317d43af66664f0f1337a49fcd8e945f0f8e21c87ed1f6e9a771b53a8f,gwsearch run
3744,1777319009.4043288,fc2098317d43af66664f0f1337a49fcd8e945f0f8e21c87ed1f6e9a771b53a8f,gwsearch run
3745,1777319579.4211252,fc2098317d43af66664f0f1337a49fcd8e945f0f8e21c87ed1f6e9a771b53a8f,gwsearch run
3746,1777320147.683492,fc2098317d43af66664f0f1337a49fcd8e945f0f8e21c87ed1f6e9a771b53a8f,gwsearch run
3747,1777320720.38916,fc2098317d43af66664f0f1337a49fcd8e945f0f8e21c87ed1f6e9a771b53a8f,gwsearch run
3748,1777321288.6635027,fc2098317d43af66664f0f1337a49fcd8e945f0f8e21c87ed1f6e9a771b53a8f,gwsearch run
3749,1777321857.3944743,fc2098317d43af66664f0f1337a49fcd8e945f0f8e21c87ed1f6e9a771b53a8f,gwsearch run
3750,1777322426.9136376,fc2098317d43af66664f0f1337a49fcd8e945f0f8e21c87ed1f6e9a771b53a8f,gwsearch run
3751,1777322994.1563365,fc2098317d43af66664f0f1337a49fcd8e945f0f8e21c87ed1f6e9a771b53a8f,gwsearch run
3752,1777323563.397231,fc2098317d43af66664f0f1337a49fcd8e945f0f8e21c87ed1f6e9a771b53a8f,gwsearch run
3753,1777324133.1861885,fc2098317d43af66664f0f1337a49fcd8e945f0f8e21c87ed1f6e9a771b53a8f,gwsearch run
3754,1777324700.8993633,fc2098317d43af66664f0f1337a49fcd8e945f0f8e21c87ed1f6e9a771b53a8f,gwsearch run
3755,1777325270.66847,fc2098317d43af66664f0f1337a49fcd8e945f0f8e21c87ed1f6e9a771b53a8f,gwsearch run
3756,1777325838.4246943,fc2098317d43af66664f0f1337a49fcd8e945f0f8e21c87ed1f6e9a771b53a8f,gwsearch run
3757,1777326409.161011,fc2098317d43af66664f0f1337a49fcd8e945f0f8e21c87ed1f6e9a771b53a8f,gwsearch run
3758,1777326977.6472964,fc2098317d43af66664f0f1337a49fcd8e945f0f8e21c87ed1f6e9a771b53a8f,gwsearch run
3759,1777327544.669018,fc2098317d43af66664f0f1337a49fcd8e945f0f8e21c87ed1f6e9a771b53a8f,gwsearch run
3760,1777328114.9105475,fc2098317d43af66664f0f1337a49fcd8e945f0f8e21c87ed1f6e9a771b53a8f,gwsearch run
3761,1777328685.155302,fc2098317d43af66664f0f1337a49fcd8e945f0f8e21c87ed1f6e9a771b53a8f,gwsearch run
3762,1777329254.677168,fc2098317d43af66664f0f1337a49fcd8e945f0f8e21c87ed1f6e9a771b53a8f,gwsearch run
3763,1777329824.648178,fc2098317d43af66664f0f1337a49fcd8e945f0f8e21c87ed1f6e9a771b53a8f,gwsearch run
3764,1777330421.1648169,fc2098317d43af66664f0f1337a49fcd8e945f0f8e21c87ed1f6e9a771b53a8f,gwsearch run
3765,1777330991.1640766,fc2098317d43af66664f0f1337a49fcd8e945f0f8e21c87ed1f6e9a771b53a8f,gwsearch run
3766,1777331559.631989,fc2098317d43af66664f0f1337a49fcd8e945f0f8e21c87ed1f6e9a771b53a8f,gwsearch run
3767,1777332130.6762054,fc2098317d43af66664f0f1337a49fcd8e945f0f8e21c87ed1f6e9a771b53a8f,gwsearch run
3768,1777332700.689019,fc2098317d43af66664f0f1337a49fcd8e945f0f8e21c87ed1f6e9a771b53a8f,gwsearch run
3769,1777333269.1587179,fc2098317d43af66664f0f1337a49fcd8e945f0f8e21c87ed1f6e9a771b53a8f,gwsearch run
3770,1777333838.9104843,fc2098317d43af66664f0f1337a49fcd8e945f0f8e21c87ed1f6e9a771b53a8f,gwsearch run
3771,1777334407.4205887,fc2098317d43af66664f0f1337a49fcd8e945f0f8e21c87ed1f6e9a771b53a8f,gwsearch run
3772,1777334977.9187143,fc2098317d43af66664f0f1337a49fcd8e945f0f8e21c87ed1f6e9a771b53a8f,gwsearch run
3773,1777335546.6539805,fc2098317d43af66664f0f1337a49fcd8e945f0f8e21c87ed1f6e9a771b53a8f,gwsearch run
3774,1777336123.4362113,fc2098317d43af66664f0f1337a49fcd8e945f0f8e21c87ed1f6e9a771b53a8f,gwsearch run
3775,1777336690.6621532,fc2098317d43af66664f0f1337a49fcd8e945f0f8e21c87ed1f6e9a771b53a8f,gwsearch run
3776,1777337261.1533775,fc2098317d43af66664f0f1337a49fcd8e945f0f8e21c87ed1f6e9a771b53a8f,gwsearch run
3777,1777337830.4165642,fc2098317d43af66664f0f1337a49fcd8e945f0f8e21c87ed1f6e9a771b53a8f,gwsearch run
3778,1777338399.4362066,fc2098317d43af66664f0f1337a49fcd8e945f0f8e21c87ed1f6e9a771b53a8f,gwsearch run
3779,1777338969.8939047,fc2098317d43af66664f0f1337a49fcd8e945f0f8e21c87ed1f6e9a771b53a8f,gwsearch run
3780,1777339537.9181232,fc2098317d43af66664f0f1337a49fcd8e945f0f8e21c87ed1f6e9a771b53a8f,gwsearch run
3781,1777340106.9014583,fc2098317d43af66664f0f1337a49fcd8e945f0f8e21c87ed1f6e9a771b53a8f,gwsearch run
3782,1777340674.394161,fc2098317d43af66664f0f1337a49fcd8e945f0f8e21c87ed1f6e9a771b53a8f,gwsearch run
3783,1777341242.1672802,fc2098317d43af66664f0f1337a49fcd8e945f0f8e21c87ed1f6e9a771b53a8f,gwsearch run
3784,1777341811.1799812,fc2098317d43af66664f0f1337a49fcd8e945f0f8e21c87ed1f6e9a771b53a8f,gwsearch run
3785,1777342382.6397917,fc2098317d43af66664f0f1337a49fcd8e945f0f8e21c87ed1f6e9a771b53a8f,gwsearch run
3786,1777342951.9262078,fc2098317d43af66664f0f1337a49fcd8e945f0f8e21c87ed1f6e9a771b53a8f,gwsearch run
3787,1777343520.8994482,fc2098317d43af66664f0f1337a49fcd8e945f0f8e21c87ed1f6e9a771b53a8f,gwsearch run
3788,1777344090.9070287,fc2098317d43af66664f0f1337a49fcd8e945f0f8e21c87ed1f6e9a771b53a8f,gwsearch run
3789,1777344664.6680176,fc2098317d43af66664f0f1337a49fcd8e945f0f8e21c87ed1f6e9a771b53a8f,gwsearch run
3790,1777345233.4366677,fc2098317d43af66664f0f1337a49fcd8e945f0f8e21c87ed1f6e9a771b53a8f,gwsearch run
3791,1777345802.170608,fc2098317d43af66664f0f1337a49fcd8e945f0f8e21c87ed1f6e9a771b53a8f,gwsearch run
3792,1777346370.9094486,fc2098317d43af66664f0f1337a49fcd8e945f0f8e21c87ed1f6e9a771b53a8f,gwsearch run
3793,1777346939.6491778,fc2098317d43af66664f0f1337a49fcd8e945f0f8e21c87ed1f6e9a771b53a8f,gwsearch run
3794,1777347507.9972656,fc2098317d43af66664f0f1337a49fcd8e945f0f8e21c87ed1f6e9a771b53a8f,gwsearch run
3795,1777348078.6541495,fc2098317d43af66664f0f1337a49fcd8e945f0f8e21c87ed1f6e9a771b53a8f,gwsearch run
3796,1777348648.4115493,fc2098317d43af66664f0f1337a49fcd8e945f0f8e21c87ed1f6e9a771b53a8f,gwsearch run
3797,1777349216.6993654,fc2098317d43af66664f0f1337a49fcd8e945f0f8e21c87ed1f6e9a771b53a8f,gwsearch run
3798,1777349785.4132009,fc2098317d43af66664f0f1337a49fcd8e945f0f8e21c87ed1f6e9a771b53a8f,gwsearch run
3799,1777350354.6573281,fc2098317d43af66664f0f1337a49fcd8e945f0f8e21c87ed1f6e9a771b53a8f,gwsearch run
3800,1777350924.1348608,fc2098317d43af66664f0f1337a49fcd8e945f0f8e21c87ed1f6e9a771b53a8f,gwsearch run
3801,1777351491.9251795,fc2098317d43af66664f0f1337a49fcd8e945f0f8e21c87ed1f6e9a771b53a8f,gwsearch run
3802,1777352061.1580737,fc2098317d43af66664f0f1337a49fcd8e945f0f8e21c87ed1f6e9a771b53a8f,gwsearch run
3803,1777352629.9434946,fc2098317d43af66664f0f1337a49fcd8e945f0f8e21c87ed1f6e9a771b53a8f,gwsearch run
3804,1777353199.9295928,fc2098317d43af66664f0f1337a49fcd8e945f0f8e21c87ed1f6e9a771b53a8f,gwsearch run
3805,1777353768.633356,fc2098317d43af66664f0f1337a49fcd8e945f0f8e21c87ed1f6e9a771b53a8f,gwsearch run
3806,1777354339.1753743,fc2098317d43af66664f0f1337a49fcd8e945f0f8e21c87ed1f6e9a771b53a8f,gwsearch run
3807,1777354908.9372075,fc2098317d43af66664f0f1337a49fcd8e945f0f8e21c87ed1f6e9a771b53a8f,gwsearch run
3808,1777355476.657221,fc2098317d43af66664f0f1337a49fcd8e945f0f8e21c87ed1f6e9a771b53a8f,gwsearch run
3809,1777356053.4408727,fc2098317d43af66664f0f1337a49fcd8e945f0f8e21c87ed1f6e9a771b53a8f,gwsearch run
3810,1777356622.1522596,fc2098317d43af66664f0f1337a49fcd8e945f0f8e21c87ed1f6e9a771b53a8f,gwsearch run
3811,1777357193.4172115,fc2098317d43af66664f0f1337a49fcd8e945f0f8e21c87ed1f6e9a771b53a8f,gwsearch run
3812,1777357763.6626651,fc2098317d43af66664f0f1337a49fcd8e945f0f8e21c87ed1f6e9a771b53a8f,gwsearch run
3813,1777358330.6701994,fc2098317d43af66664f0f1337a49fcd8e945f0f8e21c87ed1f6e9a771b53a8f,gwsearch run
3814,1777358901.1669064,fc2098317d43af66664f0f1337a49fcd8e945f0f8e21c87ed1f6e9a771b53a8f,gwsearch run
3815,1777359469.4079401,fc2098317d43af66664f0f1337a49fcd8e945f0f8e21c87ed1f6e9a771b53a8f,gwsearch run
3816,1777360037.424881,fc2098317d43af66664f0f1337a49fcd8e945f0f8e21c87ed1f6e9a771b53a8f,gwsearch run
3817,1777360607.4218657,fc2098317d43af66664f0f1337a49fcd8e945f0f8e21c87ed1f6e9a771b53a8f,gwsearch run
3818,1777361177.6719165,fc2098317d43af66664f0f1337a49fcd8e945f0f8e21c87ed1f6e9a771b53a8f,gwsearch run
3819,1777361744.422009,fc2098317d43af66664f0f1337a49fcd8e945f0f8e21c87ed1f6e9a771b53a8f,gwsearch run
3820,1777362322.1394355,fc2098317d43af66664f0f1337a49fcd8e945f0f8e21c87ed1f6e9a771b53a8f,gwsearch run
3821,1777362891.9276388,fc2098317d43af66664f0f1337a49fcd8e945f0f8e21c87ed1f6e9a771b53a8f,gwsearch run
3822,1777363462.65892,fc2098317d43af66664f0f1337a49fcd8e945f0f8e21c87ed1f6e9a771b53a8f,gwsearch run
3823,1777364032.6626918,fc2098317d43af66664f0f1337a49fcd8e945f0f8e21c87ed1f6e9a771b53a8f,gwsearch run
3824,1777364602.9347794,fc2098317d43af66664f0f1337a49fcd8e945f0f8e21c87ed1f6e9a771b53a8f,gwsearch run
3825,1777365172.1551933,fc2098317d43af66664f0f1337a49fcd8e945f0f8e21c87ed1f6e9a771b53a8f,gwsearch run
3826,1777365739.1675947,fc2098317d43af66664f0f1337a49fcd8e945f0f8e21c87ed1f6e9a771b53a8f,gwsearch run
3827,1777366306.1527946,fc2098317d43af66664f0f1337a49fcd8e945f0f8e21c87ed1f6e9a771b53a8f,gwsearch run
3828,1777366876.1847224,fc2098317d43af66664f0f1337a49fcd8e945f0f8e21c87ed1f6e9a771b53a8f,gwsearch run
3829,1777367445.3881118,fc2098317d43af66664f0f1337a49fcd8e945f0f8e21c87ed1f6e9a771b53a8f,gwsearch run
3830,1777368013.668157,fc2098317d43af66664f0f1337a49fcd8e945f0f8e21c87ed1f6e9a771b53a8f,gwsearch run
3831,1777368583.4352727,fc2098317d43af66664f0f1337a49fcd8e945f0f8e21c87ed1f6e9a771b53a8f,gwsearch run
3832,1777369151.9052114,fc2098317d43af66664f0f1337a49fcd8e945f0f8e21c87ed1f6e9a771b53a8f,gwsearch run
3833,1777369720.160431,fc2098317d43af66664f0f1337a49fcd8e945f0f8e21c87ed1f6e9a771b53a8f,gwsearch run
3834,1777370288.9197094,fc2098317d43af66664f0f1337a49fcd8e945f0f8e21c87ed1f6e9a771b53a8f,gwsearch run
3835,1777370858.9110422,fc2098317d43af66664f0f1337a49fcd8e945f0f8e21c87ed1f6e9a771b53a8f,gwsearch run
3836,1777371430.668577,fc2098317d43af66664f0f1337a49fcd8e945f0f8e21c87ed1f6e9a771b53a8f,gwsearch run
3837,1777372000.1538742,fc2098317d43af66664f0f1337a49fcd8e945f0f8e21c87ed1f6e9a771b53a8f,gwsearch run
3838,1777372570.454199,fc2098317d43af66664f0f1337a49fcd8e945f0f8e21c87ed1f6e9a771b53a8f,gwsearch run
3839,1777373140.4143722,fc2098317d43af66664f0f1337a49fcd8e945f0f8e21c87ed1f6e9a771b53a8f,gwsearch run
3840,1777373710.225342,fc2098317d43af66664f0f1337a49fcd8e945f0f8e21c87ed1f6e9a771b53a8f,gwsearch run
3841,1777374279.9101708,fc2098317d43af66664f0f1337a49fcd8e945f0f8e21c87ed1f6e9a771b53a8f,gwsearch run
3842,1777374850.9199688,fc2098317d43af66664f0f1337a49fcd8e945f0f8e21c87ed1f6e9a771b53a8f,gwsearch run
3843,1777375420.4202454,fc2098317d43af66664f0f1337a49fcd8e945f0f8e21c87ed1f6e9a771b53a8f,gwsearch run
3844,1777375987.4003751,fc2098317d43af66664f0f1337a49fcd8e945f0f8e21c87ed1f6e9a771b53a8f,gwsearch run
3845,1777376557.4174752,fc2098317d43af66664f0f1337a49fcd8e945f0f8e21c87ed1f6e9a771b53a8f,gwsearch run
3846,1777377125.6833375,fc2098317d43af66664f0f1337a49fcd8e945f0f8e21c87ed1f6e9a771b53a8f,gwsearch run
3847,1777377693.917925,fc2098317d43af66664f0f1337a49fcd8e945f0f8e21c87ed1f6e9a771b53a8f,gwsearch run
3848,1777378262.904189,fc2098317d43af66664f0f1337a49fcd8e945f0f8e21c87ed1f6e9a771b53a8f,gwsearch run
3849,1777378832.182951,fc2098317d43af66664f0f1337a49fcd8e945f0f8e21c87ed1f6e9a771b53a8f,gwsearch run
3850,1777379400.6762855,fc2098317d43af66664f0f1337a49fcd8e945f0f8e21c87ed1f6e9a771b53a8f,gwsearch run
3851,1777379969.1679037,fc2098317d43af66664f0f1337a49fcd8e945f0f8e21c87ed1f6e9a771b53a8f,gwsearch run
3852,1777380538.8953032,fc2098317d43af66664f0f1337a49fcd8e945f0f8e21c87ed1f6e9a771b53a8f,gwsearch run
3853,1777381104.690422,fc2098317d43af66664f0f1337a49fcd8e945f0f8e21c87ed1f6e9a771b53a8f,gwsearch run
3854,1777381674.2365932,fc2098317d43af66664f0f1337a49fcd8e945f0f8e21c87ed1f6e9a771b53a8f,gwsearch run
3855,1777382242.909796,fc2098317d43af66664f0f1337a49fcd8e945f0f8e21c87ed1f6e9a771b53a8f,gwsearch run
3856,1777382810.9197388,fc2098317d43af66664f0f1337a49fcd8e945f0f8e21c87ed1f6e9a771b53a8f,gwsearch run
3857,1777383380.67212,fc2098317d43af66664f0f1337a49fcd8e945f0f8e21c87ed1f6e9a771b53a8f,gwsearch run
3858,1777383947.424653,fc2098317d43af66664f0f1337a49fcd8e945f0f8e21c87ed1f6e9a771b53a8f,gwsearch run
3859,1777384512.6730082,fc2098317d43af66664f0f1337a49fcd8e945f0f8e21c87ed1f6e9a771b53a8f,gwsearch run
3860,1777385079.4288743,fc2098317d43af66664f0f1337a49fcd8e945f0f8e21c87ed1f6e9a771b53a8f,gwsearch run
3861,1777385646.915047,fc2098317d43af66664f0f1337a49fcd8e945f0f8e21c87ed1f6e9a771b53a8f,gwsearch run
3862,1777386225.910644,fc2098317d43af66664f0f1337a49fcd8e945f0f8e21c87ed1f6e9a771b53a8f,gwsearch run
3863,1777386794.1954892,fc2098317d43af66664f0f1337a49fcd8e945f0f8e21c87ed1f6e9a771b53a8f,gwsearch run
3864,1777387361.9140918,fc2098317d43af66664f0f1337a49fcd8e945f0f8e21c87ed1f6e9a771b53a8f,gwsearch run
3865,1777387928.9263656,fc2098317d43af66664f0f1337a49fcd8e945f0f8e21c87ed1f6e9a771b53a8f,gwsearch run
3866,1777388499.1387181,fc2098317d43af66664f0f1337a49fcd8e945f0f8e21c87ed1f6e9a771b53a8f,gwsearch run
3867,1777389068.4512758,fc2098317d43af66664f0f1337a49fcd8e945f0f8e21c87ed1f6e9a771b53a8f,gwsearch run
3868,1777389636.1629431,fc2098317d43af66664f0f1337a49fcd8e945f0f8e21c87ed1f6e9a771b53a8f,gwsearch run
3869,1777390208.4102578,fc2098317d43af66664f0f1337a49fcd8e945f0f8e21c87ed1f6e9a771b53a8f,gwsearch run
3870,1777390775.428296,fc2098317d43af66664f0f1337a49fcd8e945f0f8e21c87ed1f6e9a771b53a8f,gwsearch run
3871,1777391343.3994832,fc2098317d43af66664f0f1337a49fcd8e945f0f8e21c87ed1f6e9a771b53a8f,gwsearch run
3872,1777391911.152386,fc2098317d43af66664f0f1337a49fcd8e945f0f8e21c87ed1f6e9a771b53a8f,gwsearch run
3873,1777392479.6675882,fc2098317d43af66664f0f1337a49fcd8e945f0f8e21c87ed1f6e9a771b53a8f,gwsearch run
3874,1777393047.433039,fc2098317d43af66664f0f1337a49fcd8e945f0f8e21c87ed1f6e9a771b53a8f,gwsearch run
3875,1777393613.8960035,fc2098317d43af66664f0f1337a49fcd8e945f0f8e21c87ed1f6e9a771b53a8f,gwsearch run
3876,1777394185.1669264,fc2098317d43af66664f0f1337a49fcd8e945f0f8e21c87ed1f6e9a771b53a8f,gwsearch run
3877,1777394751.9203022,fc2098317d43af66664f0f1337a49fcd8e945f0f8e21c87ed1f6e9a771b53a8f,gwsearch run
3878,1777395318.8924592,fc2098317d43af66664f0f1337a49fcd8e945f0f8e21c87ed1f6e9a771b53a8f,gwsearch run
3879,1777395886.1777909,fc2098317d43af66664f0f1337a49fcd8e945f0f8e21c87ed1f6e9a771b53a8f,gwsearch run
3880,1777396453.6787822,fc2098317d43af66664f0f1337a49fcd8e945f0f8e21c87ed1f6e9a771b53a8f,gwsearch run
3881,1777397021.4109437,fc2098317d43af66664f0f1337a49fcd8e945f0f8e21c87ed1f6e9a771b53a8f,gwsearch run
3882,1777397589.9062285,fc2098317d43af66664f0f1337a49fcd8e945f0f8e21c87ed1f6e9a771b53a8f,gwsearch run
3883,1777398157.1764226,fc2098317d43af66664f0f1337a49fcd8e945f0f8e21c87ed1f6e9a771b53a8f,gwsearch run
3884,1777398727.649471,fc2098317d43af66664f0f1337a49fcd8e945f0f8e21c87ed1f6e9a771b53a8f,gwsearch run
3885,1777399303.6665978,fc2098317d43af66664f0f1337a49fcd8e945f0f8e21c87ed1f6e9a771b53a8f,gwsearch run
3886,1777399876.162087,fc2098317d43af66664f0f1337a49fcd8e945f0f8e21c87ed1f6e9a771b53a8f,gwsearch run
3887,1777400444.1413822,fc2098317d43af66664f0f1337a49fcd8e945f0f8e21c87ed1f6e9a771b53a8f,gwsearch run
3888,1777401017.892947,fc2098317d43af66664f0f1337a49fcd8e945f0f8e21c87ed1f6e9a771b53a8f,gwsearch run
3889,1777401591.1629114,fc2098317d43af66664f0f1337a49fcd8e945f0f8e21c87ed1f6e9a771b53a8f,gwsearch run
3890,1777402165.414118,fc2098317d43af66664f0f1337a49fcd8e945f0f8e21c87ed1f6e9a771b53a8f,gwsearch run
3891,1777402739.6658335,fc2098317d43af66664f0f1337a49fcd8e945f0f8e21c87ed1f6e9a771b53a8f,gwsearch run
3892,1777403309.4093654,fc2098317d43af66664f0f1337a49fcd8e945f0f8e21c87ed1f6e9a771b53a8f,gwsearch run
3893,1777403882.9261146,fc2098317d43af66664f0f1337a49fcd8e945f0f8e21c87ed1f6e9a771b53a8f,gwsearch run
3894,1777404452.4397206,fc2098317d43af66664f0f1337a49fcd8e945f0f8e21c87ed1f6e9a771b53a8f,gwsearch run
3895,1777405020.9344177,fc2098317d43af66664f0f1337a49fcd8e945f0f8e21c87ed1f6e9a771b53a8f,gwsearch run
3896,1777405588.6481957,fc2098317d43af66664f0f1337a49fcd8e945f0f8e21c87ed1f6e9a771b53a8f,gwsearch run
3897,1777406155.4168458,fc2098317d43af66664f0f1337a49fcd8e945f0f8e21c87ed1f6e9a771b53a8f,gwsearch run
3898,1777406722.9264061,fc2098317d43af66664f0f1337a49fcd8e945f0f8e21c87ed1f6e9a771b53a8f,gwsearch run
3899,1777407291.4416437,fc2098317d43af66664f0f1337a49fcd8e945f0f8e21c87ed1f6e9a771b53a8f,gwsearch run
3900,1777407857.9166014,fc2098317d43af66664f0f1337a49fcd8e945f0f8e21c87ed1f6e9a771b53a8f,gwsearch run
3901,1777408427.1618755,fc2098317d43af66664f0f1337a49fcd8e945f0f8e21c87ed1f6e9a771b53a8f,gwsearch run
3902,1777408995.9447374,fc2098317d43af66664f0f1337a49fcd8e945f0f8e21c87ed1f6e9a771b53a8f,gwsearch run
3903,1777409563.6664832,fc2098317d43af66664f0f1337a49fcd8e945f0f8e21c87ed1f6e9a771b53a8f,gwsearch run
3904,1777410132.1704917,fc2098317d43af66664f0f1337a49fcd8e945f0f8e21c87ed1f6e9a771b53a8f,gwsearch run
3905,1777410698.6874762,fc2098317d43af66664f0f1337a49fcd8e945f0f8e21c87ed1f6e9a771b53a8f,gwsearch run
3906,1777411272.684824,fc2098317d43af66664f0f1337a49fcd8e945f0f8e21c87ed1f6e9a771b53a8f,gwsearch run
3907,1777411842.148589,fc2098317d43af66664f0f1337a49fcd8e945f0f8e21c87ed1f6e9a771b53a8f,gwsearch run
3908,1777412408.8966346,fc2098317d43af66664f0f1337a49fcd8e945f0f8e21c87ed1f6e9a771b53a8f,gwsearch run
3909,1777412976.4195457,fc2098317d43af66664f0f1337a49fcd8e945f0f8e21c87ed1f6e9a771b53a8f,gwsearch run
3910,1777413543.6603782,fc2098317d43af66664f0f1337a49fcd8e945f0f8e21c87ed1f6e9a771b53a8f,gwsearch run
3911,1777414110.384108,fc2098317d43af66664f0f1337a49fcd8e945f0f8e21c87ed1f6e9a771b53a8f,gwsearch run
3912,1777414676.668077,fc2098317d43af66664f0f1337a49fcd8e945f0f8e21c87ed1f6e9a771b53a8f,gwsearch run
3913,1777415244.4189043,fc2098317d43af66664f0f1337a49fcd8e945f0f8e21c87ed1f6e9a771b53a8f,gwsearch run
3914,1777415810.9231553,fc2098317d43af66664f0f1337a49fcd8e945f0f8e21c87ed1f6e9a771b53a8f,gwsearch run
3915,1777416378.9253497,fc2098317d43af66664f0f1337a49fcd8e945f0f8e21c87ed1f6e9a771b53a8f,gwsearch run
3916,1777416946.6607234,fc2098317d43af66664f0f1337a49fcd8e945f0f8e21c87ed1f6e9a771b53a8f,gwsearch run
3917,1777417512.4300308,fc2098317d43af66664f0f1337a49fcd8e945f0f8e21c87ed1f6e9a771b53a8f,gwsearch run
3918,1777418092.4344118,fc2098317d43af66664f0f1337a49fcd8e945f0f8e21c87ed1f6e9a771b53a8f,gwsearch run
3919,1777418659.6535444,fc2098317d43af66664f0f1337a49fcd8e945f0f8e21c87ed1f6e9a771b53a8f,gwsearch run
3920,1777419227.6610875,fc2098317d43af66664f0f1337a49fcd8e945f0f8e21c87ed1f6e9a771b53a8f,gwsearch run
3921,1777419795.9261324,fc2098317d43af66664f0f1337a49fcd8e945f0f8e21c87ed1f6e9a771b53a8f,gwsearch run
3922,1777420362.90623,fc2098317d43af66664f0f1337a49fcd8e945f0f8e21c87ed1f6e9a771b53a8f,gwsearch run
3923,1777420928.909368,fc2098317d43af66664f0f1337a49fcd8e945f0f8e21c87ed1f6e9a771b53a8f,gwsearch run
3924,1777421493.6688037,fc2098317d43af66664f0f1337a49fcd8e945f0f8e21c87ed1f6e9a771b53a8f,gwsearch run
3925,1777422060.1489227,fc2098317d43af66664f0f1337a49fcd8e945f0f8e21c87ed1f6e9a771b53a8f,gwsearch run
3926,1777422626.891712,fc2098317d43af66664f0f1337a49fcd8e945f0f8e21c87ed1f6e9a771b53a8f,gwsearch run
3927,1777423194.1796362,fc2098317d43af66664f0f1337a49fcd8e945f0f8e21c87ed1f6e9a771b53a8f,gwsearch run
3928,1777423763.401406,fc2098317d43af66664f0f1337a49fcd8e945f0f8e21c87ed1f6e9a771b53a8f,gwsearch run
3929,1777424330.1435578,fc2098317d43af66664f0f1337a49fcd8e945f0f8e21c87ed1f6e9a771b53a8f,gwsearch run
3930,1777424897.904024,fc2098317d43af66664f0f1337a49fcd8e945f0f8e21c87ed1f6e9a771b53a8f,gwsearch run
3931,1777425465.661941,fc2098317d43af66664f0f1337a49fcd8e945f0f8e21c87ed1f6e9a771b53a8f,gwsearch run
3932,1777426040.3941736,fc2098317d43af66664f0f1337a49fcd8e945f0f8e21c87ed1f6e9a771b53a8f,gwsearch run
3933,1777426608.9246619,fc2098317d43af66664f0f1337a49fcd8e945f0f8e21c87ed1f6e9a771b53a8f,gwsearch run
3934,1777427174.6634114,fc2098317d43af66664f0f1337a49fcd8e945f0f8e21c87ed1f6e9a771b53a8f,gwsearch run
3935,1777427740.6627944,fc2098317d43af66664f0f1337a49fcd8e945f0f8e21c87ed1f6e9a771b53a8f,gwsearch run
3936,1777428307.6609914,fc2098317d43af66664f0f1337a49fcd8e945f0f8e21c87ed1f6e9a771b53a8f,gwsearch run
3937,1777428873.6884046,fc2098317d43af66664f0f1337a49fcd8e945f0f8e21c87ed1f6e9a771b53a8f,gwsearch run
3938,1777429441.162902,fc2098317d43af66664f0f1337a49fcd8e945f0f8e21c87ed1f6e9a771b53a8f,gwsearch run
3939,1777430009.9113176,fc2098317d43af66664f0f1337a49fcd8e945f0f8e21c87ed1f6e9a771b53a8f,gwsearch run
3940,1777430578.9200609,fc2098317d43af66664f0f1337a49fcd8e945f0f8e21c87ed1f6e9a771b53a8f,gwsearch run
3941,1777431147.179919,fc2098317d43af66664f0f1337a49fcd8e945f0f8e21c87ed1f6e9a771b53a8f,gwsearch run
3942,1777431713.4094796,fc2098317d43af66664f0f1337a49fcd8e945f0f8e21c87ed1f6e9a771b53a8f,gwsearch run
3943,1777432281.6516666,fc2098317d43af66664f0f1337a49fcd8e945f0f8e21c87ed1f6e9a771b53a8f,gwsearch run
3944,1777432848.6526842,fc2098317d43af66664f0f1337a49fcd8e945f0f8e21c87ed1f6e9a771b53a8f,gwsearch run
3945,1777433415.3931901,fc2098317d43af66664f0f1337a49fcd8e945f0f8e21c87ed1f6e9a771b53a8f,gwsearch run
3946,1777433983.183633,fc2098317d43af66664f0f1337a49fcd8e945f0f8e21c87ed1f6e9a771b53a8f,gwsearch run
3947,1777434550.6772413,fc2098317d43af66664f0f1337a49fcd8e945f0f8e21c87ed1f6e9a771b53a8f,gwsearch run
3948,1777435118.1543982,fc2098317d43af66664f0f1337a49fcd8e945f0f8e21c87ed1f6e9a771b53a8f,gwsearch run
3949,1777435683.1621258,fc2098317d43af66664f0f1337a49fcd8e945f0f8e21c87ed1f6e9a771b53a8f,gwsearch run
3950,1777436251.896832,fc2098317d43af66664f0f1337a49fcd8e945f0f8e21c87ed1f6e9a771b53a8f,gwsearch run
3951,1777436818.1646268,fc2098317d43af66664f0f1337a49fcd8e945f0f8e21c87ed1f6e9a771b53a8f,gwsearch run
3952,1777437386.1731796,fc2098317d43af66664f0f1337a49fcd8e945f0f8e21c87ed1f6e9a771b53a8f,gwsearch run
3953,1777437954.9263716,fc2098317d43af66664f0f1337a49fcd8e945f0f8e21c87ed1f6e9a771b53a8f,gwsearch run
3954,1777438522.1633847,fc2098317d43af66664f0f1337a49fcd8e945f0f8e21c87ed1f6e9a771b53a8f,gwsearch run
3955,1777439090.7217908,fc2098317d43af66664f0f1337a49fcd8e945f0f8e21c87ed1f6e9a771b53a8f,gwsearch run
3956,1777439659.4152129,fc2098317d43af66664f0f1337a49fcd8e945f0f8e21c87ed1f6e9a771b53a8f,gwsearch run
3957,1777440225.9240127,fc2098317d43af66664f0f1337a49fcd8e945f0f8e21c87ed1f6e9a771b53a8f,gwsearch run
3958,1777440794.9073493,fc2098317d43af66664f0f1337a49fcd8e945f0f8e21c87ed1f6e9a771b53a8f,gwsearch run
3959,1777441360.4062278,fc2098317d43af66664f0f1337a49fcd8e945f0f8e21c87ed1f6e9a771b53a8f,gwsearch run
3960,1777441927.3816605,fc2098317d43af66664f0f1337a49fcd8e945f0f8e21c87ed1f6e9a771b53a8f,gwsearch run
3961,1777442496.4407182,fc2098317d43af66664f0f1337a49fcd8e945f0f8e21c87ed1f6e9a771b53a8f,gwsearch run
3962,1777443073.6560333,fc2098317d43af66664f0f1337a49fcd8e945f0f8e21c87ed1f6e9a771b53a8f,gwsearch run
3963,1777443639.4068031,fc2098317d43af66664f0f1337a49fcd8e945f0f8e21c87ed1f6e9a771b53a8f,gwsearch run
3964,1777444208.1736405,fc2098317d43af66664f0f1337a49fcd8e945f0f8e21c87ed1f6e9a771b53a8f,gwsearch run
3965,1777444775.9187233,fc2098317d43af66664f0f1337a49fcd8e945f0f8e21c87ed1f6e9a771b53a8f,gwsearch run
3966,1777445343.4026985,fc2098317d43af66664f0f1337a49fcd8e945f0f8e21c87ed1f6e9a771b53a8f,gwsearch run
3967,1777445911.9059157,fc2098317d43af66664f0f1337a49fcd8e945f0f8e21c87ed1f6e9a771b53a8f,gwsearch run
3968,1777446480.9195435,fc2098317d43af66664f0f1337a49fcd8e945f0f8e21c87ed1f6e9a771b53a8f,gwsearch run
3969,1777447048.6636152,fc2098317d43af66664f0f1337a49fcd8e945f0f8e21c87ed1f6e9a771b53a8f,gwsearch run
3970,1777447617.422032,fc2098317d43af66664f0f1337a49fcd8e945f0f8e21c87ed1f6e9a771b53a8f,gwsearch run
3971,1777448186.4239628,fc2098317d43af66664f0f1337a49fcd8e945f0f8e21c87ed1f6e9a771b53a8f,gwsearch run
3972,1777448751.9107811,fc2098317d43af66664f0f1337a49fcd8e945f0f8e21c87ed1f6e9a771b53a8f,gwsearch run
3973,1777449318.431967,fc2098317d43af66664f0f1337a49fcd8e945f0f8e21c87ed1f6e9a771b53a8f,gwsearch run
3974,1777449886.1554065,fc2098317d43af66664f0f1337a49fcd8e945f0f8e21c87ed1f6e9a771b53a8f,gwsearch run
3975,1777450451.4350505,fc2098317d43af66664f0f1337a49fcd8e945f0f8e21c87ed1f6e9a771b53a8f,gwsearch run
3976,1777451017.1472929,fc2098317d43af66664f0f1337a49fcd8e945f0f8e21c87ed1f6e9a771b53a8f,gwsearch run
3977,1777451582.6529186,fc2098317d43af66664f0f1337a49fcd8e945f0f8e21c87ed1f6e9a771b53a8f,gwsearch run
3978,1777452153.157209,fc2098317d43af66664f0f1337a49fcd8e945f0f8e21c87ed1f6e9a771b53a8f,gwsearch run
3979,1777452720.9165738,fc2098317d43af66664f0f1337a49fcd8e945f0f8e21c87ed1f6e9a771b53a8f,gwsearch run
3980,1777453289.662543,fc2098317d43af66664f0f1337a49fcd8e945f0f8e21c87ed1f6e9a771b53a8f,gwsearch run
3981,1777453861.4218976,fc2098317d43af66664f0f1337a49fcd8e945f0f8e21c87ed1f6e9a771b53a8f,gwsearch run
3982,1777454435.466812,fc2098317d43af66664f0f1337a49fcd8e945f0f8e21c87ed1f6e9a771b53a8f,gwsearch run
3983,1777455004.1619513,fc2098317d43af66664f0f1337a49fcd8e945f0f8e21c87ed1f6e9a771b53a8f,gwsearch run
3984,1777455575.9074779,fc2098317d43af66664f0f1337a49fcd8e945f0f8e21c87ed1f6e9a771b53a8f,gwsearch run
3985,1777456146.4185743,fc2098317d43af66664f0f1337a49fcd8e945f0f8e21c87ed1f6e9a771b53a8f,gwsearch run
3986,1777456719.4023666,fc2098317d43af66664f0f1337a49fcd8e945f0f8e21c87ed1f6e9a771b53a8f,gwsearch run
3987,1777457289.412513,fc2098317d43af66664f0f1337a49fcd8e945f0f8e21c87ed1f6e9a771b53a8f,gwsearch run
3988,1777457865.6685097,fc2098317d43af66664f0f1337a49fcd8e945f0f8e21c87ed1f6e9a771b53a8f,gwsearch run
3989,1777458434.6718457,fc2098317d43af66664f0f1337a49fcd8e945f0f8e21c87ed1f6e9a771b53a8f,gwsearch run
3990,1777459006.6711042,fc2098317d43af66664f0f1337a49fcd8e945f0f8e21c87ed1f6e9a771b53a8f,gwsearch run
3991,1777459575.4168177,fc2098317d43af66664f0f1337a49fcd8e945f0f8e21c87ed1f6e9a771b53a8f,gwsearch run
3992,1777460149.158185,fc2098317d43af66664f0f1337a49fcd8e945f0f8e21c87ed1f6e9a771b53a8f,gwsearch run
3993,1777460717.92826,fc2098317d43af66664f0f1337a49fcd8e945f0f8e21c87ed1f6e9a771b53a8f,gwsearch run
3994,1777461293.4174557,fc2098317d43af66664f0f1337a49fcd8e945f0f8e21c87ed1f6e9a771b53a8f,gwsearch run
3995,1777461862.6656866,fc2098317d43af66664f0f1337a49fcd8e945f0f8e21c87ed1f6e9a771b53a8f,gwsearch run
3996,1777462432.159132,fc2098317d43af66664f0f1337a49fcd8e945f0f8e21c87ed1f6e9a771b53a8f,gwsearch run
3997,1777463001.1872046,fc2098317d43af66664f0f1337a49fcd8e945f0f8e21c87ed1f6e9a771b53a8f,gwsearch run
3998,1777463574.6632907,fc2098317d43af66664f0f1337a49fcd8e945f0f8e21c87ed1f6e9a771b53a8f,gwsearch run
3999,1777464145.9211295,fc2098317d43af66664f0f1337a49fcd8e945f0f8e21c87ed1f6e9a771b53a8f,gwsearch run
4000,1777464714.4069128,fc2098317d43af66664f0f1337a49fcd8e945f0f8e21c87ed1f6e9a771b53a8f,gwsearch run
4001,1777465296.1555312,fc2098317d43af66664f0f1337a49fcd8e945f0f8e21c87ed1f6e9a771b53a8f,gwsearch run
4002,1777465864.9052014,fc2098317d43af66664f0f1337a49fcd8e945f0f8e21c87ed1f6e9a771b53a8f,gwsearch run
4003,1777466435.163909,fc2098317d43af66664f0f1337a49fcd8e945f0f8e21c87ed1f6e9a771b53a8f,gwsearch run
4004,1777467002.8993073,fc2098317d43af66664f0f1337a49fcd8e945f0f8e21c87ed1f6e9a771b53a8f,gwsearch run
4005,1777467572.1684387,fc2098317d43af66664f0f1337a49fcd8e945f0f8e21c87ed1f6e9a771b53a8f,gwsearch run
4006,1777468141.4066207,fc2098317d43af66664f0f1337a49fcd8e945f0f8e21c87ed1f6e9a771b53a8f,gwsearch run
4007,1777468711.686419,fc2098317d43af66664f0f1337a49fcd8e945f0f8e21c87ed1f6e9a771b53a8f,gwsearch run
4008,1777469282.6502168,fc2098317d43af66664f0f1337a49fcd8e945f0f8e21c87ed1f6e9a771b53a8f,gwsearch run
4009,1777469854.420629,fc2098317d43af66664f0f1337a49fcd8e945f0f8e21c87ed1f6e9a771b53a8f,gwsearch run
4010,1777470423.6470382,fc2098317d43af66664f0f1337a49fcd8e945f0f8e21c87ed1f6e9a771b53a8f,gwsearch run
4011,1777470993.407161,fc2098317d43af66664f0f1337a49fcd8e945f0f8e21c87ed1f6e9a771b53a8f,gwsearch run
4012,1777471567.4460628,fc2098317d43af66664f0f1337a49fcd8e945f0f8e21c87ed1f6e9a771b53a8f,gwsearch run
4013,1777472136.6588767,fc2098317d43af66664f0f1337a49fcd8e945f0f8e21c87ed1f6e9a771b53a8f,gwsearch run
4014,1777472704.1834028,fc2098317d43af66664f0f1337a49fcd8e945f0f8e21c87ed1f6e9a771b53a8f,gwsearch run
4015,1777473272.6737494,fc2098317d43af66664f0f1337a49fcd8e945f0f8e21c87ed1f6e9a771b53a8f,gwsearch run
4016,1777473839.9083376,fc2098317d43af66664f0f1337a49fcd8e945f0f8e21c87ed1f6e9a771b53a8f,gwsearch run
4017,1777474407.9179618,fc2098317d43af66664f0f1337a49fcd8e945f0f8e21c87ed1f6e9a771b53a8f,gwsearch run
4018,1777474975.9059157,fc2098317d43af66664f0f1337a49fcd8e945f0f8e21c87ed1f6e9a771b53a8f,gwsearch run
4019,1777475548.9099212,fc2098317d43af66664f0f1337a49fcd8e945f0f8e21c87ed1f6e9a771b53a8f,gwsearch run
4020,1777476119.6788583,fc2098317d43af66664f0f1337a49fcd8e945f0f8e21c87ed1f6e9a771b53a8f,gwsearch run
4021,1777476692.4100375,fc2098317d43af66664f0f1337a49fcd8e945f0f8e21c87ed1f6e9a771b53a8f,gwsearch run
4022,1777477262.6842875,fc2098317d43af66664f0f1337a49fcd8e945f0f8e21c87ed1f6e9a771b53a8f,gwsearch run
4023,1777477831.9246523,fc2098317d43af66664f0f1337a49fcd8e945f0f8e21c87ed1f6e9a771b53a8f,gwsearch run
4024,1777478401.9209561,fc2098317d43af66664f0f1337a49fcd8e945f0f8e21c87ed1f6e9a771b53a8f,gwsearch run
4025,1777478971.639271,fc2098317d43af66664f0f1337a49fcd8e945f0f8e21c87ed1f6e9a771b53a8f,gwsearch run
4026,1777479538.6849885,fc2098317d43af66664f0f1337a49fcd8e945f0f8e21c87ed1f6e9a771b53a8f,gwsearch run
4027,1777480113.440731,fc2098317d43af66664f0f1337a49fcd8e945f0f8e21c87ed1f6e9a771b53a8f,gwsearch run
4028,1777480685.3868625,fc2098317d43af66664f0f1337a49fcd8e945f0f8e21c87ed1f6e9a771b53a8f,gwsearch run
4029,1777481254.9133265,fc2098317d43af66664f0f1337a49fcd8e945f0f8e21c87ed1f6e9a771b53a8f,gwsearch run
4030,1777481821.9324799,fc2098317d43af66664f0f1337a49fcd8e945f0f8e21c87ed1f6e9a771b53a8f,gwsearch run
4031,1777482389.6574848,fc2098317d43af66664f0f1337a49fcd8e945f0f8e21c87ed1f6e9a771b53a8f,gwsearch run
4032,1777482956.3831103,fc2098317d43af66664f0f1337a49fcd8e945f0f8e21c87ed1f6e9a771b53a8f,gwsearch run
4033,1777483528.42204,fc2098317d43af66664f0f1337a49fcd8e945f0f8e21c87ed1f6e9a771b53a8f,gwsearch run
4034,1777484099.9251432,fc2098317d43af66664f0f1337a49fcd8e945f0f8e21c87ed1f6e9a771b53a8f,gwsearch run
4035,1777484670.4060707,fc2098317d43af66664f0f1337a49fcd8e945f0f8e21c87ed1f6e9a771b53a8f,gwsearch run
4036,1777485238.3977401,fc2098317d43af66664f0f1337a49fcd8e945f0f8e21c87ed1f6e9a771b53a8f,gwsearch run
4037,1777485816.428899,fc2098317d43af66664f0f1337a49fcd8e945f0f8e21c87ed1f6e9a771b53a8f,gwsearch run
4038,1777486394.4131086,fc2098317d43af66664f0f1337a49fcd8e945f0f8e21c87ed1f6e9a771b53a8f,gwsearch run
4039,1777486972.4220548,fc2098317d43af66664f0f1337a49fcd8e945f0f8e21c87ed1f6e9a771b53a8f,gwsearch run
4040,1777487546.9273934,fc2098317d43af66664f0f1337a49fcd8e945f0f8e21c87ed1f6e9a771b53a8f,gwsearch run
4041,1777488119.685196,fc2098317d43af66664f0f1337a49fcd8e945f0f8e21c87ed1f6e9a771b53a8f,gwsearch run
4042,1777488695.9221046,fc2098317d43af66664f0f1337a49fcd8e945f0f8e21c87ed1f6e9a771b53a8f,gwsearch run
4043,1777489268.6594553,fc2098317d43af66664f0f1337a49fcd8e945f0f8e21c87ed1f6e9a771b53a8f,gwsearch run
4044,1777489842.9091651,fc2098317d43af66664f0f1337a49fcd8e945f0f8e21c87ed1f6e9a771b53a8f,gwsearch run
4045,1777490420.159055,fc2098317d43af66664f0f1337a49fcd8e945f0f8e21c87ed1f6e9a771b53a8f,gwsearch run
4046,1777490992.1625125,fc2098317d43af66664f0f1337a49fcd8e945f0f8e21c87ed1f6e9a771b53a8f,gwsearch run
4047,1777491571.6635184,fc2098317d43af66664f0f1337a49fcd8e945f0f8e21c87ed1f6e9a771b53a8f,gwsearch run
4048,1777492146.6652205,fc2098317d43af66664f0f1337a49fcd8e945f0f8e21c87ed1f6e9a771b53a8f,gwsearch run
4049,1777492715.17048,fc2098317d43af66664f0f1337a49fcd8e945f0f8e21c87ed1f6e9a771b53a8f,gwsearch run
4050,1777493288.4345362,fc2098317d43af66664f0f1337a49fcd8e945f0f8e21c87ed1f6e9a771b53a8f,gwsearch run
4051,1777493863.1747007,fc2098317d43af66664f0f1337a49fcd8e945f0f8e21c87ed1f6e9a771b53a8f,gwsearch run
4052,1777494433.9159503,fc2098317d43af66664f0f1337a49fcd8e945f0f8e21c87ed1f6e9a771b53a8f,gwsearch run
4053,1777495003.405164,fc2098317d43af66664f0f1337a49fcd8e945f0f8e21c87ed1f6e9a771b53a8f,gwsearch run
4054,1777495573.6536071,fc2098317d43af66664f0f1337a49fcd8e945f0f8e21c87ed1f6e9a771b53a8f,gwsearch run
4055,1777496150.175955,fc2098317d43af66664f0f1337a49fcd8e945f0f8e21c87ed1f6e9a771b53a8f,gwsearch run
4056,1777496722.1700654,fc2098317d43af66664f0f1337a49fcd8e945f0f8e21c87ed1f6e9a771b53a8f,gwsearch run
4057,1777497297.4080184,fc2098317d43af66664f0f1337a49fcd8e945f0f8e21c87ed1f6e9a771b53a8f,gwsearch run
4058,1777497867.9041474,fc2098317d43af66664f0f1337a49fcd8e945f0f8e21c87ed1f6e9a771b53a8f,gwsearch run
4059,1777498438.4081433,fc2098317d43af66664f0f1337a49fcd8e945f0f8e21c87ed1f6e9a771b53a8f,gwsearch run
4060,1777499007.13841,fc2098317d43af66664f0f1337a49fcd8e945f0f8e21c87ed1f6e9a771b53a8f,gwsearch run
4061,1777499585.9164999,fc2098317d43af66664f0f1337a49fcd8e945f0f8e21c87ed1f6e9a771b53a8f,gwsearch run
4062,1777500157.8888934,fc2098317d43af66664f0f1337a49fcd8e945f0f8e21c87ed1f6e9a771b53a8f,gwsearch run
4063,1777500730.6427746,fc2098317d43af66664f0f1337a49fcd8e945f0f8e21c87ed1f6e9a771b53a8f,gwsearch run
4064,1777501304.9404423,fc2098317d43af66664f0f1337a49fcd8e945f0f8e21c87ed1f6e9a771b53a8f,gwsearch run
4065,1777501873.1403697,fc2098317d43af66664f0f1337a49fcd8e945f0f8e21c87ed1f6e9a771b53a8f,gwsearch run
4066,1777502443.3932931,fc2098317d43af66664f0f1337a49fcd8e945f0f8e21c87ed1f6e9a771b53a8f,gwsearch run
4067,1777503014.6624544,fc2098317d43af66664f0f1337a49fcd8e945f0f8e21c87ed1f6e9a771b53a8f,gwsearch run
4068,1777503594.4040523,fc2098317d43af66664f0f1337a49fcd8e945f0f8e21c87ed1f6e9a771b53a8f,gwsearch run
4069,1777504163.4340942,fc2098317d43af66664f0f1337a49fcd8e945f0f8e21c87ed1f6e9a771b53a8f,gwsearch run
4070,1777504730.8944144,fc2098317d43af66664f0f1337a49fcd8e945f0f8e21c87ed1f6e9a771b53a8f,gwsearch run
4071,1777505298.9282138,fc2098317d43af66664f0f1337a49fcd8e945f0f8e21c87ed1f6e9a771b53a8f,gwsearch run
4072,1777505869.1668782,fc2098317d43af66664f0f1337a49fcd8e945f0f8e21c87ed1f6e9a771b53a8f,gwsearch run
4073,1777506437.161214,fc2098317d43af66664f0f1337a49fcd8e945f0f8e21c87ed1f6e9a771b53a8f,gwsearch run
4074,1777507007.668718,fc2098317d43af66664f0f1337a49fcd8e945f0f8e21c87ed1f6e9a771b53a8f,gwsearch run
4075,1777507579.9131224,fc2098317d43af66664f0f1337a49fcd8e945f0f8e21c87ed1f6e9a771b53a8f,gwsearch run
4076,1777508147.6741586,fc2098317d43af66664f0f1337a49fcd8e945f0f8e21c87ed1f6e9a771b53a8f,gwsearch run
4077,1777508721.423977,fc2098317d43af66664f0f1337a49fcd8e945f0f8e21c87ed1f6e9a771b53a8f,gwsearch run
4078,1777509290.6623926,fc2098317d43af66664f0f1337a49fcd8e945f0f8e21c87ed1f6e9a771b53a8f,gwsearch run
4079,1777509862.661531,fc2098317d43af66664f0f1337a49fcd8e945f0f8e21c87ed1f6e9a771b53a8f,gwsearch run
4080,1777510435.4189074,fc2098317d43af66664f0f1337a49fcd8e945f0f8e21c87ed1f6e9a771b53a8f,gwsearch run
4081,1777511003.4379425,fc2098317d43af66664f0f1337a49fcd8e945f0f8e21c87ed1f6e9a771b53a8f,gwsearch run
4082,1777511573.1818025,fc2098317d43af66664f0f1337a49fcd8e945f0f8e21c87ed1f6e9a771b53a8f,gwsearch run
4083,1777512145.411438,fc2098317d43af66664f0f1337a49fcd8e945f0f8e21c87ed1f6e9a771b53a8f,gwsearch run
4084,1777512713.9045742,fc2098317d43af66664f0f1337a49fcd8e945f0f8e21c87ed1f6e9a771b53a8f,gwsearch run
4085,1777513282.4184673,fc2098317d43af66664f0f1337a49fcd8e945f0f8e21c87ed1f6e9a771b53a8f,gwsearch run
4086,1777513854.1331491,fc2098317d43af66664f0f1337a49fcd8e945f0f8e21c87ed1f6e9a771b53a8f,gwsearch run
4087,1777514426.411649,fc2098317d43af66664f0f1337a49fcd8e945f0f8e21c87ed1f6e9a771b53a8f,gwsearch run
4088,1777514997.9447465,fc2098317d43af66664f0f1337a49fcd8e945f0f8e21c87ed1f6e9a771b53a8f,gwsearch run
4089,1777515569.9310257,fc2098317d43af66664f0f1337a49fcd8e945f0f8e21c87ed1f6e9a771b53a8f,gwsearch run
4090,1777516142.41704,fc2098317d43af66664f0f1337a49fcd8e945f0f8e21c87ed1f6e9a771b53a8f,gwsearch run
4091,1777516723.9366434,fc2098317d43af66664f0f1337a49fcd8e945f0f8e21c87ed1f6e9a771b53a8f,gwsearch run
4092,1777517294.9341354,fc2098317d43af66664f0f1337a49fcd8e945f0f8e21c87ed1f6e9a771b53a8f,gwsearch run
4093,1777517864.6676166,fc2098317d43af66664f0f1337a49fcd8e945f0f8e21c87ed1f6e9a771b53a8f,gwsearch run
4094,1777518435.1817522,fc2098317d43af66664f0f1337a49fcd8e945f0f8e21c87ed1f6e9a771b53a8f,gwsearch run
4095,1777519003.4124258,fc2098317d43af66664f0f1337a49fcd8e945f0f8e21c87ed1f6e9a771b53a8f,gwsearch run
4096,1777519571.7438774,fc2098317d43af66664f0f1337a49fcd8e945f0f8e21c87ed1f6e9a771b53a8f,gwsearch run
4097,1777520141.1553507,fc2098317d43af66664f0f1337a49fcd8e945f0f8e21c87ed1f6e9a771b53a8f,gwsearch run
4098,1777520709.920544,fc2098317d43af66664f0f1337a49fcd8e945f0f8e21c87ed1f6e9a771b53a8f,gwsearch run
4099,1777521277.8932567,fc2098317d43af66664f0f1337a49fcd8e945f0f8e21c87ed1f6e9a771b53a8f,gwsearch run
4100,1777521851.9020894,fc2098317d43af66664f0f1337a49fcd8e945f0f8e21c87ed1f6e9a771b53a8f,gwsearch run
4101,1777522422.4062989,fc2098317d43af66664f0f1337a49fcd8e945f0f8e21c87ed1f6e9a771b53a8f,gwsearch run
4102,1777522990.3998165,fc2098317d43af66664f0f1337a49fcd8e945f0f8e21c87ed1f6e9a771b53a8f,gwsearch run
4103,1777523560.1681402,fc2098317d43af66664f0f1337a49fcd8e945f0f8e21c87ed1f6e9a771b53a8f,gwsearch run
4104,1777524136.175548,fc2098317d43af66664f0f1337a49fcd8e945f0f8e21c87ed1f6e9a771b53a8f,gwsearch run
4105,1777524706.434629,fc2098317d43af66664f0f1337a49fcd8e945f0f8e21c87ed1f6e9a771b53a8f,gwsearch run
4106,1777525275.168994,fc2098317d43af66664f0f1337a49fcd8e945f0f8e21c87ed1f6e9a771b53a8f,gwsearch run
4107,1777525844.91066,fc2098317d43af66664f0f1337a49fcd8e945f0f8e21c87ed1f6e9a771b53a8f,gwsearch run
4108,1777526415.912115,fc2098317d43af66664f0f1337a49fcd8e945f0f8e21c87ed1f6e9a771b53a8f,gwsearch run
4109,1777526984.6598558,fc2098317d43af66664f0f1337a49fcd8e945f0f8e21c87ed1f6e9a771b53a8f,gwsearch run
4110,1777527552.9278748,fc2098317d43af66664f0f1337a49fcd8e945f0f8e21c87ed1f6e9a771b53a8f,gwsearch run
4111,1777528122.4071844,fc2098317d43af66664f0f1337a49fcd8e945f0f8e21c87ed1f6e9a771b53a8f,gwsearch run
4112,1777528691.903358,fc2098317d43af66664f0f1337a49fcd8e945f0f8e21c87ed1f6e9a771b53a8f,gwsearch run
4113,1777529261.410919,fc2098317d43af66664f0f1337a49fcd8e945f0f8e21c87ed1f6e9a771b53a8f,gwsearch run
4114,1777529827.9179604,fc2098317d43af66664f0f1337a49fcd8e945f0f8e21c87ed1f6e9a771b53a8f,gwsearch run
4115,1777530397.6595669,fc2098317d43af66664f0f1337a49fcd8e945f0f8e21c87ed1f6e9a771b53a8f,gwsearch run
4116,1777530966.6451716,fc2098317d43af66664f0f1337a49fcd8e945f0f8e21c87ed1f6e9a771b53a8f,gwsearch run
4117,1777531536.9118612,fc2098317d43af66664f0f1337a49fcd8e945f0f8e21c87ed1f6e9a771b53a8f,gwsearch run
4118,1777532104.1530013,fc2098317d43af66664f0f1337a49fcd8e945f0f8e21c87ed1f6e9a771b53a8f,gwsearch run
4119,1777532669.6834273,fc2098317d43af66664f0f1337a49fcd8e945f0f8e21c87ed1f6e9a771b53a8f,gwsearch run
4120,1777533239.911931,fc2098317d43af66664f0f1337a49fcd8e945f0f8e21c87ed1f6e9a771b53a8f,gwsearch run
4121,1777533810.9084635,fc2098317d43af66664f0f1337a49fcd8e945f0f8e21c87ed1f6e9a771b53a8f,gwsearch run
4122,1777534378.649808,fc2098317d43af66664f0f1337a49fcd8e945f0f8e21c87ed1f6e9a771b53a8f,gwsearch run
4123,1777534954.6643748,fc2098317d43af66664f0f1337a49fcd8e945f0f8e21c87ed1f6e9a771b53a8f,gwsearch run
4124,1777535523.6853497,fc2098317d43af66664f0f1337a49fcd8e945f0f8e21c87ed1f6e9a771b53a8f,gwsearch run
4125,1777536097.1617684,fc2098317d43af66664f0f1337a49fcd8e945f0f8e21c87ed1f6e9a771b53a8f,gwsearch run
4126,1777536665.9204853,fc2098317d43af66664f0f1337a49fcd8e945f0f8e21c87ed1f6e9a771b53a8f,gwsearch run
4127,1777537235.6636252,fc2098317d43af66664f0f1337a49fcd8e945f0f8e21c87ed1f6e9a771b53a8f,gwsearch run
4128,1777537805.418518,fc2098317d43af66664f0f1337a49fcd8e945f0f8e21c87ed1f6e9a771b53a8f,gwsearch run
4129,1777538370.9215105,fc2098317d43af66664f0f1337a49fcd8e945f0f8e21c87ed1f6e9a771b53a8f,gwsearch run
4130,1777538939.6556203,fc2098317d43af66664f0f1337a49fcd8e945f0f8e21c87ed1f6e9a771b53a8f,gwsearch run
4131,1777539507.920775,fc2098317d43af66664f0f1337a49fcd8e945f0f8e21c87ed1f6e9a771b53a8f,gwsearch run
4132,1777540074.9139085,fc2098317d43af66664f0f1337a49fcd8e945f0f8e21c87ed1f6e9a771b53a8f,gwsearch run
4133,1777540644.9135637,fc2098317d43af66664f0f1337a49fcd8e945f0f8e21c87ed1f6e9a771b53a8f,gwsearch run
4134,1777541213.4233701,fc2098317d43af66664f0f1337a49fcd8e945f0f8e21c87ed1f6e9a771b53a8f,gwsearch run
4135,1777541782.13849,fc2098317d43af66664f0f1337a49fcd8e945f0f8e21c87ed1f6e9a771b53a8f,gwsearch run
4136,1777542352.1770918,fc2098317d43af66664f0f1337a49fcd8e945f0f8e21c87ed1f6e9a771b53a8f,gwsearch run
4137,1777542921.4318335,fc2098317d43af66664f0f1337a49fcd8e945f0f8e21c87ed1f6e9a771b53a8f,gwsearch run
4138,1777543486.6719463,fc2098317d43af66664f0f1337a49fcd8e945f0f8e21c87ed1f6e9a771b53a8f,gwsearch run
4139,1777544054.4145057,fc2098317d43af66664f0f1337a49fcd8e945f0f8e21c87ed1f6e9a771b53a8f,gwsearch run
4140,1777544622.668486,fc2098317d43af66664f0f1337a49fcd8e945f0f8e21c87ed1f6e9a771b53a8f,gwsearch run
4141,1777545191.6543047,fc2098317d43af66664f0f1337a49fcd8e945f0f8e21c87ed1f6e9a771b53a8f,gwsearch run
4142,1777545760.415662,fc2098317d43af66664f0f1337a49fcd8e945f0f8e21c87ed1f6e9a771b53a8f,gwsearch run
4143,1777546327.43841,fc2098317d43af66664f0f1337a49fcd8e945f0f8e21c87ed1f6e9a771b53a8f,gwsearch run
4144,1777546897.9233775,fc2098317d43af66664f0f1337a49fcd8e945f0f8e21c87ed1f6e9a771b53a8f,gwsearch run
4145,1777547466.9210298,fc2098317d43af66664f0f1337a49fcd8e945f0f8e21c87ed1f6e9a771b53a8f,gwsearch run
4146,1777548033.9028764,fc2098317d43af66664f0f1337a49fcd8e945f0f8e21c87ed1f6e9a771b53a8f,gwsearch run
4147,1777548602.659152,fc2098317d43af66664f0f1337a49fcd8e945f0f8e21c87ed1f6e9a771b53a8f,gwsearch run
4148,1777549171.662589,fc2098317d43af66664f0f1337a49fcd8e945f0f8e21c87ed1f6e9a771b53a8f,gwsearch run
4149,1777549739.647757,fc2098317d43af66664f0f1337a49fcd8e945f0f8e21c87ed1f6e9a771b53a8f,gwsearch run
4150,1777550314.6663902,fc2098317d43af66664f0f1337a49fcd8e945f0f8e21c87ed1f6e9a771b53a8f,gwsearch run
4151,1777550882.3992722,fc2098317d43af66664f0f1337a49fcd8e945f0f8e21c87ed1f6e9a771b53a8f,gwsearch run
4152,1777551450.9137616,fc2098317d43af66664f0f1337a49fcd8e945f0f8e21c87ed1f6e9a771b53a8f,gwsearch run
4153,1777552020.6624491,fc2098317d43af66664f0f1337a49fcd8e945f0f8e21c87ed1f6e9a771b53a8f,gwsearch run
4154,1777552588.4155145,fc2098317d43af66664f0f1337a49fcd8e945f0f8e21c87ed1f6e9a771b53a8f,gwsearch run
4155,1777553158.6500316,fc2098317d43af66664f0f1337a49fcd8e945f0f8e21c87ed1f6e9a771b53a8f,gwsearch run
4156,1777553728.4158206,fc2098317d43af66664f0f1337a49fcd8e945f0f8e21c87ed1f6e9a771b53a8f,gwsearch run
4157,1777554298.9338303,fc2098317d43af66664f0f1337a49fcd8e945f0f8e21c87ed1f6e9a771b53a8f,gwsearch run
4158,1777554867.647918,fc2098317d43af66664f0f1337a49fcd8e945f0f8e21c87ed1f6e9a771b53a8f,gwsearch run
4159,1777555438.1553297,fc2098317d43af66664f0f1337a49fcd8e945f0f8e21c87ed1f6e9a771b53a8f,gwsearch run
4160,1777556006.896704,fc2098317d43af66664f0f1337a49fcd8e945f0f8e21c87ed1f6e9a771b53a8f,gwsearch run
4161,1777556576.1641152,fc2098317d43af66664f0f1337a49fcd8e945f0f8e21c87ed1f6e9a771b53a8f,gwsearch run
4162,1777557145.3972957,fc2098317d43af66664f0f1337a49fcd8e945f0f8e21c87ed1f6e9a771b53a8f,gwsearch run
4163,1777557714.4054756,fc2098317d43af66664f0f1337a49fcd8e945f0f8e21c87ed1f6e9a771b53a8f,gwsearch run
4164,1777558286.1836448,fc2098317d43af66664f0f1337a49fcd8e945f0f8e21c87ed1f6e9a771b53a8f,gwsearch run
4165,1777558854.6350589,fc2098317d43af66664f0f1337a49fcd8e945f0f8e21c87ed1f6e9a771b53a8f,gwsearch run
4166,1777559422.6530447,fc2098317d43af66664f0f1337a49fcd8e945f0f8e21c87ed1f6e9a771b53a8f,gwsearch run
4167,1777559989.6863031,fc2098317d43af66664f0f1337a49fcd8e945f0f8e21c87ed1f6e9a771b53a8f,gwsearch run
4168,1777560556.1604605,fc2098317d43af66664f0f1337a49fcd8e945f0f8e21c87ed1f6e9a771b53a8f,gwsearch run
4169,1777561125.6741414,fc2098317d43af66664f0f1337a49fcd8e945f0f8e21c87ed1f6e9a771b53a8f,gwsearch run
4170,1777561694.905685,fc2098317d43af66664f0f1337a49fcd8e945f0f8e21c87ed1f6e9a771b53a8f,gwsearch run
4171,1777562262.1603808,fc2098317d43af66664f0f1337a49fcd8e945f0f8e21c87ed1f6e9a771b53a8f,gwsearch run
4172,1777562831.4146855,fc2098317d43af66664f0f1337a49fcd8e945f0f8e21c87ed1f6e9a771b53a8f,gwsearch run
4173,1777563399.6566837,fc2098317d43af66664f0f1337a49fcd8e945f0f8e21c87ed1f6e9a771b53a8f,gwsearch run
4174,1777563969.4307277,fc2098317d43af66664f0f1337a49fcd8e945f0f8e21c87ed1f6e9a771b53a8f,gwsearch run
4175,1777564535.1713514,fc2098317d43af66664f0f1337a49fcd8e945f0f8e21c87ed1f6e9a771b53a8f,gwsearch run
4176,1777565104.6674979,fc2098317d43af66664f0f1337a49fcd8e945f0f8e21c87ed1f6e9a771b53a8f,gwsearch run
4177,1777565676.177443,fc2098317d43af66664f0f1337a49fcd8e945f0f8e21c87ed1f6e9a771b53a8f,gwsearch run
4178,1777566245.3904884,fc2098317d43af66664f0f1337a49fcd8e945f0f8e21c87ed1f6e9a771b53a8f,gwsearch run
4179,1777566816.3226721,fc2098317d43af66664f0f1337a49fcd8e945f0f8e21c87ed1f6e9a771b53a8f,gwsearch run
4180,1777567388.6616228,fc2098317d43af66664f0f1337a49fcd8e945f0f8e21c87ed1f6e9a771b53a8f,gwsearch run
4181,1777567963.406491,fc2098317d43af66664f0f1337a49fcd8e945f0f8e21c87ed1f6e9a771b53a8f,gwsearch run
4182,1777568533.1464658,fc2098317d43af66664f0f1337a49fcd8e945f0f8e21c87ed1f6e9a771b53a8f,gwsearch run
4183,1777569104.6723304,fc2098317d43af66664f0f1337a49fcd8e945f0f8e21c87ed1f6e9a771b53a8f,gwsearch run
4184,1777569677.9191768,fc2098317d43af66664f0f1337a49fcd8e945f0f8e21c87ed1f6e9a771b53a8f,gwsearch run
4185,1777570247.1462164,fc2098317d43af66664f0f1337a49fcd8e945f0f8e21c87ed1f6e9a771b53a8f,gwsearch run
4186,1777570817.163244,fc2098317d43af66664f0f1337a49fcd8e945f0f8e21c87ed1f6e9a771b53a8f,gwsearch run
4187,1777571390.9199152,fc2098317d43af66664f0f1337a49fcd8e945f0f8e21c87ed1f6e9a771b53a8f,gwsearch run
4188,1777571961.6681504,fc2098317d43af66664f0f1337a49fcd8e945f0f8e21c87ed1f6e9a771b53a8f,gwsearch run
4189,1777572530.901252,fc2098317d43af66664f0f1337a49fcd8e945f0f8e21c87ed1f6e9a771b53a8f,gwsearch run
4190,1777573099.1694357,fc2098317d43af66664f0f1337a49fcd8e945f0f8e21c87ed1f6e9a771b53a8f,gwsearch run
4191,1777573667.9251611,fc2098317d43af66664f0f1337a49fcd8e945f0f8e21c87ed1f6e9a771b53a8f,gwsearch run
4192,1777574238.402256,fc2098317d43af66664f0f1337a49fcd8e945f0f8e21c87ed1f6e9a771b53a8f,gwsearch run
4193,1777574815.8965056,fc2098317d43af66664f0f1337a49fcd8e945f0f8e21c87ed1f6e9a771b53a8f,gwsearch run
4194,1777575391.1471353,fc2098317d43af66664f0f1337a49fcd8e945f0f8e21c87ed1f6e9a771b53a8f,gwsearch run
4195,1777575964.1790578,fc2098317d43af66664f0f1337a49fcd8e945f0f8e21c87ed1f6e9a771b53a8f,gwsearch run
4196,1777576542.4328108,fc2098317d43af66664f0f1337a49fcd8e945f0f8e21c87ed1f6e9a771b53a8f,gwsearch run
4197,1777577117.9329598,fc2098317d43af66664f0f1337a49fcd8e945f0f8e21c87ed1f6e9a771b53a8f,gwsearch run
4198,1777577692.1502595,fc2098317d43af66664f0f1337a49fcd8e945f0f8e21c87ed1f6e9a771b53a8f,gwsearch run
4199,1777578269.9041753,fc2098317d43af66664f0f1337a49fcd8e945f0f8e21c87ed1f6e9a771b53a8f,gwsearch run
4200,1777578842.6539156,fc2098317d43af66664f0f1337a49fcd8e945f0f8e21c87ed1f6e9a771b53a8f,gwsearch run
4201,1777579417.169445,fc2098317d43af66664f0f1337a49fcd8e945f0f8e21c87ed1f6e9a771b53a8f,gwsearch run
4202,1777579992.6543155,fc2098317d43af66664f0f1337a49fcd8e945f0f8e21c87ed1f6e9a771b53a8f,gwsearch run
4203,1777580576.181141,fc2098317d43af66664f0f1337a49fcd8e945f0f8e21c87ed1f6e9a771b53a8f,gwsearch run
4204,1777581158.1680846,fc2098317d43af66664f0f1337a49fcd8e945f0f8e21c87ed1f6e9a771b53a8f,gwsearch run
4205,1777581731.1785755,fc2098317d43af66664f0f1337a49fcd8e945f0f8e21c87ed1f6e9a771b53a8f,gwsearch run
4206,1777582303.167254,fc2098317d43af66664f0f1337a49fcd8e945f0f8e21c87ed1f6e9a771b53a8f,gwsearch run
4207,1777582872.4124694,fc2098317d43af66664f0f1337a49fcd8e945f0f8e21c87ed1f6e9a771b53a8f,gwsearch run
4208,1777583441.662627,fc2098317d43af66664f0f1337a49fcd8e945f0f8e21c87ed1f6e9a771b53a8f,gwsearch run
4209,1777584013.6602526,fc2098317d43af66664f0f1337a49fcd8e945f0f8e21c87ed1f6e9a771b53a8f,gwsearch run
4210,1777584583.6715384,fc2098317d43af66664f0f1337a49fcd8e945f0f8e21c87ed1f6e9a771b53a8f,gwsearch run
4211,1777585152.8867867,fc2098317d43af66664f0f1337a49fcd8e945f0f8e21c87ed1f6e9a771b53a8f,gwsearch run
4212,1777585725.6550028,fc2098317d43af66664f0f1337a49fcd8e945f0f8e21c87ed1f6e9a771b53a8f,gwsearch run
4213,1777586295.4056897,fc2098317d43af66664f0f1337a49fcd8e945f0f8e21c87ed1f6e9a771b53a8f,gwsearch run
4214,1777586865.1609914,fc2098317d43af66664f0f1337a49fcd8e945f0f8e21c87ed1f6e9a771b53a8f,gwsearch run
4215,1777587431.8930523,fc2098317d43af66664f0f1337a49fcd8e945f0f8e21c87ed1f6e9a771b53a8f,gwsearch run
4216,1777588000.4182055,fc2098317d43af66664f0f1337a49fcd8e945f0f8e21c87ed1f6e9a771b53a8f,gwsearch run
4217,1777588570.1403916,fc2098317d43af66664f0f1337a49fcd8e945f0f8e21c87ed1f6e9a771b53a8f,gwsearch run
4218,1777589138.9073741,fc2098317d43af66664f0f1337a49fcd8e945f0f8e21c87ed1f6e9a771b53a8f,gwsearch run
4219,1777589707.9209917,fc2098317d43af66664f0f1337a49fcd8e945f0f8e21c87ed1f6e9a771b53a8f,gwsearch run
4220,1777590277.9073813,fc2098317d43af66664f0f1337a49fcd8e945f0f8e21c87ed1f6e9a771b53a8f,gwsearch run
4221,1777590848.1437848,fc2098317d43af66664f0f1337a49fcd8e945f0f8e21c87ed1f6e9a771b53a8f,gwsearch run
4222,1777591417.3979857,fc2098317d43af66664f0f1337a49fcd8e945f0f8e21c87ed1f6e9a771b53a8f,gwsearch run
4223,1777591985.6890492,fc2098317d43af66664f0f1337a49fcd8e945f0f8e21c87ed1f6e9a771b53a8f,gwsearch run
4224,1777592552.668236,fc2098317d43af66664f0f1337a49fcd8e945f0f8e21c87ed1f6e9a771b53a8f,gwsearch run
4225,1777593119.166841,fc2098317d43af66664f0f1337a49fcd8e945f0f8e21c87ed1f6e9a771b53a8f,gwsearch run
4226,1777593689.4002893,fc2098317d43af66664f0f1337a49fcd8e945f0f8e21c87ed1f6e9a771b53a8f,gwsearch run
4227,1777594256.671507,fc2098317d43af66664f0f1337a49fcd8e945f0f8e21c87ed1f6e9a771b53a8f,gwsearch run
4228,1777594826.6326835,fc2098317d43af66664f0f1337a49fcd8e945f0f8e21c87ed1f6e9a771b53a8f,gwsearch run
4229,1777595480.9085839,fc2098317d43af66664f0f1337a49fcd8e945f0f8e21c87ed1f6e9a771b53a8f,gwsearch run
4230,1777596050.9343562,fc2098317d43af66664f0f1337a49fcd8e945f0f8e21c87ed1f6e9a771b53a8f,gwsearch run
4231,1777596619.1636791,fc2098317d43af66664f0f1337a49fcd8e945f0f8e21c87ed1f6e9a771b53a8f,gwsearch run
4232,1777597188.9039106,fc2098317d43af66664f0f1337a49fcd8e945f0f8e21c87ed1f6e9a771b53a8f,gwsearch run
4233,1777597759.6936936,fc2098317d43af66664f0f1337a49fcd8e945f0f8e21c87ed1f6e9a771b53a8f,gwsearch run
4234,1777598330.9107087,fc2098317d43af66664f0f1337a49fcd8e945f0f8e21c87ed1f6e9a771b53a8f,gwsearch run
4235,1777598901.4115896,fc2098317d43af66664f0f1337a49fcd8e945f0f8e21c87ed1f6e9a771b53a8f,gwsearch run
4236,1777599469.6675832,fc2098317d43af66664f0f1337a49fcd8e945f0f8e21c87ed1f6e9a771b53a8f,gwsearch run
4237,1777600037.6601803,fc2098317d43af66664f0f1337a49fcd8e945f0f8e21c87ed1f6e9a771b53a8f,gwsearch run
4238,1777600607.3895056,fc2098317d43af66664f0f1337a49fcd8e945f0f8e21c87ed1f6e9a771b53a8f,gwsearch run
4239,1777601176.932341,fc2098317d43af66664f0f1337a49fcd8e945f0f8e21c87ed1f6e9a771b53a8f,gwsearch run
4240,1777601746.6657329,fc2098317d43af66664f0f1337a49fcd8e945f0f8e21c87ed1f6e9a771b53a8f,gwsearch run
4241,1777602316.1803074,fc2098317d43af66664f0f1337a49fcd8e945f0f8e21c87ed1f6e9a771b53a8f,gwsearch run
4242,1777602886.1729295,fc2098317d43af66664f0f1337a49fcd8e945f0f8e21c87ed1f6e9a771b53a8f,gwsearch run
4243,1777603454.924234,fc2098317d43af66664f0f1337a49fcd8e945f0f8e21c87ed1f6e9a771b53a8f,gwsearch run
4244,1777604024.9265475,fc2098317d43af66664f0f1337a49fcd8e945f0f8e21c87ed1f6e9a771b53a8f,gwsearch run
4245,1777604596.1547823,fc2098317d43af66664f0f1337a49fcd8e945f0f8e21c87ed1f6e9a771b53a8f,gwsearch run
4246,1777605166.1847265,fc2098317d43af66664f0f1337a49fcd8e945f0f8e21c87ed1f6e9a771b53a8f,gwsearch run
4247,1777605734.155361,fc2098317d43af66664f0f1337a49fcd8e945f0f8e21c87ed1f6e9a771b53a8f,gwsearch run
4248,1777606304.1633308,fc2098317d43af66664f0f1337a49fcd8e945f0f8e21c87ed1f6e9a771b53a8f,gwsearch run
4249,1777606873.420722,fc2098317d43af66664f0f1337a49fcd8e945f0f8e21c87ed1f6e9a771b53a8f,gwsearch run
4250,1777607443.410042,fc2098317d43af66664f0f1337a49fcd8e945f0f8e21c87ed1f6e9a771b53a8f,gwsearch run
4251,1777608011.4356036,fc2098317d43af66664f0f1337a49fcd8e945f0f8e21c87ed1f6e9a771b53a8f,gwsearch run
4252,1777608580.4001026,fc2098317d43af66664f0f1337a49fcd8e945f0f8e21c87ed1f6e9a771b53a8f,gwsearch run
4253,1777609150.4116256,fc2098317d43af66664f0f1337a49fcd8e945f0f8e21c87ed1f6e9a771b53a8f,gwsearch run
4254,1777609720.40665,fc2098317d43af66664f0f1337a49fcd8e945f0f8e21c87ed1f6e9a771b53a8f,gwsearch run
4255,1777610297.4100091,fc2098317d43af66664f0f1337a49fcd8e945f0f8e21c87ed1f6e9a771b53a8f,gwsearch run
4256,1777610867.655364,fc2098317d43af66664f0f1337a49fcd8e945f0f8e21c87ed1f6e9a771b53a8f,gwsearch run
4257,1777611437.4215083,fc2098317d43af66664f0f1337a49fcd8e945f0f8e21c87ed1f6e9a771b53a8f,gwsearch run
4258,1777612006.4300883,fc2098317d43af66664f0f1337a49fcd8e945f0f8e21c87ed1f6e9a771b53a8f,gwsearch run
4259,1777612576.6518998,fc2098317d43af66664f0f1337a49fcd8e945f0f8e21c87ed1f6e9a771b53a8f,gwsearch run
4260,1777613145.16651,fc2098317d43af66664f0f1337a49fcd8e945f0f8e21c87ed1f6e9a771b53a8f,gwsearch run
4261,1777613714.3777583,fc2098317d43af66664f0f1337a49fcd8e945f0f8e21c87ed1f6e9a771b53a8f,gwsearch run
4262,1777614284.6825154,fc2098317d43af66664f0f1337a49fcd8e945f0f8e21c87ed1f6e9a771b53a8f,gwsearch run
4263,1777614853.642037,fc2098317d43af66664f0f1337a49fcd8e945f0f8e21c87ed1f6e9a771b53a8f,gwsearch run
4264,1777615424.901914,fc2098317d43af66664f0f1337a49fcd8e945f0f8e21c87ed1f6e9a771b53a8f,gwsearch run
4265,1777615996.8888712,fc2098317d43af66664f0f1337a49fcd8e945f0f8e21c87ed1f6e9a771b53a8f,gwsearch run
4266,1777616567.4110582,fc2098317d43af66664f0f1337a49fcd8e945f0f8e21c87ed1f6e9a771b53a8f,gwsearch run
4267,1777617137.9196332,fc2098317d43af66664f0f1337a49fcd8e945f0f8e21c87ed1f6e9a771b53a8f,gwsearch run
4268,1777617705.921124,fc2098317d43af66664f0f1337a49fcd8e945f0f8e21c87ed1f6e9a771b53a8f,gwsearch run
4269,1777618284.456146,fc2098317d43af66664f0f1337a49fcd8e945f0f8e21c87ed1f6e9a771b53a8f,gwsearch run
4270,1777618854.9209385,fc2098317d43af66664f0f1337a49fcd8e945f0f8e21c87ed1f6e9a771b53a8f,gwsearch run
4271,1777619424.1651094,fc2098317d43af66664f0f1337a49fcd8e945f0f8e21c87ed1f6e9a771b53a8f,gwsearch run
4272,1777619992.412426,fc2098317d43af66664f0f1337a49fcd8e945f0f8e21c87ed1f6e9a771b53a8f,gwsearch run
4273,1777620562.63839,fc2098317d43af66664f0f1337a49fcd8e945f0f8e21c87ed1f6e9a771b53a8f,gwsearch run
4274,1777621130.1450393,fc2098317d43af66664f0f1337a49fcd8e945f0f8e21c87ed1f6e9a771b53a8f,gwsearch run
4275,1777621698.1704502,fc2098317d43af66664f0f1337a49fcd8e945f0f8e21c87ed1f6e9a771b53a8f,gwsearch run
4276,1777622266.170409,fc2098317d43af66664f0f1337a49fcd8e945f0f8e21c87ed1f6e9a771b53a8f,gwsearch run
4277,1777622835.6535256,fc2098317d43af66664f0f1337a49fcd8e945f0f8e21c87ed1f6e9a771b53a8f,gwsearch run
4278,1777623405.665869,fc2098317d43af66664f0f1337a49fcd8e945f0f8e21c87ed1f6e9a771b53a8f,gwsearch run
4279,1777623974.6733184,fc2098317d43af66664f0f1337a49fcd8e945f0f8e21c87ed1f6e9a771b53a8f,gwsearch run
4280,1777624543.912202,fc2098317d43af66664f0f1337a49fcd8e945f0f8e21c87ed1f6e9a771b53a8f,gwsearch run
4281,1777625115.6508229,fc2098317d43af66664f0f1337a49fcd8e945f0f8e21c87ed1f6e9a771b53a8f,gwsearch run
4282,1777625686.149983,fc2098317d43af66664f0f1337a49fcd8e945f0f8e21c87ed1f6e9a771b53a8f,gwsearch run
4283,1777626257.4150677,fc2098317d43af66664f0f1337a49fcd8e945f0f8e21c87ed1f6e9a771b53a8f,gwsearch run
4284,1777626826.152713,fc2098317d43af66664f0f1337a49fcd8e945f0f8e21c87ed1f6e9a771b53a8f,gwsearch run
4285,1777627393.9230914,fc2098317d43af66664f0f1337a49fcd8e945f0f8e21c87ed1f6e9a771b53a8f,gwsearch run
4286,1777627964.6609426,fc2098317d43af66664f0f1337a49fcd8e945f0f8e21c87ed1f6e9a771b53a8f,gwsearch run
4287,1777628533.8851314,fc2098317d43af66664f0f1337a49fcd8e945f0f8e21c87ed1f6e9a771b53a8f,gwsearch run
4288,1777629103.4210663,fc2098317d43af66664f0f1337a49fcd8e945f0f8e21c87ed1f6e9a771b53a8f,gwsearch run
4289,1777629672.423749,fc2098317d43af66664f0f1337a49fcd8e945f0f8e21c87ed1f6e9a771b53a8f,gwsearch run
4290,1777630243.1603038,fc2098317d43af66664f0f1337a49fcd8e945f0f8e21c87ed1f6e9a771b53a8f,gwsearch run
4291,1777630812.1930585,fc2098317d43af66664f0f1337a49fcd8e945f0f8e21c87ed1f6e9a771b53a8f,gwsearch run
4292,1777631380.9372716,fc2098317d43af66664f0f1337a49fcd8e945f0f8e21c87ed1f6e9a771b53a8f,gwsearch run
4293,1777631951.433972,fc2098317d43af66664f0f1337a49fcd8e945f0f8e21c87ed1f6e9a771b53a8f,gwsearch run
4294,1777632522.1639018,fc2098317d43af66664f0f1337a49fcd8e945f0f8e21c87ed1f6e9a771b53a8f,gwsearch run
4295,1777633090.15251,fc2098317d43af66664f0f1337a49fcd8e945f0f8e21c87ed1f6e9a771b53a8f,gwsearch run
4296,1777633658.1671298,fc2098317d43af66664f0f1337a49fcd8e945f0f8e21c87ed1f6e9a771b53a8f,gwsearch run
4297,1777634227.652938,fc2098317d43af66664f0f1337a49fcd8e945f0f8e21c87ed1f6e9a771b53a8f,gwsearch run
4298,1777634796.9165428,fc2098317d43af66664f0f1337a49fcd8e945f0f8e21c87ed1f6e9a771b53a8f,gwsearch run
4299,1777635369.6589596,fc2098317d43af66664f0f1337a49fcd8e945f0f8e21c87ed1f6e9a771b53a8f,gwsearch run
4300,1777635939.1676438,fc2098317d43af66664f0f1337a49fcd8e945f0f8e21c87ed1f6e9a771b53a8f,gwsearch run
4301,1777636508.6862547,fc2098317d43af66664f0f1337a49fcd8e945f0f8e21c87ed1f6e9a771b53a8f,gwsearch run
4302,1777637079.6833136,fc2098317d43af66664f0f1337a49fcd8e945f0f8e21c87ed1f6e9a771b53a8f,gwsearch run
4303,1777637649.936027,fc2098317d43af66664f0f1337a49fcd8e945f0f8e21c87ed1f6e9a771b53a8f,gwsearch run
4304,1777638220.1868641,fc2098317d43af66664f0f1337a49fcd8e945f0f8e21c87ed1f6e9a771b53a8f,gwsearch run
4305,1777638790.4099855,fc2098317d43af66664f0f1337a49fcd8e945f0f8e21c87ed1f6e9a771b53a8f,gwsearch run
4306,1777639360.921952,fc2098317d43af66664f0f1337a49fcd8e945f0f8e21c87ed1f6e9a771b53a8f,gwsearch run
4307,1777639931.6699958,fc2098317d43af66664f0f1337a49fcd8e945f0f8e21c87ed1f6e9a771b53a8f,gwsearch run
4308,1777640504.6682703,fc2098317d43af66664f0f1337a49fcd8e945f0f8e21c87ed1f6e9a771b53a8f,gwsearch run
4309,1777641074.6634076,fc2098317d43af66664f0f1337a49fcd8e945f0f8e21c87ed1f6e9a771b53a8f,gwsearch run
4310,1777641643.9234338,fc2098317d43af66664f0f1337a49fcd8e945f0f8e21c87ed1f6e9a771b53a8f,gwsearch run
4311,1777642212.6498454,fc2098317d43af66664f0f1337a49fcd8e945f0f8e21c87ed1f6e9a771b53a8f,gwsearch run
4312,1777642781.9420903,fc2098317d43af66664f0f1337a49fcd8e945f0f8e21c87ed1f6e9a771b53a8f,gwsearch run
4313,1777643352.1644487,fc2098317d43af66664f0f1337a49fcd8e945f0f8e21c87ed1f6e9a771b53a8f,gwsearch run
4314,1777643921.6694727,fc2098317d43af66664f0f1337a49fcd8e945f0f8e21c87ed1f6e9a771b53a8f,gwsearch run
4315,1777644492.17202,fc2098317d43af66664f0f1337a49fcd8e945f0f8e21c87ed1f6e9a771b53a8f,gwsearch run
4316,1777645059.680994,fc2098317d43af66664f0f1337a49fcd8e945f0f8e21c87ed1f6e9a771b53a8f,gwsearch run
4317,1777645629.6799326,fc2098317d43af66664f0f1337a49fcd8e945f0f8e21c87ed1f6e9a771b53a8f,gwsearch run
4318,1777646198.4250906,fc2098317d43af66664f0f1337a49fcd8e945f0f8e21c87ed1f6e9a771b53a8f,gwsearch run
4319,1777646768.6705916,fc2098317d43af66664f0f1337a49fcd8e945f0f8e21c87ed1f6e9a771b53a8f,gwsearch run
4320,1777647339.6628237,fc2098317d43af66664f0f1337a49fcd8e945f0f8e21c87ed1f6e9a771b53a8f,gwsearch run
4321,1777647909.923699,fc2098317d43af66664f0f1337a49fcd8e945f0f8e21c87ed1f6e9a771b53a8f,gwsearch run
4322,1777648480.4217763,fc2098317d43af66664f0f1337a49fcd8e945f0f8e21c87ed1f6e9a771b53a8f,gwsearch run
4323,1777649050.647093,fc2098317d43af66664f0f1337a49fcd8e945f0f8e21c87ed1f6e9a771b53a8f,gwsearch run
4324,1777649621.670819,fc2098317d43af66664f0f1337a49fcd8e945f0f8e21c87ed1f6e9a771b53a8f,gwsearch run
4325,1777650191.1783423,fc2098317d43af66664f0f1337a49fcd8e945f0f8e21c87ed1f6e9a771b53a8f,gwsearch run
4326,1777650762.4110255,fc2098317d43af66664f0f1337a49fcd8e945f0f8e21c87ed1f6e9a771b53a8f,gwsearch run
4327,1777651332.67107,fc2098317d43af66664f0f1337a49fcd8e945f0f8e21c87ed1f6e9a771b53a8f,gwsearch run
4328,1777651901.9223695,fc2098317d43af66664f0f1337a49fcd8e945f0f8e21c87ed1f6e9a771b53a8f,gwsearch run
4329,1777652471.676112,fc2098317d43af66664f0f1337a49fcd8e945f0f8e21c87ed1f6e9a771b53a8f,gwsearch run
4330,1777653041.4086099,fc2098317d43af66664f0f1337a49fcd8e945f0f8e21c87ed1f6e9a771b53a8f,gwsearch run
4331,1777653613.905029,fc2098317d43af66664f0f1337a49fcd8e945f0f8e21c87ed1f6e9a771b53a8f,gwsearch run
4332,1777654183.4316206,fc2098317d43af66664f0f1337a49fcd8e945f0f8e21c87ed1f6e9a771b53a8f,gwsearch run
4333,1777654751.4197578,fc2098317d43af66664f0f1337a49fcd8e945f0f8e21c87ed1f6e9a771b53a8f,gwsearch run
4334,1777655321.8932498,fc2098317d43af66664f0f1337a49fcd8e945f0f8e21c87ed1f6e9a771b53a8f,gwsearch run
4335,1777655890.4079921,fc2098317d43af66664f0f1337a49fcd8e945f0f8e21c87ed1f6e9a771b53a8f,gwsearch run
4336,1777656460.3935528,fc2098317d43af66664f0f1337a49fcd8e945f0f8e21c87ed1f6e9a771b53a8f,gwsearch run
4337,1777657029.657856,fc2098317d43af66664f0f1337a49fcd8e945f0f8e21c87ed1f6e9a771b53a8f,gwsearch run
4338,1777657598.6818454,fc2098317d43af66664f0f1337a49fcd8e945f0f8e21c87ed1f6e9a771b53a8f,gwsearch run
4339,1777658168.8939865,fc2098317d43af66664f0f1337a49fcd8e945f0f8e21c87ed1f6e9a771b53a8f,gwsearch run
4340,1777658735.9114254,fc2098317d43af66664f0f1337a49fcd8e945f0f8e21c87ed1f6e9a771b53a8f,gwsearch run
4341,1777659305.9374864,fc2098317d43af66664f0f1337a49fcd8e945f0f8e21c87ed1f6e9a771b53a8f,gwsearch run
4342,1777659874.6720655,fc2098317d43af66664f0f1337a49fcd8e945f0f8e21c87ed1f6e9a771b53a8f,gwsearch run
4343,1777660442.6579897,fc2098317d43af66664f0f1337a49fcd8e945f0f8e21c87ed1f6e9a771b53a8f,gwsearch run
4344,1777661011.401814,fc2098317d43af66664f0f1337a49fcd8e945f0f8e21c87ed1f6e9a771b53a8f,gwsearch run
4345,1777661579.420502,fc2098317d43af66664f0f1337a49fcd8e945f0f8e21c87ed1f6e9a771b53a8f,gwsearch run
4346,1777662148.6565442,fc2098317d43af66664f0f1337a49fcd8e945f0f8e21c87ed1f6e9a771b53a8f,gwsearch run
4347,1777662717.154073,fc2098317d43af66664f0f1337a49fcd8e945f0f8e21c87ed1f6e9a771b53a8f,gwsearch run
4348,1777663287.9107566,fc2098317d43af66664f0f1337a49fcd8e945f0f8e21c87ed1f6e9a771b53a8f,gwsearch run
4349,1777663855.165459,fc2098317d43af66664f0f1337a49fcd8e945f0f8e21c87ed1f6e9a771b53a8f,gwsearch run
4350,1777664425.6648202,fc2098317d43af66664f0f1337a49fcd8e945f0f8e21c87ed1f6e9a771b53a8f,gwsearch run
4351,1777664993.1741903,fc2098317d43af66664f0f1337a49fcd8e945f0f8e21c87ed1f6e9a771b53a8f,gwsearch run
4352,1777665560.6748967,fc2098317d43af66664f0f1337a49fcd8e945f0f8e21c87ed1f6e9a771b53a8f,gwsearch run
4353,1777666129.6663415,fc2098317d43af66664f0f1337a49fcd8e945f0f8e21c87ed1f6e9a771b53a8f,gwsearch run
4354,1777666698.4200637,fc2098317d43af66664f0f1337a49fcd8e945f0f8e21c87ed1f6e9a771b53a8f,gwsearch run
4355,1777667266.650142,fc2098317d43af66664f0f1337a49fcd8e945f0f8e21c87ed1f6e9a771b53a8f,gwsearch run
4356,1777667834.923572,fc2098317d43af66664f0f1337a49fcd8e945f0f8e21c87ed1f6e9a771b53a8f,gwsearch run
4357,1777668400.9090207,fc2098317d43af66664f0f1337a49fcd8e945f0f8e21c87ed1f6e9a771b53a8f,gwsearch run
4358,1777668966.6477294,fc2098317d43af66664f0f1337a49fcd8e945f0f8e21c87ed1f6e9a771b53a8f,gwsearch run
4359,1777669531.9383957,fc2098317d43af66664f0f1337a49fcd8e945f0f8e21c87ed1f6e9a771b53a8f,gwsearch run
4360,1777670100.9252303,fc2098317d43af66664f0f1337a49fcd8e945f0f8e21c87ed1f6e9a771b53a8f,gwsearch run
4361,1777670672.6599233,fc2098317d43af66664f0f1337a49fcd8e945f0f8e21c87ed1f6e9a771b53a8f,gwsearch run
4362,1777671239.6394663,fc2098317d43af66664f0f1337a49fcd8e945f0f8e21c87ed1f6e9a771b53a8f,gwsearch run
4363,1777671808.6652067,fc2098317d43af66664f0f1337a49fcd8e945f0f8e21c87ed1f6e9a771b53a8f,gwsearch run
4364,1777672373.6812549,fc2098317d43af66664f0f1337a49fcd8e945f0f8e21c87ed1f6e9a771b53a8f,gwsearch run
4365,1777672941.4191008,fc2098317d43af66664f0f1337a49fcd8e945f0f8e21c87ed1f6e9a771b53a8f,gwsearch run
4366,1777673509.6860662,fc2098317d43af66664f0f1337a49fcd8e945f0f8e21c87ed1f6e9a771b53a8f,gwsearch run
4367,1777674076.4149687,fc2098317d43af66664f0f1337a49fcd8e945f0f8e21c87ed1f6e9a771b53a8f,gwsearch run
4368,1777674644.9039693,fc2098317d43af66664f0f1337a49fcd8e945f0f8e21c87ed1f6e9a771b53a8f,gwsearch run
4369,1777675212.9301014,fc2098317d43af66664f0f1337a49fcd8e945f0f8e21c87ed1f6e9a771b53a8f,gwsearch run
4370,1777675780.6547735,fc2098317d43af66664f0f1337a49fcd8e945f0f8e21c87ed1f6e9a771b53a8f,gwsearch run
4371,1777676349.9319553,fc2098317d43af66664f0f1337a49fcd8e945f0f8e21c87ed1f6e9a771b53a8f,gwsearch run
4372,1777676917.148472,fc2098317d43af66664f0f1337a49fcd8e945f0f8e21c87ed1f6e9a771b53a8f,gwsearch run
4373,1777677482.6629066,fc2098317d43af66664f0f1337a49fcd8e945f0f8e21c87ed1f6e9a771b53a8f,gwsearch run
4374,1777678050.6579015,fc2098317d43af66664f0f1337a49fcd8e945f0f8e21c87ed1f6e9a771b53a8f,gwsearch run
4375,1777678619.9344788,fc2098317d43af66664f0f1337a49fcd8e945f0f8e21c87ed1f6e9a771b53a8f,gwsearch run
4376,1777679189.4030576,fc2098317d43af66664f0f1337a49fcd8e945f0f8e21c87ed1f6e9a771b53a8f,gwsearch run
4377,1777679757.924047,fc2098317d43af66664f0f1337a49fcd8e945f0f8e21c87ed1f6e9a771b53a8f,gwsearch run
4378,1777680326.4071767,fc2098317d43af66664f0f1337a49fcd8e945f0f8e21c87ed1f6e9a771b53a8f,gwsearch run
4379,1777680894.6822524,fc2098317d43af66664f0f1337a49fcd8e945f0f8e21c87ed1f6e9a771b53a8f,gwsearch run
4380,1777681462.9005735,fc2098317d43af66664f0f1337a49fcd8e945f0f8e21c87ed1f6e9a771b53a8f,gwsearch run
4381,1777682027.1643033,fc2098317d43af66664f0f1337a49fcd8e945f0f8e21c87ed1f6e9a771b53a8f,gwsearch run
4382,1777682595.906018,fc2098317d43af66664f0f1337a49fcd8e945f0f8e21c87ed1f6e9a771b53a8f,gwsearch run
4383,1777683162.9564857,fc2098317d43af66664f0f1337a49fcd8e945f0f8e21c87ed1f6e9a771b53a8f,gwsearch run
4384,1777683730.153012,fc2098317d43af66664f0f1337a49fcd8e945f0f8e21c87ed1f6e9a771b53a8f,gwsearch run
4385,1777684297.8879392,fc2098317d43af66664f0f1337a49fcd8e945f0f8e21c87ed1f6e9a771b53a8f,gwsearch run
4386,1777684865.6707187,fc2098317d43af66664f0f1337a49fcd8e945f0f8e21c87ed1f6e9a771b53a8f,gwsearch run
4387,1777685433.917102,fc2098317d43af66664f0f1337a49fcd8e945f0f8e21c87ed1f6e9a771b53a8f,gwsearch run
4388,1777686002.665923,fc2098317d43af66664f0f1337a49fcd8e945f0f8e21c87ed1f6e9a771b53a8f,gwsearch run
4389,1777686570.921828,fc2098317d43af66664f0f1337a49fcd8e945f0f8e21c87ed1f6e9a771b53a8f,gwsearch run
4390,1777687138.6526105,fc2098317d43af66664f0f1337a49fcd8e945f0f8e21c87ed1f6e9a771b53a8f,gwsearch run
4391,1777687706.6297178,fc2098317d43af66664f0f1337a49fcd8e945f0f8e21c87ed1f6e9a771b53a8f,gwsearch run
4392,1777688273.4229844,fc2098317d43af66664f0f1337a49fcd8e945f0f8e21c87ed1f6e9a771b53a8f,gwsearch run
4393,1777688841.1696455,fc2098317d43af66664f0f1337a49fcd8e945f0f8e21c87ed1f6e9a771b53a8f,gwsearch run
4394,1777689407.920032,fc2098317d43af66664f0f1337a49fcd8e945f0f8e21c87ed1f6e9a771b53a8f,gwsearch run
4395,1777689975.918283,fc2098317d43af66664f0f1337a49fcd8e945f0f8e21c87ed1f6e9a771b53a8f,gwsearch run
4396,1777690542.1737988,fc2098317d43af66664f0f1337a49fcd8e945f0f8e21c87ed1f6e9a771b53a8f,gwsearch run
4397,1777691111.1642954,fc2098317d43af66664f0f1337a49fcd8e945f0f8e21c87ed1f6e9a771b53a8f,gwsearch run
4398,1777691679.4520416,fc2098317d43af66664f0f1337a49fcd8e945f0f8e21c87ed1f6e9a771b53a8f,gwsearch run
4399,1777692247.9214163,fc2098317d43af66664f0f1337a49fcd8e945f0f8e21c87ed1f6e9a771b53a8f,gwsearch run
4400,1777692814.9176798,fc2098317d43af66664f0f1337a49fcd8e945f0f8e21c87ed1f6e9a771b53a8f,gwsearch run
4401,1777693384.159938,fc2098317d43af66664f0f1337a49fcd8e945f0f8e21c87ed1f6e9a771b53a8f,gwsearch run
4402,1777693952.4084406,fc2098317d43af66664f0f1337a49fcd8e945f0f8e21c87ed1f6e9a771b53a8f,gwsearch run
4403,1777694520.154428,fc2098317d43af66664f0f1337a49fcd8e945f0f8e21c87ed1f6e9a771b53a8f,gwsearch run
4404,1777695088.159431,fc2098317d43af66664f0f1337a49fcd8e945f0f8e21c87ed1f6e9a771b53a8f,gwsearch run
4405,1777695655.1469376,fc2098317d43af66664f0f1337a49fcd8e945f0f8e21c87ed1f6e9a771b53a8f,gwsearch run
4406,1777696222.9168572,fc2098317d43af66664f0f1337a49fcd8e945f0f8e21c87ed1f6e9a771b53a8f,gwsearch run
4407,1777696792.3470874,fc2098317d43af66664f0f1337a49fcd8e945f0f8e21c87ed1f6e9a771b53a8f,gwsearch run
4408,1777697356.415614,fc2098317d43af66664f0f1337a49fcd8e945f0f8e21c87ed1f6e9a771b53a8f,gwsearch run
4409,1777697926.416131,fc2098317d43af66664f0f1337a49fcd8e945f0f8e21c87ed1f6e9a771b53a8f,gwsearch run
4410,1777698494.4078317,fc2098317d43af66664f0f1337a49fcd8e945f0f8e21c87ed1f6e9a771b53a8f,gwsearch run
4411,1777699064.4149463,fc2098317d43af66664f0f1337a49fcd8e945f0f8e21c87ed1f6e9a771b53a8f,gwsearch run
4412,1777699630.1735518,fc2098317d43af66664f0f1337a49fcd8e945f0f8e21c87ed1f6e9a771b53a8f,gwsearch run
4413,1777700199.3926666,fc2098317d43af66664f0f1337a49fcd8e945f0f8e21c87ed1f6e9a771b53a8f,gwsearch run
4414,1777700767.6655226,fc2098317d43af66664f0f1337a49fcd8e945f0f8e21c87ed1f6e9a771b53a8f,gwsearch run
4415,1777701335.1651013,fc2098317d43af66664f0f1337a49fcd8e945f0f8e21c87ed1f6e9a771b53a8f,gwsearch run
4416,1777701901.6666381,fc2098317d43af66664f0f1337a49fcd8e945f0f8e21c87ed1f6e9a771b53a8f,gwsearch run
4417,1777702468.411208,fc2098317d43af66664f0f1337a49fcd8e945f0f8e21c87ed1f6e9a771b53a8f,gwsearch run
4418,1777703037.138861,fc2098317d43af66664f0f1337a49fcd8e945f0f8e21c87ed1f6e9a771b53a8f,gwsearch run
4419,1777703603.4295387,fc2098317d43af66664f0f1337a49fcd8e945f0f8e21c87ed1f6e9a771b53a8f,gwsearch run
4420,1777704172.9014547,fc2098317d43af66664f0f1337a49fcd8e945f0f8e21c87ed1f6e9a771b53a8f,gwsearch run
4421,1777704739.9240332,fc2098317d43af66664f0f1337a49fcd8e945f0f8e21c87ed1f6e9a771b53a8f,gwsearch run
4422,1777705307.8961031,fc2098317d43af66664f0f1337a49fcd8e945f0f8e21c87ed1f6e9a771b53a8f,gwsearch run
4423,1777705876.4101577,fc2098317d43af66664f0f1337a49fcd8e945f0f8e21c87ed1f6e9a771b53a8f,gwsearch run
4424,1777706445.6597323,fc2098317d43af66664f0f1337a49fcd8e945f0f8e21c87ed1f6e9a771b53a8f,gwsearch run
4425,1777707012.1747262,fc2098317d43af66664f0f1337a49fcd8e945f0f8e21c87ed1f6e9a771b53a8f,gwsearch run
4426,1777707579.9223487,fc2098317d43af66664f0f1337a49fcd8e945f0f8e21c87ed1f6e9a771b53a8f,gwsearch run
4427,1777708148.6743848,fc2098317d43af66664f0f1337a49fcd8e945f0f8e21c87ed1f6e9a771b53a8f,gwsearch run
4428,1777708716.415448,fc2098317d43af66664f0f1337a49fcd8e945f0f8e21c87ed1f6e9a771b53a8f,gwsearch run
4429,1777709285.396327,fc2098317d43af66664f0f1337a49fcd8e945f0f8e21c87ed1f6e9a771b53a8f,gwsearch run
4430,1777709853.909597,fc2098317d43af66664f0f1337a49fcd8e945f0f8e21c87ed1f6e9a771b53a8f,gwsearch run
4431,1777710421.1549532,fc2098317d43af66664f0f1337a49fcd8e945f0f8e21c87ed1f6e9a771b53a8f,gwsearch run
4432,1777710987.663285,fc2098317d43af66664f0f1337a49fcd8e945f0f8e21c87ed1f6e9a771b53a8f,gwsearch run
4433,1777711556.6635191,fc2098317d43af66664f0f1337a49fcd8e945f0f8e21c87ed1f6e9a771b53a8f,gwsearch run
4434,1777712125.9082284,fc2098317d43af66664f0f1337a49fcd8e945f0f8e21c87ed1f6e9a771b53a8f,gwsearch run
4435,1777712693.9213386,fc2098317d43af66664f0f1337a49fcd8e945f0f8e21c87ed1f6e9a771b53a8f,gwsearch run
4436,1777713263.9218724,fc2098317d43af66664f0f1337a49fcd8e945f0f8e21c87ed1f6e9a771b53a8f,gwsearch run
4437,1777713831.9329014,fc2098317d43af66664f0f1337a49fcd8e945f0f8e21c87ed1f6e9a771b53a8f,gwsearch run
4438,1777714399.90202,fc2098317d43af66664f0f1337a49fcd8e945f0f8e21c87ed1f6e9a771b53a8f,gwsearch run
4439,1777714969.920745,fc2098317d43af66664f0f1337a49fcd8e945f0f8e21c87ed1f6e9a771b53a8f,gwsearch run
4440,1777715538.1789877,fc2098317d43af66664f0f1337a49fcd8e945f0f8e21c87ed1f6e9a771b53a8f,gwsearch run
4441,1777716106.1525888,fc2098317d43af66664f0f1337a49fcd8e945f0f8e21c87ed1f6e9a771b53a8f,gwsearch run
4442,1777716676.4173746,fc2098317d43af66664f0f1337a49fcd8e945f0f8e21c87ed1f6e9a771b53a8f,gwsearch run
4443,1777717244.389094,fc2098317d43af66664f0f1337a49fcd8e945f0f8e21c87ed1f6e9a771b53a8f,gwsearch run
4444,1777717811.170395,fc2098317d43af66664f0f1337a49fcd8e945f0f8e21c87ed1f6e9a771b53a8f,gwsearch run
4445,1777718380.1529026,fc2098317d43af66664f0f1337a49fcd8e945f0f8e21c87ed1f6e9a771b53a8f,gwsearch run
4446,1777718948.6669273,fc2098317d43af66664f0f1337a49fcd8e945f0f8e21c87ed1f6e9a771b53a8f,gwsearch run
4447,1777719515.1590261,fc2098317d43af66664f0f1337a49fcd8e945f0f8e21c87ed1f6e9a771b53a8f,gwsearch run
4448,1777720084.9345143,fc2098317d43af66664f0f1337a49fcd8e945f0f8e21c87ed1f6e9a771b53a8f,gwsearch run
4449,1777720655.4191635,fc2098317d43af66664f0f1337a49fcd8e945f0f8e21c87ed1f6e9a771b53a8f,gwsearch run
4450,1777721222.905423,fc2098317d43af66664f0f1337a49fcd8e945f0f8e21c87ed1f6e9a771b53a8f,gwsearch run
4451,1777721788.6801302,fc2098317d43af66664f0f1337a49fcd8e945f0f8e21c87ed1f6e9a771b53a8f,gwsearch run
4452,1777722358.4118834,fc2098317d43af66664f0f1337a49fcd8e945f0f8e21c87ed1f6e9a771b53a8f,gwsearch run
4453,1777722923.6375933,fc2098317d43af66664f0f1337a49fcd8e945f0f8e21c87ed1f6e9a771b53a8f,gwsearch run
4454,1777723492.6618757,fc2098317d43af66664f0f1337a49fcd8e945f0f8e21c87ed1f6e9a771b53a8f,gwsearch run
4455,1777724058.9254932,fc2098317d43af66664f0f1337a49fcd8e945f0f8e21c87ed1f6e9a771b53a8f,gwsearch run
4456,1777724625.417031,fc2098317d43af66664f0f1337a49fcd8e945f0f8e21c87ed1f6e9a771b53a8f,gwsearch run
4457,1777725194.4310768,fc2098317d43af66664f0f1337a49fcd8e945f0f8e21c87ed1f6e9a771b53a8f,gwsearch run
4458,1777725763.6723037,fc2098317d43af66664f0f1337a49fcd8e945f0f8e21c87ed1f6e9a771b53a8f,gwsearch run
4459,1777726330.647161,fc2098317d43af66664f0f1337a49fcd8e945f0f8e21c87ed1f6e9a771b53a8f,gwsearch run
4460,1777726897.8941479,fc2098317d43af66664f0f1337a49fcd8e945f0f8e21c87ed1f6e9a771b53a8f,gwsearch run
4461,1777727468.390023,fc2098317d43af66664f0f1337a49fcd8e945f0f8e21c87ed1f6e9a771b53a8f,gwsearch run
4462,1777728036.9211543,fc2098317d43af66664f0f1337a49fcd8e945f0f8e21c87ed1f6e9a771b53a8f,gwsearch run
4463,1777728605.178481,fc2098317d43af66664f0f1337a49fcd8e945f0f8e21c87ed1f6e9a771b53a8f,gwsearch run
4464,1777729175.405139,fc2098317d43af66664f0f1337a49fcd8e945f0f8e21c87ed1f6e9a771b53a8f,gwsearch run
4465,1777729744.69519,fc2098317d43af66664f0f1337a49fcd8e945f0f8e21c87ed1f6e9a771b53a8f,gwsearch run
4466,1777730313.170997,fc2098317d43af66664f0f1337a49fcd8e945f0f8e21c87ed1f6e9a771b53a8f,gwsearch run
4467,1777730881.9160738,fc2098317d43af66664f0f1337a49fcd8e945f0f8e21c87ed1f6e9a771b53a8f,gwsearch run
4468,1777731450.1584783,fc2098317d43af66664f0f1337a49fcd8e945f0f8e21c87ed1f6e9a771b53a8f,gwsearch run
4469,1777732018.440737,fc2098317d43af66664f0f1337a49fcd8e945f0f8e21c87ed1f6e9a771b53a8f,gwsearch run
4470,1777732585.9020445,fc2098317d43af66664f0f1337a49fcd8e945f0f8e21c87ed1f6e9a771b53a8f,gwsearch run
4471,1777733154.171299,fc2098317d43af66664f0f1337a49fcd8e945f0f8e21c87ed1f6e9a771b53a8f,gwsearch run
4472,1777733719.4131136,fc2098317d43af66664f0f1337a49fcd8e945f0f8e21c87ed1f6e9a771b53a8f,gwsearch run
4473,1777734287.431353,fc2098317d43af66664f0f1337a49fcd8e945f0f8e21c87ed1f6e9a771b53a8f,gwsearch run
4474,1777734853.4085493,fc2098317d43af66664f0f1337a49fcd8e945f0f8e21c87ed1f6e9a771b53a8f,gwsearch run
4475,1777735420.4099722,fc2098317d43af66664f0f1337a49fcd8e945f0f8e21c87ed1f6e9a771b53a8f,gwsearch run
4476,1777735988.1557484,fc2098317d43af66664f0f1337a49fcd8e945f0f8e21c87ed1f6e9a771b53a8f,gwsearch run
4477,1777736555.656523,fc2098317d43af66664f0f1337a49fcd8e945f0f8e21c87ed1f6e9a771b53a8f,gwsearch run
4478,1777737123.386827,fc2098317d43af66664f0f1337a49fcd8e945f0f8e21c87ed1f6e9a771b53a8f,gwsearch run
4479,1777737693.1514091,fc2098317d43af66664f0f1337a49fcd8e945f0f8e21c87ed1f6e9a771b53a8f,gwsearch run
4480,1777738263.9142163,fc2098317d43af66664f0f1337a49fcd8e945f0f8e21c87ed1f6e9a771b53a8f,gwsearch run
4481,1777738831.9078164,fc2098317d43af66664f0f1337a49fcd8e945f0f8e21c87ed1f6e9a771b53a8f,gwsearch run
4482,1777739400.9431674,fc2098317d43af66664f0f1337a49fcd8e945f0f8e21c87ed1f6e9a771b53a8f,gwsearch run
4483,1777739968.9122605,fc2098317d43af66664f0f1337a49fcd8e945f0f8e21c87ed1f6e9a771b53a8f,gwsearch run
4484,1777740538.4138935,fc2098317d43af66664f0f1337a49fcd8e945f0f8e21c87ed1f6e9a771b53a8f,gwsearch run
4485,1777741105.4208517,fc2098317d43af66664f0f1337a49fcd8e945f0f8e21c87ed1f6e9a771b53a8f,gwsearch run
4486,1777741674.925524,fc2098317d43af66664f0f1337a49fcd8e945f0f8e21c87ed1f6e9a771b53a8f,gwsearch run
4487,1777742244.1577015,fc2098317d43af66664f0f1337a49fcd8e945f0f8e21c87ed1f6e9a771b53a8f,gwsearch run
4488,1777742811.173521,fc2098317d43af66664f0f1337a49fcd8e945f0f8e21c87ed1f6e9a771b53a8f,gwsearch run
4489,1777743380.8984706,fc2098317d43af66664f0f1337a49fcd8e945f0f8e21c87ed1f6e9a771b53a8f,gwsearch run
4490,1777743948.9231243,fc2098317d43af66664f0f1337a49fcd8e945f0f8e21c87ed1f6e9a771b53a8f,gwsearch run
4491,1777744517.9013758,fc2098317d43af66664f0f1337a49fcd8e945f0f8e21c87ed1f6e9a771b53a8f,gwsearch run
4492,1777745087.1611638,fc2098317d43af66664f0f1337a49fcd8e945f0f8e21c87ed1f6e9a771b53a8f,gwsearch run
4493,1777745653.9336803,fc2098317d43af66664f0f1337a49fcd8e945f0f8e21c87ed1f6e9a771b53a8f,gwsearch run
4494,1777746222.6642544,fc2098317d43af66664f0f1337a49fcd8e945f0f8e21c87ed1f6e9a771b53a8f,gwsearch run
4495,1777746791.6633637,fc2098317d43af66664f0f1337a49fcd8e945f0f8e21c87ed1f6e9a771b53a8f,gwsearch run
4496,1777747359.9051926,fc2098317d43af66664f0f1337a49fcd8e945f0f8e21c87ed1f6e9a771b53a8f,gwsearch run
4497,1777747928.1436782,fc2098317d43af66664f0f1337a49fcd8e945f0f8e21c87ed1f6e9a771b53a8f,gwsearch run
4498,1777748495.4184444,fc2098317d43af66664f0f1337a49fcd8e945f0f8e21c87ed1f6e9a771b53a8f,gwsearch run
4499,1777749065.9339397,fc2098317d43af66664f0f1337a49fcd8e945f0f8e21c87ed1f6e9a771b53a8f,gwsearch run
4500,1777749633.4047184,fc2098317d43af66664f0f1337a49fcd8e945f0f8e21c87ed1f6e9a771b53a8f,gwsearch run
4501,1777750201.8965688,fc2098317d43af66664f0f1337a49fcd8e945f0f8e21c87ed1f6e9a771b53a8f,gwsearch run
4502,1777750770.413186,fc2098317d43af66664f0f1337a49fcd8e945f0f8e21c87ed1f6e9a771b53a8f,gwsearch run
4503,1777751339.6735406,fc2098317d43af66664f0f1337a49fcd8e945f0f8e21c87ed1f6e9a771b53a8f,gwsearch run
4504,1777751906.4207525,fc2098317d43af66664f0f1337a49fcd8e945f0f8e21c87ed1f6e9a771b53a8f,gwsearch run
4505,1777752473.1349156,fc2098317d43af66664f0f1337a49fcd8e945f0f8e21c87ed1f6e9a771b53a8f,gwsearch run
4506,1777753042.6584923,fc2098317d43af66664f0f1337a49fcd8e945f0f8e21c87ed1f6e9a771b53a8f,gwsearch run
4507,1777753611.666601,fc2098317d43af66664f0f1337a49fcd8e945f0f8e21c87ed1f6e9a771b53a8f,gwsearch run
4508,1777754179.1452417,fc2098317d43af66664f0f1337a49fcd8e945f0f8e21c87ed1f6e9a771b53a8f,gwsearch run
4509,1777754747.4138281,fc2098317d43af66664f0f1337a49fcd8e945f0f8e21c87ed1f6e9a771b53a8f,gwsearch run
4510,1777755316.9116106,fc2098317d43af66664f0f1337a49fcd8e945f0f8e21c87ed1f6e9a771b53a8f,gwsearch run
4511,1777755881.9110727,fc2098317d43af66664f0f1337a49fcd8e945f0f8e21c87ed1f6e9a771b53a8f,gwsearch run
4512,1777756449.3950891,fc2098317d43af66664f0f1337a49fcd8e945f0f8e21c87ed1f6e9a771b53a8f,gwsearch run
4513,1777757016.4182694,fc2098317d43af66664f0f1337a49fcd8e945f0f8e21c87ed1f6e9a771b53a8f,gwsearch run
4514,1777757585.4110308,fc2098317d43af66664f0f1337a49fcd8e945f0f8e21c87ed1f6e9a771b53a8f,gwsearch run
4515,1777758153.6801283,fc2098317d43af66664f0f1337a49fcd8e945f0f8e21c87ed1f6e9a771b53a8f,gwsearch run
4516,1777758721.158056,fc2098317d43af66664f0f1337a49fcd8e945f0f8e21c87ed1f6e9a771b53a8f,gwsearch run
4517,1777759289.4227028,fc2098317d43af66664f0f1337a49fcd8e945f0f8e21c87ed1f6e9a771b53a8f,gwsearch run
4518,1777759856.1625643,fc2098317d43af66664f0f1337a49fcd8e945f0f8e21c87ed1f6e9a771b53a8f,gwsearch run
4519,1777760424.1786804,fc2098317d43af66664f0f1337a49fcd8e945f0f8e21c87ed1f6e9a771b53a8f,gwsearch run
4520,1777760988.674883,fc2098317d43af66664f0f1337a49fcd8e945f0f8e21c87ed1f6e9a771b53a8f,gwsearch run
4521,1777761557.6718905,fc2098317d43af66664f0f1337a49fcd8e945f0f8e21c87ed1f6e9a771b53a8f,gwsearch run
4522,1777762125.6728725,fc2098317d43af66664f0f1337a49fcd8e945f0f8e21c87ed1f6e9a771b53a8f,gwsearch run
4523,1777762691.4077682,fc2098317d43af66664f0f1337a49fcd8e945f0f8e21c87ed1f6e9a771b53a8f,gwsearch run
4524,1777763257.400376,fc2098317d43af66664f0f1337a49fcd8e945f0f8e21c87ed1f6e9a771b53a8f,gwsearch run
4525,1777763823.9071543,fc2098317d43af66664f0f1337a49fcd8e945f0f8e21c87ed1f6e9a771b53a8f,gwsearch run
4526,1777764389.4112477,fc2098317d43af66664f0f1337a49fcd8e945f0f8e21c87ed1f6e9a771b53a8f,gwsearch run
4527,1777764953.9104292,fc2098317d43af66664f0f1337a49fcd8e945f0f8e21c87ed1f6e9a771b53a8f,gwsearch run
4528,1777765520.9096746,fc2098317d43af66664f0f1337a49fcd8e945f0f8e21c87ed1f6e9a771b53a8f,gwsearch run
4529,1777766088.4055698,fc2098317d43af66664f0f1337a49fcd8e945f0f8e21c87ed1f6e9a771b53a8f,gwsearch run
4530,1777766655.4022763,fc2098317d43af66664f0f1337a49fcd8e945f0f8e21c87ed1f6e9a771b53a8f,gwsearch run
4531,1777767222.9138925,fc2098317d43af66664f0f1337a49fcd8e945f0f8e21c87ed1f6e9a771b53a8f,gwsearch run
4532,1777767790.4283793,fc2098317d43af66664f0f1337a49fcd8e945f0f8e21c87ed1f6e9a771b53a8f,gwsearch run
4533,1777768357.899593,fc2098317d43af66664f0f1337a49fcd8e945f0f8e21c87ed1f6e9a771b53a8f,gwsearch run
4534,1777768925.1461017,fc2098317d43af66664f0f1337a49fcd8e945f0f8e21c87ed1f6e9a771b53a8f,gwsearch run
4535,1777769493.1659272,fc2098317d43af66664f0f1337a49fcd8e945f0f8e21c87ed1f6e9a771b53a8f,gwsearch run
4536,1777770061.4148383,fc2098317d43af66664f0f1337a49fcd8e945f0f8e21c87ed1f6e9a771b53a8f,gwsearch run
4537,1777770629.1709025,fc2098317d43af66664f0f1337a49fcd8e945f0f8e21c87ed1f6e9a771b53a8f,gwsearch run
4538,1777771196.1344287,fc2098317d43af66664f0f1337a49fcd8e945f0f8e21c87ed1f6e9a771b53a8f,gwsearch run
4539,1777771762.6619883,fc2098317d43af66664f0f1337a49fcd8e945f0f8e21c87ed1f6e9a771b53a8f,gwsearch run
4540,1777772330.157592,fc2098317d43af66664f0f1337a49fcd8e945f0f8e21c87ed1f6e9a771b53a8f,gwsearch run
4541,1777772896.9286182,fc2098317d43af66664f0f1337a49fcd8e945f0f8e21c87ed1f6e9a771b53a8f,gwsearch run
4542,1777773464.9114146,fc2098317d43af66664f0f1337a49fcd8e945f0f8e21c87ed1f6e9a771b53a8f,gwsearch run
4543,1777774032.3979745,fc2098317d43af66664f0f1337a49fcd8e945f0f8e21c87ed1f6e9a771b53a8f,gwsearch run
4544,1777774600.192435,fc2098317d43af66664f0f1337a49fcd8e945f0f8e21c87ed1f6e9a771b53a8f,gwsearch run
4545,1777775168.4190705,fc2098317d43af66664f0f1337a49fcd8e945f0f8e21c87ed1f6e9a771b53a8f,gwsearch run
4546,1777775736.667911,fc2098317d43af66664f0f1337a49fcd8e945f0f8e21c87ed1f6e9a771b53a8f,gwsearch run
4547,1777776303.6702733,fc2098317d43af66664f0f1337a49fcd8e945f0f8e21c87ed1f6e9a771b53a8f,gwsearch run
4548,1777776869.396684,fc2098317d43af66664f0f1337a49fcd8e945f0f8e21c87ed1f6e9a771b53a8f,gwsearch run
4549,1777777435.9062448,fc2098317d43af66664f0f1337a49fcd8e945f0f8e21c87ed1f6e9a771b53a8f,gwsearch run
4550,1777778003.898141,fc2098317d43af66664f0f1337a49fcd8e945f0f8e21c87ed1f6e9a771b53a8f,gwsearch run
4551,1777778572.1531863,fc2098317d43af66664f0f1337a49fcd8e945f0f8e21c87ed1f6e9a771b53a8f,gwsearch run
4552,1777779139.1535244,fc2098317d43af66664f0f1337a49fcd8e945f0f8e21c87ed1f6e9a771b53a8f,gwsearch run
4553,1777779706.9225426,fc2098317d43af66664f0f1337a49fcd8e945f0f8e21c87ed1f6e9a771b53a8f,gwsearch run
4554,1777780274.8877666,fc2098317d43af66664f0f1337a49fcd8e945f0f8e21c87ed1f6e9a771b53a8f,gwsearch run
4555,1777780842.6611197,fc2098317d43af66664f0f1337a49fcd8e945f0f8e21c87ed1f6e9a771b53a8f,gwsearch run
4556,1777781411.9131808,fc2098317d43af66664f0f1337a49fcd8e945f0f8e21c87ed1f6e9a771b53a8f,gwsearch run
4557,1777781979.9194653,fc2098317d43af66664f0f1337a49fcd8e945f0f8e21c87ed1f6e9a771b53a8f,gwsearch run
4558,1777782547.1730175,fc2098317d43af66664f0f1337a49fcd8e945f0f8e21c87ed1f6e9a771b53a8f,gwsearch run
4559,1777783112.9165199,fc2098317d43af66664f0f1337a49fcd8e945f0f8e21c87ed1f6e9a771b53a8f,gwsearch run
4560,1777783678.9207757,fc2098317d43af66664f0f1337a49fcd8e945f0f8e21c87ed1f6e9a771b53a8f,gwsearch run
4561,1777784244.9215767,fc2098317d43af66664f0f1337a49fcd8e945f0f8e21c87ed1f6e9a771b53a8f,gwsearch run
4562,1777784811.9098716,fc2098317d43af66664f0f1337a49fcd8e945f0f8e21c87ed1f6e9a771b53a8f,gwsearch run
4563,1777785379.1765196,fc2098317d43af66664f0f1337a49fcd8e945f0f8e21c87ed1f6e9a771b53a8f,gwsearch run
4564,1777785945.8980436,fc2098317d43af66664f0f1337a49fcd8e945f0f8e21c87ed1f6e9a771b53a8f,gwsearch run
4565,1777786514.4345646,fc2098317d43af66664f0f1337a49fcd8e945f0f8e21c87ed1f6e9a771b53a8f,gwsearch run
4566,1777787080.422425,fc2098317d43af66664f0f1337a49fcd8e945f0f8e21c87ed1f6e9a771b53a8f,gwsearch run
4567,1777787649.189621,fc2098317d43af66664f0f1337a49fcd8e945f0f8e21c87ed1f6e9a771b53a8f,gwsearch run
4568,1777788218.163049,fc2098317d43af66664f0f1337a49fcd8e945f0f8e21c87ed1f6e9a771b53a8f,gwsearch run
4569,1777788782.6526654,fc2098317d43af66664f0f1337a49fcd8e945f0f8e21c87ed1f6e9a771b53a8f,gwsearch run
4570,1777789352.6623309,fc2098317d43af66664f0f1337a49fcd8e945f0f8e21c87ed1f6e9a771b53a8f,gwsearch run
4571,1777789921.4154499,fc2098317d43af66664f0f1337a49fcd8e945f0f8e21c87ed1f6e9a771b53a8f,gwsearch run
4572,1777790486.6480327,fc2098317d43af66664f0f1337a49fcd8e945f0f8e21c87ed1f6e9a771b53a8f,gwsearch run
4573,1777791055.402097,fc2098317d43af66664f0f1337a49fcd8e945f0f8e21c87ed1f6e9a771b53a8f,gwsearch run
4574,1777791622.6791465,fc2098317d43af66664f0f1337a49fcd8e945f0f8e21c87ed1f6e9a771b53a8f,gwsearch run
4575,1777792191.1792843,fc2098317d43af66664f0f1337a49fcd8e945f0f8e21c87ed1f6e9a771b53a8f,gwsearch run
4576,1777792757.6468928,fc2098317d43af66664f0f1337a49fcd8e945f0f8e21c87ed1f6e9a771b53a8f,gwsearch run
4577,1777793323.9337544,fc2098317d43af66664f0f1337a49fcd8e945f0f8e21c87ed1f6e9a771b53a8f,gwsearch run
4578,1777793889.667666,fc2098317d43af66664f0f1337a49fcd8e945f0f8e21c87ed1f6e9a771b53a8f,gwsearch run
4579,1777794456.920122,fc2098317d43af66664f0f1337a49fcd8e945f0f8e21c87ed1f6e9a771b53a8f,gwsearch run
4580,1777795022.9023664,fc2098317d43af66664f0f1337a49fcd8e945f0f8e21c87ed1f6e9a771b53a8f,gwsearch run
4581,1777795589.15537,fc2098317d43af66664f0f1337a49fcd8e945f0f8e21c87ed1f6e9a771b53a8f,gwsearch run
4582,1777796155.9108305,fc2098317d43af66664f0f1337a49fcd8e945f0f8e21c87ed1f6e9a771b53a8f,gwsearch run
4583,1777796724.130426,fc2098317d43af66664f0f1337a49fcd8e945f0f8e21c87ed1f6e9a771b53a8f,gwsearch run
4584,1777797289.405056,fc2098317d43af66664f0f1337a49fcd8e945f0f8e21c87ed1f6e9a771b53a8f,gwsearch run
4585,1777797858.1873114,fc2098317d43af66664f0f1337a49fcd8e945f0f8e21c87ed1f6e9a771b53a8f,gwsearch run
4586,1777798425.4079418,fc2098317d43af66664f0f1337a49fcd8e945f0f8e21c87ed1f6e9a771b53a8f,gwsearch run
4587,1777798991.4196045,fc2098317d43af66664f0f1337a49fcd8e945f0f8e21c87ed1f6e9a771b53a8f,gwsearch run
4588,1777799557.9162433,fc2098317d43af66664f0f1337a49fcd8e945f0f8e21c87ed1f6e9a771b53a8f,gwsearch run
4589,1777800127.6652205,fc2098317d43af66664f0f1337a49fcd8e945f0f8e21c87ed1f6e9a771b53a8f,gwsearch run
4590,1777800693.6782682,fc2098317d43af66664f0f1337a49fcd8e945f0f8e21c87ed1f6e9a771b53a8f,gwsearch run
4591,1777801259.9105034,fc2098317d43af66664f0f1337a49fcd8e945f0f8e21c87ed1f6e9a771b53a8f,gwsearch run
4592,1777801829.1815333,fc2098317d43af66664f0f1337a49fcd8e945f0f8e21c87ed1f6e9a771b53a8f,gwsearch run
4593,1777802396.6752002,fc2098317d43af66664f0f1337a49fcd8e945f0f8e21c87ed1f6e9a771b53a8f,gwsearch run
4594,1777802964.9213731,fc2098317d43af66664f0f1337a49fcd8e945f0f8e21c87ed1f6e9a771b53a8f,gwsearch run
4595,1777803534.391233,fc2098317d43af66664f0f1337a49fcd8e945f0f8e21c87ed1f6e9a771b53a8f,gwsearch run
4596,1777804099.9215286,fc2098317d43af66664f0f1337a49fcd8e945f0f8e21c87ed1f6e9a771b53a8f,gwsearch run
4597,1777804668.1554084,fc2098317d43af66664f0f1337a49fcd8e945f0f8e21c87ed1f6e9a771b53a8f,gwsearch run
4598,1777805236.6568556,fc2098317d43af66664f0f1337a49fcd8e945f0f8e21c87ed1f6e9a771b53a8f,gwsearch run
4599,1777805805.1720386,fc2098317d43af66664f0f1337a49fcd8e945f0f8e21c87ed1f6e9a771b53a8f,gwsearch run
4600,1777806370.6848633,fc2098317d43af66664f0f1337a49fcd8e945f0f8e21c87ed1f6e9a771b53a8f,gwsearch run
4601,1777806938.1597123,fc2098317d43af66664f0f1337a49fcd8e945f0f8e21c87ed1f6e9a771b53a8f,gwsearch run
4602,1777807506.163182,fc2098317d43af66664f0f1337a49fcd8e945f0f8e21c87ed1f6e9a771b53a8f,gwsearch run
4603,1777808073.6590924,fc2098317d43af66664f0f1337a49fcd8e945f0f8e21c87ed1f6e9a771b53a8f,gwsearch run
4604,1777808641.9147267,fc2098317d43af66664f0f1337a49fcd8e945f0f8e21c87ed1f6e9a771b53a8f,gwsearch run
4605,1777809207.180422,fc2098317d43af66664f0f1337a49fcd8e945f0f8e21c87ed1f6e9a771b53a8f,gwsearch run
4606,1777809775.4172528,fc2098317d43af66664f0f1337a49fcd8e945f0f8e21c87ed1f6e9a771b53a8f,gwsearch run
4607,1777810341.1627574,fc2098317d43af66664f0f1337a49fcd8e945f0f8e21c87ed1f6e9a771b53a8f,gwsearch run
4608,1777810909.1481981,fc2098317d43af66664f0f1337a49fcd8e945f0f8e21c87ed1f6e9a771b53a8f,gwsearch run
4609,1777811476.6512747,fc2098317d43af66664f0f1337a49fcd8e945f0f8e21c87ed1f6e9a771b53a8f,gwsearch run
4610,1777812044.6525743,fc2098317d43af66664f0f1337a49fcd8e945f0f8e21c87ed1f6e9a771b53a8f,gwsearch run
4611,1777812610.4792414,fc2098317d43af66664f0f1337a49fcd8e945f0f8e21c87ed1f6e9a771b53a8f,gwsearch run
4612,1777813177.4074793,fc2098317d43af66664f0f1337a49fcd8e945f0f8e21c87ed1f6e9a771b53a8f,gwsearch run
4613,1777813745.9063432,fc2098317d43af66664f0f1337a49fcd8e945f0f8e21c87ed1f6e9a771b53a8f,gwsearch run
4614,1777814314.6643028,fc2098317d43af66664f0f1337a49fcd8e945f0f8e21c87ed1f6e9a771b53a8f,gwsearch run
4615,1777814881.138185,fc2098317d43af66664f0f1337a49fcd8e945f0f8e21c87ed1f6e9a771b53a8f,gwsearch run
4616,1777815447.929395,fc2098317d43af66664f0f1337a49fcd8e945f0f8e21c87ed1f6e9a771b53a8f,gwsearch run
4617,1777816015.65497,fc2098317d43af66664f0f1337a49fcd8e945f0f8e21c87ed1f6e9a771b53a8f,gwsearch run
4618,1777816582.1590536,fc2098317d43af66664f0f1337a49fcd8e945f0f8e21c87ed1f6e9a771b53a8f,gwsearch run
4619,1777817150.1653924,fc2098317d43af66664f0f1337a49fcd8e945f0f8e21c87ed1f6e9a771b53a8f,gwsearch run
4620,1777817718.9002671,fc2098317d43af66664f0f1337a49fcd8e945f0f8e21c87ed1f6e9a771b53a8f,gwsearch run
4621,1777818285.4185166,fc2098317d43af66664f0f1337a49fcd8e945f0f8e21c87ed1f6e9a771b53a8f,gwsearch run
4622,1777818852.6716826,fc2098317d43af66664f0f1337a49fcd8e945f0f8e21c87ed1f6e9a771b53a8f,gwsearch run
4623,1777819419.6453497,fc2098317d43af66664f0f1337a49fcd8e945f0f8e21c87ed1f6e9a771b53a8f,gwsearch run
4624,1777819988.4154294,fc2098317d43af66664f0f1337a49fcd8e945f0f8e21c87ed1f6e9a771b53a8f,gwsearch run
4625,1777820556.4335346,fc2098317d43af66664f0f1337a49fcd8e945f0f8e21c87ed1f6e9a771b53a8f,gwsearch run
4626,1777821124.158166,fc2098317d43af66664f0f1337a49fcd8e945f0f8e21c87ed1f6e9a771b53a8f,gwsearch run
4627,1777821690.4063725,fc2098317d43af66664f0f1337a49fcd8e945f0f8e21c87ed1f6e9a771b53a8f,gwsearch run
4628,1777822257.9241683,fc2098317d43af66664f0f1337a49fcd8e945f0f8e21c87ed1f6e9a771b53a8f,gwsearch run
4629,1777822827.1265612,fc2098317d43af66664f0f1337a49fcd8e945f0f8e21c87ed1f6e9a771b53a8f,gwsearch run
4630,1777823395.435497,fc2098317d43af66664f0f1337a49fcd8e945f0f8e21c87ed1f6e9a771b53a8f,gwsearch run
4631,1777823962.6680408,fc2098317d43af66664f0f1337a49fcd8e945f0f8e21c87ed1f6e9a771b53a8f,gwsearch run
4632,1777824529.6627846,fc2098317d43af66664f0f1337a49fcd8e945f0f8e21c87ed1f6e9a771b53a8f,gwsearch run
4633,1777825097.4156525,fc2098317d43af66664f0f1337a49fcd8e945f0f8e21c87ed1f6e9a771b53a8f,gwsearch run
4634,1777825664.1627648,fc2098317d43af66664f0f1337a49fcd8e945f0f8e21c87ed1f6e9a771b53a8f,gwsearch run
4635,1777826232.4109228,fc2098317d43af66664f0f1337a49fcd8e945f0f8e21c87ed1f6e9a771b53a8f,gwsearch run
4636,1777826799.4591157,fc2098317d43af66664f0f1337a49fcd8e945f0f8e21c87ed1f6e9a771b53a8f,gwsearch run
4637,1777827366.6523771,fc2098317d43af66664f0f1337a49fcd8e945f0f8e21c87ed1f6e9a771b53a8f,gwsearch run
4638,1777827935.1625984,fc2098317d43af66664f0f1337a49fcd8e945f0f8e21c87ed1f6e9a771b53a8f,gwsearch run
4639,1777828502.6742923,fc2098317d43af66664f0f1337a49fcd8e945f0f8e21c87ed1f6e9a771b53a8f,gwsearch run
4640,1777829070.1838071,fc2098317d43af66664f0f1337a49fcd8e945f0f8e21c87ed1f6e9a771b53a8f,gwsearch run
4641,1777829637.6721427,fc2098317d43af66664f0f1337a49fcd8e945f0f8e21c87ed1f6e9a771b53a8f,gwsearch run
4642,1777830206.172462,fc2098317d43af66664f0f1337a49fcd8e945f0f8e21c87ed1f6e9a771b53a8f,gwsearch run
4643,1777830774.9216318,fc2098317d43af66664f0f1337a49fcd8e945f0f8e21c87ed1f6e9a771b53a8f,gwsearch run
4644,1777831348.4219959,fc2098317d43af66664f0f1337a49fcd8e945f0f8e21c87ed1f6e9a771b53a8f,gwsearch run
4645,1777831916.9175656,fc2098317d43af66664f0f1337a49fcd8e945f0f8e21c87ed1f6e9a771b53a8f,gwsearch run
4646,1777832488.4328835,fc2098317d43af66664f0f1337a49fcd8e945f0f8e21c87ed1f6e9a771b53a8f,gwsearch run
4647,1777833059.4033997,fc2098317d43af66664f0f1337a49fcd8e945f0f8e21c87ed1f6e9a771b53a8f,gwsearch run
4648,1777833629.1705108,fc2098317d43af66664f0f1337a49fcd8e945f0f8e21c87ed1f6e9a771b53a8f,gwsearch run
4649,1777834202.9198618,fc2098317d43af66664f0f1337a49fcd8e945f0f8e21c87ed1f6e9a771b53a8f,gwsearch run
4650,1777834777.1532505,fc2098317d43af66664f0f1337a49fcd8e945f0f8e21c87ed1f6e9a771b53a8f,gwsearch run
4651,1777835350.4230285,fc2098317d43af66664f0f1337a49fcd8e945f0f8e21c87ed1f6e9a771b53a8f,gwsearch run
4652,1777835925.9215322,fc2098317d43af66664f0f1337a49fcd8e945f0f8e21c87ed1f6e9a771b53a8f,gwsearch run
4653,1777836500.4066055,fc2098317d43af66664f0f1337a49fcd8e945f0f8e21c87ed1f6e9a771b53a8f,gwsearch run
4654,1777837073.9372082,fc2098317d43af66664f0f1337a49fcd8e945f0f8e21c87ed1f6e9a771b53a8f,gwsearch run
4655,1777837647.4134657,fc2098317d43af66664f0f1337a49fcd8e945f0f8e21c87ed1f6e9a771b53a8f,gwsearch run
4656,1777838217.1628172,fc2098317d43af66664f0f1337a49fcd8e945f0f8e21c87ed1f6e9a771b53a8f,gwsearch run
4657,1777838787.4192932,fc2098317d43af66664f0f1337a49fcd8e945f0f8e21c87ed1f6e9a771b53a8f,gwsearch run
4658,1777839356.4141822,fc2098317d43af66664f0f1337a49fcd8e945f0f8e21c87ed1f6e9a771b53a8f,gwsearch run
4659,1777839923.9347894,fc2098317d43af66664f0f1337a49fcd8e945f0f8e21c87ed1f6e9a771b53a8f,gwsearch run
4660,1777840489.1716588,fc2098317d43af66664f0f1337a49fcd8e945f0f8e21c87ed1f6e9a771b53a8f,gwsearch run
4661,1777841057.1703196,fc2098317d43af66664f0f1337a49fcd8e945f0f8e21c87ed1f6e9a771b53a8f,gwsearch run
4662,1777841625.1658175,fc2098317d43af66664f0f1337a49fcd8e945f0f8e21c87ed1f6e9a771b53a8f,gwsearch run
4663,1777842193.1402197,fc2098317d43af66664f0f1337a49fcd8e945f0f8e21c87ed1f6e9a771b53a8f,gwsearch run
4664,1777842761.9144342,fc2098317d43af66664f0f1337a49fcd8e945f0f8e21c87ed1f6e9a771b53a8f,gwsearch run
4665,1777843329.4148285,fc2098317d43af66664f0f1337a49fcd8e945f0f8e21c87ed1f6e9a771b53a8f,gwsearch run
4666,1777843897.1793842,fc2098317d43af66664f0f1337a49fcd8e945f0f8e21c87ed1f6e9a771b53a8f,gwsearch run
4667,1777844465.6508107,fc2098317d43af66664f0f1337a49fcd8e945f0f8e21c87ed1f6e9a771b53a8f,gwsearch run
4668,1777845033.4068983,fc2098317d43af66664f0f1337a49fcd8e945f0f8e21c87ed1f6e9a771b53a8f,gwsearch run
4669,1777845602.4113564,fc2098317d43af66664f0f1337a49fcd8e945f0f8e21c87ed1f6e9a771b53a8f,gwsearch run
4670,1777846168.6265478,fc2098317d43af66664f0f1337a49fcd8e945f0f8e21c87ed1f6e9a771b53a8f,gwsearch run
4671,1777846736.664837,fc2098317d43af66664f0f1337a49fcd8e945f0f8e21c87ed1f6e9a771b53a8f,gwsearch run
4672,1777847303.6816492,fc2098317d43af66664f0f1337a49fcd8e945f0f8e21c87ed1f6e9a771b53a8f,gwsearch run
4673,1777847871.635691,fc2098317d43af66664f0f1337a49fcd8e945f0f8e21c87ed1f6e9a771b53a8f,gwsearch run
4674,1777848438.6800916,fc2098317d43af66664f0f1337a49fcd8e945f0f8e21c87ed1f6e9a771b53a8f,gwsearch run
4675,1777849006.4178936,fc2098317d43af66664f0f1337a49fcd8e945f0f8e21c87ed1f6e9a771b53a8f,gwsearch run
4676,1777849575.6732414,fc2098317d43af66664f0f1337a49fcd8e945f0f8e21c87ed1f6e9a771b53a8f,gwsearch run
4677,1777850142.9232335,fc2098317d43af66664f0f1337a49fcd8e945f0f8e21c87ed1f6e9a771b53a8f,gwsearch run
4678,1777850709.9176264,fc2098317d43af66664f0f1337a49fcd8e945f0f8e21c87ed1f6e9a771b53a8f,gwsearch run
4679,1777851278.6713114,fc2098317d43af66664f0f1337a49fcd8e945f0f8e21c87ed1f6e9a771b53a8f,gwsearch run
4680,1777851845.425536,fc2098317d43af66664f0f1337a49fcd8e945f0f8e21c87ed1f6e9a771b53a8f,gwsearch run
4681,1777852413.1527898,fc2098317d43af66664f0f1337a49fcd8e945f0f8e21c87ed1f6e9a771b53a8f,gwsearch run
4682,1777852980.166129,fc2098317d43af66664f0f1337a49fcd8e945f0f8e21c87ed1f6e9a771b53a8f,gwsearch run
4683,1777853548.660328,fc2098317d43af66664f0f1337a49fcd8e945f0f8e21c87ed1f6e9a771b53a8f,gwsearch run
4684,1777854118.1622717,fc2098317d43af66664f0f1337a49fcd8e945f0f8e21c87ed1f6e9a771b53a8f,gwsearch run
4685,1777854685.9152658,fc2098317d43af66664f0f1337a49fcd8e945f0f8e21c87ed1f6e9a771b53a8f,gwsearch run
4686,1777855254.9132023,fc2098317d43af66664f0f1337a49fcd8e945f0f8e21c87ed1f6e9a771b53a8f,gwsearch run
4687,1777855823.4286833,fc2098317d43af66664f0f1337a49fcd8e945f0f8e21c87ed1f6e9a771b53a8f,gwsearch run
4688,1777856391.9085896,fc2098317d43af66664f0f1337a49fcd8e945f0f8e21c87ed1f6e9a771b53a8f,gwsearch run
4689,1777856959.666709,fc2098317d43af66664f0f1337a49fcd8e945f0f8e21c87ed1f6e9a771b53a8f,gwsearch run
4690,1777857527.4301713,fc2098317d43af66664f0f1337a49fcd8e945f0f8e21c87ed1f6e9a771b53a8f,gwsearch run
4691,1777858094.6573586,fc2098317d43af66664f0f1337a49fcd8e945f0f8e21c87ed1f6e9a771b53a8f,gwsearch run
4692,1777858663.9069858,fc2098317d43af66664f0f1337a49fcd8e945f0f8e21c87ed1f6e9a771b53a8f,gwsearch run
4693,1777859230.933808,fc2098317d43af66664f0f1337a49fcd8e945f0f8e21c87ed1f6e9a771b53a8f,gwsearch run
4694,1777859801.3999124,fc2098317d43af66664f0f1337a49fcd8e945f0f8e21c87ed1f6e9a771b53a8f,gwsearch run
4695,1777860368.666289,fc2098317d43af66664f0f1337a49fcd8e945f0f8e21c87ed1f6e9a771b53a8f,gwsearch run
4696,1777860934.9229245,fc2098317d43af66664f0f1337a49fcd8e945f0f8e21c87ed1f6e9a771b53a8f,gwsearch run
4697,1777861503.176139,fc2098317d43af66664f0f1337a49fcd8e945f0f8e21c87ed1f6e9a771b53a8f,gwsearch run
4698,1777862070.6554956,fc2098317d43af66664f0f1337a49fcd8e945f0f8e21c87ed1f6e9a771b53a8f,gwsearch run
4699,1777862639.9005213,fc2098317d43af66664f0f1337a49fcd8e945f0f8e21c87ed1f6e9a771b53a8f,gwsearch run
4700,1777863206.6637547,fc2098317d43af66664f0f1337a49fcd8e945f0f8e21c87ed1f6e9a771b53a8f,gwsearch run
4701,1777863775.1857884,fc2098317d43af66664f0f1337a49fcd8e945f0f8e21c87ed1f6e9a771b53a8f,gwsearch run
4702,1777864341.425809,fc2098317d43af66664f0f1337a49fcd8e945f0f8e21c87ed1f6e9a771b53a8f,gwsearch run
4703,1777864907.9258718,fc2098317d43af66664f0f1337a49fcd8e945f0f8e21c87ed1f6e9a771b53a8f,gwsearch run
4704,1777865476.9324305,fc2098317d43af66664f0f1337a49fcd8e945f0f8e21c87ed1f6e9a771b53a8f,gwsearch run
4705,1777866045.663681,fc2098317d43af66664f0f1337a49fcd8e945f0f8e21c87ed1f6e9a771b53a8f,gwsearch run
4706,1777866615.2089727,fc2098317d43af66664f0f1337a49fcd8e945f0f8e21c87ed1f6e9a771b53a8f,gwsearch run
4707,1777867182.6536472,fc2098317d43af66664f0f1337a49fcd8e945f0f8e21c87ed1f6e9a771b53a8f,gwsearch run
4708,1777867750.398808,fc2098317d43af66664f0f1337a49fcd8e945f0f8e21c87ed1f6e9a771b53a8f,gwsearch run
4709,1777868318.8986242,fc2098317d43af66664f0f1337a49fcd8e945f0f8e21c87ed1f6e9a771b53a8f,gwsearch run
4710,1777868887.1484072,fc2098317d43af66664f0f1337a49fcd8e945f0f8e21c87ed1f6e9a771b53a8f,gwsearch run
4711,1777869455.1838937,fc2098317d43af66664f0f1337a49fcd8e945f0f8e21c87ed1f6e9a771b53a8f,gwsearch run
4712,1777870021.6643715,fc2098317d43af66664f0f1337a49fcd8e945f0f8e21c87ed1f6e9a771b53a8f,gwsearch run
4713,1777870590.1576657,fc2098317d43af66664f0f1337a49fcd8e945f0f8e21c87ed1f6e9a771b53a8f,gwsearch run
4714,1777871158.67624,fc2098317d43af66664f0f1337a49fcd8e945f0f8e21c87ed1f6e9a771b53a8f,gwsearch run
4715,1777871724.6486773,fc2098317d43af66664f0f1337a49fcd8e945f0f8e21c87ed1f6e9a771b53a8f,gwsearch run
4716,1777872292.4007857,fc2098317d43af66664f0f1337a49fcd8e945f0f8e21c87ed1f6e9a771b53a8f,gwsearch run
4717,1777872861.906985,fc2098317d43af66664f0f1337a49fcd8e945f0f8e21c87ed1f6e9a771b53a8f,gwsearch run
4718,1777873431.6575668,fc2098317d43af66664f0f1337a49fcd8e945f0f8e21c87ed1f6e9a771b53a8f,gwsearch run
4719,1777873999.9109254,fc2098317d43af66664f0f1337a49fcd8e945f0f8e21c87ed1f6e9a771b53a8f,gwsearch run
4720,1777874567.6581163,fc2098317d43af66664f0f1337a49fcd8e945f0f8e21c87ed1f6e9a771b53a8f,gwsearch run
4721,1777875137.1946752,fc2098317d43af66664f0f1337a49fcd8e945f0f8e21c87ed1f6e9a771b53a8f,gwsearch run
4722,1777875704.6479816,fc2098317d43af66664f0f1337a49fcd8e945f0f8e21c87ed1f6e9a771b53a8f,gwsearch run
4723,1777876272.89836,fc2098317d43af66664f0f1337a49fcd8e945f0f8e21c87ed1f6e9a771b53a8f,gwsearch run
4724,1777876843.1465278,fc2098317d43af66664f0f1337a49fcd8e945f0f8e21c87ed1f6e9a771b53a8f,gwsearch run
4725,1777877411.6565125,fc2098317d43af66664f0f1337a49fcd8e945f0f8e21c87ed1f6e9a771b53a8f,gwsearch run
4726,1777877978.6635373,fc2098317d43af66664f0f1337a49fcd8e945f0f8e21c87ed1f6e9a771b53a8f,gwsearch run
4727,1777878547.6505318,fc2098317d43af66664f0f1337a49fcd8e945f0f8e21c87ed1f6e9a771b53a8f,gwsearch run
4728,1777879117.170156,fc2098317d43af66664f0f1337a49fcd8e945f0f8e21c87ed1f6e9a771b53a8f,gwsearch run
4729,1777879685.4244776,fc2098317d43af66664f0f1337a49fcd8e945f0f8e21c87ed1f6e9a771b53a8f,gwsearch run
4730,1777880252.3908849,fc2098317d43af66664f0f1337a49fcd8e945f0f8e21c87ed1f6e9a771b53a8f,gwsearch run
4731,1777880821.9105458,fc2098317d43af66664f0f1337a49fcd8e945f0f8e21c87ed1f6e9a771b53a8f,gwsearch run
4732,1777881390.1679509,fc2098317d43af66664f0f1337a49fcd8e945f0f8e21c87ed1f6e9a771b53a8f,gwsearch run
4733,1777881958.173753,fc2098317d43af66664f0f1337a49fcd8e945f0f8e21c87ed1f6e9a771b53a8f,gwsearch run
4734,1777882525.171153,fc2098317d43af66664f0f1337a49fcd8e945f0f8e21c87ed1f6e9a771b53a8f,gwsearch run
4735,1777883093.6609836,fc2098317d43af66664f0f1337a49fcd8e945f0f8e21c87ed1f6e9a771b53a8f,gwsearch run
4736,1777883662.413961,fc2098317d43af66664f0f1337a49fcd8e945f0f8e21c87ed1f6e9a771b53a8f,gwsearch run
4737,1777884232.1760893,fc2098317d43af66664f0f1337a49fcd8e945f0f8e21c87ed1f6e9a771b53a8f,gwsearch run
4738,1777884798.4197526,fc2098317d43af66664f0f1337a49fcd8e945f0f8e21c87ed1f6e9a771b53a8f,gwsearch run
4739,1777885365.906031,fc2098317d43af66664f0f1337a49fcd8e945f0f8e21c87ed1f6e9a771b53a8f,gwsearch run
4740,1777885934.4158418,fc2098317d43af66664f0f1337a49fcd8e945f0f8e21c87ed1f6e9a771b53a8f,gwsearch run
4741,1777886501.9143176,fc2098317d43af66664f0f1337a49fcd8e945f0f8e21c87ed1f6e9a771b53a8f,gwsearch run
4742,1777887068.6582346,fc2098317d43af66664f0f1337a49fcd8e945f0f8e21c87ed1f6e9a771b53a8f,gwsearch run
4743,1777887636.156898,fc2098317d43af66664f0f1337a49fcd8e945f0f8e21c87ed1f6e9a771b53a8f,gwsearch run
4744,1777888203.6512473,fc2098317d43af66664f0f1337a49fcd8e945f0f8e21c87ed1f6e9a771b53a8f,gwsearch run
4745,1777888771.9293714,fc2098317d43af66664f0f1337a49fcd8e945f0f8e21c87ed1f6e9a771b53a8f,gwsearch run
4746,1777889338.6591632,fc2098317d43af66664f0f1337a49fcd8e945f0f8e21c87ed1f6e9a771b53a8f,gwsearch run
4747,1777889904.8967774,fc2098317d43af66664f0f1337a49fcd8e945f0f8e21c87ed1f6e9a771b53a8f,gwsearch run
4748,1777890472.676629,fc2098317d43af66664f0f1337a49fcd8e945f0f8e21c87ed1f6e9a771b53a8f,gwsearch run
4749,1777891041.3964624,fc2098317d43af66664f0f1337a49fcd8e945f0f8e21c87ed1f6e9a771b53a8f,gwsearch run
4750,1777891611.3994842,fc2098317d43af66664f0f1337a49fcd8e945f0f8e21c87ed1f6e9a771b53a8f,gwsearch run
4751,1777892180.1683793,fc2098317d43af66664f0f1337a49fcd8e945f0f8e21c87ed1f6e9a771b53a8f,gwsearch run
4752,1777892748.910974,fc2098317d43af66664f0f1337a49fcd8e945f0f8e21c87ed1f6e9a771b53a8f,gwsearch run
4753,1777893316.8825576,fc2098317d43af66664f0f1337a49fcd8e945f0f8e21c87ed1f6e9a771b53a8f,gwsearch run
4754,1777893886.1805487,fc2098317d43af66664f0f1337a49fcd8e945f0f8e21c87ed1f6e9a771b53a8f,gwsearch run
4755,1777894455.426258,fc2098317d43af66664f0f1337a49fcd8e945f0f8e21c87ed1f6e9a771b53a8f,gwsearch run
4756,1777895024.1917586,fc2098317d43af66664f0f1337a49fcd8e945f0f8e21c87ed1f6e9a771b53a8f,gwsearch run
4757,1777895593.4108944,fc2098317d43af66664f0f1337a49fcd8e945f0f8e21c87ed1f6e9a771b53a8f,gwsearch run
4758,1777896160.4297812,fc2098317d43af66664f0f1337a49fcd8e945f0f8e21c87ed1f6e9a771b53a8f,gwsearch run
4759,1777896728.9007258,fc2098317d43af66664f0f1337a49fcd8e945f0f8e21c87ed1f6e9a771b53a8f,gwsearch run
4760,1777897297.2006106,fc2098317d43af66664f0f1337a49fcd8e945f0f8e21c87ed1f6e9a771b53a8f,gwsearch run
4761,1777897864.9164093,fc2098317d43af66664f0f1337a49fcd8e945f0f8e21c87ed1f6e9a771b53a8f,gwsearch run
4762,1777898432.6472807,fc2098317d43af66664f0f1337a49fcd8e945f0f8e21c87ed1f6e9a771b53a8f,gwsearch run
4763,1777899001.9294899,fc2098317d43af66664f0f1337a49fcd8e945f0f8e21c87ed1f6e9a771b53a8f,gwsearch run
4764,1777899571.1520314,fc2098317d43af66664f0f1337a49fcd8e945f0f8e21c87ed1f6e9a771b53a8f,gwsearch run
4765,1777900139.9375114,fc2098317d43af66664f0f1337a49fcd8e945f0f8e21c87ed1f6e9a771b53a8f,gwsearch run
4766,1777900707.1768625,fc2098317d43af66664f0f1337a49fcd8e945f0f8e21c87ed1f6e9a771b53a8f,gwsearch run
4767,1777901274.1643715,fc2098317d43af66664f0f1337a49fcd8e945f0f8e21c87ed1f6e9a771b53a8f,gwsearch run
4768,1777901843.639026,fc2098317d43af66664f0f1337a49fcd8e945f0f8e21c87ed1f6e9a771b53a8f,gwsearch run
4769,1777902412.155319,fc2098317d43af66664f0f1337a49fcd8e945f0f8e21c87ed1f6e9a771b53a8f,gwsearch run
4770,1777902981.6867883,fc2098317d43af66664f0f1337a49fcd8e945f0f8e21c87ed1f6e9a771b53a8f,gwsearch run
4771,1777903548.9102314,fc2098317d43af66664f0f1337a49fcd8e945f0f8e21c87ed1f6e9a771b53a8f,gwsearch run
4772,1777904118.914021,fc2098317d43af66664f0f1337a49fcd8e945f0f8e21c87ed1f6e9a771b53a8f,gwsearch run
4773,1777904686.6658223,fc2098317d43af66664f0f1337a49fcd8e945f0f8e21c87ed1f6e9a771b53a8f,gwsearch run
4774,1777905255.6746354,fc2098317d43af66664f0f1337a49fcd8e945f0f8e21c87ed1f6e9a771b53a8f,gwsearch run
4775,1777905824.4129336,fc2098317d43af66664f0f1337a49fcd8e945f0f8e21c87ed1f6e9a771b53a8f,gwsearch run
4776,1777906394.138202,fc2098317d43af66664f0f1337a49fcd8e945f0f8e21c87ed1f6e9a771b53a8f,gwsearch run
4777,1777906962.138512,fc2098317d43af66664f0f1337a49fcd8e945f0f8e21c87ed1f6e9a771b53a8f,gwsearch run
4778,1777907531.6437414,fc2098317d43af66664f0f1337a49fcd8e945f0f8e21c87ed1f6e9a771b53a8f,gwsearch run
4779,1777908101.188183,fc2098317d43af66664f0f1337a49fcd8e945f0f8e21c87ed1f6e9a771b53a8f,gwsearch run
4780,1777908670.1780198,fc2098317d43af66664f0f1337a49fcd8e945f0f8e21c87ed1f6e9a771b53a8f,gwsearch run
4781,1777909237.9006414,fc2098317d43af66664f0f1337a49fcd8e945f0f8e21c87ed1f6e9a771b53a8f,gwsearch run
4782,1777909807.6707292,fc2098317d43af66664f0f1337a49fcd8e945f0f8e21c87ed1f6e9a771b53a8f,gwsearch run
4783,1777910376.6660867,fc2098317d43af66664f0f1337a49fcd8e945f0f8e21c87ed1f6e9a771b53a8f,gwsearch run
4784,1777910944.1508884,fc2098317d43af66664f0f1337a49fcd8e945f0f8e21c87ed1f6e9a771b53a8f,gwsearch run
4785,1777911507.9052978,fc2098317d43af66664f0f1337a49fcd8e945f0f8e21c87ed1f6e9a771b53a8f,gwsearch run
4786,1777912077.6737802,fc2098317d43af66664f0f1337a49fcd8e945f0f8e21c87ed1f6e9a771b53a8f,gwsearch run
4787,1777912649.6392472,fc2098317d43af66664f0f1337a49fcd8e945f0f8e21c87ed1f6e9a771b53a8f,gwsearch run
4788,1777913222.417212,fc2098317d43af66664f0f1337a49fcd8e945f0f8e21c87ed1f6e9a771b53a8f,gwsearch run
4789,1777913797.0112925,fc2098317d43af66664f0f1337a49fcd8e945f0f8e21c87ed1f6e9a771b53a8f,gwsearch run
4790,1777914366.1668446,fc2098317d43af66664f0f1337a49fcd8e945f0f8e21c87ed1f6e9a771b53a8f,gwsearch run
4791,1777914949.1787214,fc2098317d43af66664f0f1337a49fcd8e945f0f8e21c87ed1f6e9a771b53a8f,gwsearch run
4792,1777915528.682989,fc2098317d43af66664f0f1337a49fcd8e945f0f8e21c87ed1f6e9a771b53a8f,gwsearch run
4793,1777916103.4063544,fc2098317d43af66664f0f1337a49fcd8e945f0f8e21c87ed1f6e9a771b53a8f,gwsearch run
4794,1777916677.1709776,fc2098317d43af66664f0f1337a49fcd8e945f0f8e21c87ed1f6e9a771b53a8f,gwsearch run
4795,1777917247.6698568,fc2098317d43af66664f0f1337a49fcd8e945f0f8e21c87ed1f6e9a771b53a8f,gwsearch run
4796,1777917820.6424828,fc2098317d43af66664f0f1337a49fcd8e945f0f8e21c87ed1f6e9a771b53a8f,gwsearch run
4797,1777918394.3963206,fc2098317d43af66664f0f1337a49fcd8e945f0f8e21c87ed1f6e9a771b53a8f,gwsearch run
4798,1777918970.421473,fc2098317d43af66664f0f1337a49fcd8e945f0f8e21c87ed1f6e9a771b53a8f,gwsearch run
4799,1777919543.4006886,fc2098317d43af66664f0f1337a49fcd8e945f0f8e21c87ed1f6e9a771b53a8f,gwsearch run
4800,1777920118.8970108,fc2098317d43af66664f0f1337a49fcd8e945f0f8e21c87ed1f6e9a771b53a8f,gwsearch run
4801,1777920695.9163496,fc2098317d43af66664f0f1337a49fcd8e945f0f8e21c87ed1f6e9a771b53a8f,gwsearch run
4802,1777921270.3973002,fc2098317d43af66664f0f1337a49fcd8e945f0f8e21c87ed1f6e9a771b53a8f,gwsearch run
4803,1777921843.9294477,fc2098317d43af66664f0f1337a49fcd8e945f0f8e21c87ed1f6e9a771b53a8f,gwsearch run
4804,1777922416.9529731,fc2098317d43af66664f0f1337a49fcd8e945f0f8e21c87ed1f6e9a771b53a8f,gwsearch run
4805,1777922992.910869,fc2098317d43af66664f0f1337a49fcd8e945f0f8e21c87ed1f6e9a771b53a8f,gwsearch run
4806,1777923567.9060066,fc2098317d43af66664f0f1337a49fcd8e945f0f8e21c87ed1f6e9a771b53a8f,gwsearch run
4807,1777924142.1519496,fc2098317d43af66664f0f1337a49fcd8e945f0f8e21c87ed1f6e9a771b53a8f,gwsearch run
4808,1777924717.6810174,fc2098317d43af66664f0f1337a49fcd8e945f0f8e21c87ed1f6e9a771b53a8f,gwsearch run
4809,1777925294.1672783,fc2098317d43af66664f0f1337a49fcd8e945f0f8e21c87ed1f6e9a771b53a8f,gwsearch run
4810,1777925872.170595,fc2098317d43af66664f0f1337a49fcd8e945f0f8e21c87ed1f6e9a771b53a8f,gwsearch run
4811,1777926442.662767,fc2098317d43af66664f0f1337a49fcd8e945f0f8e21c87ed1f6e9a771b53a8f,gwsearch run
4812,1777927010.935099,fc2098317d43af66664f0f1337a49fcd8e945f0f8e21c87ed1f6e9a771b53a8f,gwsearch run
4813,1777927581.4339173,fc2098317d43af66664f0f1337a49fcd8e945f0f8e21c87ed1f6e9a771b53a8f,gwsearch run
4814,1777928151.159118,fc2098317d43af66664f0f1337a49fcd8e945f0f8e21c87ed1f6e9a771b53a8f,gwsearch run
4815,1777928720.4175465,fc2098317d43af66664f0f1337a49fcd8e945f0f8e21c87ed1f6e9a771b53a8f,gwsearch run
4816,1777929290.147122,fc2098317d43af66664f0f1337a49fcd8e945f0f8e21c87ed1f6e9a771b53a8f,gwsearch run
4817,1777929859.41023,fc2098317d43af66664f0f1337a49fcd8e945f0f8e21c87ed1f6e9a771b53a8f,gwsearch run
4818,1777930429.67268,fc2098317d43af66664f0f1337a49fcd8e945f0f8e21c87ed1f6e9a771b53a8f,gwsearch run
4819,1777930997.89379,fc2098317d43af66664f0f1337a49fcd8e945f0f8e21c87ed1f6e9a771b53a8f,gwsearch run
4820,1777931566.903469,fc2098317d43af66664f0f1337a49fcd8e945f0f8e21c87ed1f6e9a771b53a8f,gwsearch run
4821,1777932134.1672091,fc2098317d43af66664f0f1337a49fcd8e945f0f8e21c87ed1f6e9a771b53a8f,gwsearch run
4822,1777932702.688292,fc2098317d43af66664f0f1337a49fcd8e945f0f8e21c87ed1f6e9a771b53a8f,gwsearch run
4823,1777933275.1347754,fc2098317d43af66664f0f1337a49fcd8e945f0f8e21c87ed1f6e9a771b53a8f,gwsearch run
4824,1777933843.9009988,fc2098317d43af66664f0f1337a49fcd8e945f0f8e21c87ed1f6e9a771b53a8f,gwsearch run
4825,1777934413.4224808,fc2098317d43af66664f0f1337a49fcd8e945f0f8e21c87ed1f6e9a771b53a8f,gwsearch run
4826,1777934983.6631851,fc2098317d43af66664f0f1337a49fcd8e945f0f8e21c87ed1f6e9a771b53a8f,gwsearch run
4827,1777935553.404056,fc2098317d43af66664f0f1337a49fcd8e945f0f8e21c87ed1f6e9a771b53a8f,gwsearch run
4828,1777936122.8917038,fc2098317d43af66664f0f1337a49fcd8e945f0f8e21c87ed1f6e9a771b53a8f,gwsearch run
4829,1777936691.9139488,fc2098317d43af66664f0f1337a49fcd8e945f0f8e21c87ed1f6e9a771b53a8f,gwsearch run
4830,1777937262.6691885,fc2098317d43af66664f0f1337a49fcd8e945f0f8e21c87ed1f6e9a771b53a8f,gwsearch run
4831,1777937831.4537365,fc2098317d43af66664f0f1337a49fcd8e945f0f8e21c87ed1f6e9a771b53a8f,gwsearch run
4832,1777938399.6460624,fc2098317d43af66664f0f1337a49fcd8e945f0f8e21c87ed1f6e9a771b53a8f,gwsearch run
4833,1777938967.4018016,fc2098317d43af66664f0f1337a49fcd8e945f0f8e21c87ed1f6e9a771b53a8f,gwsearch run
4834,1777939633.4269826,fc2098317d43af66664f0f1337a49fcd8e945f0f8e21c87ed1f6e9a771b53a8f,gwsearch run
4835,1777940204.6455467,fc2098317d43af66664f0f1337a49fcd8e945f0f8e21c87ed1f6e9a771b53a8f,gwsearch run
4836,1777940778.4294064,fc2098317d43af66664f0f1337a49fcd8e945f0f8e21c87ed1f6e9a771b53a8f,gwsearch run
4837,1777941376.4144866,fc2098317d43af66664f0f1337a49fcd8e945f0f8e21c87ed1f6e9a771b53a8f,gwsearch run
4838,1777942053.4150956,fc2098317d43af66664f0f1337a49fcd8e945f0f8e21c87ed1f6e9a771b53a8f,gwsearch run
4839,1777942737.4180927,fc2098317d43af66664f0f1337a49fcd8e945f0f8e21c87ed1f6e9a771b53a8f,gwsearch run
4840,1777943306.933932,fc2098317d43af66664f0f1337a49fcd8e945f0f8e21c87ed1f6e9a771b53a8f,gwsearch run
4841,1777943875.3944018,fc2098317d43af66664f0f1337a49fcd8e945f0f8e21c87ed1f6e9a771b53a8f,gwsearch run
4842,1777944446.4213028,fc2098317d43af66664f0f1337a49fcd8e945f0f8e21c87ed1f6e9a771b53a8f,gwsearch run
4843,1777945018.6591685,fc2098317d43af66664f0f1337a49fcd8e945f0f8e21c87ed1f6e9a771b53a8f,gwsearch run
4844,1777945591.401089,fc2098317d43af66664f0f1337a49fcd8e945f0f8e21c87ed1f6e9a771b53a8f,gwsearch run
4845,1777946221.1651802,fc2098317d43af66664f0f1337a49fcd8e945f0f8e21c87ed1f6e9a771b53a8f,gwsearch run
4846,1777946797.1600518,fc2098317d43af66664f0f1337a49fcd8e945f0f8e21c87ed1f6e9a771b53a8f,gwsearch run
4847,1777947364.4141212,fc2098317d43af66664f0f1337a49fcd8e945f0f8e21c87ed1f6e9a771b53a8f,gwsearch run
4848,1777947934.666793,fc2098317d43af66664f0f1337a49fcd8e945f0f8e21c87ed1f6e9a771b53a8f,gwsearch run
4849,1777948504.647645,fc2098317d43af66664f0f1337a49fcd8e945f0f8e21c87ed1f6e9a771b53a8f,gwsearch run
4850,1777949083.4033303,fc2098317d43af66664f0f1337a49fcd8e945f0f8e21c87ed1f6e9a771b53a8f,gwsearch run
4851,1777949708.1537595,fc2098317d43af66664f0f1337a49fcd8e945f0f8e21c87ed1f6e9a771b53a8f,gwsearch run
4852,1777950277.010636,fc2098317d43af66664f0f1337a49fcd8e945f0f8e21c87ed1f6e9a771b53a8f,gwsearch run
4853,1777950846.1291265,fc2098317d43af66664f0f1337a49fcd8e945f0f8e21c87ed1f6e9a771b53a8f,gwsearch run
4854,1777951417.6501155,fc2098317d43af66664f0f1337a49fcd8e945f0f8e21c87ed1f6e9a771b53a8f,gwsearch run
4855,1777951989.903145,fc2098317d43af66664f0f1337a49fcd8e945f0f8e21c87ed1f6e9a771b53a8f,gwsearch run
4856,1777952560.3932555,fc2098317d43af66664f0f1337a49fcd8e945f0f8e21c87ed1f6e9a771b53a8f,gwsearch run
4857,1777953131.6631486,fc2098317d43af66664f0f1337a49fcd8e945f0f8e21c87ed1f6e9a771b53a8f,gwsearch run
4858,1777953771.4006333,fc2098317d43af66664f0f1337a49fcd8e945f0f8e21c87ed1f6e9a771b53a8f,gwsearch run
4859,1777954398.4161115,fc2098317d43af66664f0f1337a49fcd8e945f0f8e21c87ed1f6e9a771b53a8f,gwsearch run
4860,1777955039.6577566,fc2098317d43af66664f0f1337a49fcd8e945f0f8e21c87ed1f6e9a771b53a8f,gwsearch run
4861,1777955609.4352953,fc2098317d43af66664f0f1337a49fcd8e945f0f8e21c87ed1f6e9a771b53a8f,gwsearch run
4862,1777956176.6652005,fc2098317d43af66664f0f1337a49fcd8e945f0f8e21c87ed1f6e9a771b53a8f,gwsearch run
4863,1777956744.9071736,fc2098317d43af66664f0f1337a49fcd8e945f0f8e21c87ed1f6e9a771b53a8f,gwsearch run
4864,1777957310.9178517,fc2098317d43af66664f0f1337a49fcd8e945f0f8e21c87ed1f6e9a771b53a8f,gwsearch run
4865,1777957878.1878967,fc2098317d43af66664f0f1337a49fcd8e945f0f8e21c87ed1f6e9a771b53a8f,gwsearch run
4866,1777958445.4086025,fc2098317d43af66664f0f1337a49fcd8e945f0f8e21c87ed1f6e9a771b53a8f,gwsearch run
4867,1777959016.139485,fc2098317d43af66664f0f1337a49fcd8e945f0f8e21c87ed1f6e9a771b53a8f,gwsearch run
4868,1777959588.6670387,fc2098317d43af66664f0f1337a49fcd8e945f0f8e21c87ed1f6e9a771b53a8f,gwsearch run
4869,1777960155.4352272,fc2098317d43af66664f0f1337a49fcd8e945f0f8e21c87ed1f6e9a771b53a8f,gwsearch run
4870,1777960722.414152,fc2098317d43af66664f0f1337a49fcd8e945f0f8e21c87ed1f6e9a771b53a8f,gwsearch run
4871,1777961300.9282165,fc2098317d43af66664f0f1337a49fcd8e945f0f8e21c87ed1f6e9a771b53a8f,gwsearch run
4872,1777961877.6740808,fc2098317d43af66664f0f1337a49fcd8e945f0f8e21c87ed1f6e9a771b53a8f,gwsearch run
4873,1777962445.6634195,fc2098317d43af66664f0f1337a49fcd8e945f0f8e21c87ed1f6e9a771b53a8f,gwsearch run
4874,1777963024.4095964,fc2098317d43af66664f0f1337a49fcd8e945f0f8e21c87ed1f6e9a771b53a8f,gwsearch run
4875,1777963597.6625319,fc2098317d43af66664f0f1337a49fcd8e945f0f8e21c87ed1f6e9a771b53a8f,gwsearch run
4876,1777964191.1608174,fc2098317d43af66664f0f1337a49fcd8e945f0f8e21c87ed1f6e9a771b53a8f,gwsearch run
4877,1777964757.4194582,fc2098317d43af66664f0f1337a49fcd8e945f0f8e21c87ed1f6e9a771b53a8f,gwsearch run
4878,1777965323.9083035,fc2098317d43af66664f0f1337a49fcd8e945f0f8e21c87ed1f6e9a771b53a8f,gwsearch run
4879,1777965890.6577766,fc2098317d43af66664f0f1337a49fcd8e945f0f8e21c87ed1f6e9a771b53a8f,gwsearch run
4880,1777966458.6582096,fc2098317d43af66664f0f1337a49fcd8e945f0f8e21c87ed1f6e9a771b53a8f,gwsearch run
4881,1777967024.9213285,fc2098317d43af66664f0f1337a49fcd8e945f0f8e21c87ed1f6e9a771b53a8f,gwsearch run
4882,1777967596.4151416,fc2098317d43af66664f0f1337a49fcd8e945f0f8e21c87ed1f6e9a771b53a8f,gwsearch run
4883,1777968168.6625102,fc2098317d43af66664f0f1337a49fcd8e945f0f8e21c87ed1f6e9a771b53a8f,gwsearch run
4884,1777968751.161268,fc2098317d43af66664f0f1337a49fcd8e945f0f8e21c87ed1f6e9a771b53a8f,gwsearch run
4885,1777969323.6690347,fc2098317d43af66664f0f1337a49fcd8e945f0f8e21c87ed1f6e9a771b53a8f,gwsearch run
4886,1777969891.9031854,fc2098317d43af66664f0f1337a49fcd8e945f0f8e21c87ed1f6e9a771b53a8f,gwsearch run
4887,1777970457.9049191,fc2098317d43af66664f0f1337a49fcd8e945f0f8e21c87ed1f6e9a771b53a8f,gwsearch run
4888,1777971024.1477087,fc2098317d43af66664f0f1337a49fcd8e945f0f8e21c87ed1f6e9a771b53a8f,gwsearch run
4889,1777971590.9373744,fc2098317d43af66664f0f1337a49fcd8e945f0f8e21c87ed1f6e9a771b53a8f,gwsearch run
4890,1777972159.1574705,fc2098317d43af66664f0f1337a49fcd8e945f0f8e21c87ed1f6e9a771b53a8f,gwsearch run
4891,1777972728.9039488,fc2098317d43af66664f0f1337a49fcd8e945f0f8e21c87ed1f6e9a771b53a8f,gwsearch run
4892,1777973300.19464,fc2098317d43af66664f0f1337a49fcd8e945f0f8e21c87ed1f6e9a771b53a8f,gwsearch run
4893,1777973937.4135103,fc2098317d43af66664f0f1337a49fcd8e945f0f8e21c87ed1f6e9a771b53a8f,gwsearch run
4894,1777974552.4065237,fc2098317d43af66664f0f1337a49fcd8e945f0f8e21c87ed1f6e9a771b53a8f,gwsearch run
4895,1777975129.9200451,fc2098317d43af66664f0f1337a49fcd8e945f0f8e21c87ed1f6e9a771b53a8f,gwsearch run
4896,1777975697.3942523,fc2098317d43af66664f0f1337a49fcd8e945f0f8e21c87ed1f6e9a771b53a8f,gwsearch run
4897,1777976264.671814,fc2098317d43af66664f0f1337a49fcd8e945f0f8e21c87ed1f6e9a771b53a8f,gwsearch run
4898,1777976831.9055674,fc2098317d43af66664f0f1337a49fcd8e945f0f8e21c87ed1f6e9a771b53a8f,gwsearch run
4899,1777977400.6319594,fc2098317d43af66664f0f1337a49fcd8e945f0f8e21c87ed1f6e9a771b53a8f,gwsearch run
4900,1777977966.8893685,fc2098317d43af66664f0f1337a49fcd8e945f0f8e21c87ed1f6e9a771b53a8f,gwsearch run
4901,1777978542.8911912,fc2098317d43af66664f0f1337a49fcd8e945f0f8e21c87ed1f6e9a771b53a8f,gwsearch run
4902,1777979117.5008254,fc2098317d43af66664f0f1337a49fcd8e945f0f8e21c87ed1f6e9a771b53a8f,gwsearch run
4903,1777979690.4347444,fc2098317d43af66664f0f1337a49fcd8e945f0f8e21c87ed1f6e9a771b53a8f,gwsearch run
4904,1777980257.6675887,fc2098317d43af66664f0f1337a49fcd8e945f0f8e21c87ed1f6e9a771b53a8f,gwsearch run
4905,1777980825.1751447,fc2098317d43af66664f0f1337a49fcd8e945f0f8e21c87ed1f6e9a771b53a8f,gwsearch run
4906,1777981393.1762643,fc2098317d43af66664f0f1337a49fcd8e945f0f8e21c87ed1f6e9a771b53a8f,gwsearch run
4907,1777981961.9046545,fc2098317d43af66664f0f1337a49fcd8e945f0f8e21c87ed1f6e9a771b53a8f,gwsearch run
4908,1777982529.4089725,fc2098317d43af66664f0f1337a49fcd8e945f0f8e21c87ed1f6e9a771b53a8f,gwsearch run
4909,1777983107.4324944,fc2098317d43af66664f0f1337a49fcd8e945f0f8e21c87ed1f6e9a771b53a8f,gwsearch run
4910,1777983675.1582284,fc2098317d43af66664f0f1337a49fcd8e945f0f8e21c87ed1f6e9a771b53a8f,gwsearch run
4911,1777984255.424661,fc2098317d43af66664f0f1337a49fcd8e945f0f8e21c87ed1f6e9a771b53a8f,gwsearch run
4912,1777984825.6426287,fc2098317d43af66664f0f1337a49fcd8e945f0f8e21c87ed1f6e9a771b53a8f,gwsearch run
4913,1777985392.4180179,fc2098317d43af66664f0f1337a49fcd8e945f0f8e21c87ed1f6e9a771b53a8f,gwsearch run
4914,1777985960.9242404,fc2098317d43af66664f0f1337a49fcd8e945f0f8e21c87ed1f6e9a771b53a8f,gwsearch run
4915,1777986529.425792,fc2098317d43af66664f0f1337a49fcd8e945f0f8e21c87ed1f6e9a771b53a8f,gwsearch run
4916,1777987097.1629505,fc2098317d43af66664f0f1337a49fcd8e945f0f8e21c87ed1f6e9a771b53a8f,gwsearch run
4917,1777987664.404233,fc2098317d43af66664f0f1337a49fcd8e945f0f8e21c87ed1f6e9a771b53a8f,gwsearch run
4918,1777988231.1664815,fc2098317d43af66664f0f1337a49fcd8e945f0f8e21c87ed1f6e9a771b53a8f,gwsearch run
4919,1777988801.900264,fc2098317d43af66664f0f1337a49fcd8e945f0f8e21c87ed1f6e9a771b53a8f,gwsearch run
4920,1777989369.9132879,fc2098317d43af66664f0f1337a49fcd8e945f0f8e21c87ed1f6e9a771b53a8f,gwsearch run
4921,1777989937.9204412,fc2098317d43af66664f0f1337a49fcd8e945f0f8e21c87ed1f6e9a771b53a8f,gwsearch run
4922,1777990504.8893287,fc2098317d43af66664f0f1337a49fcd8e945f0f8e21c87ed1f6e9a771b53a8f,gwsearch run
4923,1777991070.9110453,fc2098317d43af66664f0f1337a49fcd8e945f0f8e21c87ed1f6e9a771b53a8f,gwsearch run
4924,1777991640.129058,fc2098317d43af66664f0f1337a49fcd8e945f0f8e21c87ed1f6e9a771b53a8f,gwsearch run
4925,1777992209.131326,fc2098317d43af66664f0f1337a49fcd8e945f0f8e21c87ed1f6e9a771b53a8f,gwsearch run
4926,1777992778.3993537,fc2098317d43af66664f0f1337a49fcd8e945f0f8e21c87ed1f6e9a771b53a8f,gwsearch run
4927,1777993347.154403,fc2098317d43af66664f0f1337a49fcd8e945f0f8e21c87ed1f6e9a771b53a8f,gwsearch run
4928,1777993922.6745114,fc2098317d43af66664f0f1337a49fcd8e945f0f8e21c87ed1f6e9a771b53a8f,gwsearch run
4929,1777994488.8951042,fc2098317d43af66664f0f1337a49fcd8e945f0f8e21c87ed1f6e9a771b53a8f,gwsearch run
4930,1777995056.8896656,fc2098317d43af66664f0f1337a49fcd8e945f0f8e21c87ed1f6e9a771b53a8f,gwsearch run
4931,1777995622.3855984,fc2098317d43af66664f0f1337a49fcd8e945f0f8e21c87ed1f6e9a771b53a8f,gwsearch run
4932,1777996190.4134634,fc2098317d43af66664f0f1337a49fcd8e945f0f8e21c87ed1f6e9a771b53a8f,gwsearch run
4933,1777996837.4189208,fc2098317d43af66664f0f1337a49fcd8e945f0f8e21c87ed1f6e9a771b53a8f,gwsearch run
4934,1777997468.161818,fc2098317d43af66664f0f1337a49fcd8e945f0f8e21c87ed1f6e9a771b53a8f,gwsearch run
4935,1777998120.1532443,fc2098317d43af66664f0f1337a49fcd8e945f0f8e21c87ed1f6e9a771b53a8f,gwsearch run
4936,1777998745.9005067,fc2098317d43af66664f0f1337a49fcd8e945f0f8e21c87ed1f6e9a771b53a8f,gwsearch run
4937,1777999398.4506404,fc2098317d43af66664f0f1337a49fcd8e945f0f8e21c87ed1f6e9a771b53a8f,gwsearch run
4938,1777999967.654896,fc2098317d43af66664f0f1337a49fcd8e945f0f8e21c87ed1f6e9a771b53a8f,gwsearch run
4939,1778000535.1696072,fc2098317d43af66664f0f1337a49fcd8e945f0f8e21c87ed1f6e9a771b53a8f,gwsearch run
4940,1778001101.6538696,fc2098317d43af66664f0f1337a49fcd8e945f0f8e21c87ed1f6e9a771b53a8f,gwsearch run
4941,1778001669.1597483,fc2098317d43af66664f0f1337a49fcd8e945f0f8e21c87ed1f6e9a771b53a8f,gwsearch run
4942,1778002238.16165,fc2098317d43af66664f0f1337a49fcd8e945f0f8e21c87ed1f6e9a771b53a8f,gwsearch run
4943,1778002854.4113708,fc2098317d43af66664f0f1337a49fcd8e945f0f8e21c87ed1f6e9a771b53a8f,gwsearch run
4944,1778003420.1712284,fc2098317d43af66664f0f1337a49fcd8e945f0f8e21c87ed1f6e9a771b53a8f,gwsearch run
4945,1778003986.9301019,fc2098317d43af66664f0f1337a49fcd8e945f0f8e21c87ed1f6e9a771b53a8f,gwsearch run
4946,1778004554.1629784,fc2098317d43af66664f0f1337a49fcd8e945f0f8e21c87ed1f6e9a771b53a8f,gwsearch run
4947,1778005124.6533656,fc2098317d43af66664f0f1337a49fcd8e945f0f8e21c87ed1f6e9a771b53a8f,gwsearch run
4948,1778005693.4245932,fc2098317d43af66664f0f1337a49fcd8e945f0f8e21c87ed1f6e9a771b53a8f,gwsearch run
4949,1778006303.1860757,fc2098317d43af66664f0f1337a49fcd8e945f0f8e21c87ed1f6e9a771b53a8f,gwsearch run
4950,1778006952.669593,fc2098317d43af66664f0f1337a49fcd8e945f0f8e21c87ed1f6e9a771b53a8f,gwsearch run
4951,1778007602.478625,fc2098317d43af66664f0f1337a49fcd8e945f0f8e21c87ed1f6e9a771b53a8f,gwsearch run
4952,1778008168.185959,fc2098317d43af66664f0f1337a49fcd8e945f0f8e21c87ed1f6e9a771b53a8f,gwsearch run
4953,1778008736.1619809,fc2098317d43af66664f0f1337a49fcd8e945f0f8e21c87ed1f6e9a771b53a8f,gwsearch run
4954,1778009303.6938999,fc2098317d43af66664f0f1337a49fcd8e945f0f8e21c87ed1f6e9a771b53a8f,gwsearch run
4955,1778009870.6766393,fc2098317d43af66664f0f1337a49fcd8e945f0f8e21c87ed1f6e9a771b53a8f,gwsearch run
4956,1778010439.3822386,fc2098317d43af66664f0f1337a49fcd8e945f0f8e21c87ed1f6e9a771b53a8f,gwsearch run
4957,1778011110.6680596,fc2098317d43af66664f0f1337a49fcd8e945f0f8e21c87ed1f6e9a771b53a8f,gwsearch run
4958,1778011677.4216096,fc2098317d43af66664f0f1337a49fcd8e945f0f8e21c87ed1f6e9a771b53a8f,gwsearch run
4959,1778012244.145236,fc2098317d43af66664f0f1337a49fcd8e945f0f8e21c87ed1f6e9a771b53a8f,gwsearch run
4960,1778012812.6560354,fc2098317d43af66664f0f1337a49fcd8e945f0f8e21c87ed1f6e9a771b53a8f,gwsearch run
4961,1778013378.4151285,fc2098317d43af66664f0f1337a49fcd8e945f0f8e21c87ed1f6e9a771b53a8f,gwsearch run
4962,1778013945.8959265,fc2098317d43af66664f0f1337a49fcd8e945f0f8e21c87ed1f6e9a771b53a8f,gwsearch run
4963,1778014518.1855948,fc2098317d43af66664f0f1337a49fcd8e945f0f8e21c87ed1f6e9a771b53a8f,gwsearch run
4964,1778015087.1583514,fc2098317d43af66664f0f1337a49fcd8e945f0f8e21c87ed1f6e9a771b53a8f,gwsearch run
4965,1778015655.1952157,fc2098317d43af66664f0f1337a49fcd8e945f0f8e21c87ed1f6e9a771b53a8f,gwsearch run
4966,1778016222.182307,fc2098317d43af66664f0f1337a49fcd8e945f0f8e21c87ed1f6e9a771b53a8f,gwsearch run
4967,1778016786.2175286,fc2098317d43af66664f0f1337a49fcd8e945f0f8e21c87ed1f6e9a771b53a8f,gwsearch run
4968,1778017356.4122918,fc2098317d43af66664f0f1337a49fcd8e945f0f8e21c87ed1f6e9a771b53a8f,gwsearch run
4969,1778017927.9121997,fc2098317d43af66664f0f1337a49fcd8e945f0f8e21c87ed1f6e9a771b53a8f,gwsearch run
4970,1778018620.6732218,fc2098317d43af66664f0f1337a49fcd8e945f0f8e21c87ed1f6e9a771b53a8f,gwsearch run
4971,1778019251.9325159,fc2098317d43af66664f0f1337a49fcd8e945f0f8e21c87ed1f6e9a771b53a8f,gwsearch run
4972,1778019928.1442902,fc2098317d43af66664f0f1337a49fcd8e945f0f8e21c87ed1f6e9a771b53a8f,gwsearch run
4973,1778020589.1560946,fc2098317d43af66664f0f1337a49fcd8e945f0f8e21c87ed1f6e9a771b53a8f,gwsearch run
4974,1778021221.17154,fc2098317d43af66664f0f1337a49fcd8e945f0f8e21c87ed1f6e9a771b53a8f,gwsearch run
4975,1778021787.3996813,fc2098317d43af66664f0f1337a49fcd8e945f0f8e21c87ed1f6e9a771b53a8f,gwsearch run
4976,1778022355.4151654,fc2098317d43af66664f0f1337a49fcd8e945f0f8e21c87ed1f6e9a771b53a8f,gwsearch run
4977,1778022921.3926792,fc2098317d43af66664f0f1337a49fcd8e945f0f8e21c87ed1f6e9a771b53a8f,gwsearch run
4978,1778023490.159546,fc2098317d43af66664f0f1337a49fcd8e945f0f8e21c87ed1f6e9a771b53a8f,gwsearch run
4979,1778024130.6701376,fc2098317d43af66664f0f1337a49fcd8e945f0f8e21c87ed1f6e9a771b53a8f,gwsearch run
4980,1778024799.1570356,fc2098317d43af66664f0f1337a49fcd8e945f0f8e21c87ed1f6e9a771b53a8f,gwsearch run
4981,1778025366.4059026,fc2098317d43af66664f0f1337a49fcd8e945f0f8e21c87ed1f6e9a771b53a8f,gwsearch run
4982,1778025933.1709127,fc2098317d43af66664f0f1337a49fcd8e945f0f8e21c87ed1f6e9a771b53a8f,gwsearch run
4983,1778026501.1657603,fc2098317d43af66664f0f1337a49fcd8e945f0f8e21c87ed1f6e9a771b53a8f,gwsearch run
4984,1778027069.9239047,fc2098317d43af66664f0f1337a49fcd8e945f0f8e21c87ed1f6e9a771b53a8f,gwsearch run
4985,1778027638.400124,fc2098317d43af66664f0f1337a49fcd8e945f0f8e21c87ed1f6e9a771b53a8f,gwsearch run
4986,1778028381.9122467,fc2098317d43af66664f0f1337a49fcd8e945f0f8e21c87ed1f6e9a771b53a8f,gwsearch run
4987,1778029089.1695895,fc2098317d43af66664f0f1337a49fcd8e945f0f8e21c87ed1f6e9a771b53a8f,gwsearch run
4988,1778029703.416239,fc2098317d43af66664f0f1337a49fcd8e945f0f8e21c87ed1f6e9a771b53a8f,gwsearch run
4989,1778030272.4203286,fc2098317d43af66664f0f1337a49fcd8e945f0f8e21c87ed1f6e9a771b53a8f,gwsearch run
4990,1778030839.9320583,fc2098317d43af66664f0f1337a49fcd8e945f0f8e21c87ed1f6e9a771b53a8f,gwsearch run
4991,1778031408.1423516,fc2098317d43af66664f0f1337a49fcd8e945f0f8e21c87ed1f6e9a771b53a8f,gwsearch run
4992,1778031977.1434934,fc2098317d43af66664f0f1337a49fcd8e945f0f8e21c87ed1f6e9a771b53a8f,gwsearch run
4993,1778032546.4181447,fc2098317d43af66664f0f1337a49fcd8e945f0f8e21c87ed1f6e9a771b53a8f,gwsearch run
4994,1778033113.6514914,fc2098317d43af66664f0f1337a49fcd8e945f0f8e21c87ed1f6e9a771b53a8f,gwsearch run
4995,1778033732.6514971,fc2098317d43af66664f0f1337a49fcd8e945f0f8e21c87ed1f6e9a771b53a8f,gwsearch run
4996,1778034306.9222243,fc2098317d43af66664f0f1337a49fcd8e945f0f8e21c87ed1f6e9a771b53a8f,gwsearch run
4997,1778034875.3905334,fc2098317d43af66664f0f1337a49fcd8e945f0f8e21c87ed1f6e9a771b53a8f,gwsearch run
4998,1778035442.662112,fc2098317d43af66664f0f1337a49fcd8e945f0f8e21c87ed1f6e9a771b53a8f,gwsearch run
4999,1778036009.1447456,fc2098317d43af66664f0f1337a49fcd8e945f0f8e21c87ed1f6e9a771b53a8f,gwsearch run
5000,1778036576.4065466,fc2098317d43af66664f0f1337a49fcd8e945f0f8e21c87ed1f6e9a771b53a8f,gwsearch run
5001,1778037147.6447144,fc2098317d43af66664f0f1337a49fcd8e945f0f8e21c87ed1f6e9a771b53a8f,gwsearch run
5002,1778037716.1605766,fc2098317d43af66664f0f1337a49fcd8e945f0f8e21c87ed1f6e9a771b53a8f,gwsearch run
5003,1778038316.156553,fc2098317d43af66664f0f1337a49fcd8e945f0f8e21c87ed1f6e9a771b53a8f,gwsearch run
5004,1778038882.92937,fc2098317d43af66664f0f1337a49fcd8e945f0f8e21c87ed1f6e9a771b53a8f,gwsearch run
5005,1778039451.2335222,fc2098317d43af66664f0f1337a49fcd8e945f0f8e21c87ed1f6e9a771b53a8f,gwsearch run
5006,1778040015.1342008,fc2098317d43af66664f0f1337a49fcd8e945f0f8e21c87ed1f6e9a771b53a8f,gwsearch run
5007,1778040581.1610932,fc2098317d43af66664f0f1337a49fcd8e945f0f8e21c87ed1f6e9a771b53a8f,gwsearch run
5008,1778041148.90974,fc2098317d43af66664f0f1337a49fcd8e945f0f8e21c87ed1f6e9a771b53a8f,gwsearch run
5009,1778041713.4254477,fc2098317d43af66664f0f1337a49fcd8e945f0f8e21c87ed1f6e9a771b53a8f,gwsearch run
5010,1778042284.8899338,fc2098317d43af66664f0f1337a49fcd8e945f0f8e21c87ed1f6e9a771b53a8f,gwsearch run
5011,1778042932.1653476,fc2098317d43af66664f0f1337a49fcd8e945f0f8e21c87ed1f6e9a771b53a8f,gwsearch run
5012,1778043495.4051783,fc2098317d43af66664f0f1337a49fcd8e945f0f8e21c87ed1f6e9a771b53a8f,gwsearch run
5013,1778044061.171756,fc2098317d43af66664f0f1337a49fcd8e945f0f8e21c87ed1f6e9a771b53a8f,gwsearch run
5014,1778044626.910413,fc2098317d43af66664f0f1337a49fcd8e945f0f8e21c87ed1f6e9a771b53a8f,gwsearch run
5015,1778045195.1676195,fc2098317d43af66664f0f1337a49fcd8e945f0f8e21c87ed1f6e9a771b53a8f,gwsearch run
5016,1778045764.1599104,fc2098317d43af66664f0f1337a49fcd8e945f0f8e21c87ed1f6e9a771b53a8f,gwsearch run
5017,1778046334.9345214,fc2098317d43af66664f0f1337a49fcd8e945f0f8e21c87ed1f6e9a771b53a8f,gwsearch run
5018,1778046908.4308383,fc2098317d43af66664f0f1337a49fcd8e945f0f8e21c87ed1f6e9a771b53a8f,gwsearch run
5019,1778047642.4248226,fc2098317d43af66664f0f1337a49fcd8e945f0f8e21c87ed1f6e9a771b53a8f,gwsearch run
5020,1778048209.1993377,fc2098317d43af66664f0f1337a49fcd8e945f0f8e21c87ed1f6e9a771b53a8f,gwsearch run
5021,1778048776.14599,fc2098317d43af66664f0f1337a49fcd8e945f0f8e21c87ed1f6e9a771b53a8f,gwsearch run
5022,1778049343.1408896,fc2098317d43af66664f0f1337a49fcd8e945f0f8e21c87ed1f6e9a771b53a8f,gwsearch run
5023,1778049910.910401,fc2098317d43af66664f0f1337a49fcd8e945f0f8e21c87ed1f6e9a771b53a8f,gwsearch run
5024,1778050478.9088016,fc2098317d43af66664f0f1337a49fcd8e945f0f8e21c87ed1f6e9a771b53a8f,gwsearch run
5025,1778051044.9080591,fc2098317d43af66664f0f1337a49fcd8e945f0f8e21c87ed1f6e9a771b53a8f,gwsearch run
5026,1778051619.1670284,fc2098317d43af66664f0f1337a49fcd8e945f0f8e21c87ed1f6e9a771b53a8f,gwsearch run
5027,1778052186.1644285,fc2098317d43af66664f0f1337a49fcd8e945f0f8e21c87ed1f6e9a771b53a8f,gwsearch run
5028,1778052764.6418421,fc2098317d43af66664f0f1337a49fcd8e945f0f8e21c87ed1f6e9a771b53a8f,gwsearch run
5029,1778053331.9075935,fc2098317d43af66664f0f1337a49fcd8e945f0f8e21c87ed1f6e9a771b53a8f,gwsearch run
5030,1778053900.6977782,fc2098317d43af66664f0f1337a49fcd8e945f0f8e21c87ed1f6e9a771b53a8f,gwsearch run
5031,1778054467.1682546,fc2098317d43af66664f0f1337a49fcd8e945f0f8e21c87ed1f6e9a771b53a8f,gwsearch run
5032,1778055033.901373,fc2098317d43af66664f0f1337a49fcd8e945f0f8e21c87ed1f6e9a771b53a8f,gwsearch run
5033,1778055621.1418405,fc2098317d43af66664f0f1337a49fcd8e945f0f8e21c87ed1f6e9a771b53a8f,gwsearch run
5034,1778056187.917237,fc2098317d43af66664f0f1337a49fcd8e945f0f8e21c87ed1f6e9a771b53a8f,gwsearch run
5035,1778056755.4149036,fc2098317d43af66664f0f1337a49fcd8e945f0f8e21c87ed1f6e9a771b53a8f,gwsearch run
5036,1778057320.665896,fc2098317d43af66664f0f1337a49fcd8e945f0f8e21c87ed1f6e9a771b53a8f,gwsearch run
5037,1778057888.1744258,fc2098317d43af66664f0f1337a49fcd8e945f0f8e21c87ed1f6e9a771b53a8f,gwsearch run
5038,1778058455.1250596,fc2098317d43af66664f0f1337a49fcd8e945f0f8e21c87ed1f6e9a771b53a8f,gwsearch run
5039,1778059021.907268,fc2098317d43af66664f0f1337a49fcd8e945f0f8e21c87ed1f6e9a771b53a8f,gwsearch run
5040,1778059645.1676536,fc2098317d43af66664f0f1337a49fcd8e945f0f8e21c87ed1f6e9a771b53a8f,gwsearch run
5041,1778060210.6535401,fc2098317d43af66664f0f1337a49fcd8e945f0f8e21c87ed1f6e9a771b53a8f,gwsearch run
5042,1778060777.6671839,fc2098317d43af66664f0f1337a49fcd8e945f0f8e21c87ed1f6e9a771b53a8f,gwsearch run
5043,1778061343.9165723,fc2098317d43af66664f0f1337a49fcd8e945f0f8e21c87ed1f6e9a771b53a8f,gwsearch run
5044,1778061912.9321072,fc2098317d43af66664f0f1337a49fcd8e945f0f8e21c87ed1f6e9a771b53a8f,gwsearch run
5045,1778062480.9025927,fc2098317d43af66664f0f1337a49fcd8e945f0f8e21c87ed1f6e9a771b53a8f,gwsearch run
5046,1778063050.4193184,fc2098317d43af66664f0f1337a49fcd8e945f0f8e21c87ed1f6e9a771b53a8f,gwsearch run
5047,1778063616.4006479,fc2098317d43af66664f0f1337a49fcd8e945f0f8e21c87ed1f6e9a771b53a8f,gwsearch run
5048,1778064183.1464036,fc2098317d43af66664f0f1337a49fcd8e945f0f8e21c87ed1f6e9a771b53a8f,gwsearch run
5049,1778064751.1220002,fc2098317d43af66664f0f1337a49fcd8e945f0f8e21c87ed1f6e9a771b53a8f,gwsearch run
5050,1778065329.6654055,fc2098317d43af66664f0f1337a49fcd8e945f0f8e21c87ed1f6e9a771b53a8f,gwsearch run
5051,1778065898.40092,fc2098317d43af66664f0f1337a49fcd8e945f0f8e21c87ed1f6e9a771b53a8f,gwsearch run
5052,1778066464.9177198,fc2098317d43af66664f0f1337a49fcd8e945f0f8e21c87ed1f6e9a771b53a8f,gwsearch run
5053,1778067035.4135878,fc2098317d43af66664f0f1337a49fcd8e945f0f8e21c87ed1f6e9a771b53a8f,gwsearch run
5054,1778067678.9378269,fc2098317d43af66664f0f1337a49fcd8e945f0f8e21c87ed1f6e9a771b53a8f,gwsearch run
5055,1778068248.9009519,fc2098317d43af66664f0f1337a49fcd8e945f0f8e21c87ed1f6e9a771b53a8f,gwsearch run
5056,1778068816.152016,fc2098317d43af66664f0f1337a49fcd8e945f0f8e21c87ed1f6e9a771b53a8f,gwsearch run
5057,1778069383.4080522,fc2098317d43af66664f0f1337a49fcd8e945f0f8e21c87ed1f6e9a771b53a8f,gwsearch run
5058,1778069960.9231749,fc2098317d43af66664f0f1337a49fcd8e945f0f8e21c87ed1f6e9a771b53a8f,gwsearch run
5059,1778070529.6770391,fc2098317d43af66664f0f1337a49fcd8e945f0f8e21c87ed1f6e9a771b53a8f,gwsearch run
5060,1778071100.6763892,fc2098317d43af66664f0f1337a49fcd8e945f0f8e21c87ed1f6e9a771b53a8f,gwsearch run
5061,1778071674.1584003,fc2098317d43af66664f0f1337a49fcd8e945f0f8e21c87ed1f6e9a771b53a8f,gwsearch run
5062,1778072244.1784616,fc2098317d43af66664f0f1337a49fcd8e945f0f8e21c87ed1f6e9a771b53a8f,gwsearch run
5063,1778072810.6674173,fc2098317d43af66664f0f1337a49fcd8e945f0f8e21c87ed1f6e9a771b53a8f,gwsearch run
5064,1778073392.9100266,fc2098317d43af66664f0f1337a49fcd8e945f0f8e21c87ed1f6e9a771b53a8f,gwsearch run
5065,1778073960.926639,fc2098317d43af66664f0f1337a49fcd8e945f0f8e21c87ed1f6e9a771b53a8f,gwsearch run
5066,1778074529.4059417,fc2098317d43af66664f0f1337a49fcd8e945f0f8e21c87ed1f6e9a771b53a8f,gwsearch run
5067,1778075098.172153,fc2098317d43af66664f0f1337a49fcd8e945f0f8e21c87ed1f6e9a771b53a8f,gwsearch run
5068,1778075670.6636605,fc2098317d43af66664f0f1337a49fcd8e945f0f8e21c87ed1f6e9a771b53a8f,gwsearch run
5069,1778076319.1759083,fc2098317d43af66664f0f1337a49fcd8e945f0f8e21c87ed1f6e9a771b53a8f,gwsearch run
5070,1778076886.15746,fc2098317d43af66664f0f1337a49fcd8e945f0f8e21c87ed1f6e9a771b53a8f,gwsearch run
5071,1778077454.4010077,fc2098317d43af66664f0f1337a49fcd8e945f0f8e21c87ed1f6e9a771b53a8f,gwsearch run
5072,1778078020.899516,fc2098317d43af66664f0f1337a49fcd8e945f0f8e21c87ed1f6e9a771b53a8f,gwsearch run
5073,1778078589.1769042,fc2098317d43af66664f0f1337a49fcd8e945f0f8e21c87ed1f6e9a771b53a8f,gwsearch run
5074,1778079160.1769557,fc2098317d43af66664f0f1337a49fcd8e945f0f8e21c87ed1f6e9a771b53a8f,gwsearch run
5075,1778079730.4308078,fc2098317d43af66664f0f1337a49fcd8e945f0f8e21c87ed1f6e9a771b53a8f,gwsearch run
5076,1778080308.9120498,fc2098317d43af66664f0f1337a49fcd8e945f0f8e21c87ed1f6e9a771b53a8f,gwsearch run
5077,1778080907.9079673,fc2098317d43af66664f0f1337a49fcd8e945f0f8e21c87ed1f6e9a771b53a8f,gwsearch run
5078,1778081545.1740692,fc2098317d43af66664f0f1337a49fcd8e945f0f8e21c87ed1f6e9a771b53a8f,gwsearch run
5079,1778082111.4444284,fc2098317d43af66664f0f1337a49fcd8e945f0f8e21c87ed1f6e9a771b53a8f,gwsearch run
5080,1778082680.6502972,fc2098317d43af66664f0f1337a49fcd8e945f0f8e21c87ed1f6e9a771b53a8f,gwsearch run
5081,1778083248.1489336,fc2098317d43af66664f0f1337a49fcd8e945f0f8e21c87ed1f6e9a771b53a8f,gwsearch run
5082,1778083899.6937792,fc2098317d43af66664f0f1337a49fcd8e945f0f8e21c87ed1f6e9a771b53a8f,gwsearch run
5083,1778084466.9172208,fc2098317d43af66664f0f1337a49fcd8e945f0f8e21c87ed1f6e9a771b53a8f,gwsearch run
5084,1778085035.671491,fc2098317d43af66664f0f1337a49fcd8e945f0f8e21c87ed1f6e9a771b53a8f,gwsearch run
5085,1778085604.63337,fc2098317d43af66664f0f1337a49fcd8e945f0f8e21c87ed1f6e9a771b53a8f,gwsearch run
5086,1778086173.426903,fc2098317d43af66664f0f1337a49fcd8e945f0f8e21c87ed1f6e9a771b53a8f,gwsearch run
5087,1778086739.143337,fc2098317d43af66664f0f1337a49fcd8e945f0f8e21c87ed1f6e9a771b53a8f,gwsearch run
5088,1778087307.4008455,fc2098317d43af66664f0f1337a49fcd8e945f0f8e21c87ed1f6e9a771b53a8f,gwsearch run
5089,1778087872.9081993,fc2098317d43af66664f0f1337a49fcd8e945f0f8e21c87ed1f6e9a771b53a8f,gwsearch run
5090,1778088440.1747198,fc2098317d43af66664f0f1337a49fcd8e945f0f8e21c87ed1f6e9a771b53a8f,gwsearch run
5091,1778089009.6496775,fc2098317d43af66664f0f1337a49fcd8e945f0f8e21c87ed1f6e9a771b53a8f,gwsearch run
5092,1778089577.4333208,fc2098317d43af66664f0f1337a49fcd8e945f0f8e21c87ed1f6e9a771b53a8f,gwsearch run
5093,1778090144.9031992,fc2098317d43af66664f0f1337a49fcd8e945f0f8e21c87ed1f6e9a771b53a8f,gwsearch run
5094,1778090710.6631155,fc2098317d43af66664f0f1337a49fcd8e945f0f8e21c87ed1f6e9a771b53a8f,gwsearch run
5095,1778091278.8921285,fc2098317d43af66664f0f1337a49fcd8e945f0f8e21c87ed1f6e9a771b53a8f,gwsearch run
5096,1778091846.679577,fc2098317d43af66664f0f1337a49fcd8e945f0f8e21c87ed1f6e9a771b53a8f,gwsearch run
5097,1778092414.6631038,fc2098317d43af66664f0f1337a49fcd8e945f0f8e21c87ed1f6e9a771b53a8f,gwsearch run
5098,1778092992.1599417,fc2098317d43af66664f0f1337a49fcd8e945f0f8e21c87ed1f6e9a771b53a8f,gwsearch run
5099,1778093647.6420045,fc2098317d43af66664f0f1337a49fcd8e945f0f8e21c87ed1f6e9a771b53a8f,gwsearch run
5100,1778094421.9430122,fc2098317d43af66664f0f1337a49fcd8e945f0f8e21c87ed1f6e9a771b53a8f,gwsearch run
5101,1778095100.139026,fc2098317d43af66664f0f1337a49fcd8e945f0f8e21c87ed1f6e9a771b53a8f,gwsearch run
5102,1778095742.172477,fc2098317d43af66664f0f1337a49fcd8e945f0f8e21c87ed1f6e9a771b53a8f,gwsearch run
5103,1778096386.171389,fc2098317d43af66664f0f1337a49fcd8e945f0f8e21c87ed1f6e9a771b53a8f,gwsearch run
5104,1778097061.6570425,fc2098317d43af66664f0f1337a49fcd8e945f0f8e21c87ed1f6e9a771b53a8f,gwsearch run
5105,1778097724.6510434,fc2098317d43af66664f0f1337a49fcd8e945f0f8e21c87ed1f6e9a771b53a8f,gwsearch run
5106,1778098414.6560242,fc2098317d43af66664f0f1337a49fcd8e945f0f8e21c87ed1f6e9a771b53a8f,gwsearch run
5107,1778099097.142026,fc2098317d43af66664f0f1337a49fcd8e945f0f8e21c87ed1f6e9a771b53a8f,gwsearch run
5108,1778099773.9294162,fc2098317d43af66664f0f1337a49fcd8e945f0f8e21c87ed1f6e9a771b53a8f,gwsearch run
5109,1778100434.6757295,fc2098317d43af66664f0f1337a49fcd8e945f0f8e21c87ed1f6e9a771b53a8f,gwsearch run
5110,1778101147.160938,fc2098317d43af66664f0f1337a49fcd8e945f0f8e21c87ed1f6e9a771b53a8f,gwsearch run
5111,1778101801.1595669,fc2098317d43af66664f0f1337a49fcd8e945f0f8e21c87ed1f6e9a771b53a8f,gwsearch run
5112,1778102447.6527412,fc2098317d43af66664f0f1337a49fcd8e945f0f8e21c87ed1f6e9a771b53a8f,gwsearch run
5113,1778103125.6667283,fc2098317d43af66664f0f1337a49fcd8e945f0f8e21c87ed1f6e9a771b53a8f,gwsearch run
5114,1778103839.4027646,fc2098317d43af66664f0f1337a49fcd8e945f0f8e21c87ed1f6e9a771b53a8f,gwsearch run
5115,1778104521.6683192,fc2098317d43af66664f0f1337a49fcd8e945f0f8e21c87ed1f6e9a771b53a8f,gwsearch run
5116,1778105208.165446,fc2098317d43af66664f0f1337a49fcd8e945f0f8e21c87ed1f6e9a771b53a8f,gwsearch run
5117,1778105916.4280336,fc2098317d43af66664f0f1337a49fcd8e945f0f8e21c87ed1f6e9a771b53a8f,gwsearch run
5118,1778106633.411767,fc2098317d43af66664f0f1337a49fcd8e945f0f8e21c87ed1f6e9a771b53a8f,gwsearch run
5119,1778107334.6292255,fc2098317d43af66664f0f1337a49fcd8e945f0f8e21c87ed1f6e9a771b53a8f,gwsearch run
5120,1778107989.7137036,fc2098317d43af66664f0f1337a49fcd8e945f0f8e21c87ed1f6e9a771b53a8f,gwsearch run
5121,1778108556.9160016,fc2098317d43af66664f0f1337a49fcd8e945f0f8e21c87ed1f6e9a771b53a8f,gwsearch run
5122,1778109122.4259179,fc2098317d43af66664f0f1337a49fcd8e945f0f8e21c87ed1f6e9a771b53a8f,gwsearch run
5123,1778109688.1669016,fc2098317d43af66664f0f1337a49fcd8e945f0f8e21c87ed1f6e9a771b53a8f,gwsearch run
5124,1778110257.1693203,fc2098317d43af66664f0f1337a49fcd8e945f0f8e21c87ed1f6e9a771b53a8f,gwsearch run
5125,1778110825.6622355,fc2098317d43af66664f0f1337a49fcd8e945f0f8e21c87ed1f6e9a771b53a8f,gwsearch run
5126,1778111393.1856904,fc2098317d43af66664f0f1337a49fcd8e945f0f8e21c87ed1f6e9a771b53a8f,gwsearch run
5127,1778111959.1660495,fc2098317d43af66664f0f1337a49fcd8e945f0f8e21c87ed1f6e9a771b53a8f,gwsearch run
5128,1778112526.8856976,fc2098317d43af66664f0f1337a49fcd8e945f0f8e21c87ed1f6e9a771b53a8f,gwsearch run
5129,1778113093.423474,fc2098317d43af66664f0f1337a49fcd8e945f0f8e21c87ed1f6e9a771b53a8f,gwsearch run
5130,1778113659.1538827,fc2098317d43af66664f0f1337a49fcd8e945f0f8e21c87ed1f6e9a771b53a8f,gwsearch run
5131,1778114227.1578672,fc2098317d43af66664f0f1337a49fcd8e945f0f8e21c87ed1f6e9a771b53a8f,gwsearch run
5132,1778114796.4084413,fc2098317d43af66664f0f1337a49fcd8e945f0f8e21c87ed1f6e9a771b53a8f,gwsearch run
5133,1778115363.422865,fc2098317d43af66664f0f1337a49fcd8e945f0f8e21c87ed1f6e9a771b53a8f,gwsearch run
5134,1778115931.4119208,fc2098317d43af66664f0f1337a49fcd8e945f0f8e21c87ed1f6e9a771b53a8f,gwsearch run
5135,1778116497.6860497,fc2098317d43af66664f0f1337a49fcd8e945f0f8e21c87ed1f6e9a771b53a8f,gwsearch run
5136,1778117066.9101207,fc2098317d43af66664f0f1337a49fcd8e945f0f8e21c87ed1f6e9a771b53a8f,gwsearch run
5137,1778117633.947067,fc2098317d43af66664f0f1337a49fcd8e945f0f8e21c87ed1f6e9a771b53a8f,gwsearch run
5138,1778118202.1510942,fc2098317d43af66664f0f1337a49fcd8e945f0f8e21c87ed1f6e9a771b53a8f,gwsearch run
5139,1778118771.1806855,fc2098317d43af66664f0f1337a49fcd8e945f0f8e21c87ed1f6e9a771b53a8f,gwsearch run
5140,1778119340.171021,fc2098317d43af66664f0f1337a49fcd8e945f0f8e21c87ed1f6e9a771b53a8f,gwsearch run
5141,1778119907.4014292,fc2098317d43af66664f0f1337a49fcd8e945f0f8e21c87ed1f6e9a771b53a8f,gwsearch run
5142,1778120474.6833334,fc2098317d43af66664f0f1337a49fcd8e945f0f8e21c87ed1f6e9a771b53a8f,gwsearch run
5143,1778121043.4241462,fc2098317d43af66664f0f1337a49fcd8e945f0f8e21c87ed1f6e9a771b53a8f,gwsearch run
5144,1778121612.413513,fc2098317d43af66664f0f1337a49fcd8e945f0f8e21c87ed1f6e9a771b53a8f,gwsearch run
5145,1778122180.6700695,fc2098317d43af66664f0f1337a49fcd8e945f0f8e21c87ed1f6e9a771b53a8f,gwsearch run
5146,1778122747.9093857,fc2098317d43af66664f0f1337a49fcd8e945f0f8e21c87ed1f6e9a771b53a8f,gwsearch run
5147,1778123313.1673079,fc2098317d43af66664f0f1337a49fcd8e945f0f8e21c87ed1f6e9a771b53a8f,gwsearch run
5148,1778123882.4130628,fc2098317d43af66664f0f1337a49fcd8e945f0f8e21c87ed1f6e9a771b53a8f,gwsearch run
5149,1778124449.6529276,fc2098317d43af66664f0f1337a49fcd8e945f0f8e21c87ed1f6e9a771b53a8f,gwsearch run
5150,1778125018.1564567,fc2098317d43af66664f0f1337a49fcd8e945f0f8e21c87ed1f6e9a771b53a8f,gwsearch run
5151,1778125587.011829,fc2098317d43af66664f0f1337a49fcd8e945f0f8e21c87ed1f6e9a771b53a8f,gwsearch run
5152,1778126156.661816,fc2098317d43af66664f0f1337a49fcd8e945f0f8e21c87ed1f6e9a771b53a8f,gwsearch run
5153,1778126725.4085283,fc2098317d43af66664f0f1337a49fcd8e945f0f8e21c87ed1f6e9a771b53a8f,gwsearch run
5154,1778127293.667445,fc2098317d43af66664f0f1337a49fcd8e945f0f8e21c87ed1f6e9a771b53a8f,gwsearch run
5155,1778127860.1509514,fc2098317d43af66664f0f1337a49fcd8e945f0f8e21c87ed1f6e9a771b53a8f,gwsearch run
5156,1778128427.9061503,fc2098317d43af66664f0f1337a49fcd8e945f0f8e21c87ed1f6e9a771b53a8f,gwsearch run
5157,1778128994.9274487,fc2098317d43af66664f0f1337a49fcd8e945f0f8e21c87ed1f6e9a771b53a8f,gwsearch run
5158,1778129562.196882,fc2098317d43af66664f0f1337a49fcd8e945f0f8e21c87ed1f6e9a771b53a8f,gwsearch run
5159,1778130129.945041,fc2098317d43af66664f0f1337a49fcd8e945f0f8e21c87ed1f6e9a771b53a8f,gwsearch run
5160,1778130702.9329824,fc2098317d43af66664f0f1337a49fcd8e945f0f8e21c87ed1f6e9a771b53a8f,gwsearch run
5161,1778131272.1592133,fc2098317d43af66664f0f1337a49fcd8e945f0f8e21c87ed1f6e9a771b53a8f,gwsearch run
5162,1778131839.4015682,fc2098317d43af66664f0f1337a49fcd8e945f0f8e21c87ed1f6e9a771b53a8f,gwsearch run
5163,1778132405.9032135,fc2098317d43af66664f0f1337a49fcd8e945f0f8e21c87ed1f6e9a771b53a8f,gwsearch run
5164,1778132974.4081748,fc2098317d43af66664f0f1337a49fcd8e945f0f8e21c87ed1f6e9a771b53a8f,gwsearch run
5165,1778133542.1652985,fc2098317d43af66664f0f1337a49fcd8e945f0f8e21c87ed1f6e9a771b53a8f,gwsearch run
5166,1778134108.6594036,fc2098317d43af66664f0f1337a49fcd8e945f0f8e21c87ed1f6e9a771b53a8f,gwsearch run
5167,1778134678.6552587,fc2098317d43af66664f0f1337a49fcd8e945f0f8e21c87ed1f6e9a771b53a8f,gwsearch run
5168,1778135246.160845,fc2098317d43af66664f0f1337a49fcd8e945f0f8e21c87ed1f6e9a771b53a8f,gwsearch run
5169,1778135816.8976371,fc2098317d43af66664f0f1337a49fcd8e945f0f8e21c87ed1f6e9a771b53a8f,gwsearch run
5170,1778136386.931994,fc2098317d43af66664f0f1337a49fcd8e945f0f8e21c87ed1f6e9a771b53a8f,gwsearch run
5171,1778136956.4301193,fc2098317d43af66664f0f1337a49fcd8e945f0f8e21c87ed1f6e9a771b53a8f,gwsearch run
5172,1778137524.4303672,fc2098317d43af66664f0f1337a49fcd8e945f0f8e21c87ed1f6e9a771b53a8f,gwsearch run
5173,1778138090.6526937,fc2098317d43af66664f0f1337a49fcd8e945f0f8e21c87ed1f6e9a771b53a8f,gwsearch run
5174,1778138659.4341059,fc2098317d43af66664f0f1337a49fcd8e945f0f8e21c87ed1f6e9a771b53a8f,gwsearch run
5175,1778139227.4115539,fc2098317d43af66664f0f1337a49fcd8e945f0f8e21c87ed1f6e9a771b53a8f,gwsearch run
5176,1778139801.6679056,fc2098317d43af66664f0f1337a49fcd8e945f0f8e21c87ed1f6e9a771b53a8f,gwsearch run
5177,1778140370.6680415,fc2098317d43af66664f0f1337a49fcd8e945f0f8e21c87ed1f6e9a771b53a8f,gwsearch run
5178,1778140937.4243906,fc2098317d43af66664f0f1337a49fcd8e945f0f8e21c87ed1f6e9a771b53a8f,gwsearch run
5179,1778141509.6477041,fc2098317d43af66664f0f1337a49fcd8e945f0f8e21c87ed1f6e9a771b53a8f,gwsearch run
5180,1778142076.8985214,fc2098317d43af66664f0f1337a49fcd8e945f0f8e21c87ed1f6e9a771b53a8f,gwsearch run
5181,1778142643.4003077,fc2098317d43af66664f0f1337a49fcd8e945f0f8e21c87ed1f6e9a771b53a8f,gwsearch run
5182,1778143211.9190102,fc2098317d43af66664f0f1337a49fcd8e945f0f8e21c87ed1f6e9a771b53a8f,gwsearch run
5183,1778143782.6832137,fc2098317d43af66664f0f1337a49fcd8e945f0f8e21c87ed1f6e9a771b53a8f,gwsearch run
5184,1778144350.169002,fc2098317d43af66664f0f1337a49fcd8e945f0f8e21c87ed1f6e9a771b53a8f,gwsearch run
5185,1778144920.1494381,fc2098317d43af66664f0f1337a49fcd8e945f0f8e21c87ed1f6e9a771b53a8f,gwsearch run
5186,1778145489.6658432,fc2098317d43af66664f0f1337a49fcd8e945f0f8e21c87ed1f6e9a771b53a8f,gwsearch run
5187,1778146057.4011104,fc2098317d43af66664f0f1337a49fcd8e945f0f8e21c87ed1f6e9a771b53a8f,gwsearch run
5188,1778146625.9015641,fc2098317d43af66664f0f1337a49fcd8e945f0f8e21c87ed1f6e9a771b53a8f,gwsearch run
5189,1778147191.6549978,fc2098317d43af66664f0f1337a49fcd8e945f0f8e21c87ed1f6e9a771b53a8f,gwsearch run
5190,1778147758.4081304,fc2098317d43af66664f0f1337a49fcd8e945f0f8e21c87ed1f6e9a771b53a8f,gwsearch run
5191,1778148325.659218,fc2098317d43af66664f0f1337a49fcd8e945f0f8e21c87ed1f6e9a771b53a8f,gwsearch run
5192,1778148891.6659513,fc2098317d43af66664f0f1337a49fcd8e945f0f8e21c87ed1f6e9a771b53a8f,gwsearch run
5193,1778149464.1786504,fc2098317d43af66664f0f1337a49fcd8e945f0f8e21c87ed1f6e9a771b53a8f,gwsearch run
5194,1778150033.164529,fc2098317d43af66664f0f1337a49fcd8e945f0f8e21c87ed1f6e9a771b53a8f,gwsearch run
5195,1778150598.3851218,fc2098317d43af66664f0f1337a49fcd8e945f0f8e21c87ed1f6e9a771b53a8f,gwsearch run
5196,1778151165.4066236,fc2098317d43af66664f0f1337a49fcd8e945f0f8e21c87ed1f6e9a771b53a8f,gwsearch run
5197,1778151733.6700513,fc2098317d43af66664f0f1337a49fcd8e945f0f8e21c87ed1f6e9a771b53a8f,gwsearch run
5198,1778152301.9107957,fc2098317d43af66664f0f1337a49fcd8e945f0f8e21c87ed1f6e9a771b53a8f,gwsearch run
5199,1778152867.9211674,fc2098317d43af66664f0f1337a49fcd8e945f0f8e21c87ed1f6e9a771b53a8f,gwsearch run
5200,1778153437.1331592,fc2098317d43af66664f0f1337a49fcd8e945f0f8e21c87ed1f6e9a771b53a8f,gwsearch run
5201,1778154004.9241412,fc2098317d43af66664f0f1337a49fcd8e945f0f8e21c87ed1f6e9a771b53a8f,gwsearch run
5202,1778154574.6607566,fc2098317d43af66664f0f1337a49fcd8e945f0f8e21c87ed1f6e9a771b53a8f,gwsearch run
5203,1778155143.896781,fc2098317d43af66664f0f1337a49fcd8e945f0f8e21c87ed1f6e9a771b53a8f,gwsearch run
5204,1778155711.649544,fc2098317d43af66664f0f1337a49fcd8e945f0f8e21c87ed1f6e9a771b53a8f,gwsearch run
5205,1778156279.6716347,fc2098317d43af66664f0f1337a49fcd8e945f0f8e21c87ed1f6e9a771b53a8f,gwsearch run
5206,1778156848.4262617,fc2098317d43af66664f0f1337a49fcd8e945f0f8e21c87ed1f6e9a771b53a8f,gwsearch run
5207,1778157417.9193227,fc2098317d43af66664f0f1337a49fcd8e945f0f8e21c87ed1f6e9a771b53a8f,gwsearch run
5208,1778157985.4285553,fc2098317d43af66664f0f1337a49fcd8e945f0f8e21c87ed1f6e9a771b53a8f,gwsearch run
5209,1778158555.1681073,fc2098317d43af66664f0f1337a49fcd8e945f0f8e21c87ed1f6e9a771b53a8f,gwsearch run
5210,1778159122.4170318,fc2098317d43af66664f0f1337a49fcd8e945f0f8e21c87ed1f6e9a771b53a8f,gwsearch run
5211,1778159688.4259295,fc2098317d43af66664f0f1337a49fcd8e945f0f8e21c87ed1f6e9a771b53a8f,gwsearch run
5212,1778160255.6501846,fc2098317d43af66664f0f1337a49fcd8e945f0f8e21c87ed1f6e9a771b53a8f,gwsearch run
5213,1778160824.9170911,fc2098317d43af66664f0f1337a49fcd8e945f0f8e21c87ed1f6e9a771b53a8f,gwsearch run
5214,1778161392.6588032,fc2098317d43af66664f0f1337a49fcd8e945f0f8e21c87ed1f6e9a771b53a8f,gwsearch run
5215,1778161959.9260683,fc2098317d43af66664f0f1337a49fcd8e945f0f8e21c87ed1f6e9a771b53a8f,gwsearch run
5216,1778162533.1343024,fc2098317d43af66664f0f1337a49fcd8e945f0f8e21c87ed1f6e9a771b53a8f,gwsearch run
5217,1778163102.1655946,fc2098317d43af66664f0f1337a49fcd8e945f0f8e21c87ed1f6e9a771b53a8f,gwsearch run
5218,1778163671.169391,fc2098317d43af66664f0f1337a49fcd8e945f0f8e21c87ed1f6e9a771b53a8f,gwsearch run
5219,1778164239.9191015,fc2098317d43af66664f0f1337a49fcd8e945f0f8e21c87ed1f6e9a771b53a8f,gwsearch run
5220,1778164813.4164848,fc2098317d43af66664f0f1337a49fcd8e945f0f8e21c87ed1f6e9a771b53a8f,gwsearch run
5221,1778165382.5973694,fc2098317d43af66664f0f1337a49fcd8e945f0f8e21c87ed1f6e9a771b53a8f,gwsearch run
5222,1778165951.4051738,fc2098317d43af66664f0f1337a49fcd8e945f0f8e21c87ed1f6e9a771b53a8f,gwsearch run
5223,1778166519.9216034,fc2098317d43af66664f0f1337a49fcd8e945f0f8e21c87ed1f6e9a771b53a8f,gwsearch run
5224,1778167088.653279,fc2098317d43af66664f0f1337a49fcd8e945f0f8e21c87ed1f6e9a771b53a8f,gwsearch run
5225,1778167657.919102,fc2098317d43af66664f0f1337a49fcd8e945f0f8e21c87ed1f6e9a771b53a8f,gwsearch run
5226,1778168227.9100485,fc2098317d43af66664f0f1337a49fcd8e945f0f8e21c87ed1f6e9a771b53a8f,gwsearch run
5227,1778168797.6626613,fc2098317d43af66664f0f1337a49fcd8e945f0f8e21c87ed1f6e9a771b53a8f,gwsearch run
5228,1778169363.9424472,fc2098317d43af66664f0f1337a49fcd8e945f0f8e21c87ed1f6e9a771b53a8f,gwsearch run
5229,1778169938.6448085,fc2098317d43af66664f0f1337a49fcd8e945f0f8e21c87ed1f6e9a771b53a8f,gwsearch run
5230,1778170507.1564865,fc2098317d43af66664f0f1337a49fcd8e945f0f8e21c87ed1f6e9a771b53a8f,gwsearch run
5231,1778171075.4189436,fc2098317d43af66664f0f1337a49fcd8e945f0f8e21c87ed1f6e9a771b53a8f,gwsearch run
5232,1778171646.4152956,fc2098317d43af66664f0f1337a49fcd8e945f0f8e21c87ed1f6e9a771b53a8f,gwsearch run
5233,1778172214.9200919,fc2098317d43af66664f0f1337a49fcd8e945f0f8e21c87ed1f6e9a771b53a8f,gwsearch run
5234,1778172782.659828,fc2098317d43af66664f0f1337a49fcd8e945f0f8e21c87ed1f6e9a771b53a8f,gwsearch run
5235,1778173351.1552114,fc2098317d43af66664f0f1337a49fcd8e945f0f8e21c87ed1f6e9a771b53a8f,gwsearch run
5236,1778173919.66095,fc2098317d43af66664f0f1337a49fcd8e945f0f8e21c87ed1f6e9a771b53a8f,gwsearch run
5237,1778174487.4206407,fc2098317d43af66664f0f1337a49fcd8e945f0f8e21c87ed1f6e9a771b53a8f,gwsearch run
5238,1778175057.1568172,fc2098317d43af66664f0f1337a49fcd8e945f0f8e21c87ed1f6e9a771b53a8f,gwsearch run
5239,1778175622.921797,fc2098317d43af66664f0f1337a49fcd8e945f0f8e21c87ed1f6e9a771b53a8f,gwsearch run
5240,1778176189.909968,fc2098317d43af66664f0f1337a49fcd8e945f0f8e21c87ed1f6e9a771b53a8f,gwsearch run
5241,1778176758.4175823,fc2098317d43af66664f0f1337a49fcd8e945f0f8e21c87ed1f6e9a771b53a8f,gwsearch run
5242,1778177326.4301314,fc2098317d43af66664f0f1337a49fcd8e945f0f8e21c87ed1f6e9a771b53a8f,gwsearch run
5243,1778177902.934019,fc2098317d43af66664f0f1337a49fcd8e945f0f8e21c87ed1f6e9a771b53a8f,gwsearch run
5244,1778178470.942157,fc2098317d43af66664f0f1337a49fcd8e945f0f8e21c87ed1f6e9a771b53a8f,gwsearch run
5245,1778179036.1523087,fc2098317d43af66664f0f1337a49fcd8e945f0f8e21c87ed1f6e9a771b53a8f,gwsearch run
5246,1778179602.4126878,fc2098317d43af66664f0f1337a49fcd8e945f0f8e21c87ed1f6e9a771b53a8f,gwsearch run
5247,1778180169.164271,fc2098317d43af66664f0f1337a49fcd8e945f0f8e21c87ed1f6e9a771b53a8f,gwsearch run
5248,1778180736.9256732,fc2098317d43af66664f0f1337a49fcd8e945f0f8e21c87ed1f6e9a771b53a8f,gwsearch run
5249,1778181301.9277804,fc2098317d43af66664f0f1337a49fcd8e945f0f8e21c87ed1f6e9a771b53a8f,gwsearch run
5250,1778181869.6603198,fc2098317d43af66664f0f1337a49fcd8e945f0f8e21c87ed1f6e9a771b53a8f,gwsearch run
5251,1778182434.1464293,fc2098317d43af66664f0f1337a49fcd8e945f0f8e21c87ed1f6e9a771b53a8f,gwsearch run
5252,1778183003.917659,fc2098317d43af66664f0f1337a49fcd8e945f0f8e21c87ed1f6e9a771b53a8f,gwsearch run
5253,1778183571.9210439,fc2098317d43af66664f0f1337a49fcd8e945f0f8e21c87ed1f6e9a771b53a8f,gwsearch run
5254,1778184140.1647747,fc2098317d43af66664f0f1337a49fcd8e945f0f8e21c87ed1f6e9a771b53a8f,gwsearch run
5255,1778184706.668247,fc2098317d43af66664f0f1337a49fcd8e945f0f8e21c87ed1f6e9a771b53a8f,gwsearch run
5256,1778185274.6746047,fc2098317d43af66664f0f1337a49fcd8e945f0f8e21c87ed1f6e9a771b53a8f,gwsearch run
5257,1778185840.6860168,fc2098317d43af66664f0f1337a49fcd8e945f0f8e21c87ed1f6e9a771b53a8f,gwsearch run
5258,1778186406.6762836,fc2098317d43af66664f0f1337a49fcd8e945f0f8e21c87ed1f6e9a771b53a8f,gwsearch run
5259,1778186974.1564786,fc2098317d43af66664f0f1337a49fcd8e945f0f8e21c87ed1f6e9a771b53a8f,gwsearch run
5260,1778187542.6671815,fc2098317d43af66664f0f1337a49fcd8e945f0f8e21c87ed1f6e9a771b53a8f,gwsearch run
5261,1778188107.6697104,fc2098317d43af66664f0f1337a49fcd8e945f0f8e21c87ed1f6e9a771b53a8f,gwsearch run
5262,1778188674.908466,fc2098317d43af66664f0f1337a49fcd8e945f0f8e21c87ed1f6e9a771b53a8f,gwsearch run
5263,1778189240.6788287,fc2098317d43af66664f0f1337a49fcd8e945f0f8e21c87ed1f6e9a771b53a8f,gwsearch run
5264,1778189808.9298098,fc2098317d43af66664f0f1337a49fcd8e945f0f8e21c87ed1f6e9a771b53a8f,gwsearch run
5265,1778190373.923695,fc2098317d43af66664f0f1337a49fcd8e945f0f8e21c87ed1f6e9a771b53a8f,gwsearch run
5266,1778190942.4190483,fc2098317d43af66664f0f1337a49fcd8e945f0f8e21c87ed1f6e9a771b53a8f,gwsearch run
5267,1778191509.6690202,fc2098317d43af66664f0f1337a49fcd8e945f0f8e21c87ed1f6e9a771b53a8f,gwsearch run
5268,1778192077.1529896,fc2098317d43af66664f0f1337a49fcd8e945f0f8e21c87ed1f6e9a771b53a8f,gwsearch run
5269,1778192646.6776776,fc2098317d43af66664f0f1337a49fcd8e945f0f8e21c87ed1f6e9a771b53a8f,gwsearch run
5270,1778193216.6607928,fc2098317d43af66664f0f1337a49fcd8e945f0f8e21c87ed1f6e9a771b53a8f,gwsearch run
5271,1778193781.909019,fc2098317d43af66664f0f1337a49fcd8e945f0f8e21c87ed1f6e9a771b53a8f,gwsearch run
5272,1778194350.1830513,fc2098317d43af66664f0f1337a49fcd8e945f0f8e21c87ed1f6e9a771b53a8f,gwsearch run
5273,1778194917.4223273,fc2098317d43af66664f0f1337a49fcd8e945f0f8e21c87ed1f6e9a771b53a8f,gwsearch run
5274,1778195485.8970857,fc2098317d43af66664f0f1337a49fcd8e945f0f8e21c87ed1f6e9a771b53a8f,gwsearch run
5275,1778196054.4042544,fc2098317d43af66664f0f1337a49fcd8e945f0f8e21c87ed1f6e9a771b53a8f,gwsearch run
5276,1778196622.6600385,fc2098317d43af66664f0f1337a49fcd8e945f0f8e21c87ed1f6e9a771b53a8f,gwsearch run
5277,1778197191.4053957,fc2098317d43af66664f0f1337a49fcd8e945f0f8e21c87ed1f6e9a771b53a8f,gwsearch run
5278,1778197758.9092665,fc2098317d43af66664f0f1337a49fcd8e945f0f8e21c87ed1f6e9a771b53a8f,gwsearch run
5279,1778198327.4191713,fc2098317d43af66664f0f1337a49fcd8e945f0f8e21c87ed1f6e9a771b53a8f,gwsearch run
5280,1778198895.173304,fc2098317d43af66664f0f1337a49fcd8e945f0f8e21c87ed1f6e9a771b53a8f,gwsearch run
5281,1778199463.9241316,fc2098317d43af66664f0f1337a49fcd8e945f0f8e21c87ed1f6e9a771b53a8f,gwsearch run
5282,1778200031.9272418,fc2098317d43af66664f0f1337a49fcd8e945f0f8e21c87ed1f6e9a771b53a8f,gwsearch run
5283,1778200600.1460214,fc2098317d43af66664f0f1337a49fcd8e945f0f8e21c87ed1f6e9a771b53a8f,gwsearch run
5284,1778201166.4288678,fc2098317d43af66664f0f1337a49fcd8e945f0f8e21c87ed1f6e9a771b53a8f,gwsearch run
5285,1778201744.6771998,fc2098317d43af66664f0f1337a49fcd8e945f0f8e21c87ed1f6e9a771b53a8f,gwsearch run
5286,1778202310.18149,fc2098317d43af66664f0f1337a49fcd8e945f0f8e21c87ed1f6e9a771b53a8f,gwsearch run
5287,1778202879.9055102,fc2098317d43af66664f0f1337a49fcd8e945f0f8e21c87ed1f6e9a771b53a8f,gwsearch run
5288,1778203448.4254737,fc2098317d43af66664f0f1337a49fcd8e945f0f8e21c87ed1f6e9a771b53a8f,gwsearch run
5289,1778204018.4047673,fc2098317d43af66664f0f1337a49fcd8e945f0f8e21c87ed1f6e9a771b53a8f,gwsearch run
5290,1778204583.8931518,fc2098317d43af66664f0f1337a49fcd8e945f0f8e21c87ed1f6e9a771b53a8f,gwsearch run
5291,1778205151.6710663,fc2098317d43af66664f0f1337a49fcd8e945f0f8e21c87ed1f6e9a771b53a8f,gwsearch run
5292,1778205719.4067967,fc2098317d43af66664f0f1337a49fcd8e945f0f8e21c87ed1f6e9a771b53a8f,gwsearch run
5293,1778206287.6583648,fc2098317d43af66664f0f1337a49fcd8e945f0f8e21c87ed1f6e9a771b53a8f,gwsearch run
5294,1778206854.6623356,fc2098317d43af66664f0f1337a49fcd8e945f0f8e21c87ed1f6e9a771b53a8f,gwsearch run
5295,1778207423.1587746,fc2098317d43af66664f0f1337a49fcd8e945f0f8e21c87ed1f6e9a771b53a8f,gwsearch run
5296,1778207991.419961,fc2098317d43af66664f0f1337a49fcd8e945f0f8e21c87ed1f6e9a771b53a8f,gwsearch run
5297,1778208559.1440206,fc2098317d43af66664f0f1337a49fcd8e945f0f8e21c87ed1f6e9a771b53a8f,gwsearch run
5298,1778209126.2148936,fc2098317d43af66664f0f1337a49fcd8e945f0f8e21c87ed1f6e9a771b53a8f,gwsearch run
5299,1778209692.6673126,fc2098317d43af66664f0f1337a49fcd8e945f0f8e21c87ed1f6e9a771b53a8f,gwsearch run
5300,1778210261.1585896,fc2098317d43af66664f0f1337a49fcd8e945f0f8e21c87ed1f6e9a771b53a8f,gwsearch run
5301,1778210826.922526,fc2098317d43af66664f0f1337a49fcd8e945f0f8e21c87ed1f6e9a771b53a8f,gwsearch run
5302,1778211395.641455,fc2098317d43af66664f0f1337a49fcd8e945f0f8e21c87ed1f6e9a771b53a8f,gwsearch run
5303,1778211963.141627,fc2098317d43af66664f0f1337a49fcd8e945f0f8e21c87ed1f6e9a771b53a8f,gwsearch run
5304,1778212531.1692019,fc2098317d43af66664f0f1337a49fcd8e945f0f8e21c87ed1f6e9a771b53a8f,gwsearch run
5305,1778213097.661957,fc2098317d43af66664f0f1337a49fcd8e945f0f8e21c87ed1f6e9a771b53a8f,gwsearch run
5306,1778213667.4101355,fc2098317d43af66664f0f1337a49fcd8e945f0f8e21c87ed1f6e9a771b53a8f,gwsearch run
5307,1778214233.6647804,fc2098317d43af66664f0f1337a49fcd8e945f0f8e21c87ed1f6e9a771b53a8f,gwsearch run
5308,1778214803.4050343,fc2098317d43af66664f0f1337a49fcd8e945f0f8e21c87ed1f6e9a771b53a8f,gwsearch run
5309,1778215371.6711957,fc2098317d43af66664f0f1337a49fcd8e945f0f8e21c87ed1f6e9a771b53a8f,gwsearch run
5310,1778215940.658648,fc2098317d43af66664f0f1337a49fcd8e945f0f8e21c87ed1f6e9a771b53a8f,gwsearch run
5311,1778216505.4173925,fc2098317d43af66664f0f1337a49fcd8e945f0f8e21c87ed1f6e9a771b53a8f,gwsearch run
5312,1778217074.1843128,fc2098317d43af66664f0f1337a49fcd8e945f0f8e21c87ed1f6e9a771b53a8f,gwsearch run
5313,1778217640.4103084,fc2098317d43af66664f0f1337a49fcd8e945f0f8e21c87ed1f6e9a771b53a8f,gwsearch run
5314,1778218207.3966556,fc2098317d43af66664f0f1337a49fcd8e945f0f8e21c87ed1f6e9a771b53a8f,gwsearch run
5315,1778218774.653642,fc2098317d43af66664f0f1337a49fcd8e945f0f8e21c87ed1f6e9a771b53a8f,gwsearch run
5316,1778219342.6744416,fc2098317d43af66664f0f1337a49fcd8e945f0f8e21c87ed1f6e9a771b53a8f,gwsearch run
5317,1778219912.4409094,fc2098317d43af66664f0f1337a49fcd8e945f0f8e21c87ed1f6e9a771b53a8f,gwsearch run
5318,1778220480.173743,fc2098317d43af66664f0f1337a49fcd8e945f0f8e21c87ed1f6e9a771b53a8f,gwsearch run
5319,1778221049.160815,fc2098317d43af66664f0f1337a49fcd8e945f0f8e21c87ed1f6e9a771b53a8f,gwsearch run
5320,1778221616.66759,fc2098317d43af66664f0f1337a49fcd8e945f0f8e21c87ed1f6e9a771b53a8f,gwsearch run
5321,1778222184.7815368,fc2098317d43af66664f0f1337a49fcd8e945f0f8e21c87ed1f6e9a771b53a8f,gwsearch run
5322,1778222753.8949766,fc2098317d43af66664f0f1337a49fcd8e945f0f8e21c87ed1f6e9a771b53a8f,gwsearch run
5323,1778223320.1467557,fc2098317d43af66664f0f1337a49fcd8e945f0f8e21c87ed1f6e9a771b53a8f,gwsearch run
5324,1778223897.175032,fc2098317d43af66664f0f1337a49fcd8e945f0f8e21c87ed1f6e9a771b53a8f,gwsearch run
5325,1778224466.1305242,fc2098317d43af66664f0f1337a49fcd8e945f0f8e21c87ed1f6e9a771b53a8f,gwsearch run
5326,1778225033.6603076,fc2098317d43af66664f0f1337a49fcd8e945f0f8e21c87ed1f6e9a771b53a8f,gwsearch run
5327,1778225599.664658,fc2098317d43af66664f0f1337a49fcd8e945f0f8e21c87ed1f6e9a771b53a8f,gwsearch run
5328,1778226167.1700587,fc2098317d43af66664f0f1337a49fcd8e945f0f8e21c87ed1f6e9a771b53a8f,gwsearch run
5329,1778226734.4029918,fc2098317d43af66664f0f1337a49fcd8e945f0f8e21c87ed1f6e9a771b53a8f,gwsearch run
5330,1778227302.1860564,fc2098317d43af66664f0f1337a49fcd8e945f0f8e21c87ed1f6e9a771b53a8f,gwsearch run
5331,1778227870.4129534,fc2098317d43af66664f0f1337a49fcd8e945f0f8e21c87ed1f6e9a771b53a8f,gwsearch run
5332,1778228438.1899698,fc2098317d43af66664f0f1337a49fcd8e945f0f8e21c87ed1f6e9a771b53a8f,gwsearch run
5333,1778229007.6650176,fc2098317d43af66664f0f1337a49fcd8e945f0f8e21c87ed1f6e9a771b53a8f,gwsearch run
5334,1778229576.408447,fc2098317d43af66664f0f1337a49fcd8e945f0f8e21c87ed1f6e9a771b53a8f,gwsearch run
5335,1778230144.4144862,fc2098317d43af66664f0f1337a49fcd8e945f0f8e21c87ed1f6e9a771b53a8f,gwsearch run
5336,1778230714.431174,fc2098317d43af66664f0f1337a49fcd8e945f0f8e21c87ed1f6e9a771b53a8f,gwsearch run
5337,1778231282.4317114,fc2098317d43af66664f0f1337a49fcd8e945f0f8e21c87ed1f6e9a771b53a8f,gwsearch run
5338,1778231851.674154,fc2098317d43af66664f0f1337a49fcd8e945f0f8e21c87ed1f6e9a771b53a8f,gwsearch run
5339,1778232419.6484628,fc2098317d43af66664f0f1337a49fcd8e945f0f8e21c87ed1f6e9a771b53a8f,gwsearch run
5340,1778232987.6620553,fc2098317d43af66664f0f1337a49fcd8e945f0f8e21c87ed1f6e9a771b53a8f,gwsearch run
5341,1778233554.1483576,fc2098317d43af66664f0f1337a49fcd8e945f0f8e21c87ed1f6e9a771b53a8f,gwsearch run
5342,1778234122.6475506,fc2098317d43af66664f0f1337a49fcd8e945f0f8e21c87ed1f6e9a771b53a8f,gwsearch run
5343,1778234691.1685243,fc2098317d43af66664f0f1337a49fcd8e945f0f8e21c87ed1f6e9a771b53a8f,gwsearch run
5344,1778235259.892083,fc2098317d43af66664f0f1337a49fcd8e945f0f8e21c87ed1f6e9a771b53a8f,gwsearch run
5345,1778235828.1829593,fc2098317d43af66664f0f1337a49fcd8e945f0f8e21c87ed1f6e9a771b53a8f,gwsearch run
5346,1778236395.1972399,fc2098317d43af66664f0f1337a49fcd8e945f0f8e21c87ed1f6e9a771b53a8f,gwsearch run
5347,1778236962.659111,fc2098317d43af66664f0f1337a49fcd8e945f0f8e21c87ed1f6e9a771b53a8f,gwsearch run
5348,1778237533.4262533,fc2098317d43af66664f0f1337a49fcd8e945f0f8e21c87ed1f6e9a771b53a8f,gwsearch run
5349,1778238102.4552646,fc2098317d43af66664f0f1337a49fcd8e945f0f8e21c87ed1f6e9a771b53a8f,gwsearch run
5350,1778238672.4176853,fc2098317d43af66664f0f1337a49fcd8e945f0f8e21c87ed1f6e9a771b53a8f,gwsearch run
5351,1778239240.4064205,fc2098317d43af66664f0f1337a49fcd8e945f0f8e21c87ed1f6e9a771b53a8f,gwsearch run
5352,1778239809.6546004,fc2098317d43af66664f0f1337a49fcd8e945f0f8e21c87ed1f6e9a771b53a8f,gwsearch run
5353,1778240377.4097958,fc2098317d43af66664f0f1337a49fcd8e945f0f8e21c87ed1f6e9a771b53a8f,gwsearch run
5354,1778240946.173028,fc2098317d43af66664f0f1337a49fcd8e945f0f8e21c87ed1f6e9a771b53a8f,gwsearch run
5355,1778241513.4303648,fc2098317d43af66664f0f1337a49fcd8e945f0f8e21c87ed1f6e9a771b53a8f,gwsearch run
5356,1778242082.4155297,fc2098317d43af66664f0f1337a49fcd8e945f0f8e21c87ed1f6e9a771b53a8f,gwsearch run
5357,1778242648.1617694,fc2098317d43af66664f0f1337a49fcd8e945f0f8e21c87ed1f6e9a771b53a8f,gwsearch run
5358,1778243215.1735342,fc2098317d43af66664f0f1337a49fcd8e945f0f8e21c87ed1f6e9a771b53a8f,gwsearch run
5359,1778243784.4333782,fc2098317d43af66664f0f1337a49fcd8e945f0f8e21c87ed1f6e9a771b53a8f,gwsearch run
5360,1778244351.906152,fc2098317d43af66664f0f1337a49fcd8e945f0f8e21c87ed1f6e9a771b53a8f,gwsearch run
5361,1778244919.915569,fc2098317d43af66664f0f1337a49fcd8e945f0f8e21c87ed1f6e9a771b53a8f,gwsearch run
5362,1778245488.4259608,fc2098317d43af66664f0f1337a49fcd8e945f0f8e21c87ed1f6e9a771b53a8f,gwsearch run
5363,1778246057.9046276,fc2098317d43af66664f0f1337a49fcd8e945f0f8e21c87ed1f6e9a771b53a8f,gwsearch run
5364,1778246627.6555936,fc2098317d43af66664f0f1337a49fcd8e945f0f8e21c87ed1f6e9a771b53a8f,gwsearch run
5365,1778247194.668034,fc2098317d43af66664f0f1337a49fcd8e945f0f8e21c87ed1f6e9a771b53a8f,gwsearch run
5366,1778247761.4301305,fc2098317d43af66664f0f1337a49fcd8e945f0f8e21c87ed1f6e9a771b53a8f,gwsearch run
5367,1778248328.921532,fc2098317d43af66664f0f1337a49fcd8e945f0f8e21c87ed1f6e9a771b53a8f,gwsearch run
5368,1778248897.406639,fc2098317d43af66664f0f1337a49fcd8e945f0f8e21c87ed1f6e9a771b53a8f,gwsearch run
5369,1778249464.4236069,fc2098317d43af66664f0f1337a49fcd8e945f0f8e21c87ed1f6e9a771b53a8f,gwsearch run
5370,1778250033.913676,fc2098317d43af66664f0f1337a49fcd8e945f0f8e21c87ed1f6e9a771b53a8f,gwsearch run
5371,1778250602.420203,fc2098317d43af66664f0f1337a49fcd8e945f0f8e21c87ed1f6e9a771b53a8f,gwsearch run
5372,1778251171.9325678,fc2098317d43af66664f0f1337a49fcd8e945f0f8e21c87ed1f6e9a771b53a8f,gwsearch run
5373,1778251737.9309688,fc2098317d43af66664f0f1337a49fcd8e945f0f8e21c87ed1f6e9a771b53a8f,gwsearch run
5374,1778252304.1919112,fc2098317d43af66664f0f1337a49fcd8e945f0f8e21c87ed1f6e9a771b53a8f,gwsearch run
5375,1778252873.1655707,fc2098317d43af66664f0f1337a49fcd8e945f0f8e21c87ed1f6e9a771b53a8f,gwsearch run
5376,1778253441.6525242,fc2098317d43af66664f0f1337a49fcd8e945f0f8e21c87ed1f6e9a771b53a8f,gwsearch run
5377,1778254009.3745167,fc2098317d43af66664f0f1337a49fcd8e945f0f8e21c87ed1f6e9a771b53a8f,gwsearch run
5378,1778254578.917461,fc2098317d43af66664f0f1337a49fcd8e945f0f8e21c87ed1f6e9a771b53a8f,gwsearch run
5379,1778255147.926315,fc2098317d43af66664f0f1337a49fcd8e945f0f8e21c87ed1f6e9a771b53a8f,gwsearch run
5380,1778255718.6684093,fc2098317d43af66664f0f1337a49fcd8e945f0f8e21c87ed1f6e9a771b53a8f,gwsearch run
5381,1778256286.1437402,fc2098317d43af66664f0f1337a49fcd8e945f0f8e21c87ed1f6e9a771b53a8f,gwsearch run
5382,1778256855.1582298,fc2098317d43af66664f0f1337a49fcd8e945f0f8e21c87ed1f6e9a771b53a8f,gwsearch run
5383,1778257434.8972058,fc2098317d43af66664f0f1337a49fcd8e945f0f8e21c87ed1f6e9a771b53a8f,gwsearch run
5384,1778258003.658911,fc2098317d43af66664f0f1337a49fcd8e945f0f8e21c87ed1f6e9a771b53a8f,gwsearch run
5385,1778258571.9108675,fc2098317d43af66664f0f1337a49fcd8e945f0f8e21c87ed1f6e9a771b53a8f,gwsearch run
5386,1778259141.6684546,fc2098317d43af66664f0f1337a49fcd8e945f0f8e21c87ed1f6e9a771b53a8f,gwsearch run
5387,1778259711.4189265,fc2098317d43af66664f0f1337a49fcd8e945f0f8e21c87ed1f6e9a771b53a8f,gwsearch run
5388,1778260276.9286747,fc2098317d43af66664f0f1337a49fcd8e945f0f8e21c87ed1f6e9a771b53a8f,gwsearch run
5389,1778260844.414244,fc2098317d43af66664f0f1337a49fcd8e945f0f8e21c87ed1f6e9a771b53a8f,gwsearch run
5390,1778261412.4150665,fc2098317d43af66664f0f1337a49fcd8e945f0f8e21c87ed1f6e9a771b53a8f,gwsearch run
5391,1778261981.9239728,fc2098317d43af66664f0f1337a49fcd8e945f0f8e21c87ed1f6e9a771b53a8f,gwsearch run
5392,1778262549.8924847,fc2098317d43af66664f0f1337a49fcd8e945f0f8e21c87ed1f6e9a771b53a8f,gwsearch run
5393,1778263123.4439266,fc2098317d43af66664f0f1337a49fcd8e945f0f8e21c87ed1f6e9a771b53a8f,gwsearch run
5394,1778263691.6679409,fc2098317d43af66664f0f1337a49fcd8e945f0f8e21c87ed1f6e9a771b53a8f,gwsearch run
5395,1778264259.1700013,fc2098317d43af66664f0f1337a49fcd8e945f0f8e21c87ed1f6e9a771b53a8f,gwsearch run
5396,1778264830.1830797,fc2098317d43af66664f0f1337a49fcd8e945f0f8e21c87ed1f6e9a771b53a8f,gwsearch run
5397,1778265399.1727464,fc2098317d43af66664f0f1337a49fcd8e945f0f8e21c87ed1f6e9a771b53a8f,gwsearch run
5398,1778265965.3945997,fc2098317d43af66664f0f1337a49fcd8e945f0f8e21c87ed1f6e9a771b53a8f,gwsearch run
5399,1778266540.664793,fc2098317d43af66664f0f1337a49fcd8e945f0f8e21c87ed1f6e9a771b53a8f,gwsearch run
5400,1778267109.3954248,fc2098317d43af66664f0f1337a49fcd8e945f0f8e21c87ed1f6e9a771b53a8f,gwsearch run
5401,1778267677.1450791,fc2098317d43af66664f0f1337a49fcd8e945f0f8e21c87ed1f6e9a771b53a8f,gwsearch run
5402,1778268248.1551285,fc2098317d43af66664f0f1337a49fcd8e945f0f8e21c87ed1f6e9a771b53a8f,gwsearch run
5403,1778268816.1551027,fc2098317d43af66664f0f1337a49fcd8e945f0f8e21c87ed1f6e9a771b53a8f,gwsearch run
5404,1778269383.64707,fc2098317d43af66664f0f1337a49fcd8e945f0f8e21c87ed1f6e9a771b53a8f,gwsearch run
5405,1778269951.908538,fc2098317d43af66664f0f1337a49fcd8e945f0f8e21c87ed1f6e9a771b53a8f,gwsearch run
5406,1778270521.4232433,fc2098317d43af66664f0f1337a49fcd8e945f0f8e21c87ed1f6e9a771b53a8f,gwsearch run
5407,1778271097.6427402,fc2098317d43af66664f0f1337a49fcd8e945f0f8e21c87ed1f6e9a771b53a8f,gwsearch run
5408,1778271668.1493711,fc2098317d43af66664f0f1337a49fcd8e945f0f8e21c87ed1f6e9a771b53a8f,gwsearch run
5409,1778272243.929982,fc2098317d43af66664f0f1337a49fcd8e945f0f8e21c87ed1f6e9a771b53a8f,gwsearch run
5410,1778272825.4216235,fc2098317d43af66664f0f1337a49fcd8e945f0f8e21c87ed1f6e9a771b53a8f,gwsearch run
5411,1778273395.4177737,fc2098317d43af66664f0f1337a49fcd8e945f0f8e21c87ed1f6e9a771b53a8f,gwsearch run
5412,1778273962.6823056,fc2098317d43af66664f0f1337a49fcd8e945f0f8e21c87ed1f6e9a771b53a8f,gwsearch run
5413,1778274530.6673331,fc2098317d43af66664f0f1337a49fcd8e945f0f8e21c87ed1f6e9a771b53a8f,gwsearch run
5414,1778275099.6740077,fc2098317d43af66664f0f1337a49fcd8e945f0f8e21c87ed1f6e9a771b53a8f,gwsearch run
5415,1778275673.3936367,fc2098317d43af66664f0f1337a49fcd8e945f0f8e21c87ed1f6e9a771b53a8f,gwsearch run
5416,1778276242.9160578,fc2098317d43af66664f0f1337a49fcd8e945f0f8e21c87ed1f6e9a771b53a8f,gwsearch run
5417,1778276812.1518419,fc2098317d43af66664f0f1337a49fcd8e945f0f8e21c87ed1f6e9a771b53a8f,gwsearch run
5418,1778277394.4244683,fc2098317d43af66664f0f1337a49fcd8e945f0f8e21c87ed1f6e9a771b53a8f,gwsearch run
5419,1778277966.6563165,fc2098317d43af66664f0f1337a49fcd8e945f0f8e21c87ed1f6e9a771b53a8f,gwsearch run
5420,1778278534.6708593,fc2098317d43af66664f0f1337a49fcd8e945f0f8e21c87ed1f6e9a771b53a8f,gwsearch run
5421,1778279103.914355,fc2098317d43af66664f0f1337a49fcd8e945f0f8e21c87ed1f6e9a771b53a8f,gwsearch run
5422,1778279672.1548376,fc2098317d43af66664f0f1337a49fcd8e945f0f8e21c87ed1f6e9a771b53a8f,gwsearch run
5423,1778280239.8990924,fc2098317d43af66664f0f1337a49fcd8e945f0f8e21c87ed1f6e9a771b53a8f,gwsearch run
5424,1778280809.1780005,fc2098317d43af66664f0f1337a49fcd8e945f0f8e21c87ed1f6e9a771b53a8f,gwsearch run
5425,1778281377.7509725,fc2098317d43af66664f0f1337a49fcd8e945f0f8e21c87ed1f6e9a771b53a8f,gwsearch run
5426,1778281944.9040325,fc2098317d43af66664f0f1337a49fcd8e945f0f8e21c87ed1f6e9a771b53a8f,gwsearch run
5427,1778282514.174564,fc2098317d43af66664f0f1337a49fcd8e945f0f8e21c87ed1f6e9a771b53a8f,gwsearch run
5428,1778283088.6786542,fc2098317d43af66664f0f1337a49fcd8e945f0f8e21c87ed1f6e9a771b53a8f,gwsearch run
5429,1778283656.9170294,fc2098317d43af66664f0f1337a49fcd8e945f0f8e21c87ed1f6e9a771b53a8f,gwsearch run
5430,1778284227.419648,fc2098317d43af66664f0f1337a49fcd8e945f0f8e21c87ed1f6e9a771b53a8f,gwsearch run
5431,1778284796.4002612,fc2098317d43af66664f0f1337a49fcd8e945f0f8e21c87ed1f6e9a771b53a8f,gwsearch run
5432,1778285363.9020324,fc2098317d43af66664f0f1337a49fcd8e945f0f8e21c87ed1f6e9a771b53a8f,gwsearch run
5433,1778285932.6387894,fc2098317d43af66664f0f1337a49fcd8e945f0f8e21c87ed1f6e9a771b53a8f,gwsearch run
5434,1778286501.9311047,fc2098317d43af66664f0f1337a49fcd8e945f0f8e21c87ed1f6e9a771b53a8f,gwsearch run
5435,1778287081.6817012,fc2098317d43af66664f0f1337a49fcd8e945f0f8e21c87ed1f6e9a771b53a8f,gwsearch run
5436,1778287649.9110975,fc2098317d43af66664f0f1337a49fcd8e945f0f8e21c87ed1f6e9a771b53a8f,gwsearch run
5437,1778288217.1562376,fc2098317d43af66664f0f1337a49fcd8e945f0f8e21c87ed1f6e9a771b53a8f,gwsearch run
5438,1778288784.9216342,fc2098317d43af66664f0f1337a49fcd8e945f0f8e21c87ed1f6e9a771b53a8f,gwsearch run
5439,1778289354.7201989,fc2098317d43af66664f0f1337a49fcd8e945f0f8e21c87ed1f6e9a771b53a8f,gwsearch run
5440,1778289928.6845896,fc2098317d43af66664f0f1337a49fcd8e945f0f8e21c87ed1f6e9a771b53a8f,gwsearch run
5441,1778290497.9975169,fc2098317d43af66664f0f1337a49fcd8e945f0f8e21c87ed1f6e9a771b53a8f,gwsearch run
5442,1778291077.1474903,fc2098317d43af66664f0f1337a49fcd8e945f0f8e21c87ed1f6e9a771b53a8f,gwsearch run
5443,1778291647.4052389,fc2098317d43af66664f0f1337a49fcd8e945f0f8e21c87ed1f6e9a771b53a8f,gwsearch run
5444,1778292227.16448,fc2098317d43af66664f0f1337a49fcd8e945f0f8e21c87ed1f6e9a771b53a8f,gwsearch run
5445,1778292793.153311,fc2098317d43af66664f0f1337a49fcd8e945f0f8e21c87ed1f6e9a771b53a8f,gwsearch run
5446,1778293362.4167802,fc2098317d43af66664f0f1337a49fcd8e945f0f8e21c87ed1f6e9a771b53a8f,gwsearch run
5447,1778293930.9215677,fc2098317d43af66664f0f1337a49fcd8e945f0f8e21c87ed1f6e9a771b53a8f,gwsearch run
5448,1778294498.400671,fc2098317d43af66664f0f1337a49fcd8e945f0f8e21c87ed1f6e9a771b53a8f,gwsearch run
5449,1778295066.9369295,fc2098317d43af66664f0f1337a49fcd8e945f0f8e21c87ed1f6e9a771b53a8f,gwsearch run
5450,1778295636.6784177,fc2098317d43af66664f0f1337a49fcd8e945f0f8e21c87ed1f6e9a771b53a8f,gwsearch run
5451,1778296204.9263508,fc2098317d43af66664f0f1337a49fcd8e945f0f8e21c87ed1f6e9a771b53a8f,gwsearch run
5452,1778296773.917469,fc2098317d43af66664f0f1337a49fcd8e945f0f8e21c87ed1f6e9a771b53a8f,gwsearch run
5453,1778297342.4093413,fc2098317d43af66664f0f1337a49fcd8e945f0f8e21c87ed1f6e9a771b53a8f,gwsearch run
5454,1778297913.165577,fc2098317d43af66664f0f1337a49fcd8e945f0f8e21c87ed1f6e9a771b53a8f,gwsearch run
5455,1778298482.63282,fc2098317d43af66664f0f1337a49fcd8e945f0f8e21c87ed1f6e9a771b53a8f,gwsearch run
5456,1778299050.5110912,fc2098317d43af66664f0f1337a49fcd8e945f0f8e21c87ed1f6e9a771b53a8f,gwsearch run
5457,1778299619.6952941,fc2098317d43af66664f0f1337a49fcd8e945f0f8e21c87ed1f6e9a771b53a8f,gwsearch run
5458,1778300186.9027772,fc2098317d43af66664f0f1337a49fcd8e945f0f8e21c87ed1f6e9a771b53a8f,gwsearch run
5459,1778300753.396552,fc2098317d43af66664f0f1337a49fcd8e945f0f8e21c87ed1f6e9a771b53a8f,gwsearch run
5460,1778301319.9251828,fc2098317d43af66664f0f1337a49fcd8e945f0f8e21c87ed1f6e9a771b53a8f,gwsearch run
5461,1778301887.916326,fc2098317d43af66664f0f1337a49fcd8e945f0f8e21c87ed1f6e9a771b53a8f,gwsearch run
5462,1778302453.409872,fc2098317d43af66664f0f1337a49fcd8e945f0f8e21c87ed1f6e9a771b53a8f,gwsearch run
5463,1778303023.6638417,fc2098317d43af66664f0f1337a49fcd8e945f0f8e21c87ed1f6e9a771b53a8f,gwsearch run
5464,1778303592.1827815,fc2098317d43af66664f0f1337a49fcd8e945f0f8e21c87ed1f6e9a771b53a8f,gwsearch run
5465,1778304159.9082391,fc2098317d43af66664f0f1337a49fcd8e945f0f8e21c87ed1f6e9a771b53a8f,gwsearch run
5466,1778304739.410895,fc2098317d43af66664f0f1337a49fcd8e945f0f8e21c87ed1f6e9a771b53a8f,gwsearch run
5467,1778305310.8931837,fc2098317d43af66664f0f1337a49fcd8e945f0f8e21c87ed1f6e9a771b53a8f,gwsearch run
5468,1778305880.1941097,fc2098317d43af66664f0f1337a49fcd8e945f0f8e21c87ed1f6e9a771b53a8f,gwsearch run
5469,1778306450.933305,fc2098317d43af66664f0f1337a49fcd8e945f0f8e21c87ed1f6e9a771b53a8f,gwsearch run
5470,1778307019.1652498,fc2098317d43af66664f0f1337a49fcd8e945f0f8e21c87ed1f6e9a771b53a8f,gwsearch run
5471,1778307588.1683846,fc2098317d43af66664f0f1337a49fcd8e945f0f8e21c87ed1f6e9a771b53a8f,gwsearch run
5472,1778308167.8967187,fc2098317d43af66664f0f1337a49fcd8e945f0f8e21c87ed1f6e9a771b53a8f,gwsearch run
5473,1778308737.9164705,fc2098317d43af66664f0f1337a49fcd8e945f0f8e21c87ed1f6e9a771b53a8f,gwsearch run
5474,1778309307.9215105,fc2098317d43af66664f0f1337a49fcd8e945f0f8e21c87ed1f6e9a771b53a8f,gwsearch run
5475,1778309876.1503975,fc2098317d43af66664f0f1337a49fcd8e945f0f8e21c87ed1f6e9a771b53a8f,gwsearch run
5476,1778310444.6630325,fc2098317d43af66664f0f1337a49fcd8e945f0f8e21c87ed1f6e9a771b53a8f,gwsearch run
5477,1778311013.4283183,fc2098317d43af66664f0f1337a49fcd8e945f0f8e21c87ed1f6e9a771b53a8f,gwsearch run
5478,1778311581.928015,fc2098317d43af66664f0f1337a49fcd8e945f0f8e21c87ed1f6e9a771b53a8f,gwsearch run
5479,1778312150.9132366,fc2098317d43af66664f0f1337a49fcd8e945f0f8e21c87ed1f6e9a771b53a8f,gwsearch run
5480,1778312719.8995802,fc2098317d43af66664f0f1337a49fcd8e945f0f8e21c87ed1f6e9a771b53a8f,gwsearch run
5481,1778313287.6162632,fc2098317d43af66664f0f1337a49fcd8e945f0f8e21c87ed1f6e9a771b53a8f,gwsearch run
5482,1778313856.1549895,fc2098317d43af66664f0f1337a49fcd8e945f0f8e21c87ed1f6e9a771b53a8f,gwsearch run
5483,1778314424.9113588,fc2098317d43af66664f0f1337a49fcd8e945f0f8e21c87ed1f6e9a771b53a8f,gwsearch run
5484,1778314993.6475172,fc2098317d43af66664f0f1337a49fcd8e945f0f8e21c87ed1f6e9a771b53a8f,gwsearch run
5485,1778315561.906779,fc2098317d43af66664f0f1337a49fcd8e945f0f8e21c87ed1f6e9a771b53a8f,gwsearch run
5486,1778316129.6887958,fc2098317d43af66664f0f1337a49fcd8e945f0f8e21c87ed1f6e9a771b53a8f,gwsearch run
5487,1778316698.9195955,fc2098317d43af66664f0f1337a49fcd8e945f0f8e21c87ed1f6e9a771b53a8f,gwsearch run
5488,1778317266.1618452,fc2098317d43af66664f0f1337a49fcd8e945f0f8e21c87ed1f6e9a771b53a8f,gwsearch run
5489,1778317834.9304345,fc2098317d43af66664f0f1337a49fcd8e945f0f8e21c87ed1f6e9a771b53a8f,gwsearch run
5490,1778318403.9265292,fc2098317d43af66664f0f1337a49fcd8e945f0f8e21c87ed1f6e9a771b53a8f,gwsearch run
5491,1778318971.6559303,fc2098317d43af66664f0f1337a49fcd8e945f0f8e21c87ed1f6e9a771b53a8f,gwsearch run
5492,1778319542.722736,fc2098317d43af66664f0f1337a49fcd8e945f0f8e21c87ed1f6e9a771b53a8f,gwsearch run
5493,1778320209.9150891,fc2098317d43af66664f0f1337a49fcd8e945f0f8e21c87ed1f6e9a771b53a8f,gwsearch run
5494,1778320776.4108393,fc2098317d43af66664f0f1337a49fcd8e945f0f8e21c87ed1f6e9a771b53a8f,gwsearch run
5495,1778321346.1582813,fc2098317d43af66664f0f1337a49fcd8e945f0f8e21c87ed1f6e9a771b53a8f,gwsearch run
5496,1778321914.4239974,fc2098317d43af66664f0f1337a49fcd8e945f0f8e21c87ed1f6e9a771b53a8f,gwsearch run
5497,1778322480.9113235,fc2098317d43af66664f0f1337a49fcd8e945f0f8e21c87ed1f6e9a771b53a8f,gwsearch run
5498,1778323051.3866,fc2098317d43af66664f0f1337a49fcd8e945f0f8e21c87ed1f6e9a771b53a8f,gwsearch run
5499,1778323622.1566215,fc2098317d43af66664f0f1337a49fcd8e945f0f8e21c87ed1f6e9a771b53a8f,gwsearch run
5500,1778324190.672105,fc2098317d43af66664f0f1337a49fcd8e945f0f8e21c87ed1f6e9a771b53a8f,gwsearch run
5501,1778324758.1804345,fc2098317d43af66664f0f1337a49fcd8e945f0f8e21c87ed1f6e9a771b53a8f,gwsearch run
5502,1778325326.9102533,fc2098317d43af66664f0f1337a49fcd8e945f0f8e21c87ed1f6e9a771b53a8f,gwsearch run
5503,1778325904.3972743,fc2098317d43af66664f0f1337a49fcd8e945f0f8e21c87ed1f6e9a771b53a8f,gwsearch run
5504,1778326484.410155,fc2098317d43af66664f0f1337a49fcd8e945f0f8e21c87ed1f6e9a771b53a8f,gwsearch run
5505,1778327057.404568,fc2098317d43af66664f0f1337a49fcd8e945f0f8e21c87ed1f6e9a771b53a8f,gwsearch run
5506,1778327635.6869557,fc2098317d43af66664f0f1337a49fcd8e945f0f8e21c87ed1f6e9a771b53a8f,gwsearch run
5507,1778328202.6741416,fc2098317d43af66664f0f1337a49fcd8e945f0f8e21c87ed1f6e9a771b53a8f,gwsearch run
5508,1778328771.4038393,fc2098317d43af66664f0f1337a49fcd8e945f0f8e21c87ed1f6e9a771b53a8f,gwsearch run
5509,1778329339.9246402,fc2098317d43af66664f0f1337a49fcd8e945f0f8e21c87ed1f6e9a771b53a8f,gwsearch run
5510,1778329909.6648383,fc2098317d43af66664f0f1337a49fcd8e945f0f8e21c87ed1f6e9a771b53a8f,gwsearch run
5511,1778330482.6820471,fc2098317d43af66664f0f1337a49fcd8e945f0f8e21c87ed1f6e9a771b53a8f,gwsearch run
5512,1778331052.1759214,fc2098317d43af66664f0f1337a49fcd8e945f0f8e21c87ed1f6e9a771b53a8f,gwsearch run
5513,1778331620.937924,fc2098317d43af66664f0f1337a49fcd8e945f0f8e21c87ed1f6e9a771b53a8f,gwsearch run
5514,1778332192.681293,fc2098317d43af66664f0f1337a49fcd8e945f0f8e21c87ed1f6e9a771b53a8f,gwsearch run
5515,1778332761.181371,fc2098317d43af66664f0f1337a49fcd8e945f0f8e21c87ed1f6e9a771b53a8f,gwsearch run
5516,1778333338.194968,fc2098317d43af66664f0f1337a49fcd8e945f0f8e21c87ed1f6e9a771b53a8f,gwsearch run
5517,1778333905.9251392,fc2098317d43af66664f0f1337a49fcd8e945f0f8e21c87ed1f6e9a771b53a8f,gwsearch run
5518,1778334491.9069307,fc2098317d43af66664f0f1337a49fcd8e945f0f8e21c87ed1f6e9a771b53a8f,gwsearch run
5519,1778335061.1986985,fc2098317d43af66664f0f1337a49fcd8e945f0f8e21c87ed1f6e9a771b53a8f,gwsearch run
5520,1778335630.1869686,fc2098317d43af66664f0f1337a49fcd8e945f0f8e21c87ed1f6e9a771b53a8f,gwsearch run
5521,1778336200.1586385,fc2098317d43af66664f0f1337a49fcd8e945f0f8e21c87ed1f6e9a771b53a8f,gwsearch run
5522,1778336771.1703463,fc2098317d43af66664f0f1337a49fcd8e945f0f8e21c87ed1f6e9a771b53a8f,gwsearch run
5523,1778337340.9107482,fc2098317d43af66664f0f1337a49fcd8e945f0f8e21c87ed1f6e9a771b53a8f,gwsearch run
5524,1778337909.1711674,fc2098317d43af66664f0f1337a49fcd8e945f0f8e21c87ed1f6e9a771b53a8f,gwsearch run
5525,1778338479.4378083,fc2098317d43af66664f0f1337a49fcd8e945f0f8e21c87ed1f6e9a771b53a8f,gwsearch run
5526,1778339054.686297,fc2098317d43af66664f0f1337a49fcd8e945f0f8e21c87ed1f6e9a771b53a8f,gwsearch run
5527,1778339628.664224,fc2098317d43af66664f0f1337a49fcd8e945f0f8e21c87ed1f6e9a771b53a8f,gwsearch run
5528,1778340197.4271166,fc2098317d43af66664f0f1337a49fcd8e945f0f8e21c87ed1f6e9a771b53a8f,gwsearch run
5529,1778340767.1640677,fc2098317d43af66664f0f1337a49fcd8e945f0f8e21c87ed1f6e9a771b53a8f,gwsearch run
5530,1778341335.6640117,fc2098317d43af66664f0f1337a49fcd8e945f0f8e21c87ed1f6e9a771b53a8f,gwsearch run
5531,1778341906.166187,fc2098317d43af66664f0f1337a49fcd8e945f0f8e21c87ed1f6e9a771b53a8f,gwsearch run
5532,1778342476.6691546,fc2098317d43af66664f0f1337a49fcd8e945f0f8e21c87ed1f6e9a771b53a8f,gwsearch run
5533,1778343045.941489,fc2098317d43af66664f0f1337a49fcd8e945f0f8e21c87ed1f6e9a771b53a8f,gwsearch run
5534,1778343617.6685688,fc2098317d43af66664f0f1337a49fcd8e945f0f8e21c87ed1f6e9a771b53a8f,gwsearch run
5535,1778344186.1817977,fc2098317d43af66664f0f1337a49fcd8e945f0f8e21c87ed1f6e9a771b53a8f,gwsearch run
5536,1778344754.416679,fc2098317d43af66664f0f1337a49fcd8e945f0f8e21c87ed1f6e9a771b53a8f,gwsearch run
5537,1778345328.6508343,fc2098317d43af66664f0f1337a49fcd8e945f0f8e21c87ed1f6e9a771b53a8f,gwsearch run
5538,1778345896.6559443,fc2098317d43af66664f0f1337a49fcd8e945f0f8e21c87ed1f6e9a771b53a8f,gwsearch run
5539,1778346475.1657302,fc2098317d43af66664f0f1337a49fcd8e945f0f8e21c87ed1f6e9a771b53a8f,gwsearch run
5540,1778347047.4194696,fc2098317d43af66664f0f1337a49fcd8e945f0f8e21c87ed1f6e9a771b53a8f,gwsearch run
5541,1778347616.9051743,fc2098317d43af66664f0f1337a49fcd8e945f0f8e21c87ed1f6e9a771b53a8f,gwsearch run
5542,1778348196.9076219,fc2098317d43af66664f0f1337a49fcd8e945f0f8e21c87ed1f6e9a771b53a8f,gwsearch run
5543,1778348765.413062,fc2098317d43af66664f0f1337a49fcd8e945f0f8e21c87ed1f6e9a771b53a8f,gwsearch run
5544,1778349334.40697,fc2098317d43af66664f0f1337a49fcd8e945f0f8e21c87ed1f6e9a771b53a8f,gwsearch run
5545,1778349904.6676035,fc2098317d43af66664f0f1337a49fcd8e945f0f8e21c87ed1f6e9a771b53a8f,gwsearch run
5546,1778350475.1675353,fc2098317d43af66664f0f1337a49fcd8e945f0f8e21c87ed1f6e9a771b53a8f,gwsearch run
5547,1778351043.1646736,fc2098317d43af66664f0f1337a49fcd8e945f0f8e21c87ed1f6e9a771b53a8f,gwsearch run
5548,1778351611.1534336,fc2098317d43af66664f0f1337a49fcd8e945f0f8e21c87ed1f6e9a771b53a8f,gwsearch run
5549,1778352182.1638136,fc2098317d43af66664f0f1337a49fcd8e945f0f8e21c87ed1f6e9a771b53a8f,gwsearch run
5550,1778352749.686387,fc2098317d43af66664f0f1337a49fcd8e945f0f8e21c87ed1f6e9a771b53a8f,gwsearch run
5551,1778353318.1378858,fc2098317d43af66664f0f1337a49fcd8e945f0f8e21c87ed1f6e9a771b53a8f,gwsearch run
5552,1778353891.1532145,fc2098317d43af66664f0f1337a49fcd8e945f0f8e21c87ed1f6e9a771b53a8f,gwsearch run
5553,1778354459.6607819,fc2098317d43af66664f0f1337a49fcd8e945f0f8e21c87ed1f6e9a771b53a8f,gwsearch run
5554,1778355029.6763675,fc2098317d43af66664f0f1337a49fcd8e945f0f8e21c87ed1f6e9a771b53a8f,gwsearch run
5555,1778355612.667079,fc2098317d43af66664f0f1337a49fcd8e945f0f8e21c87ed1f6e9a771b53a8f,gwsearch run
5556,1778356180.905122,fc2098317d43af66664f0f1337a49fcd8e945f0f8e21c87ed1f6e9a771b53a8f,gwsearch run
5557,1778356749.6737425,fc2098317d43af66664f0f1337a49fcd8e945f0f8e21c87ed1f6e9a771b53a8f,gwsearch run
5558,1778357319.905839,fc2098317d43af66664f0f1337a49fcd8e945f0f8e21c87ed1f6e9a771b53a8f,gwsearch run
5559,1778357890.4146326,fc2098317d43af66664f0f1337a49fcd8e945f0f8e21c87ed1f6e9a771b53a8f,gwsearch run
5560,1778358459.1447437,fc2098317d43af66664f0f1337a49fcd8e945f0f8e21c87ed1f6e9a771b53a8f,gwsearch run
5561,1778359027.65108,fc2098317d43af66664f0f1337a49fcd8e945f0f8e21c87ed1f6e9a771b53a8f,gwsearch run
5562,1778359597.4233046,fc2098317d43af66664f0f1337a49fcd8e945f0f8e21c87ed1f6e9a771b53a8f,gwsearch run
5563,1778360166.1639702,fc2098317d43af66664f0f1337a49fcd8e945f0f8e21c87ed1f6e9a771b53a8f,gwsearch run
5564,1778360735.4249623,fc2098317d43af66664f0f1337a49fcd8e945f0f8e21c87ed1f6e9a771b53a8f,gwsearch run
5565,1778361302.1652627,fc2098317d43af66664f0f1337a49fcd8e945f0f8e21c87ed1f6e9a771b53a8f,gwsearch run
5566,1778361872.422832,fc2098317d43af66664f0f1337a49fcd8e945f0f8e21c87ed1f6e9a771b53a8f,gwsearch run
5567,1778362441.137825,fc2098317d43af66664f0f1337a49fcd8e945f0f8e21c87ed1f6e9a771b53a8f,gwsearch run
5568,1778363009.6828265,fc2098317d43af66664f0f1337a49fcd8e945f0f8e21c87ed1f6e9a771b53a8f,gwsearch run
5569,1778363578.1594884,fc2098317d43af66664f0f1337a49fcd8e945f0f8e21c87ed1f6e9a771b53a8f,gwsearch run
5570,1778364157.650031,fc2098317d43af66664f0f1337a49fcd8e945f0f8e21c87ed1f6e9a771b53a8f,gwsearch run
5571,1778364726.1831417,fc2098317d43af66664f0f1337a49fcd8e945f0f8e21c87ed1f6e9a771b53a8f,gwsearch run
5572,1778365293.3989484,fc2098317d43af66664f0f1337a49fcd8e945f0f8e21c87ed1f6e9a771b53a8f,gwsearch run
5573,1778365862.9185734,fc2098317d43af66664f0f1337a49fcd8e945f0f8e21c87ed1f6e9a771b53a8f,gwsearch run
5574,1778366431.6941323,fc2098317d43af66664f0f1337a49fcd8e945f0f8e21c87ed1f6e9a771b53a8f,gwsearch run
5575,1778367002.007001,fc2098317d43af66664f0f1337a49fcd8e945f0f8e21c87ed1f6e9a771b53a8f,gwsearch run
5576,1778367572.9134307,fc2098317d43af66664f0f1337a49fcd8e945f0f8e21c87ed1f6e9a771b53a8f,gwsearch run
5577,1778368145.1733613,fc2098317d43af66664f0f1337a49fcd8e945f0f8e21c87ed1f6e9a771b53a8f,gwsearch run
5578,1778368715.4284585,fc2098317d43af66664f0f1337a49fcd8e945f0f8e21c87ed1f6e9a771b53a8f,gwsearch run
5579,1778369297.419814,fc2098317d43af66664f0f1337a49fcd8e945f0f8e21c87ed1f6e9a771b53a8f,gwsearch run
5580,1778369867.4109242,fc2098317d43af66664f0f1337a49fcd8e945f0f8e21c87ed1f6e9a771b53a8f,gwsearch run
5581,1778370435.6642585,fc2098317d43af66664f0f1337a49fcd8e945f0f8e21c87ed1f6e9a771b53a8f,gwsearch run
5582,1778371004.3958187,fc2098317d43af66664f0f1337a49fcd8e945f0f8e21c87ed1f6e9a771b53a8f,gwsearch run
5583,1778371572.6517942,fc2098317d43af66664f0f1337a49fcd8e945f0f8e21c87ed1f6e9a771b53a8f,gwsearch run
5584,1778372142.1368637,fc2098317d43af66664f0f1337a49fcd8e945f0f8e21c87ed1f6e9a771b53a8f,gwsearch run
5585,1778372711.3998854,fc2098317d43af66664f0f1337a49fcd8e945f0f8e21c87ed1f6e9a771b53a8f,gwsearch run
5586,1778373282.1898193,fc2098317d43af66664f0f1337a49fcd8e945f0f8e21c87ed1f6e9a771b53a8f,gwsearch run
5587,1778373850.4113708,fc2098317d43af66664f0f1337a49fcd8e945f0f8e21c87ed1f6e9a771b53a8f,gwsearch run
5588,1778374419.133986,fc2098317d43af66664f0f1337a49fcd8e945f0f8e21c87ed1f6e9a771b53a8f,gwsearch run
5589,1778374989.1557007,fc2098317d43af66664f0f1337a49fcd8e945f0f8e21c87ed1f6e9a771b53a8f,gwsearch run
5590,1778375555.929696,fc2098317d43af66664f0f1337a49fcd8e945f0f8e21c87ed1f6e9a771b53a8f,gwsearch run
5591,1778376125.9134705,fc2098317d43af66664f0f1337a49fcd8e945f0f8e21c87ed1f6e9a771b53a8f,gwsearch run
5592,1778376693.9057941,fc2098317d43af66664f0f1337a49fcd8e945f0f8e21c87ed1f6e9a771b53a8f,gwsearch run
5593,1778377261.164583,fc2098317d43af66664f0f1337a49fcd8e945f0f8e21c87ed1f6e9a771b53a8f,gwsearch run
5594,1778377864.4149568,fc2098317d43af66664f0f1337a49fcd8e945f0f8e21c87ed1f6e9a771b53a8f,gwsearch run
5595,1778378432.658987,fc2098317d43af66664f0f1337a49fcd8e945f0f8e21c87ed1f6e9a771b53a8f,gwsearch run
5596,1778379001.1519508,fc2098317d43af66664f0f1337a49fcd8e945f0f8e21c87ed1f6e9a771b53a8f,gwsearch run
5597,1778379570.4213467,fc2098317d43af66664f0f1337a49fcd8e945f0f8e21c87ed1f6e9a771b53a8f,gwsearch run
5598,1778380140.9122446,fc2098317d43af66664f0f1337a49fcd8e945f0f8e21c87ed1f6e9a771b53a8f,gwsearch run
5599,1778380707.878575,fc2098317d43af66664f0f1337a49fcd8e945f0f8e21c87ed1f6e9a771b53a8f,gwsearch run
5600,1778381277.6652238,fc2098317d43af66664f0f1337a49fcd8e945f0f8e21c87ed1f6e9a771b53a8f,gwsearch run
5601,1778381846.6761413,fc2098317d43af66664f0f1337a49fcd8e945f0f8e21c87ed1f6e9a771b53a8f,gwsearch run
5602,1778382416.6711895,fc2098317d43af66664f0f1337a49fcd8e945f0f8e21c87ed1f6e9a771b53a8f,gwsearch run
5603,1778382987.4016654,fc2098317d43af66664f0f1337a49fcd8e945f0f8e21c87ed1f6e9a771b53a8f,gwsearch run
5604,1778383562.7932818,fc2098317d43af66664f0f1337a49fcd8e945f0f8e21c87ed1f6e9a771b53a8f,gwsearch run
5605,1778384132.1797762,fc2098317d43af66664f0f1337a49fcd8e945f0f8e21c87ed1f6e9a771b53a8f,gwsearch run
5606,1778384698.157765,fc2098317d43af66664f0f1337a49fcd8e945f0f8e21c87ed1f6e9a771b53a8f,gwsearch run
5607,1778385268.1572998,fc2098317d43af66664f0f1337a49fcd8e945f0f8e21c87ed1f6e9a771b53a8f,gwsearch run
5608,1778385837.1620884,fc2098317d43af66664f0f1337a49fcd8e945f0f8e21c87ed1f6e9a771b53a8f,gwsearch run
5609,1778386405.1678827,fc2098317d43af66664f0f1337a49fcd8e945f0f8e21c87ed1f6e9a771b53a8f,gwsearch run
5610,1778386972.9049742,fc2098317d43af66664f0f1337a49fcd8e945f0f8e21c87ed1f6e9a771b53a8f,gwsearch run
5611,1778387540.6681485,fc2098317d43af66664f0f1337a49fcd8e945f0f8e21c87ed1f6e9a771b53a8f,gwsearch run
5612,1778388109.6726115,fc2098317d43af66664f0f1337a49fcd8e945f0f8e21c87ed1f6e9a771b53a8f,gwsearch run
5613,1778388677.4047172,fc2098317d43af66664f0f1337a49fcd8e945f0f8e21c87ed1f6e9a771b53a8f,gwsearch run
5614,1778389245.4276814,fc2098317d43af66664f0f1337a49fcd8e945f0f8e21c87ed1f6e9a771b53a8f,gwsearch run
5615,1778389817.9261692,fc2098317d43af66664f0f1337a49fcd8e945f0f8e21c87ed1f6e9a771b53a8f,gwsearch run
5616,1778390387.1441777,fc2098317d43af66664f0f1337a49fcd8e945f0f8e21c87ed1f6e9a771b53a8f,gwsearch run
5617,1778390955.4182606,fc2098317d43af66664f0f1337a49fcd8e945f0f8e21c87ed1f6e9a771b53a8f,gwsearch run
5618,1778391522.162187,fc2098317d43af66664f0f1337a49fcd8e945f0f8e21c87ed1f6e9a771b53a8f,gwsearch run
5619,1778392120.1646435,fc2098317d43af66664f0f1337a49fcd8e945f0f8e21c87ed1f6e9a771b53a8f,gwsearch run
5620,1778392688.6656353,fc2098317d43af66664f0f1337a49fcd8e945f0f8e21c87ed1f6e9a771b53a8f,gwsearch run
5621,1778393255.89575,fc2098317d43af66664f0f1337a49fcd8e945f0f8e21c87ed1f6e9a771b53a8f,gwsearch run
5622,1778393823.9150429,fc2098317d43af66664f0f1337a49fcd8e945f0f8e21c87ed1f6e9a771b53a8f,gwsearch run
5623,1778394390.6566498,fc2098317d43af66664f0f1337a49fcd8e945f0f8e21c87ed1f6e9a771b53a8f,gwsearch run
5624,1778394962.4149594,fc2098317d43af66664f0f1337a49fcd8e945f0f8e21c87ed1f6e9a771b53a8f,gwsearch run
5625,1778395531.1650953,fc2098317d43af66664f0f1337a49fcd8e945f0f8e21c87ed1f6e9a771b53a8f,gwsearch run
5626,1778396107.4187646,fc2098317d43af66664f0f1337a49fcd8e945f0f8e21c87ed1f6e9a771b53a8f,gwsearch run
5627,1778396675.6495385,fc2098317d43af66664f0f1337a49fcd8e945f0f8e21c87ed1f6e9a771b53a8f,gwsearch run
5628,1778397244.9107,fc2098317d43af66664f0f1337a49fcd8e945f0f8e21c87ed1f6e9a771b53a8f,gwsearch run
5629,1778397818.4191847,fc2098317d43af66664f0f1337a49fcd8e945f0f8e21c87ed1f6e9a771b53a8f,gwsearch run
5630,1778398387.6723726,fc2098317d43af66664f0f1337a49fcd8e945f0f8e21c87ed1f6e9a771b53a8f,gwsearch run
5631,1778398957.2970486,fc2098317d43af66664f0f1337a49fcd8e945f0f8e21c87ed1f6e9a771b53a8f,gwsearch run
5632,1778399527.6773708,fc2098317d43af66664f0f1337a49fcd8e945f0f8e21c87ed1f6e9a771b53a8f,gwsearch run
5633,1778400098.9363034,fc2098317d43af66664f0f1337a49fcd8e945f0f8e21c87ed1f6e9a771b53a8f,gwsearch run
5634,1778400668.668083,fc2098317d43af66664f0f1337a49fcd8e945f0f8e21c87ed1f6e9a771b53a8f,gwsearch run
5635,1778401236.67954,fc2098317d43af66664f0f1337a49fcd8e945f0f8e21c87ed1f6e9a771b53a8f,gwsearch run
5636,1778401805.1773176,fc2098317d43af66664f0f1337a49fcd8e945f0f8e21c87ed1f6e9a771b53a8f,gwsearch run
5637,1778402374.419366,fc2098317d43af66664f0f1337a49fcd8e945f0f8e21c87ed1f6e9a771b53a8f,gwsearch run
5638,1778402940.143222,fc2098317d43af66664f0f1337a49fcd8e945f0f8e21c87ed1f6e9a771b53a8f,gwsearch run
5639,1778403509.137513,fc2098317d43af66664f0f1337a49fcd8e945f0f8e21c87ed1f6e9a771b53a8f,gwsearch run
5640,1778404114.9005632,fc2098317d43af66664f0f1337a49fcd8e945f0f8e21c87ed1f6e9a771b53a8f,gwsearch run
5641,1778404684.6577928,fc2098317d43af66664f0f1337a49fcd8e945f0f8e21c87ed1f6e9a771b53a8f,gwsearch run
5642,1778405263.1875336,fc2098317d43af66664f0f1337a49fcd8e945f0f8e21c87ed1f6e9a771b53a8f,gwsearch run
5643,1778405831.161767,fc2098317d43af66664f0f1337a49fcd8e945f0f8e21c87ed1f6e9a771b53a8f,gwsearch run
5644,1778406400.4261847,fc2098317d43af66664f0f1337a49fcd8e945f0f8e21c87ed1f6e9a771b53a8f,gwsearch run
5645,1778406969.6511161,fc2098317d43af66664f0f1337a49fcd8e945f0f8e21c87ed1f6e9a771b53a8f,gwsearch run
5646,1778407537.8894162,fc2098317d43af66664f0f1337a49fcd8e945f0f8e21c87ed1f6e9a771b53a8f,gwsearch run
5647,1778408106.8900824,fc2098317d43af66664f0f1337a49fcd8e945f0f8e21c87ed1f6e9a771b53a8f,gwsearch run
5648,1778408677.4294782,fc2098317d43af66664f0f1337a49fcd8e945f0f8e21c87ed1f6e9a771b53a8f,gwsearch run
5649,1778409251.9197109,fc2098317d43af66664f0f1337a49fcd8e945f0f8e21c87ed1f6e9a771b53a8f,gwsearch run
5650,1778409818.6427794,fc2098317d43af66664f0f1337a49fcd8e945f0f8e21c87ed1f6e9a771b53a8f,gwsearch run
5651,1778410386.1796527,fc2098317d43af66664f0f1337a49fcd8e945f0f8e21c87ed1f6e9a771b53a8f,gwsearch run
5652,1778410954.4091003,fc2098317d43af66664f0f1337a49fcd8e945f0f8e21c87ed1f6e9a771b53a8f,gwsearch run
5653,1778411527.0280938,fc2098317d43af66664f0f1337a49fcd8e945f0f8e21c87ed1f6e9a771b53a8f,gwsearch run
5654,1778412095.1624172,fc2098317d43af66664f0f1337a49fcd8e945f0f8e21c87ed1f6e9a771b53a8f,gwsearch run
5655,1778412671.1784174,fc2098317d43af66664f0f1337a49fcd8e945f0f8e21c87ed1f6e9a771b53a8f,gwsearch run
5656,1778413238.690242,fc2098317d43af66664f0f1337a49fcd8e945f0f8e21c87ed1f6e9a771b53a8f,gwsearch run
5657,1778413808.4234514,fc2098317d43af66664f0f1337a49fcd8e945f0f8e21c87ed1f6e9a771b53a8f,gwsearch run
5658,1778414377.9175215,fc2098317d43af66664f0f1337a49fcd8e945f0f8e21c87ed1f6e9a771b53a8f,gwsearch run
5659,1778414944.3961334,fc2098317d43af66664f0f1337a49fcd8e945f0f8e21c87ed1f6e9a771b53a8f,gwsearch run
5660,1778415512.919867,fc2098317d43af66664f0f1337a49fcd8e945f0f8e21c87ed1f6e9a771b53a8f,gwsearch run
5661,1778416080.909015,fc2098317d43af66664f0f1337a49fcd8e945f0f8e21c87ed1f6e9a771b53a8f,gwsearch run
5662,1778416648.1721573,fc2098317d43af66664f0f1337a49fcd8e945f0f8e21c87ed1f6e9a771b53a8f,gwsearch run
5663,1778417225.9274156,fc2098317d43af66664f0f1337a49fcd8e945f0f8e21c87ed1f6e9a771b53a8f,gwsearch run
5664,1778417815.4341779,fc2098317d43af66664f0f1337a49fcd8e945f0f8e21c87ed1f6e9a771b53a8f,gwsearch run
5665,1778418384.1576128,fc2098317d43af66664f0f1337a49fcd8e945f0f8e21c87ed1f6e9a771b53a8f,gwsearch run
5666,1778418949.1586003,fc2098317d43af66664f0f1337a49fcd8e945f0f8e21c87ed1f6e9a771b53a8f,gwsearch run
5667,1778419516.1509187,fc2098317d43af66664f0f1337a49fcd8e945f0f8e21c87ed1f6e9a771b53a8f,gwsearch run
5668,1778420083.653634,fc2098317d43af66664f0f1337a49fcd8e945f0f8e21c87ed1f6e9a771b53a8f,gwsearch run
5669,1778420650.6659114,fc2098317d43af66664f0f1337a49fcd8e945f0f8e21c87ed1f6e9a771b53a8f,gwsearch run
5670,1778421219.4527178,fc2098317d43af66664f0f1337a49fcd8e945f0f8e21c87ed1f6e9a771b53a8f,gwsearch run
5671,1778421800.4314306,fc2098317d43af66664f0f1337a49fcd8e945f0f8e21c87ed1f6e9a771b53a8f,gwsearch run
5672,1778422369.909266,fc2098317d43af66664f0f1337a49fcd8e945f0f8e21c87ed1f6e9a771b53a8f,gwsearch run
5673,1778422942.970868,fc2098317d43af66664f0f1337a49fcd8e945f0f8e21c87ed1f6e9a771b53a8f,gwsearch run
5674,1778423509.1824856,fc2098317d43af66664f0f1337a49fcd8e945f0f8e21c87ed1f6e9a771b53a8f,gwsearch run
5675,1778424101.945896,fc2098317d43af66664f0f1337a49fcd8e945f0f8e21c87ed1f6e9a771b53a8f,gwsearch run
5676,1778424673.1819596,fc2098317d43af66664f0f1337a49fcd8e945f0f8e21c87ed1f6e9a771b53a8f,gwsearch run
5677,1778425240.6789093,fc2098317d43af66664f0f1337a49fcd8e945f0f8e21c87ed1f6e9a771b53a8f,gwsearch run
5678,1778425817.1509433,fc2098317d43af66664f0f1337a49fcd8e945f0f8e21c87ed1f6e9a771b53a8f,gwsearch run
5679,1778426383.6675968,fc2098317d43af66664f0f1337a49fcd8e945f0f8e21c87ed1f6e9a771b53a8f,gwsearch run
5680,1778426949.932151,fc2098317d43af66664f0f1337a49fcd8e945f0f8e21c87ed1f6e9a771b53a8f,gwsearch run
5681,1778427516.911109,fc2098317d43af66664f0f1337a49fcd8e945f0f8e21c87ed1f6e9a771b53a8f,gwsearch run
5682,1778428083.1429806,fc2098317d43af66664f0f1337a49fcd8e945f0f8e21c87ed1f6e9a771b53a8f,gwsearch run
5683,1778428650.6941936,fc2098317d43af66664f0f1337a49fcd8e945f0f8e21c87ed1f6e9a771b53a8f,gwsearch run
5684,1778429219.159504,fc2098317d43af66664f0f1337a49fcd8e945f0f8e21c87ed1f6e9a771b53a8f,gwsearch run
5685,1778429786.4161055,fc2098317d43af66664f0f1337a49fcd8e945f0f8e21c87ed1f6e9a771b53a8f,gwsearch run
5686,1778430354.6498113,fc2098317d43af66664f0f1337a49fcd8e945f0f8e21c87ed1f6e9a771b53a8f,gwsearch run
5687,1778430921.1521895,fc2098317d43af66664f0f1337a49fcd8e945f0f8e21c87ed1f6e9a771b53a8f,gwsearch run
5688,1778431493.412868,fc2098317d43af66664f0f1337a49fcd8e945f0f8e21c87ed1f6e9a771b53a8f,gwsearch run
5689,1778432060.912454,fc2098317d43af66664f0f1337a49fcd8e945f0f8e21c87ed1f6e9a771b53a8f,gwsearch run
5690,1778432630.9200337,fc2098317d43af66664f0f1337a49fcd8e945f0f8e21c87ed1f6e9a771b53a8f,gwsearch run
5691,1778433202.1653094,fc2098317d43af66664f0f1337a49fcd8e945f0f8e21c87ed1f6e9a771b53a8f,gwsearch run
5692,1778433781.402283,fc2098317d43af66664f0f1337a49fcd8e945f0f8e21c87ed1f6e9a771b53a8f,gwsearch run
5693,1778434351.417238,fc2098317d43af66664f0f1337a49fcd8e945f0f8e21c87ed1f6e9a771b53a8f,gwsearch run
5694,1778434921.1463943,fc2098317d43af66664f0f1337a49fcd8e945f0f8e21c87ed1f6e9a771b53a8f,gwsearch run
5695,1778435489.6726072,fc2098317d43af66664f0f1337a49fcd8e945f0f8e21c87ed1f6e9a771b53a8f,gwsearch run
5696,1778436059.6602197,fc2098317d43af66664f0f1337a49fcd8e945f0f8e21c87ed1f6e9a771b53a8f,gwsearch run
5697,1778436629.4640727,fc2098317d43af66664f0f1337a49fcd8e945f0f8e21c87ed1f6e9a771b53a8f,gwsearch run
5698,1778437198.6864748,fc2098317d43af66664f0f1337a49fcd8e945f0f8e21c87ed1f6e9a771b53a8f,gwsearch run
5699,1778437778.9243686,fc2098317d43af66664f0f1337a49fcd8e945f0f8e21c87ed1f6e9a771b53a8f,gwsearch run
5700,1778438349.16822,fc2098317d43af66664f0f1337a49fcd8e945f0f8e21c87ed1f6e9a771b53a8f,gwsearch run
5701,1778438918.9075615,fc2098317d43af66664f0f1337a49fcd8e945f0f8e21c87ed1f6e9a771b53a8f,gwsearch run
5702,1778439487.9352171,fc2098317d43af66664f0f1337a49fcd8e945f0f8e21c87ed1f6e9a771b53a8f,gwsearch run
5703,1778440055.4376552,fc2098317d43af66664f0f1337a49fcd8e945f0f8e21c87ed1f6e9a771b53a8f,gwsearch run
5704,1778440626.4150507,fc2098317d43af66664f0f1337a49fcd8e945f0f8e21c87ed1f6e9a771b53a8f,gwsearch run
5705,1778441196.657523,fc2098317d43af66664f0f1337a49fcd8e945f0f8e21c87ed1f6e9a771b53a8f,gwsearch run
5706,1778441765.1610072,fc2098317d43af66664f0f1337a49fcd8e945f0f8e21c87ed1f6e9a771b53a8f,gwsearch run
5707,1778442335.9171262,fc2098317d43af66664f0f1337a49fcd8e945f0f8e21c87ed1f6e9a771b53a8f,gwsearch run
5708,1778442907.3743455,fc2098317d43af66664f0f1337a49fcd8e945f0f8e21c87ed1f6e9a771b53a8f,gwsearch run
5709,1778443476.93817,fc2098317d43af66664f0f1337a49fcd8e945f0f8e21c87ed1f6e9a771b53a8f,gwsearch run
5710,1778444045.4113455,fc2098317d43af66664f0f1337a49fcd8e945f0f8e21c87ed1f6e9a771b53a8f,gwsearch run
5711,1778444617.911261,fc2098317d43af66664f0f1337a49fcd8e945f0f8e21c87ed1f6e9a771b53a8f,gwsearch run
5712,1778445188.421729,fc2098317d43af66664f0f1337a49fcd8e945f0f8e21c87ed1f6e9a771b53a8f,gwsearch run
5713,1778445755.7038357,fc2098317d43af66664f0f1337a49fcd8e945f0f8e21c87ed1f6e9a771b53a8f,gwsearch run
5714,1778446325.9163952,fc2098317d43af66664f0f1337a49fcd8e945f0f8e21c87ed1f6e9a771b53a8f,gwsearch run
5715,1778446895.1582665,fc2098317d43af66664f0f1337a49fcd8e945f0f8e21c87ed1f6e9a771b53a8f,gwsearch run
5716,1778447463.398547,fc2098317d43af66664f0f1337a49fcd8e945f0f8e21c87ed1f6e9a771b53a8f,gwsearch run
5717,1778448031.6685352,fc2098317d43af66664f0f1337a49fcd8e945f0f8e21c87ed1f6e9a771b53a8f,gwsearch run
5718,1778448612.6957712,fc2098317d43af66664f0f1337a49fcd8e945f0f8e21c87ed1f6e9a771b53a8f,gwsearch run
5719,1778449186.9664752,fc2098317d43af66664f0f1337a49fcd8e945f0f8e21c87ed1f6e9a771b53a8f,gwsearch run
5720,1778449756.1633978,fc2098317d43af66664f0f1337a49fcd8e945f0f8e21c87ed1f6e9a771b53a8f,gwsearch run
5721,1778450323.152246,fc2098317d43af66664f0f1337a49fcd8e945f0f8e21c87ed1f6e9a771b53a8f,gwsearch run
5722,1778450890.1756935,fc2098317d43af66664f0f1337a49fcd8e945f0f8e21c87ed1f6e9a771b53a8f,gwsearch run
5723,1778451459.6680624,fc2098317d43af66664f0f1337a49fcd8e945f0f8e21c87ed1f6e9a771b53a8f,gwsearch run
5724,1778452035.9333625,fc2098317d43af66664f0f1337a49fcd8e945f0f8e21c87ed1f6e9a771b53a8f,gwsearch run
5725,1778452605.6451178,fc2098317d43af66664f0f1337a49fcd8e945f0f8e21c87ed1f6e9a771b53a8f,gwsearch run
5726,1778453181.1776018,fc2098317d43af66664f0f1337a49fcd8e945f0f8e21c87ed1f6e9a771b53a8f,gwsearch run
5727,1778453748.42245,fc2098317d43af66664f0f1337a49fcd8e945f0f8e21c87ed1f6e9a771b53a8f,gwsearch run
5728,1778454326.1883957,fc2098317d43af66664f0f1337a49fcd8e945f0f8e21c87ed1f6e9a771b53a8f,gwsearch run
5729,1778454894.666359,fc2098317d43af66664f0f1337a49fcd8e945f0f8e21c87ed1f6e9a771b53a8f,gwsearch run
5730,1778455462.8786001,fc2098317d43af66664f0f1337a49fcd8e945f0f8e21c87ed1f6e9a771b53a8f,gwsearch run
5731,1778456034.421754,fc2098317d43af66664f0f1337a49fcd8e945f0f8e21c87ed1f6e9a771b53a8f,gwsearch run
5732,1778456605.8808599,fc2098317d43af66664f0f1337a49fcd8e945f0f8e21c87ed1f6e9a771b53a8f,gwsearch run
5733,1778457174.171803,fc2098317d43af66664f0f1337a49fcd8e945f0f8e21c87ed1f6e9a771b53a8f,gwsearch run
5734,1778457754.3112977,fc2098317d43af66664f0f1337a49fcd8e945f0f8e21c87ed1f6e9a771b53a8f,gwsearch run
5735,1778458322.684005,fc2098317d43af66664f0f1337a49fcd8e945f0f8e21c87ed1f6e9a771b53a8f,gwsearch run
5736,1778458891.658678,fc2098317d43af66664f0f1337a49fcd8e945f0f8e21c87ed1f6e9a771b53a8f,gwsearch run
5737,1778459462.1733387,fc2098317d43af66664f0f1337a49fcd8e945f0f8e21c87ed1f6e9a771b53a8f,gwsearch run
5738,1778460031.4117494,fc2098317d43af66664f0f1337a49fcd8e945f0f8e21c87ed1f6e9a771b53a8f,gwsearch run
5739,1778460601.1810849,fc2098317d43af66664f0f1337a49fcd8e945f0f8e21c87ed1f6e9a771b53a8f,gwsearch run
5740,1778461170.6789696,fc2098317d43af66664f0f1337a49fcd8e945f0f8e21c87ed1f6e9a771b53a8f,gwsearch run
5741,1778461746.901431,fc2098317d43af66664f0f1337a49fcd8e945f0f8e21c87ed1f6e9a771b53a8f,gwsearch run
5742,1778462317.9231281,fc2098317d43af66664f0f1337a49fcd8e945f0f8e21c87ed1f6e9a771b53a8f,gwsearch run
5743,1778462887.904875,fc2098317d43af66664f0f1337a49fcd8e945f0f8e21c87ed1f6e9a771b53a8f,gwsearch run
5744,1778463456.6544828,fc2098317d43af66664f0f1337a49fcd8e945f0f8e21c87ed1f6e9a771b53a8f,gwsearch run
5745,1778464025.6714864,fc2098317d43af66664f0f1337a49fcd8e945f0f8e21c87ed1f6e9a771b53a8f,gwsearch run
5746,1778464595.6529021,fc2098317d43af66664f0f1337a49fcd8e945f0f8e21c87ed1f6e9a771b53a8f,gwsearch run
5747,1778465164.6737733,fc2098317d43af66664f0f1337a49fcd8e945f0f8e21c87ed1f6e9a771b53a8f,gwsearch run
5748,1778465737.1747725,fc2098317d43af66664f0f1337a49fcd8e945f0f8e21c87ed1f6e9a771b53a8f,gwsearch run
5749,1778466309.9106462,fc2098317d43af66664f0f1337a49fcd8e945f0f8e21c87ed1f6e9a771b53a8f,gwsearch run
5750,1778466879.9215176,fc2098317d43af66664f0f1337a49fcd8e945f0f8e21c87ed1f6e9a771b53a8f,gwsearch run
5751,1778467449.9230733,fc2098317d43af66664f0f1337a49fcd8e945f0f8e21c87ed1f6e9a771b53a8f,gwsearch run
5752,1778468019.6750312,fc2098317d43af66664f0f1337a49fcd8e945f0f8e21c87ed1f6e9a771b53a8f,gwsearch run
5753,1778468589.1713467,fc2098317d43af66664f0f1337a49fcd8e945f0f8e21c87ed1f6e9a771b53a8f,gwsearch run
5754,1778469159.4213965,fc2098317d43af66664f0f1337a49fcd8e945f0f8e21c87ed1f6e9a771b53a8f,gwsearch run
5755,1778469726.1893845,fc2098317d43af66664f0f1337a49fcd8e945f0f8e21c87ed1f6e9a771b53a8f,gwsearch run
5756,1778470294.6722121,fc2098317d43af66664f0f1337a49fcd8e945f0f8e21c87ed1f6e9a771b53a8f,gwsearch run
5757,1778470864.9003754,fc2098317d43af66664f0f1337a49fcd8e945f0f8e21c87ed1f6e9a771b53a8f,gwsearch run
5758,1778471434.1791735,fc2098317d43af66664f0f1337a49fcd8e945f0f8e21c87ed1f6e9a771b53a8f,gwsearch run
5759,1778472004.4119706,fc2098317d43af66664f0f1337a49fcd8e945f0f8e21c87ed1f6e9a771b53a8f,gwsearch run
5760,1778472573.6815429,fc2098317d43af66664f0f1337a49fcd8e945f0f8e21c87ed1f6e9a771b53a8f,gwsearch run
5761,1778473145.1659026,fc2098317d43af66664f0f1337a49fcd8e945f0f8e21c87ed1f6e9a771b53a8f,gwsearch run
5762,1778473714.8927963,fc2098317d43af66664f0f1337a49fcd8e945f0f8e21c87ed1f6e9a771b53a8f,gwsearch run
5763,1778474285.4177377,fc2098317d43af66664f0f1337a49fcd8e945f0f8e21c87ed1f6e9a771b53a8f,gwsearch run
5764,1778474856.8979313,fc2098317d43af66664f0f1337a49fcd8e945f0f8e21c87ed1f6e9a771b53a8f,gwsearch run
5765,1778475428.417359,fc2098317d43af66664f0f1337a49fcd8e945f0f8e21c87ed1f6e9a771b53a8f,gwsearch run
5766,1778476001.901381,fc2098317d43af66664f0f1337a49fcd8e945f0f8e21c87ed1f6e9a771b53a8f,gwsearch run
5767,1778476572.1784005,fc2098317d43af66664f0f1337a49fcd8e945f0f8e21c87ed1f6e9a771b53a8f,gwsearch run
5768,1778477143.1953034,fc2098317d43af66664f0f1337a49fcd8e945f0f8e21c87ed1f6e9a771b53a8f,gwsearch run
5769,1778477712.647996,fc2098317d43af66664f0f1337a49fcd8e945f0f8e21c87ed1f6e9a771b53a8f,gwsearch run
5770,1778478281.9096498,fc2098317d43af66664f0f1337a49fcd8e945f0f8e21c87ed1f6e9a771b53a8f,gwsearch run
5771,1778478850.395232,fc2098317d43af66664f0f1337a49fcd8e945f0f8e21c87ed1f6e9a771b53a8f,gwsearch run
5772,1778479419.6457257,fc2098317d43af66664f0f1337a49fcd8e945f0f8e21c87ed1f6e9a771b53a8f,gwsearch run
5773,1778479991.4307096,fc2098317d43af66664f0f1337a49fcd8e945f0f8e21c87ed1f6e9a771b53a8f,gwsearch run
5774,1778480559.4115984,fc2098317d43af66664f0f1337a49fcd8e945f0f8e21c87ed1f6e9a771b53a8f,gwsearch run
5775,1778481128.1440516,fc2098317d43af66664f0f1337a49fcd8e945f0f8e21c87ed1f6e9a771b53a8f,gwsearch run
5776,1778481699.9288619,fc2098317d43af66664f0f1337a49fcd8e945f0f8e21c87ed1f6e9a771b53a8f,gwsearch run
5777,1778482271.4230072,fc2098317d43af66664f0f1337a49fcd8e945f0f8e21c87ed1f6e9a771b53a8f,gwsearch run
5778,1778482841.15542,fc2098317d43af66664f0f1337a49fcd8e945f0f8e21c87ed1f6e9a771b53a8f,gwsearch run
5779,1778483410.41311,fc2098317d43af66664f0f1337a49fcd8e945f0f8e21c87ed1f6e9a771b53a8f,gwsearch run
5780,1778483980.168146,fc2098317d43af66664f0f1337a49fcd8e945f0f8e21c87ed1f6e9a771b53a8f,gwsearch run
5781,1778484551.6670985,fc2098317d43af66664f0f1337a49fcd8e945f0f8e21c87ed1f6e9a771b53a8f,gwsearch run
5782,1778485120.9056911,fc2098317d43af66664f0f1337a49fcd8e945f0f8e21c87ed1f6e9a771b53a8f,gwsearch run
5783,1778485692.9105234,fc2098317d43af66664f0f1337a49fcd8e945f0f8e21c87ed1f6e9a771b53a8f,gwsearch run
5784,1778486263.4211597,fc2098317d43af66664f0f1337a49fcd8e945f0f8e21c87ed1f6e9a771b53a8f,gwsearch run
5785,1778486933.6679718,fc2098317d43af66664f0f1337a49fcd8e945f0f8e21c87ed1f6e9a771b53a8f,gwsearch run
5786,1778487503.6642096,fc2098317d43af66664f0f1337a49fcd8e945f0f8e21c87ed1f6e9a771b53a8f,gwsearch run
5787,1778488072.9305267,fc2098317d43af66664f0f1337a49fcd8e945f0f8e21c87ed1f6e9a771b53a8f,gwsearch run
5788,1778488644.417102,fc2098317d43af66664f0f1337a49fcd8e945f0f8e21c87ed1f6e9a771b53a8f,gwsearch run
5789,1778489215.1665235,fc2098317d43af66664f0f1337a49fcd8e945f0f8e21c87ed1f6e9a771b53a8f,gwsearch run
5790,1778489791.1671934,fc2098317d43af66664f0f1337a49fcd8e945f0f8e21c87ed1f6e9a771b53a8f,gwsearch run
5791,1778490358.922549,fc2098317d43af66664f0f1337a49fcd8e945f0f8e21c87ed1f6e9a771b53a8f,gwsearch run
5792,1778490929.170934,fc2098317d43af66664f0f1337a49fcd8e945f0f8e21c87ed1f6e9a771b53a8f,gwsearch run
5793,1778491498.6725128,fc2098317d43af66664f0f1337a49fcd8e945f0f8e21c87ed1f6e9a771b53a8f,gwsearch run
5794,1778492066.6772947,fc2098317d43af66664f0f1337a49fcd8e945f0f8e21c87ed1f6e9a771b53a8f,gwsearch run
5795,1778492636.6852176,fc2098317d43af66664f0f1337a49fcd8e945f0f8e21c87ed1f6e9a771b53a8f,gwsearch run
5796,1778493206.1803389,fc2098317d43af66664f0f1337a49fcd8e945f0f8e21c87ed1f6e9a771b53a8f,gwsearch run
5797,1778493776.1616075,fc2098317d43af66664f0f1337a49fcd8e945f0f8e21c87ed1f6e9a771b53a8f,gwsearch run
5798,1778494347.6988802,fc2098317d43af66664f0f1337a49fcd8e945f0f8e21c87ed1f6e9a771b53a8f,gwsearch run
5799,1778494925.691369,fc2098317d43af66664f0f1337a49fcd8e945f0f8e21c87ed1f6e9a771b53a8f,gwsearch run
5800,1778495497.1777036,fc2098317d43af66664f0f1337a49fcd8e945f0f8e21c87ed1f6e9a771b53a8f,gwsearch run
5801,1778496062.9354935,fc2098317d43af66664f0f1337a49fcd8e945f0f8e21c87ed1f6e9a771b53a8f,gwsearch run
5802,1778496633.4214041,fc2098317d43af66664f0f1337a49fcd8e945f0f8e21c87ed1f6e9a771b53a8f,gwsearch run
5803,1778497202.1907043,fc2098317d43af66664f0f1337a49fcd8e945f0f8e21c87ed1f6e9a771b53a8f,gwsearch run
5804,1778497771.6640797,fc2098317d43af66664f0f1337a49fcd8e945f0f8e21c87ed1f6e9a771b53a8f,gwsearch run
5805,1778498342.659163,fc2098317d43af66664f0f1337a49fcd8e945f0f8e21c87ed1f6e9a771b53a8f,gwsearch run
5806,1778498911.9213026,fc2098317d43af66664f0f1337a49fcd8e945f0f8e21c87ed1f6e9a771b53a8f,gwsearch run
5807,1778499479.1591582,fc2098317d43af66664f0f1337a49fcd8e945f0f8e21c87ed1f6e9a771b53a8f,gwsearch run
5808,1778500047.627844,fc2098317d43af66664f0f1337a49fcd8e945f0f8e21c87ed1f6e9a771b53a8f,gwsearch run
5809,1778500618.6601548,fc2098317d43af66664f0f1337a49fcd8e945f0f8e21c87ed1f6e9a771b53a8f,gwsearch run
5810,1778501187.1770165,fc2098317d43af66664f0f1337a49fcd8e945f0f8e21c87ed1f6e9a771b53a8f,gwsearch run
5811,1778501756.1563067,fc2098317d43af66664f0f1337a49fcd8e945f0f8e21c87ed1f6e9a771b53a8f,gwsearch run
5812,1778502324.912101,fc2098317d43af66664f0f1337a49fcd8e945f0f8e21c87ed1f6e9a771b53a8f,gwsearch run
5813,1778502892.1480916,fc2098317d43af66664f0f1337a49fcd8e945f0f8e21c87ed1f6e9a771b53a8f,gwsearch run
5814,1778503458.9196818,fc2098317d43af66664f0f1337a49fcd8e945f0f8e21c87ed1f6e9a771b53a8f,gwsearch run
5815,1778504029.4138885,fc2098317d43af66664f0f1337a49fcd8e945f0f8e21c87ed1f6e9a771b53a8f,gwsearch run
5816,1778504599.6588547,fc2098317d43af66664f0f1337a49fcd8e945f0f8e21c87ed1f6e9a771b53a8f,gwsearch run
5817,1778505167.9208674,fc2098317d43af66664f0f1337a49fcd8e945f0f8e21c87ed1f6e9a771b53a8f,gwsearch run
5818,1778505736.6716442,fc2098317d43af66664f0f1337a49fcd8e945f0f8e21c87ed1f6e9a771b53a8f,gwsearch run
5819,1778506307.6643097,fc2098317d43af66664f0f1337a49fcd8e945f0f8e21c87ed1f6e9a771b53a8f,gwsearch run
5820,1778506891.4229624,fc2098317d43af66664f0f1337a49fcd8e945f0f8e21c87ed1f6e9a771b53a8f,gwsearch run
5821,1778507462.67032,fc2098317d43af66664f0f1337a49fcd8e945f0f8e21c87ed1f6e9a771b53a8f,gwsearch run
5822,1778508032.9231637,fc2098317d43af66664f0f1337a49fcd8e945f0f8e21c87ed1f6e9a771b53a8f,gwsearch run
5823,1778508602.4168196,fc2098317d43af66664f0f1337a49fcd8e945f0f8e21c87ed1f6e9a771b53a8f,gwsearch run
5824,1778509172.6357284,fc2098317d43af66664f0f1337a49fcd8e945f0f8e21c87ed1f6e9a771b53a8f,gwsearch run
5825,1778509742.659705,fc2098317d43af66664f0f1337a49fcd8e945f0f8e21c87ed1f6e9a771b53a8f,gwsearch run
5826,1778510312.2241435,fc2098317d43af66664f0f1337a49fcd8e945f0f8e21c87ed1f6e9a771b53a8f,gwsearch run
5827,1778510880.4110777,fc2098317d43af66664f0f1337a49fcd8e945f0f8e21c87ed1f6e9a771b53a8f,gwsearch run
5828,1778511451.1538696,fc2098317d43af66664f0f1337a49fcd8e945f0f8e21c87ed1f6e9a771b53a8f,gwsearch run
5829,1778512028.434238,fc2098317d43af66664f0f1337a49fcd8e945f0f8e21c87ed1f6e9a771b53a8f,gwsearch run
5830,1778512597.939121,fc2098317d43af66664f0f1337a49fcd8e945f0f8e21c87ed1f6e9a771b53a8f,gwsearch run
5831,1778513169.402205,fc2098317d43af66664f0f1337a49fcd8e945f0f8e21c87ed1f6e9a771b53a8f,gwsearch run
5832,1778513740.909284,fc2098317d43af66664f0f1337a49fcd8e945f0f8e21c87ed1f6e9a771b53a8f,gwsearch run
5833,1778514311.413482,fc2098317d43af66664f0f1337a49fcd8e945f0f8e21c87ed1f6e9a771b53a8f,gwsearch run
5834,1778514884.1712742,fc2098317d43af66664f0f1337a49fcd8e945f0f8e21c87ed1f6e9a771b53a8f,gwsearch run
5835,1778515455.4093049,fc2098317d43af66664f0f1337a49fcd8e945f0f8e21c87ed1f6e9a771b53a8f,gwsearch run
5836,1778516028.164328,fc2098317d43af66664f0f1337a49fcd8e945f0f8e21c87ed1f6e9a771b53a8f,gwsearch run
5837,1778516598.4174306,fc2098317d43af66664f0f1337a49fcd8e945f0f8e21c87ed1f6e9a771b53a8f,gwsearch run
5838,1778517196.667761,fc2098317d43af66664f0f1337a49fcd8e945f0f8e21c87ed1f6e9a771b53a8f,gwsearch run
5839,1778517772.4190927,fc2098317d43af66664f0f1337a49fcd8e945f0f8e21c87ed1f6e9a771b53a8f,gwsearch run
5840,1778518342.1613636,fc2098317d43af66664f0f1337a49fcd8e945f0f8e21c87ed1f6e9a771b53a8f,gwsearch run
5841,1778518908.6760843,fc2098317d43af66664f0f1337a49fcd8e945f0f8e21c87ed1f6e9a771b53a8f,gwsearch run
5842,1778519478.4256227,fc2098317d43af66664f0f1337a49fcd8e945f0f8e21c87ed1f6e9a771b53a8f,gwsearch run
5843,1778520048.1802363,fc2098317d43af66664f0f1337a49fcd8e945f0f8e21c87ed1f6e9a771b53a8f,gwsearch run
5844,1778520619.1664147,fc2098317d43af66664f0f1337a49fcd8e945f0f8e21c87ed1f6e9a771b53a8f,gwsearch run
5845,1778521190.4244874,fc2098317d43af66664f0f1337a49fcd8e945f0f8e21c87ed1f6e9a771b53a8f,gwsearch run
5846,1778521760.4433038,fc2098317d43af66664f0f1337a49fcd8e945f0f8e21c87ed1f6e9a771b53a8f,gwsearch run
5847,1778522330.1458638,fc2098317d43af66664f0f1337a49fcd8e945f0f8e21c87ed1f6e9a771b53a8f,gwsearch run
5848,1778522898.9249966,fc2098317d43af66664f0f1337a49fcd8e945f0f8e21c87ed1f6e9a771b53a8f,gwsearch run
5849,1778523469.676175,fc2098317d43af66664f0f1337a49fcd8e945f0f8e21c87ed1f6e9a771b53a8f,gwsearch run
5850,1778524038.6824613,fc2098317d43af66664f0f1337a49fcd8e945f0f8e21c87ed1f6e9a771b53a8f,gwsearch run
5851,1778524608.6417115,fc2098317d43af66664f0f1337a49fcd8e945f0f8e21c87ed1f6e9a771b53a8f,gwsearch run
5852,1778525179.1614003,fc2098317d43af66664f0f1337a49fcd8e945f0f8e21c87ed1f6e9a771b53a8f,gwsearch run
5853,1778525748.9434848,fc2098317d43af66664f0f1337a49fcd8e945f0f8e21c87ed1f6e9a771b53a8f,gwsearch run
5854,1778526319.4444401,fc2098317d43af66664f0f1337a49fcd8e945f0f8e21c87ed1f6e9a771b53a8f,gwsearch run
5855,1778526890.669461,fc2098317d43af66664f0f1337a49fcd8e945f0f8e21c87ed1f6e9a771b53a8f,gwsearch run
5856,1778527460.4288023,fc2098317d43af66664f0f1337a49fcd8e945f0f8e21c87ed1f6e9a771b53a8f,gwsearch run
5857,1778528028.6701872,fc2098317d43af66664f0f1337a49fcd8e945f0f8e21c87ed1f6e9a771b53a8f,gwsearch run
5858,1778528596.9279895,fc2098317d43af66664f0f1337a49fcd8e945f0f8e21c87ed1f6e9a771b53a8f,gwsearch run
5859,1778529166.9137342,fc2098317d43af66664f0f1337a49fcd8e945f0f8e21c87ed1f6e9a771b53a8f,gwsearch run
5860,1778529736.402958,fc2098317d43af66664f0f1337a49fcd8e945f0f8e21c87ed1f6e9a771b53a8f,gwsearch run
5861,1778530307.4108574,fc2098317d43af66664f0f1337a49fcd8e945f0f8e21c87ed1f6e9a771b53a8f,gwsearch run
5862,1778530878.68775,fc2098317d43af66664f0f1337a49fcd8e945f0f8e21c87ed1f6e9a771b53a8f,gwsearch run
5863,1778531448.440447,fc2098317d43af66664f0f1337a49fcd8e945f0f8e21c87ed1f6e9a771b53a8f,gwsearch run
5864,1778532018.4087682,fc2098317d43af66664f0f1337a49fcd8e945f0f8e21c87ed1f6e9a771b53a8f,gwsearch run
5865,1778532589.3982162,fc2098317d43af66664f0f1337a49fcd8e945f0f8e21c87ed1f6e9a771b53a8f,gwsearch run
5866,1778533158.9061248,fc2098317d43af66664f0f1337a49fcd8e945f0f8e21c87ed1f6e9a771b53a8f,gwsearch run
5867,1778533730.7021263,fc2098317d43af66664f0f1337a49fcd8e945f0f8e21c87ed1f6e9a771b53a8f,gwsearch run
5868,1778534301.6744518,fc2098317d43af66664f0f1337a49fcd8e945f0f8e21c87ed1f6e9a771b53a8f,gwsearch run
5869,1778534870.4166958,fc2098317d43af66664f0f1337a49fcd8e945f0f8e21c87ed1f6e9a771b53a8f,gwsearch run
5870,1778535439.9154127,fc2098317d43af66664f0f1337a49fcd8e945f0f8e21c87ed1f6e9a771b53a8f,gwsearch run
5871,1778536010.931224,fc2098317d43af66664f0f1337a49fcd8e945f0f8e21c87ed1f6e9a771b53a8f,gwsearch run
5872,1778536580.1698425,fc2098317d43af66664f0f1337a49fcd8e945f0f8e21c87ed1f6e9a771b53a8f,gwsearch run
5873,1778537149.139758,fc2098317d43af66664f0f1337a49fcd8e945f0f8e21c87ed1f6e9a771b53a8f,gwsearch run
5874,1778537719.65971,fc2098317d43af66664f0f1337a49fcd8e945f0f8e21c87ed1f6e9a771b53a8f,gwsearch run
5875,1778538288.4741795,fc2098317d43af66664f0f1337a49fcd8e945f0f8e21c87ed1f6e9a771b53a8f,gwsearch run
5876,1778538859.7326608,fc2098317d43af66664f0f1337a49fcd8e945f0f8e21c87ed1f6e9a771b53a8f,gwsearch run
5877,1778539430.4151661,fc2098317d43af66664f0f1337a49fcd8e945f0f8e21c87ed1f6e9a771b53a8f,gwsearch run
5878,1778540001.168907,fc2098317d43af66664f0f1337a49fcd8e945f0f8e21c87ed1f6e9a771b53a8f,gwsearch run
5879,1778540571.4191265,fc2098317d43af66664f0f1337a49fcd8e945f0f8e21c87ed1f6e9a771b53a8f,gwsearch run
5880,1778541143.4129431,fc2098317d43af66664f0f1337a49fcd8e945f0f8e21c87ed1f6e9a771b53a8f,gwsearch run
5881,1778541714.6733735,fc2098317d43af66664f0f1337a49fcd8e945f0f8e21c87ed1f6e9a771b53a8f,gwsearch run
5882,1778542285.6503272,fc2098317d43af66664f0f1337a49fcd8e945f0f8e21c87ed1f6e9a771b53a8f,gwsearch run
5883,1778542856.4309015,fc2098317d43af66664f0f1337a49fcd8e945f0f8e21c87ed1f6e9a771b53a8f,gwsearch run
5884,1778543424.9187284,fc2098317d43af66664f0f1337a49fcd8e945f0f8e21c87ed1f6e9a771b53a8f,gwsearch run
5885,1778543994.4141228,fc2098317d43af66664f0f1337a49fcd8e945f0f8e21c87ed1f6e9a771b53a8f,gwsearch run
5886,1778544560.393458,fc2098317d43af66664f0f1337a49fcd8e945f0f8e21c87ed1f6e9a771b53a8f,gwsearch run
5887,1778545128.406374,fc2098317d43af66664f0f1337a49fcd8e945f0f8e21c87ed1f6e9a771b53a8f,gwsearch run
5888,1778545695.3986526,fc2098317d43af66664f0f1337a49fcd8e945f0f8e21c87ed1f6e9a771b53a8f,gwsearch run
5889,1778546265.161092,fc2098317d43af66664f0f1337a49fcd8e945f0f8e21c87ed1f6e9a771b53a8f,gwsearch run
5890,1778546835.4240556,fc2098317d43af66664f0f1337a49fcd8e945f0f8e21c87ed1f6e9a771b53a8f,gwsearch run
5891,1778547404.422577,fc2098317d43af66664f0f1337a49fcd8e945f0f8e21c87ed1f6e9a771b53a8f,gwsearch run
5892,1778547973.1694682,fc2098317d43af66664f0f1337a49fcd8e945f0f8e21c87ed1f6e9a771b53a8f,gwsearch run
5893,1778548541.668671,fc2098317d43af66664f0f1337a49fcd8e945f0f8e21c87ed1f6e9a771b53a8f,gwsearch run
5894,1778549109.1895638,fc2098317d43af66664f0f1337a49fcd8e945f0f8e21c87ed1f6e9a771b53a8f,gwsearch run
5895,1778549675.658533,fc2098317d43af66664f0f1337a49fcd8e945f0f8e21c87ed1f6e9a771b53a8f,gwsearch run
5896,1778550244.9037645,fc2098317d43af66664f0f1337a49fcd8e945f0f8e21c87ed1f6e9a771b53a8f,gwsearch run
5897,1778550810.4206512,fc2098317d43af66664f0f1337a49fcd8e945f0f8e21c87ed1f6e9a771b53a8f,gwsearch run
5898,1778551379.6522617,fc2098317d43af66664f0f1337a49fcd8e945f0f8e21c87ed1f6e9a771b53a8f,gwsearch run
5899,1778551949.668372,fc2098317d43af66664f0f1337a49fcd8e945f0f8e21c87ed1f6e9a771b53a8f,gwsearch run
5900,1778552539.2157311,fc2098317d43af66664f0f1337a49fcd8e945f0f8e21c87ed1f6e9a771b53a8f,gwsearch run
5901,1778553106.9165742,fc2098317d43af66664f0f1337a49fcd8e945f0f8e21c87ed1f6e9a771b53a8f,gwsearch run
5902,1778553676.6450503,fc2098317d43af66664f0f1337a49fcd8e945f0f8e21c87ed1f6e9a771b53a8f,gwsearch run
5903,1778554245.9259667,fc2098317d43af66664f0f1337a49fcd8e945f0f8e21c87ed1f6e9a771b53a8f,gwsearch run
5904,1778554813.399661,fc2098317d43af66664f0f1337a49fcd8e945f0f8e21c87ed1f6e9a771b53a8f,gwsearch run
5905,1778555383.1815557,fc2098317d43af66664f0f1337a49fcd8e945f0f8e21c87ed1f6e9a771b53a8f,gwsearch run
5906,1778555952.4099722,fc2098317d43af66664f0f1337a49fcd8e945f0f8e21c87ed1f6e9a771b53a8f,gwsearch run
5907,1778556525.9068007,fc2098317d43af66664f0f1337a49fcd8e945f0f8e21c87ed1f6e9a771b53a8f,gwsearch run
5908,1778557094.6650167,fc2098317d43af66664f0f1337a49fcd8e945f0f8e21c87ed1f6e9a771b53a8f,gwsearch run
5909,1778557661.958536,fc2098317d43af66664f0f1337a49fcd8e945f0f8e21c87ed1f6e9a771b53a8f,gwsearch run
5910,1778558230.4098294,fc2098317d43af66664f0f1337a49fcd8e945f0f8e21c87ed1f6e9a771b53a8f,gwsearch run
5911,1778558798.174118,fc2098317d43af66664f0f1337a49fcd8e945f0f8e21c87ed1f6e9a771b53a8f,gwsearch run
5912,1778559370.3924642,fc2098317d43af66664f0f1337a49fcd8e945f0f8e21c87ed1f6e9a771b53a8f,gwsearch run
5913,1778559942.1830363,fc2098317d43af66664f0f1337a49fcd8e945f0f8e21c87ed1f6e9a771b53a8f,gwsearch run
5914,1778560511.670884,fc2098317d43af66664f0f1337a49fcd8e945f0f8e21c87ed1f6e9a771b53a8f,gwsearch run
5915,1778561081.6648066,fc2098317d43af66664f0f1337a49fcd8e945f0f8e21c87ed1f6e9a771b53a8f,gwsearch run
5916,1778561662.418454,fc2098317d43af66664f0f1337a49fcd8e945f0f8e21c87ed1f6e9a771b53a8f,gwsearch run
5917,1778562232.4110165,fc2098317d43af66664f0f1337a49fcd8e945f0f8e21c87ed1f6e9a771b53a8f,gwsearch run
5918,1778562803.184299,fc2098317d43af66664f0f1337a49fcd8e945f0f8e21c87ed1f6e9a771b53a8f,gwsearch run
5919,1778563374.667401,fc2098317d43af66664f0f1337a49fcd8e945f0f8e21c87ed1f6e9a771b53a8f,gwsearch run
5920,1778563943.9085455,fc2098317d43af66664f0f1337a49fcd8e945f0f8e21c87ed1f6e9a771b53a8f,gwsearch run
5921,1778564576.6857965,fc2098317d43af66664f0f1337a49fcd8e945f0f8e21c87ed1f6e9a771b53a8f,gwsearch run
5922,1778565147.1672695,fc2098317d43af66664f0f1337a49fcd8e945f0f8e21c87ed1f6e9a771b53a8f,gwsearch run
5923,1778565717.1692903,fc2098317d43af66664f0f1337a49fcd8e945f0f8e21c87ed1f6e9a771b53a8f,gwsearch run
5924,1778566286.9108105,fc2098317d43af66664f0f1337a49fcd8e945f0f8e21c87ed1f6e9a771b53a8f,gwsearch run
5925,1778566856.6825175,fc2098317d43af66664f0f1337a49fcd8e945f0f8e21c87ed1f6e9a771b53a8f,gwsearch run
5926,1778567426.1693661,fc2098317d43af66664f0f1337a49fcd8e945f0f8e21c87ed1f6e9a771b53a8f,gwsearch run
5927,1778567994.6748087,fc2098317d43af66664f0f1337a49fcd8e945f0f8e21c87ed1f6e9a771b53a8f,gwsearch run
5928,1778568565.1767125,fc2098317d43af66664f0f1337a49fcd8e945f0f8e21c87ed1f6e9a771b53a8f,gwsearch run
5929,1778569133.4254372,fc2098317d43af66664f0f1337a49fcd8e945f0f8e21c87ed1f6e9a771b53a8f,gwsearch run
5930,1778569702.1778388,fc2098317d43af66664f0f1337a49fcd8e945f0f8e21c87ed1f6e9a771b53a8f,gwsearch run
5931,1778570269.6349235,fc2098317d43af66664f0f1337a49fcd8e945f0f8e21c87ed1f6e9a771b53a8f,gwsearch run
5932,1778570838.6510234,fc2098317d43af66664f0f1337a49fcd8e945f0f8e21c87ed1f6e9a771b53a8f,gwsearch run
5933,1778571404.3492663,fc2098317d43af66664f0f1337a49fcd8e945f0f8e21c87ed1f6e9a771b53a8f,gwsearch run
5934,1778571979.411924,fc2098317d43af66664f0f1337a49fcd8e945f0f8e21c87ed1f6e9a771b53a8f,gwsearch run
5935,1778572549.9031806,fc2098317d43af66664f0f1337a49fcd8e945f0f8e21c87ed1f6e9a771b53a8f,gwsearch run
5936,1778573120.7310286,fc2098317d43af66664f0f1337a49fcd8e945f0f8e21c87ed1f6e9a771b53a8f,gwsearch run
5937,1778573691.171646,fc2098317d43af66664f0f1337a49fcd8e945f0f8e21c87ed1f6e9a771b53a8f,gwsearch run
5938,1778574260.1638145,fc2098317d43af66664f0f1337a49fcd8e945f0f8e21c87ed1f6e9a771b53a8f,gwsearch run
5939,1778574827.6292386,fc2098317d43af66664f0f1337a49fcd8e945f0f8e21c87ed1f6e9a771b53a8f,gwsearch run
5940,1778575397.9500813,fc2098317d43af66664f0f1337a49fcd8e945f0f8e21c87ed1f6e9a771b53a8f,gwsearch run
5941,1778575966.9175925,fc2098317d43af66664f0f1337a49fcd8e945f0f8e21c87ed1f6e9a771b53a8f,gwsearch run
5942,1778576535.6442873,fc2098317d43af66664f0f1337a49fcd8e945f0f8e21c87ed1f6e9a771b53a8f,gwsearch run
5943,1778577106.1630802,fc2098317d43af66664f0f1337a49fcd8e945f0f8e21c87ed1f6e9a771b53a8f,gwsearch run
5944,1778577676.9309497,fc2098317d43af66664f0f1337a49fcd8e945f0f8e21c87ed1f6e9a771b53a8f,gwsearch run
5945,1778578244.896812,fc2098317d43af66664f0f1337a49fcd8e945f0f8e21c87ed1f6e9a771b53a8f,gwsearch run
5946,1778578818.8931494,fc2098317d43af66664f0f1337a49fcd8e945f0f8e21c87ed1f6e9a771b53a8f,gwsearch run
5947,1778579389.1597261,fc2098317d43af66664f0f1337a49fcd8e945f0f8e21c87ed1f6e9a771b53a8f,gwsearch run
5948,1778579964.6962035,fc2098317d43af66664f0f1337a49fcd8e945f0f8e21c87ed1f6e9a771b53a8f,gwsearch run
5949,1778580543.1580904,fc2098317d43af66664f0f1337a49fcd8e945f0f8e21c87ed1f6e9a771b53a8f,gwsearch run
5950,1778581112.9250166,fc2098317d43af66664f0f1337a49fcd8e945f0f8e21c87ed1f6e9a771b53a8f,gwsearch run
5951,1778581681.897317,fc2098317d43af66664f0f1337a49fcd8e945f0f8e21c87ed1f6e9a771b53a8f,gwsearch run
5952,1778582254.1724877,fc2098317d43af66664f0f1337a49fcd8e945f0f8e21c87ed1f6e9a771b53a8f,gwsearch run
5953,1778582823.679691,fc2098317d43af66664f0f1337a49fcd8e945f0f8e21c87ed1f6e9a771b53a8f,gwsearch run
5954,1778583393.6679318,fc2098317d43af66664f0f1337a49fcd8e945f0f8e21c87ed1f6e9a771b53a8f,gwsearch run
5955,1778583964.9223714,fc2098317d43af66664f0f1337a49fcd8e945f0f8e21c87ed1f6e9a771b53a8f,gwsearch run
5956,1778584533.6838615,fc2098317d43af66664f0f1337a49fcd8e945f0f8e21c87ed1f6e9a771b53a8f,gwsearch run
5957,1778585113.184618,fc2098317d43af66664f0f1337a49fcd8e945f0f8e21c87ed1f6e9a771b53a8f,gwsearch run
5958,1778585682.6757262,fc2098317d43af66664f0f1337a49fcd8e945f0f8e21c87ed1f6e9a771b53a8f,gwsearch run
5959,1778586254.6629288,fc2098317d43af66664f0f1337a49fcd8e945f0f8e21c87ed1f6e9a771b53a8f,gwsearch run
5960,1778586836.1632977,fc2098317d43af66664f0f1337a49fcd8e945f0f8e21c87ed1f6e9a771b53a8f,gwsearch run
5961,1778587404.4220045,fc2098317d43af66664f0f1337a49fcd8e945f0f8e21c87ed1f6e9a771b53a8f,gwsearch run
5962,1778587971.9110553,fc2098317d43af66664f0f1337a49fcd8e945f0f8e21c87ed1f6e9a771b53a8f,gwsearch run
5963,1778588540.8987358,fc2098317d43af66664f0f1337a49fcd8e945f0f8e21c87ed1f6e9a771b53a8f,gwsearch run
5964,1778589109.4077814,fc2098317d43af66664f0f1337a49fcd8e945f0f8e21c87ed1f6e9a771b53a8f,gwsearch run
5965,1778589684.4114666,fc2098317d43af66664f0f1337a49fcd8e945f0f8e21c87ed1f6e9a771b53a8f,gwsearch run
5966,1778590256.4206934,fc2098317d43af66664f0f1337a49fcd8e945f0f8e21c87ed1f6e9a771b53a8f,gwsearch run
5967,1778590828.4300523,fc2098317d43af66664f0f1337a49fcd8e945f0f8e21c87ed1f6e9a771b53a8f,gwsearch run
5968,1778591397.6652079,fc2098317d43af66664f0f1337a49fcd8e945f0f8e21c87ed1f6e9a771b53a8f,gwsearch run
5969,1778591963.6699615,fc2098317d43af66664f0f1337a49fcd8e945f0f8e21c87ed1f6e9a771b53a8f,gwsearch run
5970,1778592531.4028714,fc2098317d43af66664f0f1337a49fcd8e945f0f8e21c87ed1f6e9a771b53a8f,gwsearch run
5971,1778593100.9231002,fc2098317d43af66664f0f1337a49fcd8e945f0f8e21c87ed1f6e9a771b53a8f,gwsearch run
5972,1778593669.9191816,fc2098317d43af66664f0f1337a49fcd8e945f0f8e21c87ed1f6e9a771b53a8f,gwsearch run
5973,1778594238.39678,fc2098317d43af66664f0f1337a49fcd8e945f0f8e21c87ed1f6e9a771b53a8f,gwsearch run
5974,1778594807.6814306,fc2098317d43af66664f0f1337a49fcd8e945f0f8e21c87ed1f6e9a771b53a8f,gwsearch run
5975,1778595376.6745493,fc2098317d43af66664f0f1337a49fcd8e945f0f8e21c87ed1f6e9a771b53a8f,gwsearch run
5976,1778595945.4199772,fc2098317d43af66664f0f1337a49fcd8e945f0f8e21c87ed1f6e9a771b53a8f,gwsearch run
5977,1778596512.648064,fc2098317d43af66664f0f1337a49fcd8e945f0f8e21c87ed1f6e9a771b53a8f,gwsearch run
5978,1778597080.4272766,fc2098317d43af66664f0f1337a49fcd8e945f0f8e21c87ed1f6e9a771b53a8f,gwsearch run
5979,1778597647.4135425,fc2098317d43af66664f0f1337a49fcd8e945f0f8e21c87ed1f6e9a771b53a8f,gwsearch run
5980,1778598216.6944866,fc2098317d43af66664f0f1337a49fcd8e945f0f8e21c87ed1f6e9a771b53a8f,gwsearch run
5981,1778598786.1536288,fc2098317d43af66664f0f1337a49fcd8e945f0f8e21c87ed1f6e9a771b53a8f,gwsearch run
5982,1778599355.400858,fc2098317d43af66664f0f1337a49fcd8e945f0f8e21c87ed1f6e9a771b53a8f,gwsearch run
5983,1778599925.421517,fc2098317d43af66664f0f1337a49fcd8e945f0f8e21c87ed1f6e9a771b53a8f,gwsearch run
5984,1778600493.421481,fc2098317d43af66664f0f1337a49fcd8e945f0f8e21c87ed1f6e9a771b53a8f,gwsearch run
5985,1778601062.666045,fc2098317d43af66664f0f1337a49fcd8e945f0f8e21c87ed1f6e9a771b53a8f,gwsearch run
5986,1778601630.9158084,fc2098317d43af66664f0f1337a49fcd8e945f0f8e21c87ed1f6e9a771b53a8f,gwsearch run
5987,1778602199.152513,fc2098317d43af66664f0f1337a49fcd8e945f0f8e21c87ed1f6e9a771b53a8f,gwsearch run
5988,1778602766.9119685,fc2098317d43af66664f0f1337a49fcd8e945f0f8e21c87ed1f6e9a771b53a8f,gwsearch run
5989,1778603335.9033897,fc2098317d43af66664f0f1337a49fcd8e945f0f8e21c87ed1f6e9a771b53a8f,gwsearch run
5990,1778603903.4252121,fc2098317d43af66664f0f1337a49fcd8e945f0f8e21c87ed1f6e9a771b53a8f,gwsearch run
5991,1778604471.1780376,fc2098317d43af66664f0f1337a49fcd8e945f0f8e21c87ed1f6e9a771b53a8f,gwsearch run
5992,1778605037.92957,fc2098317d43af66664f0f1337a49fcd8e945f0f8e21c87ed1f6e9a771b53a8f,gwsearch run
5993,1778605607.4127002,fc2098317d43af66664f0f1337a49fcd8e945f0f8e21c87ed1f6e9a771b53a8f,gwsearch run
5994,1778606175.4160461,fc2098317d43af66664f0f1337a49fcd8e945f0f8e21c87ed1f6e9a771b53a8f,gwsearch run
5995,1778606742.906414,fc2098317d43af66664f0f1337a49fcd8e945f0f8e21c87ed1f6e9a771b53a8f,gwsearch run
5996,1778607310.187545,fc2098317d43af66664f0f1337a49fcd8e945f0f8e21c87ed1f6e9a771b53a8f,gwsearch run
5997,1778607880.6643133,fc2098317d43af66664f0f1337a49fcd8e945f0f8e21c87ed1f6e9a771b53a8f,gwsearch run
5998,1778608449.9198885,fc2098317d43af66664f0f1337a49fcd8e945f0f8e21c87ed1f6e9a771b53a8f,gwsearch run
5999,1778609018.4196386,fc2098317d43af66664f0f1337a49fcd8e945f0f8e21c87ed1f6e9a771b53a8f,gwsearch run
6000,1778609590.9346635,fc2098317d43af66664f0f1337a49fcd8e945f0f8e21c87ed1f6e9a771b53a8f,gwsearch run
6001,1778610161.6751223,fc2098317d43af66664f0f1337a49fcd8e945f0f8e21c87ed1f6e9a771b53a8f,gwsearch run
6002,1778610738.165153,fc2098317d43af66664f0f1337a49fcd8e945f0f8e21c87ed1f6e9a771b53a8f,gwsearch run
6003,1778611308.4099247,fc2098317d43af66664f0f1337a49fcd8e945f0f8e21c87ed1f6e9a771b53a8f,gwsearch run
6004,1778611878.6728168,fc2098317d43af66664f0f1337a49fcd8e945f0f8e21c87ed1f6e9a771b53a8f,gwsearch run
6005,1778612447.8880458,fc2098317d43af66664f0f1337a49fcd8e945f0f8e21c87ed1f6e9a771b53a8f,gwsearch run
6006,1778613025.938668,fc2098317d43af66664f0f1337a49fcd8e945f0f8e21c87ed1f6e9a771b53a8f,gwsearch run
6007,1778613595.658082,fc2098317d43af66664f0f1337a49fcd8e945f0f8e21c87ed1f6e9a771b53a8f,gwsearch run
6008,1778614165.1529703,fc2098317d43af66664f0f1337a49fcd8e945f0f8e21c87ed1f6e9a771b53a8f,gwsearch run
6009,1778614732.4246259,fc2098317d43af66664f0f1337a49fcd8e945f0f8e21c87ed1f6e9a771b53a8f,gwsearch run
6010,1778615299.9294043,fc2098317d43af66664f0f1337a49fcd8e945f0f8e21c87ed1f6e9a771b53a8f,gwsearch run
6011,1778615869.440082,fc2098317d43af66664f0f1337a49fcd8e945f0f8e21c87ed1f6e9a771b53a8f,gwsearch run
6012,1778616438.4200535,fc2098317d43af66664f0f1337a49fcd8e945f0f8e21c87ed1f6e9a771b53a8f,gwsearch run
6013,1778617008.6734319,fc2098317d43af66664f0f1337a49fcd8e945f0f8e21c87ed1f6e9a771b53a8f,gwsearch run
6014,1778617578.1494076,fc2098317d43af66664f0f1337a49fcd8e945f0f8e21c87ed1f6e9a771b53a8f,gwsearch run
6015,1778618148.6585152,fc2098317d43af66664f0f1337a49fcd8e945f0f8e21c87ed1f6e9a771b53a8f,gwsearch run
6016,1778618715.217126,fc2098317d43af66664f0f1337a49fcd8e945f0f8e21c87ed1f6e9a771b53a8f,gwsearch run
6017,1778619382.424015,fc2098317d43af66664f0f1337a49fcd8e945f0f8e21c87ed1f6e9a771b53a8f,gwsearch run
6018,1778619950.1489394,fc2098317d43af66664f0f1337a49fcd8e945f0f8e21c87ed1f6e9a771b53a8f,gwsearch run
6019,1778620515.662862,fc2098317d43af66664f0f1337a49fcd8e945f0f8e21c87ed1f6e9a771b53a8f,gwsearch run
6020,1778621082.1641996,fc2098317d43af66664f0f1337a49fcd8e945f0f8e21c87ed1f6e9a771b53a8f,gwsearch run
6021,1778621660.662481,fc2098317d43af66664f0f1337a49fcd8e945f0f8e21c87ed1f6e9a771b53a8f,gwsearch run
6022,1778622240.1739616,fc2098317d43af66664f0f1337a49fcd8e945f0f8e21c87ed1f6e9a771b53a8f,gwsearch run
6023,1778622810.412769,fc2098317d43af66664f0f1337a49fcd8e945f0f8e21c87ed1f6e9a771b53a8f,gwsearch run
6024,1778623380.1673925,fc2098317d43af66664f0f1337a49fcd8e945f0f8e21c87ed1f6e9a771b53a8f,gwsearch run
6025,1778623947.6590981,fc2098317d43af66664f0f1337a49fcd8e945f0f8e21c87ed1f6e9a771b53a8f,gwsearch run
6026,1778624517.6785982,fc2098317d43af66664f0f1337a49fcd8e945f0f8e21c87ed1f6e9a771b53a8f,gwsearch run
6027,1778625087.6786976,fc2098317d43af66664f0f1337a49fcd8e945f0f8e21c87ed1f6e9a771b53a8f,gwsearch run
6028,1778625658.428517,fc2098317d43af66664f0f1337a49fcd8e945f0f8e21c87ed1f6e9a771b53a8f,gwsearch run
6029,1778626226.6583457,fc2098317d43af66664f0f1337a49fcd8e945f0f8e21c87ed1f6e9a771b53a8f,gwsearch run
6030,1778626795.1869566,fc2098317d43af66664f0f1337a49fcd8e945f0f8e21c87ed1f6e9a771b53a8f,gwsearch run
6031,1778627365.3980303,fc2098317d43af66664f0f1337a49fcd8e945f0f8e21c87ed1f6e9a771b53a8f,gwsearch run
6032,1778627933.6962464,fc2098317d43af66664f0f1337a49fcd8e945f0f8e21c87ed1f6e9a771b53a8f,gwsearch run
6033,1778628501.906529,fc2098317d43af66664f0f1337a49fcd8e945f0f8e21c87ed1f6e9a771b53a8f,gwsearch run
6034,1778629069.920156,fc2098317d43af66664f0f1337a49fcd8e945f0f8e21c87ed1f6e9a771b53a8f,gwsearch run
6035,1778629639.935529,fc2098317d43af66664f0f1337a49fcd8e945f0f8e21c87ed1f6e9a771b53a8f,gwsearch run
6036,1778630210.928054,fc2098317d43af66664f0f1337a49fcd8e945f0f8e21c87ed1f6e9a771b53a8f,gwsearch run
6037,1778630780.9217205,fc2098317d43af66664f0f1337a49fcd8e945f0f8e21c87ed1f6e9a771b53a8f,gwsearch run
6038,1778631352.162018,fc2098317d43af66664f0f1337a49fcd8e945f0f8e21c87ed1f6e9a771b53a8f,gwsearch run
6039,1778631920.1517465,fc2098317d43af66664f0f1337a49fcd8e945f0f8e21c87ed1f6e9a771b53a8f,gwsearch run
6040,1778632492.9149754,fc2098317d43af66664f0f1337a49fcd8e945f0f8e21c87ed1f6e9a771b53a8f,gwsearch run
6041,1778633063.4190166,fc2098317d43af66664f0f1337a49fcd8e945f0f8e21c87ed1f6e9a771b53a8f,gwsearch run
6042,1778633634.8971581,fc2098317d43af66664f0f1337a49fcd8e945f0f8e21c87ed1f6e9a771b53a8f,gwsearch run
6043,1778634206.3827722,fc2098317d43af66664f0f1337a49fcd8e945f0f8e21c87ed1f6e9a771b53a8f,gwsearch run
6044,1778634776.9461312,fc2098317d43af66664f0f1337a49fcd8e945f0f8e21c87ed1f6e9a771b53a8f,gwsearch run
6045,1778635343.156122,fc2098317d43af66664f0f1337a49fcd8e945f0f8e21c87ed1f6e9a771b53a8f,gwsearch run
6046,1778635913.678126,fc2098317d43af66664f0f1337a49fcd8e945f0f8e21c87ed1f6e9a771b53a8f,gwsearch run
6047,1778636483.705455,fc2098317d43af66664f0f1337a49fcd8e945f0f8e21c87ed1f6e9a771b53a8f,gwsearch run
6048,1778637054.1685128,fc2098317d43af66664f0f1337a49fcd8e945f0f8e21c87ed1f6e9a771b53a8f,gwsearch run
6049,1778637625.1703131,fc2098317d43af66664f0f1337a49fcd8e945f0f8e21c87ed1f6e9a771b53a8f,gwsearch run
6050,1778638194.1603138,fc2098317d43af66664f0f1337a49fcd8e945f0f8e21c87ed1f6e9a771b53a8f,gwsearch run
6051,1778638763.1891172,fc2098317d43af66664f0f1337a49fcd8e945f0f8e21c87ed1f6e9a771b53a8f,gwsearch run
6052,1778639332.4496586,fc2098317d43af66664f0f1337a49fcd8e945f0f8e21c87ed1f6e9a771b53a8f,gwsearch run
6053,1778639902.940885,fc2098317d43af66664f0f1337a49fcd8e945f0f8e21c87ed1f6e9a771b53a8f,gwsearch run
6054,1778640473.4147415,fc2098317d43af66664f0f1337a49fcd8e945f0f8e21c87ed1f6e9a771b53a8f,gwsearch run
6055,1778641045.1538267,fc2098317d43af66664f0f1337a49fcd8e945f0f8e21c87ed1f6e9a771b53a8f,gwsearch run
6056,1778641625.9084556,fc2098317d43af66664f0f1337a49fcd8e945f0f8e21c87ed1f6e9a771b53a8f,gwsearch run
6057,1778642205.1525152,fc2098317d43af66664f0f1337a49fcd8e945f0f8e21c87ed1f6e9a771b53a8f,gwsearch run
6058,1778642773.423894,fc2098317d43af66664f0f1337a49fcd8e945f0f8e21c87ed1f6e9a771b53a8f,gwsearch run
6059,1778643351.3909292,fc2098317d43af66664f0f1337a49fcd8e945f0f8e21c87ed1f6e9a771b53a8f,gwsearch run
6060,1778643922.417984,fc2098317d43af66664f0f1337a49fcd8e945f0f8e21c87ed1f6e9a771b53a8f,gwsearch run
6061,1778644492.1770992,fc2098317d43af66664f0f1337a49fcd8e945f0f8e21c87ed1f6e9a771b53a8f,gwsearch run
6062,1778645064.1677706,fc2098317d43af66664f0f1337a49fcd8e945f0f8e21c87ed1f6e9a771b53a8f,gwsearch run
6063,1778645635.1945193,fc2098317d43af66664f0f1337a49fcd8e945f0f8e21c87ed1f6e9a771b53a8f,gwsearch run
6064,1778646204.662068,fc2098317d43af66664f0f1337a49fcd8e945f0f8e21c87ed1f6e9a771b53a8f,gwsearch run
6065,1778646772.4128666,fc2098317d43af66664f0f1337a49fcd8e945f0f8e21c87ed1f6e9a771b53a8f,gwsearch run
6066,1778647340.89151,fc2098317d43af66664f0f1337a49fcd8e945f0f8e21c87ed1f6e9a771b53a8f,gwsearch run
6067,1778647912.6847465,fc2098317d43af66664f0f1337a49fcd8e945f0f8e21c87ed1f6e9a771b53a8f,gwsearch run
6068,1778648481.6689277,fc2098317d43af66664f0f1337a49fcd8e945f0f8e21c87ed1f6e9a771b53a8f,gwsearch run
6069,1778649054.4412868,fc2098317d43af66664f0f1337a49fcd8e945f0f8e21c87ed1f6e9a771b53a8f,gwsearch run
6070,1778649623.6628265,fc2098317d43af66664f0f1337a49fcd8e945f0f8e21c87ed1f6e9a771b53a8f,gwsearch run
6071,1778650194.6642396,fc2098317d43af66664f0f1337a49fcd8e945f0f8e21c87ed1f6e9a771b53a8f,gwsearch run
6072,1778650765.6858788,fc2098317d43af66664f0f1337a49fcd8e945f0f8e21c87ed1f6e9a771b53a8f,gwsearch run
6073,1778651335.6914163,fc2098317d43af66664f0f1337a49fcd8e945f0f8e21c87ed1f6e9a771b53a8f,gwsearch run
6074,1778651905.6497207,fc2098317d43af66664f0f1337a49fcd8e945f0f8e21c87ed1f6e9a771b53a8f,gwsearch run
6075,1778652475.903917,fc2098317d43af66664f0f1337a49fcd8e945f0f8e21c87ed1f6e9a771b53a8f,gwsearch run
6076,1778653055.6655204,fc2098317d43af66664f0f1337a49fcd8e945f0f8e21c87ed1f6e9a771b53a8f,gwsearch run
6077,1778653625.6630964,fc2098317d43af66664f0f1337a49fcd8e945f0f8e21c87ed1f6e9a771b53a8f,gwsearch run
6078,1778654196.1719635,fc2098317d43af66664f0f1337a49fcd8e945f0f8e21c87ed1f6e9a771b53a8f,gwsearch run
6079,1778654765.1252902,fc2098317d43af66664f0f1337a49fcd8e945f0f8e21c87ed1f6e9a771b53a8f,gwsearch run
6080,1778655333.9324374,fc2098317d43af66664f0f1337a49fcd8e945f0f8e21c87ed1f6e9a771b53a8f,gwsearch run
6081,1778655904.6699848,fc2098317d43af66664f0f1337a49fcd8e945f0f8e21c87ed1f6e9a771b53a8f,gwsearch run
6082,1778656475.2416053,fc2098317d43af66664f0f1337a49fcd8e945f0f8e21c87ed1f6e9a771b53a8f,gwsearch run
6083,1778657052.6684518,fc2098317d43af66664f0f1337a49fcd8e945f0f8e21c87ed1f6e9a771b53a8f,gwsearch run
6084,1778657622.907895,fc2098317d43af66664f0f1337a49fcd8e945f0f8e21c87ed1f6e9a771b53a8f,gwsearch run
6085,1778658193.6780937,fc2098317d43af66664f0f1337a49fcd8e945f0f8e21c87ed1f6e9a771b53a8f,gwsearch run
6086,1778658766.160675,fc2098317d43af66664f0f1337a49fcd8e945f0f8e21c87ed1f6e9a771b53a8f,gwsearch run
6087,1778659336.6721346,fc2098317d43af66664f0f1337a49fcd8e945f0f8e21c87ed1f6e9a771b53a8f,gwsearch run
6088,1778659906.9075506,fc2098317d43af66664f0f1337a49fcd8e945f0f8e21c87ed1f6e9a771b53a8f,gwsearch run
6089,1778660476.9065423,fc2098317d43af66664f0f1337a49fcd8e945f0f8e21c87ed1f6e9a771b53a8f,gwsearch run
6090,1778661047.1639998,fc2098317d43af66664f0f1337a49fcd8e945f0f8e21c87ed1f6e9a771b53a8f,gwsearch run
6091,1778661618.895941,fc2098317d43af66664f0f1337a49fcd8e945f0f8e21c87ed1f6e9a771b53a8f,gwsearch run
6092,1778662188.8904214,fc2098317d43af66664f0f1337a49fcd8e945f0f8e21c87ed1f6e9a771b53a8f,gwsearch run
6093,1778662756.915261,fc2098317d43af66664f0f1337a49fcd8e945f0f8e21c87ed1f6e9a771b53a8f,gwsearch run
6094,1778663327.3782828,fc2098317d43af66664f0f1337a49fcd8e945f0f8e21c87ed1f6e9a771b53a8f,gwsearch run
6095,1778663896.1549985,fc2098317d43af66664f0f1337a49fcd8e945f0f8e21c87ed1f6e9a771b53a8f,gwsearch run
6096,1778664464.929035,fc2098317d43af66664f0f1337a49fcd8e945f0f8e21c87ed1f6e9a771b53a8f,gwsearch run
6097,1778665034.899565,fc2098317d43af66664f0f1337a49fcd8e945f0f8e21c87ed1f6e9a771b53a8f,gwsearch run
6098,1778665606.1871862,fc2098317d43af66664f0f1337a49fcd8e945f0f8e21c87ed1f6e9a771b53a8f,gwsearch run
6099,1778666175.4093032,fc2098317d43af66664f0f1337a49fcd8e945f0f8e21c87ed1f6e9a771b53a8f,gwsearch run
6100,1778666744.1826518,fc2098317d43af66664f0f1337a49fcd8e945f0f8e21c87ed1f6e9a771b53a8f,gwsearch run
6101,1778667321.1739,fc2098317d43af66664f0f1337a49fcd8e945f0f8e21c87ed1f6e9a771b53a8f,gwsearch run
6102,1778667891.9133115,fc2098317d43af66664f0f1337a49fcd8e945f0f8e21c87ed1f6e9a771b53a8f,gwsearch run
6103,1778668462.9082057,fc2098317d43af66664f0f1337a49fcd8e945f0f8e21c87ed1f6e9a771b53a8f,gwsearch run
6104,1778669032.1727316,fc2098317d43af66664f0f1337a49fcd8e945f0f8e21c87ed1f6e9a771b53a8f,gwsearch run
6105,1778669597.6294785,fc2098317d43af66664f0f1337a49fcd8e945f0f8e21c87ed1f6e9a771b53a8f,gwsearch run
6106,1778670167.1542265,fc2098317d43af66664f0f1337a49fcd8e945f0f8e21c87ed1f6e9a771b53a8f,gwsearch run
6107,1778670735.9390397,fc2098317d43af66664f0f1337a49fcd8e945f0f8e21c87ed1f6e9a771b53a8f,gwsearch run
6108,1778671305.391212,fc2098317d43af66664f0f1337a49fcd8e945f0f8e21c87ed1f6e9a771b53a8f,gwsearch run
6109,1778671875.949257,fc2098317d43af66664f0f1337a49fcd8e945f0f8e21c87ed1f6e9a771b53a8f,gwsearch run
6110,1778672446.190354,fc2098317d43af66664f0f1337a49fcd8e945f0f8e21c87ed1f6e9a771b53a8f,gwsearch run
6111,1778673016.4119496,fc2098317d43af66664f0f1337a49fcd8e945f0f8e21c87ed1f6e9a771b53a8f,gwsearch run
6112,1778673586.9003603,fc2098317d43af66664f0f1337a49fcd8e945f0f8e21c87ed1f6e9a771b53a8f,gwsearch run
6113,1778674154.4165256,fc2098317d43af66664f0f1337a49fcd8e945f0f8e21c87ed1f6e9a771b53a8f,gwsearch run
6114,1778674722.418943,fc2098317d43af66664f0f1337a49fcd8e945f0f8e21c87ed1f6e9a771b53a8f,gwsearch run
6115,1778675291.3985226,fc2098317d43af66664f0f1337a49fcd8e945f0f8e21c87ed1f6e9a771b53a8f,gwsearch run
6116,1778675862.6799378,fc2098317d43af66664f0f1337a49fcd8e945f0f8e21c87ed1f6e9a771b53a8f,gwsearch run
6117,1778676433.1579912,fc2098317d43af66664f0f1337a49fcd8e945f0f8e21c87ed1f6e9a771b53a8f,gwsearch run
6118,1778677003.4341547,fc2098317d43af66664f0f1337a49fcd8e945f0f8e21c87ed1f6e9a771b53a8f,gwsearch run
6119,1778677575.3832676,fc2098317d43af66664f0f1337a49fcd8e945f0f8e21c87ed1f6e9a771b53a8f,gwsearch run
6120,1778678144.1497529,fc2098317d43af66664f0f1337a49fcd8e945f0f8e21c87ed1f6e9a771b53a8f,gwsearch run
6121,1778678712.6687298,fc2098317d43af66664f0f1337a49fcd8e945f0f8e21c87ed1f6e9a771b53a8f,gwsearch run
6122,1778679283.398022,fc2098317d43af66664f0f1337a49fcd8e945f0f8e21c87ed1f6e9a771b53a8f,gwsearch run
6123,1778679851.152281,fc2098317d43af66664f0f1337a49fcd8e945f0f8e21c87ed1f6e9a771b53a8f,gwsearch run
6124,1778680420.9327714,fc2098317d43af66664f0f1337a49fcd8e945f0f8e21c87ed1f6e9a771b53a8f,gwsearch run
6125,1778680989.159546,fc2098317d43af66664f0f1337a49fcd8e945f0f8e21c87ed1f6e9a771b53a8f,gwsearch run
6126,1778681557.4362435,fc2098317d43af66664f0f1337a49fcd8e945f0f8e21c87ed1f6e9a771b53a8f,gwsearch run
6127,1778682127.422213,fc2098317d43af66664f0f1337a49fcd8e945f0f8e21c87ed1f6e9a771b53a8f,gwsearch run
6128,1778682695.1631048,fc2098317d43af66664f0f1337a49fcd8e945f0f8e21c87ed1f6e9a771b53a8f,gwsearch run
6129,1778683267.6382222,fc2098317d43af66664f0f1337a49fcd8e945f0f8e21c87ed1f6e9a771b53a8f,gwsearch run
6130,1778683837.417674,fc2098317d43af66664f0f1337a49fcd8e945f0f8e21c87ed1f6e9a771b53a8f,gwsearch run
6131,1778684406.932119,fc2098317d43af66664f0f1337a49fcd8e945f0f8e21c87ed1f6e9a771b53a8f,gwsearch run
6132,1778684978.4115086,fc2098317d43af66664f0f1337a49fcd8e945f0f8e21c87ed1f6e9a771b53a8f,gwsearch run
6133,1778685547.139882,fc2098317d43af66664f0f1337a49fcd8e945f0f8e21c87ed1f6e9a771b53a8f,gwsearch run
6134,1778686117.677844,fc2098317d43af66664f0f1337a49fcd8e945f0f8e21c87ed1f6e9a771b53a8f,gwsearch run
6135,1778686688.6676624,fc2098317d43af66664f0f1337a49fcd8e945f0f8e21c87ed1f6e9a771b53a8f,gwsearch run
6136,1778687257.897126,fc2098317d43af66664f0f1337a49fcd8e945f0f8e21c87ed1f6e9a771b53a8f,gwsearch run
6137,1778687825.6781082,fc2098317d43af66664f0f1337a49fcd8e945f0f8e21c87ed1f6e9a771b53a8f,gwsearch run
6138,1778688395.6543493,fc2098317d43af66664f0f1337a49fcd8e945f0f8e21c87ed1f6e9a771b53a8f,gwsearch run
6139,1778688963.1693614,fc2098317d43af66664f0f1337a49fcd8e945f0f8e21c87ed1f6e9a771b53a8f,gwsearch run
6140,1778689531.4213886,fc2098317d43af66664f0f1337a49fcd8e945f0f8e21c87ed1f6e9a771b53a8f,gwsearch run
6141,1778690100.641924,fc2098317d43af66664f0f1337a49fcd8e945f0f8e21c87ed1f6e9a771b53a8f,gwsearch run
6142,1778690669.4188015,fc2098317d43af66664f0f1337a49fcd8e945f0f8e21c87ed1f6e9a771b53a8f,gwsearch run
6143,1778691239.9052455,fc2098317d43af66664f0f1337a49fcd8e945f0f8e21c87ed1f6e9a771b53a8f,gwsearch run
6144,1778691810.9237845,fc2098317d43af66664f0f1337a49fcd8e945f0f8e21c87ed1f6e9a771b53a8f,gwsearch run
6145,1778692380.9190228,fc2098317d43af66664f0f1337a49fcd8e945f0f8e21c87ed1f6e9a771b53a8f,gwsearch run
6146,1778692951.1926694,fc2098317d43af66664f0f1337a49fcd8e945f0f8e21c87ed1f6e9a771b53a8f,gwsearch run
6147,1778693523.9165518,fc2098317d43af66664f0f1337a49fcd8e945f0f8e21c87ed1f6e9a771b53a8f,gwsearch run
6148,1778694094.1519756,fc2098317d43af66664f0f1337a49fcd8e945f0f8e21c87ed1f6e9a771b53a8f,gwsearch run
6149,1778694665.664729,fc2098317d43af66664f0f1337a49fcd8e945f0f8e21c87ed1f6e9a771b53a8f,gwsearch run
6150,1778695237.9070492,fc2098317d43af66664f0f1337a49fcd8e945f0f8e21c87ed1f6e9a771b53a8f,gwsearch run
6151,1778695808.6560462,fc2098317d43af66664f0f1337a49fcd8e945f0f8e21c87ed1f6e9a771b53a8f,gwsearch run
6152,1778696379.6457326,fc2098317d43af66664f0f1337a49fcd8e945f0f8e21c87ed1f6e9a771b53a8f,gwsearch run
6153,1778696949.9130054,fc2098317d43af66664f0f1337a49fcd8e945f0f8e21c87ed1f6e9a771b53a8f,gwsearch run
6154,1778697520.9083207,fc2098317d43af66664f0f1337a49fcd8e945f0f8e21c87ed1f6e9a771b53a8f,gwsearch run
6155,1778698091.1598635,fc2098317d43af66664f0f1337a49fcd8e945f0f8e21c87ed1f6e9a771b53a8f,gwsearch run
6156,1778698661.6525414,fc2098317d43af66664f0f1337a49fcd8e945f0f8e21c87ed1f6e9a771b53a8f,gwsearch run
6157,1778699230.173664,fc2098317d43af66664f0f1337a49fcd8e945f0f8e21c87ed1f6e9a771b53a8f,gwsearch run
6158,1778699799.8666046,fc2098317d43af66664f0f1337a49fcd8e945f0f8e21c87ed1f6e9a771b53a8f,gwsearch run
6159,1778700381.6639495,fc2098317d43af66664f0f1337a49fcd8e945f0f8e21c87ed1f6e9a771b53a8f,gwsearch run
6160,1778700960.6580455,fc2098317d43af66664f0f1337a49fcd8e945f0f8e21c87ed1f6e9a771b53a8f,gwsearch run
6161,1778701531.1703131,fc2098317d43af66664f0f1337a49fcd8e945f0f8e21c87ed1f6e9a771b53a8f,gwsearch run
6162,1778702101.9152994,fc2098317d43af66664f0f1337a49fcd8e945f0f8e21c87ed1f6e9a771b53a8f,gwsearch run
6163,1778702672.4194837,fc2098317d43af66664f0f1337a49fcd8e945f0f8e21c87ed1f6e9a771b53a8f,gwsearch run
6164,1778703242.6513815,fc2098317d43af66664f0f1337a49fcd8e945f0f8e21c87ed1f6e9a771b53a8f,gwsearch run
6165,1778703809.919323,fc2098317d43af66664f0f1337a49fcd8e945f0f8e21c87ed1f6e9a771b53a8f,gwsearch run
6166,1778704380.1657534,fc2098317d43af66664f0f1337a49fcd8e945f0f8e21c87ed1f6e9a771b53a8f,gwsearch run
6167,1778704951.8856006,fc2098317d43af66664f0f1337a49fcd8e945f0f8e21c87ed1f6e9a771b53a8f,gwsearch run
6168,1778705522.1758134,fc2098317d43af66664f0f1337a49fcd8e945f0f8e21c87ed1f6e9a771b53a8f,gwsearch run
6169,1778706091.6592622,fc2098317d43af66664f0f1337a49fcd8e945f0f8e21c87ed1f6e9a771b53a8f,gwsearch run
6170,1778706660.9013777,fc2098317d43af66664f0f1337a49fcd8e945f0f8e21c87ed1f6e9a771b53a8f,gwsearch run
6171,1778707233.4344406,fc2098317d43af66664f0f1337a49fcd8e945f0f8e21c87ed1f6e9a771b53a8f,gwsearch run
6172,1778707803.4078994,fc2098317d43af66664f0f1337a49fcd8e945f0f8e21c87ed1f6e9a771b53a8f,gwsearch run
6173,1778708370.2080884,fc2098317d43af66664f0f1337a49fcd8e945f0f8e21c87ed1f6e9a771b53a8f,gwsearch run
6174,1778708938.6718762,fc2098317d43af66664f0f1337a49fcd8e945f0f8e21c87ed1f6e9a771b53a8f,gwsearch run
6175,1778709508.1637137,fc2098317d43af66664f0f1337a49fcd8e945f0f8e21c87ed1f6e9a771b53a8f,gwsearch run
6176,1778710083.9161184,fc2098317d43af66664f0f1337a49fcd8e945f0f8e21c87ed1f6e9a771b53a8f,gwsearch run
6177,1778710653.913568,fc2098317d43af66664f0f1337a49fcd8e945f0f8e21c87ed1f6e9a771b53a8f,gwsearch run
6178,1778711223.9137561,fc2098317d43af66664f0f1337a49fcd8e945f0f8e21c87ed1f6e9a771b53a8f,gwsearch run
6179,1778711793.924702,fc2098317d43af66664f0f1337a49fcd8e945f0f8e21c87ed1f6e9a771b53a8f,gwsearch run
6180,1778712365.9082305,fc2098317d43af66664f0f1337a49fcd8e945f0f8e21c87ed1f6e9a771b53a8f,gwsearch run
6181,1778712932.9114583,fc2098317d43af66664f0f1337a49fcd8e945f0f8e21c87ed1f6e9a771b53a8f,gwsearch run
6182,1778713503.4560826,fc2098317d43af66664f0f1337a49fcd8e945f0f8e21c87ed1f6e9a771b53a8f,gwsearch run
6183,1778714069.7005088,fc2098317d43af66664f0f1337a49fcd8e945f0f8e21c87ed1f6e9a771b53a8f,gwsearch run
6184,1778714636.6789622,fc2098317d43af66664f0f1337a49fcd8e945f0f8e21c87ed1f6e9a771b53a8f,gwsearch run
6185,1778715205.148323,fc2098317d43af66664f0f1337a49fcd8e945f0f8e21c87ed1f6e9a771b53a8f,gwsearch run
6186,1778715771.9200695,fc2098317d43af66664f0f1337a49fcd8e945f0f8e21c87ed1f6e9a771b53a8f,gwsearch run
6187,1778716338.1580465,fc2098317d43af66664f0f1337a49fcd8e945f0f8e21c87ed1f6e9a771b53a8f,gwsearch run
6188,1778716908.408338,fc2098317d43af66664f0f1337a49fcd8e945f0f8e21c87ed1f6e9a771b53a8f,gwsearch run
6189,1778717474.4283948,fc2098317d43af66664f0f1337a49fcd8e945f0f8e21c87ed1f6e9a771b53a8f,gwsearch run
6190,1778718044.9235282,fc2098317d43af66664f0f1337a49fcd8e945f0f8e21c87ed1f6e9a771b53a8f,gwsearch run
6191,1778718613.411412,fc2098317d43af66664f0f1337a49fcd8e945f0f8e21c87ed1f6e9a771b53a8f,gwsearch run
6192,1778719181.6748908,fc2098317d43af66664f0f1337a49fcd8e945f0f8e21c87ed1f6e9a771b53a8f,gwsearch run
6193,1778719750.931606,fc2098317d43af66664f0f1337a49fcd8e945f0f8e21c87ed1f6e9a771b53a8f,gwsearch run
6194,1778720328.6808867,fc2098317d43af66664f0f1337a49fcd8e945f0f8e21c87ed1f6e9a771b53a8f,gwsearch run
6195,1778720896.8917425,fc2098317d43af66664f0f1337a49fcd8e945f0f8e21c87ed1f6e9a771b53a8f,gwsearch run
6196,1778721467.90797,fc2098317d43af66664f0f1337a49fcd8e945f0f8e21c87ed1f6e9a771b53a8f,gwsearch run
6197,1778722036.6727412,fc2098317d43af66664f0f1337a49fcd8e945f0f8e21c87ed1f6e9a771b53a8f,gwsearch run
6198,1778722606.422253,fc2098317d43af66664f0f1337a49fcd8e945f0f8e21c87ed1f6e9a771b53a8f,gwsearch run
6199,1778723174.643541,fc2098317d43af66664f0f1337a49fcd8e945f0f8e21c87ed1f6e9a771b53a8f,gwsearch run
6200,1778723744.17671,fc2098317d43af66664f0f1337a49fcd8e945f0f8e21c87ed1f6e9a771b53a8f,gwsearch run
6201,1778724313.3966076,fc2098317d43af66664f0f1337a49fcd8e945f0f8e21c87ed1f6e9a771b53a8f,gwsearch run
6202,1778724883.9186943,fc2098317d43af66664f0f1337a49fcd8e945f0f8e21c87ed1f6e9a771b53a8f,gwsearch run
6203,1778725453.1614025,fc2098317d43af66664f0f1337a49fcd8e945f0f8e21c87ed1f6e9a771b53a8f,gwsearch run
6204,1778726024.4087574,fc2098317d43af66664f0f1337a49fcd8e945f0f8e21c87ed1f6e9a771b53a8f,gwsearch run
6205,1778726595.4098234,fc2098317d43af66664f0f1337a49fcd8e945f0f8e21c87ed1f6e9a771b53a8f,gwsearch run
6206,1778727165.8970807,fc2098317d43af66664f0f1337a49fcd8e945f0f8e21c87ed1f6e9a771b53a8f,gwsearch run
6207,1778727736.4102018,fc2098317d43af66664f0f1337a49fcd8e945f0f8e21c87ed1f6e9a771b53a8f,gwsearch run
6208,1778728304.1616993,fc2098317d43af66664f0f1337a49fcd8e945f0f8e21c87ed1f6e9a771b53a8f,gwsearch run
6209,1778728873.4058,fc2098317d43af66664f0f1337a49fcd8e945f0f8e21c87ed1f6e9a771b53a8f,gwsearch run
6210,1778729443.408862,fc2098317d43af66664f0f1337a49fcd8e945f0f8e21c87ed1f6e9a771b53a8f,gwsearch run
6211,1778730016.4073405,fc2098317d43af66664f0f1337a49fcd8e945f0f8e21c87ed1f6e9a771b53a8f,gwsearch run
6212,1778730585.1574008,fc2098317d43af66664f0f1337a49fcd8e945f0f8e21c87ed1f6e9a771b53a8f,gwsearch run
6213,1778731155.1776667,fc2098317d43af66664f0f1337a49fcd8e945f0f8e21c87ed1f6e9a771b53a8f,gwsearch run
6214,1778731723.6580083,fc2098317d43af66664f0f1337a49fcd8e945f0f8e21c87ed1f6e9a771b53a8f,gwsearch run
6215,1778732291.393827,fc2098317d43af66664f0f1337a49fcd8e945f0f8e21c87ed1f6e9a771b53a8f,gwsearch run
6216,1778732861.1529183,fc2098317d43af66664f0f1337a49fcd8e945f0f8e21c87ed1f6e9a771b53a8f,gwsearch run
6217,1778733432.6781576,fc2098317d43af66664f0f1337a49fcd8e945f0f8e21c87ed1f6e9a771b53a8f,gwsearch run
6218,1778734000.1593664,fc2098317d43af66664f0f1337a49fcd8e945f0f8e21c87ed1f6e9a771b53a8f,gwsearch run
6219,1778734567.885811,fc2098317d43af66664f0f1337a49fcd8e945f0f8e21c87ed1f6e9a771b53a8f,gwsearch run
6220,1778735135.425126,fc2098317d43af66664f0f1337a49fcd8e945f0f8e21c87ed1f6e9a771b53a8f,gwsearch run
6221,1778735703.1732616,fc2098317d43af66664f0f1337a49fcd8e945f0f8e21c87ed1f6e9a771b53a8f,gwsearch run
6222,1778736270.9163425,fc2098317d43af66664f0f1337a49fcd8e945f0f8e21c87ed1f6e9a771b53a8f,gwsearch run
6223,1778736834.9532208,fc2098317d43af66664f0f1337a49fcd8e945f0f8e21c87ed1f6e9a771b53a8f,gwsearch run
6224,1778737403.1441681,fc2098317d43af66664f0f1337a49fcd8e945f0f8e21c87ed1f6e9a771b53a8f,gwsearch run
6225,1778737971.4571824,fc2098317d43af66664f0f1337a49fcd8e945f0f8e21c87ed1f6e9a771b53a8f,gwsearch run
6226,1778738541.6726608,fc2098317d43af66664f0f1337a49fcd8e945f0f8e21c87ed1f6e9a771b53a8f,gwsearch run
6227,1778739110.9231296,fc2098317d43af66664f0f1337a49fcd8e945f0f8e21c87ed1f6e9a771b53a8f,gwsearch run
6228,1778739678.6480777,fc2098317d43af66664f0f1337a49fcd8e945f0f8e21c87ed1f6e9a771b53a8f,gwsearch run
6229,1778740251.9293828,fc2098317d43af66664f0f1337a49fcd8e945f0f8e21c87ed1f6e9a771b53a8f,gwsearch run
6230,1778740819.6513991,fc2098317d43af66664f0f1337a49fcd8e945f0f8e21c87ed1f6e9a771b53a8f,gwsearch run
6231,1778741388.6455007,fc2098317d43af66664f0f1337a49fcd8e945f0f8e21c87ed1f6e9a771b53a8f,gwsearch run
6232,1778741955.9224095,fc2098317d43af66664f0f1337a49fcd8e945f0f8e21c87ed1f6e9a771b53a8f,gwsearch run
6233,1778742524.1610692,fc2098317d43af66664f0f1337a49fcd8e945f0f8e21c87ed1f6e9a771b53a8f,gwsearch run
6234,1778743093.4090424,fc2098317d43af66664f0f1337a49fcd8e945f0f8e21c87ed1f6e9a771b53a8f,gwsearch run
6235,1778743665.1938233,fc2098317d43af66664f0f1337a49fcd8e945f0f8e21c87ed1f6e9a771b53a8f,gwsearch run
6236,1778744233.9440439,fc2098317d43af66664f0f1337a49fcd8e945f0f8e21c87ed1f6e9a771b53a8f,gwsearch run
6237,1778744802.9117703,fc2098317d43af66664f0f1337a49fcd8e945f0f8e21c87ed1f6e9a771b53a8f,gwsearch run
6238,1778745371.6959012,fc2098317d43af66664f0f1337a49fcd8e945f0f8e21c87ed1f6e9a771b53a8f,gwsearch run
6239,1778745941.1672866,fc2098317d43af66664f0f1337a49fcd8e945f0f8e21c87ed1f6e9a771b53a8f,gwsearch run
6240,1778746510.4084997,fc2098317d43af66664f0f1337a49fcd8e945f0f8e21c87ed1f6e9a771b53a8f,gwsearch run
6241,1778747079.9304583,fc2098317d43af66664f0f1337a49fcd8e945f0f8e21c87ed1f6e9a771b53a8f,gwsearch run
6242,1778747650.6878736,fc2098317d43af66664f0f1337a49fcd8e945f0f8e21c87ed1f6e9a771b53a8f,gwsearch run
6243,1778748220.16778,fc2098317d43af66664f0f1337a49fcd8e945f0f8e21c87ed1f6e9a771b53a8f,gwsearch run
6244,1778748789.4161022,fc2098317d43af66664f0f1337a49fcd8e945f0f8e21c87ed1f6e9a771b53a8f,gwsearch run
6245,1778749356.6735554,fc2098317d43af66664f0f1337a49fcd8e945f0f8e21c87ed1f6e9a771b53a8f,gwsearch run
6246,1778749934.4139755,fc2098317d43af66664f0f1337a49fcd8e945f0f8e21c87ed1f6e9a771b53a8f,gwsearch run
6247,1778750503.423992,fc2098317d43af66664f0f1337a49fcd8e945f0f8e21c87ed1f6e9a771b53a8f,gwsearch run
6248,1778751071.9189897,fc2098317d43af66664f0f1337a49fcd8e945f0f8e21c87ed1f6e9a771b53a8f,gwsearch run
6249,1778751641.1872852,fc2098317d43af66664f0f1337a49fcd8e945f0f8e21c87ed1f6e9a771b53a8f,gwsearch run
6250,1778752208.6694305,fc2098317d43af66664f0f1337a49fcd8e945f0f8e21c87ed1f6e9a771b53a8f,gwsearch run
6251,1778752776.4134007,fc2098317d43af66664f0f1337a49fcd8e945f0f8e21c87ed1f6e9a771b53a8f,gwsearch run
6252,1778753344.667664,fc2098317d43af66664f0f1337a49fcd8e945f0f8e21c87ed1f6e9a771b53a8f,gwsearch run
6253,1778753913.6607187,fc2098317d43af66664f0f1337a49fcd8e945f0f8e21c87ed1f6e9a771b53a8f,gwsearch run
6254,1778754486.925864,fc2098317d43af66664f0f1337a49fcd8e945f0f8e21c87ed1f6e9a771b53a8f,gwsearch run
6255,1778755063.161051,fc2098317d43af66664f0f1337a49fcd8e945f0f8e21c87ed1f6e9a771b53a8f,gwsearch run
6256,1778755631.1499796,fc2098317d43af66664f0f1337a49fcd8e945f0f8e21c87ed1f6e9a771b53a8f,gwsearch run
6257,1778756201.6412284,fc2098317d43af66664f0f1337a49fcd8e945f0f8e21c87ed1f6e9a771b53a8f,gwsearch run
6258,1778756775.175217,fc2098317d43af66664f0f1337a49fcd8e945f0f8e21c87ed1f6e9a771b53a8f,gwsearch run
6259,1778757344.1739898,fc2098317d43af66664f0f1337a49fcd8e945f0f8e21c87ed1f6e9a771b53a8f,gwsearch run
6260,1778757911.6541781,fc2098317d43af66664f0f1337a49fcd8e945f0f8e21c87ed1f6e9a771b53a8f,gwsearch run
6261,1778758483.4022012,fc2098317d43af66664f0f1337a49fcd8e945f0f8e21c87ed1f6e9a771b53a8f,gwsearch run
6262,1778759055.6601439,fc2098317d43af66664f0f1337a49fcd8e945f0f8e21c87ed1f6e9a771b53a8f,gwsearch run
6263,1778759622.4546573,fc2098317d43af66664f0f1337a49fcd8e945f0f8e21c87ed1f6e9a771b53a8f,gwsearch run
6264,1778760192.9301574,fc2098317d43af66664f0f1337a49fcd8e945f0f8e21c87ed1f6e9a771b53a8f,gwsearch run
6265,1778760762.403601,fc2098317d43af66664f0f1337a49fcd8e945f0f8e21c87ed1f6e9a771b53a8f,gwsearch run
6266,1778761332.1788948,fc2098317d43af66664f0f1337a49fcd8e945f0f8e21c87ed1f6e9a771b53a8f,gwsearch run
6267,1778761901.4134586,fc2098317d43af66664f0f1337a49fcd8e945f0f8e21c87ed1f6e9a771b53a8f,gwsearch run
6268,1778762469.1510267,fc2098317d43af66664f0f1337a49fcd8e945f0f8e21c87ed1f6e9a771b53a8f,gwsearch run
6269,1778763036.411671,fc2098317d43af66664f0f1337a49fcd8e945f0f8e21c87ed1f6e9a771b53a8f,gwsearch run
6270,1778763615.4024782,fc2098317d43af66664f0f1337a49fcd8e945f0f8e21c87ed1f6e9a771b53a8f,gwsearch run
6271,1778764182.9080582,fc2098317d43af66664f0f1337a49fcd8e945f0f8e21c87ed1f6e9a771b53a8f,gwsearch run
6272,1778764751.9123116,fc2098317d43af66664f0f1337a49fcd8e945f0f8e21c87ed1f6e9a771b53a8f,gwsearch run
6273,1778765321.432856,fc2098317d43af66664f0f1337a49fcd8e945f0f8e21c87ed1f6e9a771b53a8f,gwsearch run
6274,1778765889.9075806,fc2098317d43af66664f0f1337a49fcd8e945f0f8e21c87ed1f6e9a771b53a8f,gwsearch run
6275,1778766457.9222987,fc2098317d43af66664f0f1337a49fcd8e945f0f8e21c87ed1f6e9a771b53a8f,gwsearch run
6276,1778767036.1499987,fc2098317d43af66664f0f1337a49fcd8e945f0f8e21c87ed1f6e9a771b53a8f,gwsearch run
6277,1778767607.6675012,fc2098317d43af66664f0f1337a49fcd8e945f0f8e21c87ed1f6e9a771b53a8f,gwsearch run
6278,1778768176.6776147,fc2098317d43af66664f0f1337a49fcd8e945f0f8e21c87ed1f6e9a771b53a8f,gwsearch run
6279,1778768754.1478305,fc2098317d43af66664f0f1337a49fcd8e945f0f8e21c87ed1f6e9a771b53a8f,gwsearch run
6280,1778769323.1697958,fc2098317d43af66664f0f1337a49fcd8e945f0f8e21c87ed1f6e9a771b53a8f,gwsearch run
6281,1778769890.3995392,fc2098317d43af66664f0f1337a49fcd8e945f0f8e21c87ed1f6e9a771b53a8f,gwsearch run
6282,1778770461.9052355,fc2098317d43af66664f0f1337a49fcd8e945f0f8e21c87ed1f6e9a771b53a8f,gwsearch run
6283,1778771030.389784,fc2098317d43af66664f0f1337a49fcd8e945f0f8e21c87ed1f6e9a771b53a8f,gwsearch run
6284,1778771599.6517522,fc2098317d43af66664f0f1337a49fcd8e945f0f8e21c87ed1f6e9a771b53a8f,gwsearch run
6285,1778772168.8875523,fc2098317d43af66664f0f1337a49fcd8e945f0f8e21c87ed1f6e9a771b53a8f,gwsearch run
6286,1778772737.4134045,fc2098317d43af66664f0f1337a49fcd8e945f0f8e21c87ed1f6e9a771b53a8f,gwsearch run
6287,1778773305.1641364,fc2098317d43af66664f0f1337a49fcd8e945f0f8e21c87ed1f6e9a771b53a8f,gwsearch run
6288,1778773874.1756818,fc2098317d43af66664f0f1337a49fcd8e945f0f8e21c87ed1f6e9a771b53a8f,gwsearch run
6289,1778774442.1513677,fc2098317d43af66664f0f1337a49fcd8e945f0f8e21c87ed1f6e9a771b53a8f,gwsearch run
6290,1778775010.9100547,fc2098317d43af66664f0f1337a49fcd8e945f0f8e21c87ed1f6e9a771b53a8f,gwsearch run
6291,1778775578.658372,fc2098317d43af66664f0f1337a49fcd8e945f0f8e21c87ed1f6e9a771b53a8f,gwsearch run
6292,1778776146.1671724,fc2098317d43af66664f0f1337a49fcd8e945f0f8e21c87ed1f6e9a771b53a8f,gwsearch run
6293,1778776714.1650314,fc2098317d43af66664f0f1337a49fcd8e945f0f8e21c87ed1f6e9a771b53a8f,gwsearch run
6294,1778777283.4367104,fc2098317d43af66664f0f1337a49fcd8e945f0f8e21c87ed1f6e9a771b53a8f,gwsearch run
6295,1778777851.659625,fc2098317d43af66664f0f1337a49fcd8e945f0f8e21c87ed1f6e9a771b53a8f,gwsearch run
6296,1778778421.9163308,fc2098317d43af66664f0f1337a49fcd8e945f0f8e21c87ed1f6e9a771b53a8f,gwsearch run
6297,1778778990.668483,fc2098317d43af66664f0f1337a49fcd8e945f0f8e21c87ed1f6e9a771b53a8f,gwsearch run
6298,1778779558.7092476,fc2098317d43af66664f0f1337a49fcd8e945f0f8e21c87ed1f6e9a771b53a8f,gwsearch run
6299,1778780127.9183648,fc2098317d43af66664f0f1337a49fcd8e945f0f8e21c87ed1f6e9a771b53a8f,gwsearch run
6300,1778780696.6270616,fc2098317d43af66664f0f1337a49fcd8e945f0f8e21c87ed1f6e9a771b53a8f,gwsearch run
6301,1778781263.9270222,fc2098317d43af66664f0f1337a49fcd8e945f0f8e21c87ed1f6e9a771b53a8f,gwsearch run
6302,1778781830.6680756,fc2098317d43af66664f0f1337a49fcd8e945f0f8e21c87ed1f6e9a771b53a8f,gwsearch run
6303,1778782400.146963,fc2098317d43af66664f0f1337a49fcd8e945f0f8e21c87ed1f6e9a771b53a8f,gwsearch run
6304,1778782969.411754,fc2098317d43af66664f0f1337a49fcd8e945f0f8e21c87ed1f6e9a771b53a8f,gwsearch run
6305,1778783539.9198573,fc2098317d43af66664f0f1337a49fcd8e945f0f8e21c87ed1f6e9a771b53a8f,gwsearch run
6306,1778784117.411007,fc2098317d43af66664f0f1337a49fcd8e945f0f8e21c87ed1f6e9a771b53a8f,gwsearch run
6307,1778784696.659472,fc2098317d43af66664f0f1337a49fcd8e945f0f8e21c87ed1f6e9a771b53a8f,gwsearch run
6308,1778785265.1775851,fc2098317d43af66664f0f1337a49fcd8e945f0f8e21c87ed1f6e9a771b53a8f,gwsearch run
6309,1778785834.1870682,fc2098317d43af66664f0f1337a49fcd8e945f0f8e21c87ed1f6e9a771b53a8f,gwsearch run
6310,1778786404.6828854,fc2098317d43af66664f0f1337a49fcd8e945f0f8e21c87ed1f6e9a771b53a8f,gwsearch run
6311,1778786972.6771348,fc2098317d43af66664f0f1337a49fcd8e945f0f8e21c87ed1f6e9a771b53a8f,gwsearch run
6312,1778787539.4068964,fc2098317d43af66664f0f1337a49fcd8e945f0f8e21c87ed1f6e9a771b53a8f,gwsearch run
6313,1778788135.1615877,fc2098317d43af66664f0f1337a49fcd8e945f0f8e21c87ed1f6e9a771b53a8f,gwsearch run
6314,1778788702.9013274,fc2098317d43af66664f0f1337a49fcd8e945f0f8e21c87ed1f6e9a771b53a8f,gwsearch run
6315,1778789277.1657639,fc2098317d43af66664f0f1337a49fcd8e945f0f8e21c87ed1f6e9a771b53a8f,gwsearch run
6316,1778789856.6576722,fc2098317d43af66664f0f1337a49fcd8e945f0f8e21c87ed1f6e9a771b53a8f,gwsearch run
6317,1778790424.6691768,fc2098317d43af66664f0f1337a49fcd8e945f0f8e21c87ed1f6e9a771b53a8f,gwsearch run
6318,1778790992.1833012,fc2098317d43af66664f0f1337a49fcd8e945f0f8e21c87ed1f6e9a771b53a8f,gwsearch run
6319,1778791562.412995,fc2098317d43af66664f0f1337a49fcd8e945f0f8e21c87ed1f6e9a771b53a8f,gwsearch run
6320,1778792129.8993552,fc2098317d43af66664f0f1337a49fcd8e945f0f8e21c87ed1f6e9a771b53a8f,gwsearch run
6321,1778792698.1802838,fc2098317d43af66664f0f1337a49fcd8e945f0f8e21c87ed1f6e9a771b53a8f,gwsearch run
6322,1778793265.1620142,fc2098317d43af66664f0f1337a49fcd8e945f0f8e21c87ed1f6e9a771b53a8f,gwsearch run
6323,1778793833.6483955,fc2098317d43af66664f0f1337a49fcd8e945f0f8e21c87ed1f6e9a771b53a8f,gwsearch run
6324,1778794400.655695,fc2098317d43af66664f0f1337a49fcd8e945f0f8e21c87ed1f6e9a771b53a8f,gwsearch run
6325,1778794970.4063964,fc2098317d43af66664f0f1337a49fcd8e945f0f8e21c87ed1f6e9a771b53a8f,gwsearch run
6326,1778795539.921543,fc2098317d43af66664f0f1337a49fcd8e945f0f8e21c87ed1f6e9a771b53a8f,gwsearch run
6327,1778796107.4182281,fc2098317d43af66664f0f1337a49fcd8e945f0f8e21c87ed1f6e9a771b53a8f,gwsearch run
6328,1778796677.66531,fc2098317d43af66664f0f1337a49fcd8e945f0f8e21c87ed1f6e9a771b53a8f,gwsearch run
6329,1778797245.647595,fc2098317d43af66664f0f1337a49fcd8e945f0f8e21c87ed1f6e9a771b53a8f,gwsearch run
6330,1778797816.4203117,fc2098317d43af66664f0f1337a49fcd8e945f0f8e21c87ed1f6e9a771b53a8f,gwsearch run
6331,1778798385.187975,fc2098317d43af66664f0f1337a49fcd8e945f0f8e21c87ed1f6e9a771b53a8f,gwsearch run
6332,1778798956.402866,fc2098317d43af66664f0f1337a49fcd8e945f0f8e21c87ed1f6e9a771b53a8f,gwsearch run
6333,1778799526.1750796,fc2098317d43af66664f0f1337a49fcd8e945f0f8e21c87ed1f6e9a771b53a8f,gwsearch run
6334,1778800095.6612706,fc2098317d43af66664f0f1337a49fcd8e945f0f8e21c87ed1f6e9a771b53a8f,gwsearch run
6335,1778800663.6531281,fc2098317d43af66664f0f1337a49fcd8e945f0f8e21c87ed1f6e9a771b53a8f,gwsearch run
6336,1778801232.4174743,fc2098317d43af66664f0f1337a49fcd8e945f0f8e21c87ed1f6e9a771b53a8f,gwsearch run
6337,1778801797.420146,fc2098317d43af66664f0f1337a49fcd8e945f0f8e21c87ed1f6e9a771b53a8f,gwsearch run
6338,1778802367.6610332,fc2098317d43af66664f0f1337a49fcd8e945f0f8e21c87ed1f6e9a771b53a8f,gwsearch run
6339,1778802939.1782243,fc2098317d43af66664f0f1337a49fcd8e945f0f8e21c87ed1f6e9a771b53a8f,gwsearch run
6340,1778803508.9338026,fc2098317d43af66664f0f1337a49fcd8e945f0f8e21c87ed1f6e9a771b53a8f,gwsearch run
6341,1778804077.9293287,fc2098317d43af66664f0f1337a49fcd8e945f0f8e21c87ed1f6e9a771b53a8f,gwsearch run
6342,1778804646.9028852,fc2098317d43af66664f0f1337a49fcd8e945f0f8e21c87ed1f6e9a771b53a8f,gwsearch run
6343,1778805216.1817625,fc2098317d43af66664f0f1337a49fcd8e945f0f8e21c87ed1f6e9a771b53a8f,gwsearch run
6344,1778805786.1585422,fc2098317d43af66664f0f1337a49fcd8e945f0f8e21c87ed1f6e9a771b53a8f,gwsearch run
6345,1778806357.1738331,fc2098317d43af66664f0f1337a49fcd8e945f0f8e21c87ed1f6e9a771b53a8f,gwsearch run
6346,1778806924.447085,fc2098317d43af66664f0f1337a49fcd8e945f0f8e21c87ed1f6e9a771b53a8f,gwsearch run
6347,1778807491.6610277,fc2098317d43af66664f0f1337a49fcd8e945f0f8e21c87ed1f6e9a771b53a8f,gwsearch run
6348,1778808060.399865,fc2098317d43af66664f0f1337a49fcd8e945f0f8e21c87ed1f6e9a771b53a8f,gwsearch run
6349,1778808628.8931847,fc2098317d43af66664f0f1337a49fcd8e945f0f8e21c87ed1f6e9a771b53a8f,gwsearch run
6350,1778809199.6761591,fc2098317d43af66664f0f1337a49fcd8e945f0f8e21c87ed1f6e9a771b53a8f,gwsearch run
6351,1778809768.3953073,fc2098317d43af66664f0f1337a49fcd8e945f0f8e21c87ed1f6e9a771b53a8f,gwsearch run
6352,1778810336.929732,fc2098317d43af66664f0f1337a49fcd8e945f0f8e21c87ed1f6e9a771b53a8f,gwsearch run
6353,1778810905.1665554,fc2098317d43af66664f0f1337a49fcd8e945f0f8e21c87ed1f6e9a771b53a8f,gwsearch run
6354,1778811473.407547,fc2098317d43af66664f0f1337a49fcd8e945f0f8e21c87ed1f6e9a771b53a8f,gwsearch run
6355,1778812042.4167967,fc2098317d43af66664f0f1337a49fcd8e945f0f8e21c87ed1f6e9a771b53a8f,gwsearch run
6356,1778812613.9172177,fc2098317d43af66664f0f1337a49fcd8e945f0f8e21c87ed1f6e9a771b53a8f,gwsearch run
6357,1778813184.4187937,fc2098317d43af66664f0f1337a49fcd8e945f0f8e21c87ed1f6e9a771b53a8f,gwsearch run
6358,1778813756.8945384,fc2098317d43af66664f0f1337a49fcd8e945f0f8e21c87ed1f6e9a771b53a8f,gwsearch run
6359,1778814325.927017,fc2098317d43af66664f0f1337a49fcd8e945f0f8e21c87ed1f6e9a771b53a8f,gwsearch run
6360,1778814895.4170456,fc2098317d43af66664f0f1337a49fcd8e945f0f8e21c87ed1f6e9a771b53a8f,gwsearch run
6361,1778815466.4127111,fc2098317d43af66664f0f1337a49fcd8e945f0f8e21c87ed1f6e9a771b53a8f,gwsearch run
6362,1778816034.9064226,fc2098317d43af66664f0f1337a49fcd8e945f0f8e21c87ed1f6e9a771b53a8f,gwsearch run
6363,1778816604.8917189,fc2098317d43af66664f0f1337a49fcd8e945f0f8e21c87ed1f6e9a771b53a8f,gwsearch run
6364,1778817173.1674004,fc2098317d43af66664f0f1337a49fcd8e945f0f8e21c87ed1f6e9a771b53a8f,gwsearch run
6365,1778817741.66519,fc2098317d43af66664f0f1337a49fcd8e945f0f8e21c87ed1f6e9a771b53a8f,gwsearch run
6366,1778818319.4059715,fc2098317d43af66664f0f1337a49fcd8e945f0f8e21c87ed1f6e9a771b53a8f,gwsearch run
6367,1778818890.1759555,fc2098317d43af66664f0f1337a49fcd8e945f0f8e21c87ed1f6e9a771b53a8f,gwsearch run
6368,1778819467.6489403,fc2098317d43af66664f0f1337a49fcd8e945f0f8e21c87ed1f6e9a771b53a8f,gwsearch run
6369,1778820037.1641517,fc2098317d43af66664f0f1337a49fcd8e945f0f8e21c87ed1f6e9a771b53a8f,gwsearch run
6370,1778820606.423202,fc2098317d43af66664f0f1337a49fcd8e945f0f8e21c87ed1f6e9a771b53a8f,gwsearch run
6371,1778821174.6752474,fc2098317d43af66664f0f1337a49fcd8e945f0f8e21c87ed1f6e9a771b53a8f,gwsearch run
6372,1778821746.6785505,fc2098317d43af66664f0f1337a49fcd8e945f0f8e21c87ed1f6e9a771b53a8f,gwsearch run
6373,1778822314.1866248,fc2098317d43af66664f0f1337a49fcd8e945f0f8e21c87ed1f6e9a771b53a8f,gwsearch run
6374,1778822884.9189355,fc2098317d43af66664f0f1337a49fcd8e945f0f8e21c87ed1f6e9a771b53a8f,gwsearch run
6375,1778823453.9113252,fc2098317d43af66664f0f1337a49fcd8e945f0f8e21c87ed1f6e9a771b53a8f,gwsearch run
6376,1778824023.9187582,fc2098317d43af66664f0f1337a49fcd8e945f0f8e21c87ed1f6e9a771b53a8f,gwsearch run
6377,1778824591.4087195,fc2098317d43af66664f0f1337a49fcd8e945f0f8e21c87ed1f6e9a771b53a8f,gwsearch run
6378,1778825162.3984146,fc2098317d43af66664f0f1337a49fcd8e945f0f8e21c87ed1f6e9a771b53a8f,gwsearch run
6379,1778825731.942753,fc2098317d43af66664f0f1337a49fcd8e945f0f8e21c87ed1f6e9a771b53a8f,gwsearch run
6380,1778826301.656524,fc2098317d43af66664f0f1337a49fcd8e945f0f8e21c87ed1f6e9a771b53a8f,gwsearch run
6381,1778826870.4040508,fc2098317d43af66664f0f1337a49fcd8e945f0f8e21c87ed1f6e9a771b53a8f,gwsearch run
6382,1778827441.4105048,fc2098317d43af66664f0f1337a49fcd8e945f0f8e21c87ed1f6e9a771b53a8f,gwsearch run
6383,1778828011.9104922,fc2098317d43af66664f0f1337a49fcd8e945f0f8e21c87ed1f6e9a771b53a8f,gwsearch run
6384,1778828580.6447794,fc2098317d43af66664f0f1337a49fcd8e945f0f8e21c87ed1f6e9a771b53a8f,gwsearch run
6385,1778829147.6570528,fc2098317d43af66664f0f1337a49fcd8e945f0f8e21c87ed1f6e9a771b53a8f,gwsearch run
6386,1778829716.8869147,fc2098317d43af66664f0f1337a49fcd8e945f0f8e21c87ed1f6e9a771b53a8f,gwsearch run
6387,1778830287.400795,fc2098317d43af66664f0f1337a49fcd8e945f0f8e21c87ed1f6e9a771b53a8f,gwsearch run
6388,1778830856.4116106,fc2098317d43af66664f0f1337a49fcd8e945f0f8e21c87ed1f6e9a771b53a8f,gwsearch run
6389,1778831427.1675308,fc2098317d43af66664f0f1337a49fcd8e945f0f8e21c87ed1f6e9a771b53a8f,gwsearch run
6390,1778831996.2317686,fc2098317d43af66664f0f1337a49fcd8e945f0f8e21c87ed1f6e9a771b53a8f,gwsearch run
6391,1778832567.6643984,fc2098317d43af66664f0f1337a49fcd8e945f0f8e21c87ed1f6e9a771b53a8f,gwsearch run
6392,1778833137.4129307,fc2098317d43af66664f0f1337a49fcd8e945f0f8e21c87ed1f6e9a771b53a8f,gwsearch run
6393,1778833708.6723487,fc2098317d43af66664f0f1337a49fcd8e945f0f8e21c87ed1f6e9a771b53a8f,gwsearch run
6394,1778834290.6513963,fc2098317d43af66664f0f1337a49fcd8e945f0f8e21c87ed1f6e9a771b53a8f,gwsearch run
6395,1778834859.9238234,fc2098317d43af66664f0f1337a49fcd8e945f0f8e21c87ed1f6e9a771b53a8f,gwsearch run
6396,1778835431.6736536,fc2098317d43af66664f0f1337a49fcd8e945f0f8e21c87ed1f6e9a771b53a8f,gwsearch run
6397,1778836002.1567795,fc2098317d43af66664f0f1337a49fcd8e945f0f8e21c87ed1f6e9a771b53a8f,gwsearch run
6398,1778836570.172229,fc2098317d43af66664f0f1337a49fcd8e945f0f8e21c87ed1f6e9a771b53a8f,gwsearch run
6399,1778837135.934945,fc2098317d43af66664f0f1337a49fcd8e945f0f8e21c87ed1f6e9a771b53a8f,gwsearch run
6400,1778837702.1495821,fc2098317d43af66664f0f1337a49fcd8e945f0f8e21c87ed1f6e9a771b53a8f,gwsearch run
6401,1778838269.146307,fc2098317d43af66664f0f1337a49fcd8e945f0f8e21c87ed1f6e9a771b53a8f,gwsearch run
6402,1778838845.9159324,fc2098317d43af66664f0f1337a49fcd8e945f0f8e21c87ed1f6e9a771b53a8f,gwsearch run
6403,1778839410.6741629,fc2098317d43af66664f0f1337a49fcd8e945f0f8e21c87ed1f6e9a771b53a8f,gwsearch run
6404,1778839978.9322906,fc2098317d43af66664f0f1337a49fcd8e945f0f8e21c87ed1f6e9a771b53a8f,gwsearch run
6405,1778840547.1663377,fc2098317d43af66664f0f1337a49fcd8e945f0f8e21c87ed1f6e9a771b53a8f,gwsearch run
6406,1778841114.4236913,fc2098317d43af66664f0f1337a49fcd8e945f0f8e21c87ed1f6e9a771b53a8f,gwsearch run
6407,1778841681.429913,fc2098317d43af66664f0f1337a49fcd8e945f0f8e21c87ed1f6e9a771b53a8f,gwsearch run
6408,1778842249.180193,fc2098317d43af66664f0f1337a49fcd8e945f0f8e21c87ed1f6e9a771b53a8f,gwsearch run
6409,1778842815.1397736,fc2098317d43af66664f0f1337a49fcd8e945f0f8e21c87ed1f6e9a771b53a8f,gwsearch run
6410,1778843382.1749675,fc2098317d43af66664f0f1337a49fcd8e945f0f8e21c87ed1f6e9a771b53a8f,gwsearch run
6411,1778843947.438303,fc2098317d43af66664f0f1337a49fcd8e945f0f8e21c87ed1f6e9a771b53a8f,gwsearch run
6412,1778844515.1776357,fc2098317d43af66664f0f1337a49fcd8e945f0f8e21c87ed1f6e9a771b53a8f,gwsearch run
6413,1778845082.527407,fc2098317d43af66664f0f1337a49fcd8e945f0f8e21c87ed1f6e9a771b53a8f,gwsearch run
6414,1778845652.2125912,fc2098317d43af66664f0f1337a49fcd8e945f0f8e21c87ed1f6e9a771b53a8f,gwsearch run
6415,1778846318.6715064,fc2098317d43af66664f0f1337a49fcd8e945f0f8e21c87ed1f6e9a771b53a8f,gwsearch run
6416,1778846886.1553702,fc2098317d43af66664f0f1337a49fcd8e945f0f8e21c87ed1f6e9a771b53a8f,gwsearch run
6417,1778847452.1417532,fc2098317d43af66664f0f1337a49fcd8e945f0f8e21c87ed1f6e9a771b53a8f,gwsearch run
6418,1778848057.425067,fc2098317d43af66664f0f1337a49fcd8e945f0f8e21c87ed1f6e9a771b53a8f,gwsearch run
6419,1778848622.9290783,fc2098317d43af66664f0f1337a49fcd8e945f0f8e21c87ed1f6e9a771b53a8f,gwsearch run
6420,1778849189.428329,fc2098317d43af66664f0f1337a49fcd8e945f0f8e21c87ed1f6e9a771b53a8f,gwsearch run
6421,1778849755.16574,fc2098317d43af66664f0f1337a49fcd8e945f0f8e21c87ed1f6e9a771b53a8f,gwsearch run
6422,1778850320.1671505,fc2098317d43af66664f0f1337a49fcd8e945f0f8e21c87ed1f6e9a771b53a8f,gwsearch run
6423,1778850886.8998377,fc2098317d43af66664f0f1337a49fcd8e945f0f8e21c87ed1f6e9a771b53a8f,gwsearch run
6424,1778851452.1396806,fc2098317d43af66664f0f1337a49fcd8e945f0f8e21c87ed1f6e9a771b53a8f,gwsearch run
6425,1778852017.9223304,fc2098317d43af66664f0f1337a49fcd8e945f0f8e21c87ed1f6e9a771b53a8f,gwsearch run
6426,1778852583.6539905,fc2098317d43af66664f0f1337a49fcd8e945f0f8e21c87ed1f6e9a771b53a8f,gwsearch run
6427,1778853149.4067676,fc2098317d43af66664f0f1337a49fcd8e945f0f8e21c87ed1f6e9a771b53a8f,gwsearch run
6428,1778853714.4161317,fc2098317d43af66664f0f1337a49fcd8e945f0f8e21c87ed1f6e9a771b53a8f,gwsearch run
6429,1778854282.657405,fc2098317d43af66664f0f1337a49fcd8e945f0f8e21c87ed1f6e9a771b53a8f,gwsearch run
6430,1778854850.1787076,fc2098317d43af66664f0f1337a49fcd8e945f0f8e21c87ed1f6e9a771b53a8f,gwsearch run
6431,1778855419.1777003,fc2098317d43af66664f0f1337a49fcd8e945f0f8e21c87ed1f6e9a771b53a8f,gwsearch run
6432,1778855984.9002135,fc2098317d43af66664f0f1337a49fcd8e945f0f8e21c87ed1f6e9a771b53a8f,gwsearch run
6433,1778856552.6886177,fc2098317d43af66664f0f1337a49fcd8e945f0f8e21c87ed1f6e9a771b53a8f,gwsearch run
6434,1778857119.1829982,fc2098317d43af66664f0f1337a49fcd8e945f0f8e21c87ed1f6e9a771b53a8f,gwsearch run
6435,1778857687.6422544,fc2098317d43af66664f0f1337a49fcd8e945f0f8e21c87ed1f6e9a771b53a8f,gwsearch run
6436,1778858254.1832638,fc2098317d43af66664f0f1337a49fcd8e945f0f8e21c87ed1f6e9a771b53a8f,gwsearch run
6437,1778858821.6765237,fc2098317d43af66664f0f1337a49fcd8e945f0f8e21c87ed1f6e9a771b53a8f,gwsearch run
6438,1778859389.6589162,fc2098317d43af66664f0f1337a49fcd8e945f0f8e21c87ed1f6e9a771b53a8f,gwsearch run
6439,1778859956.6616752,fc2098317d43af66664f0f1337a49fcd8e945f0f8e21c87ed1f6e9a771b53a8f,gwsearch run
6440,1778860521.66753,fc2098317d43af66664f0f1337a49fcd8e945f0f8e21c87ed1f6e9a771b53a8f,gwsearch run
6441,1778861088.402571,fc2098317d43af66664f0f1337a49fcd8e945f0f8e21c87ed1f6e9a771b53a8f,gwsearch run
6442,1778861655.4460576,fc2098317d43af66664f0f1337a49fcd8e945f0f8e21c87ed1f6e9a771b53a8f,gwsearch run
6443,1778862221.4283447,fc2098317d43af66664f0f1337a49fcd8e945f0f8e21c87ed1f6e9a771b53a8f,gwsearch run
6444,1778862788.422442,fc2098317d43af66664f0f1337a49fcd8e945f0f8e21c87ed1f6e9a771b53a8f,gwsearch run
6445,1778863358.179753,fc2098317d43af66664f0f1337a49fcd8e945f0f8e21c87ed1f6e9a771b53a8f,gwsearch run
6446,1778863925.162589,fc2098317d43af66664f0f1337a49fcd8e945f0f8e21c87ed1f6e9a771b53a8f,gwsearch run
6447,1778864493.4180915,fc2098317d43af66664f0f1337a49fcd8e945f0f8e21c87ed1f6e9a771b53a8f,gwsearch run
6448,1778865060.1609848,fc2098317d43af66664f0f1337a49fcd8e945f0f8e21c87ed1f6e9a771b53a8f,gwsearch run
6449,1778865628.4207835,fc2098317d43af66664f0f1337a49fcd8e945f0f8e21c87ed1f6e9a771b53a8f,gwsearch run
6450,1778866196.4107294,fc2098317d43af66664f0f1337a49fcd8e945f0f8e21c87ed1f6e9a771b53a8f,gwsearch run
6451,1778866763.9199092,fc2098317d43af66664f0f1337a49fcd8e945f0f8e21c87ed1f6e9a771b53a8f,gwsearch run
6452,1778867333.9312391,fc2098317d43af66664f0f1337a49fcd8e945f0f8e21c87ed1f6e9a771b53a8f,gwsearch run
6453,1778867904.1779416,fc2098317d43af66664f0f1337a49fcd8e945f0f8e21c87ed1f6e9a771b53a8f,gwsearch run
6454,1778868475.6822762,fc2098317d43af66664f0f1337a49fcd8e945f0f8e21c87ed1f6e9a771b53a8f,gwsearch run
6455,1778869043.1602013,fc2098317d43af66664f0f1337a49fcd8e945f0f8e21c87ed1f6e9a771b53a8f,gwsearch run
6456,1778869614.9320316,fc2098317d43af66664f0f1337a49fcd8e945f0f8e21c87ed1f6e9a771b53a8f,gwsearch run
6457,1778870184.6875234,fc2098317d43af66664f0f1337a49fcd8e945f0f8e21c87ed1f6e9a771b53a8f,gwsearch run
6458,1778870755.9211571,fc2098317d43af66664f0f1337a49fcd8e945f0f8e21c87ed1f6e9a771b53a8f,gwsearch run
6459,1778871327.415426,fc2098317d43af66664f0f1337a49fcd8e945f0f8e21c87ed1f6e9a771b53a8f,gwsearch run
6460,1778871898.6784737,fc2098317d43af66664f0f1337a49fcd8e945f0f8e21c87ed1f6e9a771b53a8f,gwsearch run
6461,1778872479.425975,fc2098317d43af66664f0f1337a49fcd8e945f0f8e21c87ed1f6e9a771b53a8f,gwsearch run
6462,1778873050.4178371,fc2098317d43af66664f0f1337a49fcd8e945f0f8e21c87ed1f6e9a771b53a8f,gwsearch run
6463,1778873623.9406264,fc2098317d43af66664f0f1337a49fcd8e945f0f8e21c87ed1f6e9a771b53a8f,gwsearch run
6464,1778874194.4236336,fc2098317d43af66664f0f1337a49fcd8e945f0f8e21c87ed1f6e9a771b53a8f,gwsearch run
6465,1778874763.4165685,fc2098317d43af66664f0f1337a49fcd8e945f0f8e21c87ed1f6e9a771b53a8f,gwsearch run
6466,1778875333.169619,fc2098317d43af66664f0f1337a49fcd8e945f0f8e21c87ed1f6e9a771b53a8f,gwsearch run
6467,1778875912.4344969,fc2098317d43af66664f0f1337a49fcd8e945f0f8e21c87ed1f6e9a771b53a8f,gwsearch run
6468,1778876481.931632,fc2098317d43af66664f0f1337a49fcd8e945f0f8e21c87ed1f6e9a771b53a8f,gwsearch run
6469,1778877062.1644323,fc2098317d43af66664f0f1337a49fcd8e945f0f8e21c87ed1f6e9a771b53a8f,gwsearch run
6470,1778877631.9151738,fc2098317d43af66664f0f1337a49fcd8e945f0f8e21c87ed1f6e9a771b53a8f,gwsearch run
6471,1778878210.175827,fc2098317d43af66664f0f1337a49fcd8e945f0f8e21c87ed1f6e9a771b53a8f,gwsearch run
6472,1778878781.145363,fc2098317d43af66664f0f1337a49fcd8e945f0f8e21c87ed1f6e9a771b53a8f,gwsearch run
6473,1778879350.4115775,fc2098317d43af66664f0f1337a49fcd8e945f0f8e21c87ed1f6e9a771b53a8f,gwsearch run
6474,1778879919.4304748,fc2098317d43af66664f0f1337a49fcd8e945f0f8e21c87ed1f6e9a771b53a8f,gwsearch run
6475,1778880490.4216661,fc2098317d43af66664f0f1337a49fcd8e945f0f8e21c87ed1f6e9a771b53a8f,gwsearch run
6476,1778881061.9190671,fc2098317d43af66664f0f1337a49fcd8e945f0f8e21c87ed1f6e9a771b53a8f,gwsearch run
6477,1778881733.4077466,fc2098317d43af66664f0f1337a49fcd8e945f0f8e21c87ed1f6e9a771b53a8f,gwsearch run
6478,1778882304.1810274,fc2098317d43af66664f0f1337a49fcd8e945f0f8e21c87ed1f6e9a771b53a8f,gwsearch run
6479,1778882875.906265,fc2098317d43af66664f0f1337a49fcd8e945f0f8e21c87ed1f6e9a771b53a8f,gwsearch run
6480,1778883445.9434133,fc2098317d43af66664f0f1337a49fcd8e945f0f8e21c87ed1f6e9a771b53a8f,gwsearch run
6481,1778884015.4019017,fc2098317d43af66664f0f1337a49fcd8e945f0f8e21c87ed1f6e9a771b53a8f,gwsearch run
6482,1778884586.902264,fc2098317d43af66664f0f1337a49fcd8e945f0f8e21c87ed1f6e9a771b53a8f,gwsearch run
6483,1778885155.1765115,fc2098317d43af66664f0f1337a49fcd8e945f0f8e21c87ed1f6e9a771b53a8f,gwsearch run
6484,1778885726.656164,fc2098317d43af66664f0f1337a49fcd8e945f0f8e21c87ed1f6e9a771b53a8f,gwsearch run
6485,1778886296.1770747,fc2098317d43af66664f0f1337a49fcd8e945f0f8e21c87ed1f6e9a771b53a8f,gwsearch run
6486,1778886866.1789546,fc2098317d43af66664f0f1337a49fcd8e945f0f8e21c87ed1f6e9a771b53a8f,gwsearch run
6487,1778887434.4146235,fc2098317d43af66664f0f1337a49fcd8e945f0f8e21c87ed1f6e9a771b53a8f,gwsearch run
6488,1778888005.8928325,fc2098317d43af66664f0f1337a49fcd8e945f0f8e21c87ed1f6e9a771b53a8f,gwsearch run
6489,1778888573.6718292,fc2098317d43af66664f0f1337a49fcd8e945f0f8e21c87ed1f6e9a771b53a8f,gwsearch run
6490,1778889141.6670754,fc2098317d43af66664f0f1337a49fcd8e945f0f8e21c87ed1f6e9a771b53a8f,gwsearch run
6491,1778889708.9079516,fc2098317d43af66664f0f1337a49fcd8e945f0f8e21c87ed1f6e9a771b53a8f,gwsearch run
6492,1778890278.4306672,fc2098317d43af66664f0f1337a49fcd8e945f0f8e21c87ed1f6e9a771b53a8f,gwsearch run
6493,1778890848.418449,fc2098317d43af66664f0f1337a49fcd8e945f0f8e21c87ed1f6e9a771b53a8f,gwsearch run
6494,1778891426.432091,fc2098317d43af66664f0f1337a49fcd8e945f0f8e21c87ed1f6e9a771b53a8f,gwsearch run
6495,1778891999.1742172,fc2098317d43af66664f0f1337a49fcd8e945f0f8e21c87ed1f6e9a771b53a8f,gwsearch run
6496,1778892568.9881577,fc2098317d43af66664f0f1337a49fcd8e945f0f8e21c87ed1f6e9a771b53a8f,gwsearch run
6497,1778893138.420302,fc2098317d43af66664f0f1337a49fcd8e945f0f8e21c87ed1f6e9a771b53a8f,gwsearch run
6498,1778893708.9032474,fc2098317d43af66664f0f1337a49fcd8e945f0f8e21c87ed1f6e9a771b53a8f,gwsearch run
6499,1778894276.7650044,fc2098317d43af66664f0f1337a49fcd8e945f0f8e21c87ed1f6e9a771b53a8f,gwsearch run
6500,1778894847.1908092,fc2098317d43af66664f0f1337a49fcd8e945f0f8e21c87ed1f6e9a771b53a8f,gwsearch run
6501,1778895426.9164588,fc2098317d43af66664f0f1337a49fcd8e945f0f8e21c87ed1f6e9a771b53a8f,gwsearch run
6502,1778895996.6853504,fc2098317d43af66664f0f1337a49fcd8e945f0f8e21c87ed1f6e9a771b53a8f,gwsearch run
6503,1778896567.9313147,fc2098317d43af66664f0f1337a49fcd8e945f0f8e21c87ed1f6e9a771b53a8f,gwsearch run
6504,1778897138.9135578,fc2098317d43af66664f0f1337a49fcd8e945f0f8e21c87ed1f6e9a771b53a8f,gwsearch run
6505,1778897717.1789598,fc2098317d43af66664f0f1337a49fcd8e945f0f8e21c87ed1f6e9a771b53a8f,gwsearch run
6506,1778898287.9089823,fc2098317d43af66664f0f1337a49fcd8e945f0f8e21c87ed1f6e9a771b53a8f,gwsearch run
6507,1778898858.4224024,fc2098317d43af66664f0f1337a49fcd8e945f0f8e21c87ed1f6e9a771b53a8f,gwsearch run
6508,1778899427.9155793,fc2098317d43af66664f0f1337a49fcd8e945f0f8e21c87ed1f6e9a771b53a8f,gwsearch run
6509,1778900026.6795006,fc2098317d43af66664f0f1337a49fcd8e945f0f8e21c87ed1f6e9a771b53a8f,gwsearch run
6510,1778900596.9407375,fc2098317d43af66664f0f1337a49fcd8e945f0f8e21c87ed1f6e9a771b53a8f,gwsearch run
6511,1778901168.1734464,fc2098317d43af66664f0f1337a49fcd8e945f0f8e21c87ed1f6e9a771b53a8f,gwsearch run
6512,1778901737.927058,fc2098317d43af66664f0f1337a49fcd8e945f0f8e21c87ed1f6e9a771b53a8f,gwsearch run
6513,1778902315.178061,fc2098317d43af66664f0f1337a49fcd8e945f0f8e21c87ed1f6e9a771b53a8f,gwsearch run
6514,1778902885.192651,fc2098317d43af66664f0f1337a49fcd8e945f0f8e21c87ed1f6e9a771b53a8f,gwsearch run
6515,1778903453.8780582,fc2098317d43af66664f0f1337a49fcd8e945f0f8e21c87ed1f6e9a771b53a8f,gwsearch run
6516,1778904025.4244573,fc2098317d43af66664f0f1337a49fcd8e945f0f8e21c87ed1f6e9a771b53a8f,gwsearch run
6517,1778904694.6467147,fc2098317d43af66664f0f1337a49fcd8e945f0f8e21c87ed1f6e9a771b53a8f,gwsearch run
6518,1778905263.9033108,fc2098317d43af66664f0f1337a49fcd8e945f0f8e21c87ed1f6e9a771b53a8f,gwsearch run
6519,1778905836.0126283,fc2098317d43af66664f0f1337a49fcd8e945f0f8e21c87ed1f6e9a771b53a8f,gwsearch run
6520,1778906405.6817365,fc2098317d43af66664f0f1337a49fcd8e945f0f8e21c87ed1f6e9a771b53a8f,gwsearch run
6521,1778906975.432956,fc2098317d43af66664f0f1337a49fcd8e945f0f8e21c87ed1f6e9a771b53a8f,gwsearch run
6522,1778907545.6821146,fc2098317d43af66664f0f1337a49fcd8e945f0f8e21c87ed1f6e9a771b53a8f,gwsearch run
6523,1778908115.4199128,fc2098317d43af66664f0f1337a49fcd8e945f0f8e21c87ed1f6e9a771b53a8f,gwsearch run
6524,1778908685.4084785,fc2098317d43af66664f0f1337a49fcd8e945f0f8e21c87ed1f6e9a771b53a8f,gwsearch run
6525,1778909256.164879,fc2098317d43af66664f0f1337a49fcd8e945f0f8e21c87ed1f6e9a771b53a8f,gwsearch run
6526,1778909826.6732771,fc2098317d43af66664f0f1337a49fcd8e945f0f8e21c87ed1f6e9a771b53a8f,gwsearch run
6527,1778910395.4372606,fc2098317d43af66664f0f1337a49fcd8e945f0f8e21c87ed1f6e9a771b53a8f,gwsearch run
6528,1778910965.414261,fc2098317d43af66664f0f1337a49fcd8e945f0f8e21c87ed1f6e9a771b53a8f,gwsearch run
6529,1778911534.6583347,fc2098317d43af66664f0f1337a49fcd8e945f0f8e21c87ed1f6e9a771b53a8f,gwsearch run
6530,1778912105.1636674,fc2098317d43af66664f0f1337a49fcd8e945f0f8e21c87ed1f6e9a771b53a8f,gwsearch run
6531,1778912677.6734734,fc2098317d43af66664f0f1337a49fcd8e945f0f8e21c87ed1f6e9a771b53a8f,gwsearch run
6532,1778913247.9338217,fc2098317d43af66664f0f1337a49fcd8e945f0f8e21c87ed1f6e9a771b53a8f,gwsearch run
6533,1778913818.9175537,fc2098317d43af66664f0f1337a49fcd8e945f0f8e21c87ed1f6e9a771b53a8f,gwsearch run
6534,1778914388.9619527,fc2098317d43af66664f0f1337a49fcd8e945f0f8e21c87ed1f6e9a771b53a8f,gwsearch run
6535,1778914965.9696593,fc2098317d43af66664f0f1337a49fcd8e945f0f8e21c87ed1f6e9a771b53a8f,gwsearch run
6536,1778915536.9096048,fc2098317d43af66664f0f1337a49fcd8e945f0f8e21c87ed1f6e9a771b53a8f,gwsearch run
6537,1778916107.424654,fc2098317d43af66664f0f1337a49fcd8e945f0f8e21c87ed1f6e9a771b53a8f,gwsearch run
6538,1778916677.6747308,fc2098317d43af66664f0f1337a49fcd8e945f0f8e21c87ed1f6e9a771b53a8f,gwsearch run
6539,1778917249.9203167,fc2098317d43af66664f0f1337a49fcd8e945f0f8e21c87ed1f6e9a771b53a8f,gwsearch run
6540,1778917819.4288025,fc2098317d43af66664f0f1337a49fcd8e945f0f8e21c87ed1f6e9a771b53a8f,gwsearch run
6541,1778918389.3941054,fc2098317d43af66664f0f1337a49fcd8e945f0f8e21c87ed1f6e9a771b53a8f,gwsearch run
6542,1778918965.1687346,fc2098317d43af66664f0f1337a49fcd8e945f0f8e21c87ed1f6e9a771b53a8f,gwsearch run
6543,1778919536.4234369,fc2098317d43af66664f0f1337a49fcd8e945f0f8e21c87ed1f6e9a771b53a8f,gwsearch run
6544,1778920107.4306765,fc2098317d43af66664f0f1337a49fcd8e945f0f8e21c87ed1f6e9a771b53a8f,gwsearch run
6545,1778920677.443743,fc2098317d43af66664f0f1337a49fcd8e945f0f8e21c87ed1f6e9a771b53a8f,gwsearch run
6546,1778921249.4018555,fc2098317d43af66664f0f1337a49fcd8e945f0f8e21c87ed1f6e9a771b53a8f,gwsearch run
6547,1778921817.1892989,fc2098317d43af66664f0f1337a49fcd8e945f0f8e21c87ed1f6e9a771b53a8f,gwsearch run
6548,1778922387.1862679,fc2098317d43af66664f0f1337a49fcd8e945f0f8e21c87ed1f6e9a771b53a8f,gwsearch run
6549,1778922955.670096,fc2098317d43af66664f0f1337a49fcd8e945f0f8e21c87ed1f6e9a771b53a8f,gwsearch run
6550,1778923527.7148511,fc2098317d43af66664f0f1337a49fcd8e945f0f8e21c87ed1f6e9a771b53a8f,gwsearch run
6551,1778924098.6511335,fc2098317d43af66664f0f1337a49fcd8e945f0f8e21c87ed1f6e9a771b53a8f,gwsearch run
6552,1778924668.6687458,fc2098317d43af66664f0f1337a49fcd8e945f0f8e21c87ed1f6e9a771b53a8f,gwsearch run
6553,1778925238.4572935,fc2098317d43af66664f0f1337a49fcd8e945f0f8e21c87ed1f6e9a771b53a8f,gwsearch run
6554,1778925811.6711116,fc2098317d43af66664f0f1337a49fcd8e945f0f8e21c87ed1f6e9a771b53a8f,gwsearch run
6555,1778926380.65568,fc2098317d43af66664f0f1337a49fcd8e945f0f8e21c87ed1f6e9a771b53a8f,gwsearch run
6556,1778926951.6675625,fc2098317d43af66664f0f1337a49fcd8e945f0f8e21c87ed1f6e9a771b53a8f,gwsearch run
6557,1778927523.9359872,fc2098317d43af66664f0f1337a49fcd8e945f0f8e21c87ed1f6e9a771b53a8f,gwsearch run
6558,1778928094.9080274,fc2098317d43af66664f0f1337a49fcd8e945f0f8e21c87ed1f6e9a771b53a8f,gwsearch run
6559,1778928663.4296596,fc2098317d43af66664f0f1337a49fcd8e945f0f8e21c87ed1f6e9a771b53a8f,gwsearch run
6560,1778929232.4280703,fc2098317d43af66664f0f1337a49fcd8e945f0f8e21c87ed1f6e9a771b53a8f,gwsearch run
6561,1778929798.9086325,fc2098317d43af66664f0f1337a49fcd8e945f0f8e21c87ed1f6e9a771b53a8f,gwsearch run
6562,1778930367.1784937,fc2098317d43af66664f0f1337a49fcd8e945f0f8e21c87ed1f6e9a771b53a8f,gwsearch run
6563,1778930944.9104,fc2098317d43af66664f0f1337a49fcd8e945f0f8e21c87ed1f6e9a771b53a8f,gwsearch run
6564,1778931509.4205818,fc2098317d43af66664f0f1337a49fcd8e945f0f8e21c87ed1f6e9a771b53a8f,gwsearch run
6565,1778932075.1680179,fc2098317d43af66664f0f1337a49fcd8e945f0f8e21c87ed1f6e9a771b53a8f,gwsearch run
6566,1778932643.6697173,fc2098317d43af66664f0f1337a49fcd8e945f0f8e21c87ed1f6e9a771b53a8f,gwsearch run
6567,1778933210.4245179,fc2098317d43af66664f0f1337a49fcd8e945f0f8e21c87ed1f6e9a771b53a8f,gwsearch run
6568,1778933780.1882432,fc2098317d43af66664f0f1337a49fcd8e945f0f8e21c87ed1f6e9a771b53a8f,gwsearch run
6569,1778934348.1705523,fc2098317d43af66664f0f1337a49fcd8e945f0f8e21c87ed1f6e9a771b53a8f,gwsearch run
6570,1778934915.9177094,fc2098317d43af66664f0f1337a49fcd8e945f0f8e21c87ed1f6e9a771b53a8f,gwsearch run
6571,1778935494.1657352,fc2098317d43af66664f0f1337a49fcd8e945f0f8e21c87ed1f6e9a771b53a8f,gwsearch run
6572,1778936070.1573293,fc2098317d43af66664f0f1337a49fcd8e945f0f8e21c87ed1f6e9a771b53a8f,gwsearch run
6573,1778936639.393739,fc2098317d43af66664f0f1337a49fcd8e945f0f8e21c87ed1f6e9a771b53a8f,gwsearch run
6574,1778937206.6393893,fc2098317d43af66664f0f1337a49fcd8e945f0f8e21c87ed1f6e9a771b53a8f,gwsearch run
6575,1778937774.8703952,fc2098317d43af66664f0f1337a49fcd8e945f0f8e21c87ed1f6e9a771b53a8f,gwsearch run
6576,1778938343.416416,fc2098317d43af66664f0f1337a49fcd8e945f0f8e21c87ed1f6e9a771b53a8f,gwsearch run
6577,1778938922.1550922,fc2098317d43af66664f0f1337a49fcd8e945f0f8e21c87ed1f6e9a771b53a8f,gwsearch run
6578,1778939487.4099126,fc2098317d43af66664f0f1337a49fcd8e945f0f8e21c87ed1f6e9a771b53a8f,gwsearch run
6579,1778940052.4179475,fc2098317d43af66664f0f1337a49fcd8e945f0f8e21c87ed1f6e9a771b53a8f,gwsearch run
6580,1778940624.1659398,fc2098317d43af66664f0f1337a49fcd8e945f0f8e21c87ed1f6e9a771b53a8f,gwsearch run
6581,1778941192.1633475,fc2098317d43af66664f0f1337a49fcd8e945f0f8e21c87ed1f6e9a771b53a8f,gwsearch run
6582,1778941759.6748033,fc2098317d43af66664f0f1337a49fcd8e945f0f8e21c87ed1f6e9a771b53a8f,gwsearch run
6583,1778942335.1716514,fc2098317d43af66664f0f1337a49fcd8e945f0f8e21c87ed1f6e9a771b53a8f,gwsearch run
6584,1778942912.6843996,fc2098317d43af66664f0f1337a49fcd8e945f0f8e21c87ed1f6e9a771b53a8f,gwsearch run
6585,1778943479.9310024,fc2098317d43af66664f0f1337a49fcd8e945f0f8e21c87ed1f6e9a771b53a8f,gwsearch run
6586,1778944048.6819968,fc2098317d43af66664f0f1337a49fcd8e945f0f8e21c87ed1f6e9a771b53a8f,gwsearch run
6587,1778944615.8997307,fc2098317d43af66664f0f1337a49fcd8e945f0f8e21c87ed1f6e9a771b53a8f,gwsearch run
6588,1778945185.2048414,fc2098317d43af66664f0f1337a49fcd8e945f0f8e21c87ed1f6e9a771b53a8f,gwsearch run
6589,1778945763.1742897,fc2098317d43af66664f0f1337a49fcd8e945f0f8e21c87ed1f6e9a771b53a8f,gwsearch run
6590,1778946331.203456,fc2098317d43af66664f0f1337a49fcd8e945f0f8e21c87ed1f6e9a771b53a8f,gwsearch run
6591,1778946897.420712,fc2098317d43af66664f0f1337a49fcd8e945f0f8e21c87ed1f6e9a771b53a8f,gwsearch run
6592,1778947466.4395077,fc2098317d43af66664f0f1337a49fcd8e945f0f8e21c87ed1f6e9a771b53a8f,gwsearch run
6593,1778948033.9214113,fc2098317d43af66664f0f1337a49fcd8e945f0f8e21c87ed1f6e9a771b53a8f,gwsearch run
6594,1778948612.4050012,fc2098317d43af66664f0f1337a49fcd8e945f0f8e21c87ed1f6e9a771b53a8f,gwsearch run
6595,1778949179.174043,fc2098317d43af66664f0f1337a49fcd8e945f0f8e21c87ed1f6e9a771b53a8f,gwsearch run
6596,1778949747.41264,fc2098317d43af66664f0f1337a49fcd8e945f0f8e21c87ed1f6e9a771b53a8f,gwsearch run
6597,1778950316.9065351,fc2098317d43af66664f0f1337a49fcd8e945f0f8e21c87ed1f6e9a771b53a8f,gwsearch run
6598,1778950886.4441066,fc2098317d43af66664f0f1337a49fcd8e945f0f8e21c87ed1f6e9a771b53a8f,gwsearch run
6599,1778951453.9204469,fc2098317d43af66664f0f1337a49fcd8e945f0f8e21c87ed1f6e9a771b53a8f,gwsearch run
6600,1778952020.6555982,fc2098317d43af66664f0f1337a49fcd8e945f0f8e21c87ed1f6e9a771b53a8f,gwsearch run
6601,1778952589.4394815,fc2098317d43af66664f0f1337a49fcd8e945f0f8e21c87ed1f6e9a771b53a8f,gwsearch run
6602,1778953156.4280858,fc2098317d43af66664f0f1337a49fcd8e945f0f8e21c87ed1f6e9a771b53a8f,gwsearch run
6603,1778953724.3794978,fc2098317d43af66664f0f1337a49fcd8e945f0f8e21c87ed1f6e9a771b53a8f,gwsearch run
6604,1778954291.9051766,fc2098317d43af66664f0f1337a49fcd8e945f0f8e21c87ed1f6e9a771b53a8f,gwsearch run
6605,1778954860.6701565,fc2098317d43af66664f0f1337a49fcd8e945f0f8e21c87ed1f6e9a771b53a8f,gwsearch run
6606,1778955434.188078,fc2098317d43af66664f0f1337a49fcd8e945f0f8e21c87ed1f6e9a771b53a8f,gwsearch run
6607,1778956001.4244053,fc2098317d43af66664f0f1337a49fcd8e945f0f8e21c87ed1f6e9a771b53a8f,gwsearch run
6608,1778956570.1618793,fc2098317d43af66664f0f1337a49fcd8e945f0f8e21c87ed1f6e9a771b53a8f,gwsearch run
6609,1778957139.439134,fc2098317d43af66664f0f1337a49fcd8e945f0f8e21c87ed1f6e9a771b53a8f,gwsearch run
6610,1778957719.9227931,fc2098317d43af66664f0f1337a49fcd8e945f0f8e21c87ed1f6e9a771b53a8f,gwsearch run
6611,1778958287.4250536,fc2098317d43af66664f0f1337a49fcd8e945f0f8e21c87ed1f6e9a771b53a8f,gwsearch run
6612,1778958860.4293313,fc2098317d43af66664f0f1337a49fcd8e945f0f8e21c87ed1f6e9a771b53a8f,gwsearch run
6613,1778959427.9225214,fc2098317d43af66664f0f1337a49fcd8e945f0f8e21c87ed1f6e9a771b53a8f,gwsearch run
6614,1778959995.9428086,fc2098317d43af66664f0f1337a49fcd8e945f0f8e21c87ed1f6e9a771b53a8f,gwsearch run
6615,1778960563.3959193,fc2098317d43af66664f0f1337a49fcd8e945f0f8e21c87ed1f6e9a771b53a8f,gwsearch run
6616,1778961142.1472838,fc2098317d43af66664f0f1337a49fcd8e945f0f8e21c87ed1f6e9a771b53a8f,gwsearch run
6617,1778961706.8999264,fc2098317d43af66664f0f1337a49fcd8e945f0f8e21c87ed1f6e9a771b53a8f,gwsearch run
6618,1778962292.6947508,fc2098317d43af66664f0f1337a49fcd8e945f0f8e21c87ed1f6e9a771b53a8f,gwsearch run
6619,1778962859.1416113,fc2098317d43af66664f0f1337a49fcd8e945f0f8e21c87ed1f6e9a771b53a8f,gwsearch run
6620,1778963426.1784565,fc2098317d43af66664f0f1337a49fcd8e945f0f8e21c87ed1f6e9a771b53a8f,gwsearch run
6621,1778963996.4300423,fc2098317d43af66664f0f1337a49fcd8e945f0f8e21c87ed1f6e9a771b53a8f,gwsearch run
6622,1778964565.4216228,fc2098317d43af66664f0f1337a49fcd8e945f0f8e21c87ed1f6e9a771b53a8f,gwsearch run
6623,1778965133.9231832,fc2098317d43af66664f0f1337a49fcd8e945f0f8e21c87ed1f6e9a771b53a8f,gwsearch run
6624,1778965699.6722345,fc2098317d43af66664f0f1337a49fcd8e945f0f8e21c87ed1f6e9a771b53a8f,gwsearch run
6625,1778966268.9195137,fc2098317d43af66664f0f1337a49fcd8e945f0f8e21c87ed1f6e9a771b53a8f,gwsearch run
6626,1778966841.4142175,fc2098317d43af66664f0f1337a49fcd8e945f0f8e21c87ed1f6e9a771b53a8f,gwsearch run
6627,1778967408.905427,fc2098317d43af66664f0f1337a49fcd8e945f0f8e21c87ed1f6e9a771b53a8f,gwsearch run
6628,1778967973.9254155,fc2098317d43af66664f0f1337a49fcd8e945f0f8e21c87ed1f6e9a771b53a8f,gwsearch run
6629,1778968543.4201329,fc2098317d43af66664f0f1337a49fcd8e945f0f8e21c87ed1f6e9a771b53a8f,gwsearch run
6630,1778969121.1793618,fc2098317d43af66664f0f1337a49fcd8e945f0f8e21c87ed1f6e9a771b53a8f,gwsearch run
6631,1778969690.9398174,fc2098317d43af66664f0f1337a49fcd8e945f0f8e21c87ed1f6e9a771b53a8f,gwsearch run
6632,1778970264.6579275,fc2098317d43af66664f0f1337a49fcd8e945f0f8e21c87ed1f6e9a771b53a8f,gwsearch run
6633,1778970844.6803536,fc2098317d43af66664f0f1337a49fcd8e945f0f8e21c87ed1f6e9a771b53a8f,gwsearch run
6634,1778971414.181493,fc2098317d43af66664f0f1337a49fcd8e945f0f8e21c87ed1f6e9a771b53a8f,gwsearch run
6635,1778971984.1790597,fc2098317d43af66664f0f1337a49fcd8e945f0f8e21c87ed1f6e9a771b53a8f,gwsearch run
6636,1778972551.1897187,fc2098317d43af66664f0f1337a49fcd8e945f0f8e21c87ed1f6e9a771b53a8f,gwsearch run
6637,1778973119.429923,fc2098317d43af66664f0f1337a49fcd8e945f0f8e21c87ed1f6e9a771b53a8f,gwsearch run
6638,1778973686.4113083,fc2098317d43af66664f0f1337a49fcd8e945f0f8e21c87ed1f6e9a771b53a8f,gwsearch run
6639,1778974255.179405,fc2098317d43af66664f0f1337a49fcd8e945f0f8e21c87ed1f6e9a771b53a8f,gwsearch run
6640,1778974821.4135356,fc2098317d43af66664f0f1337a49fcd8e945f0f8e21c87ed1f6e9a771b53a8f,gwsearch run
6641,1778975389.6927903,fc2098317d43af66664f0f1337a49fcd8e945f0f8e21c87ed1f6e9a771b53a8f,gwsearch run
6642,1778975956.1487653,fc2098317d43af66664f0f1337a49fcd8e945f0f8e21c87ed1f6e9a771b53a8f,gwsearch run
6643,1778976525.1715024,fc2098317d43af66664f0f1337a49fcd8e945f0f8e21c87ed1f6e9a771b53a8f,gwsearch run
6644,1778977093.4147687,fc2098317d43af66664f0f1337a49fcd8e945f0f8e21c87ed1f6e9a771b53a8f,gwsearch run
6645,1778977661.161918,fc2098317d43af66664f0f1337a49fcd8e945f0f8e21c87ed1f6e9a771b53a8f,gwsearch run
6646,1778978229.1748857,fc2098317d43af66664f0f1337a49fcd8e945f0f8e21c87ed1f6e9a771b53a8f,gwsearch run
6647,1778978796.9387183,fc2098317d43af66664f0f1337a49fcd8e945f0f8e21c87ed1f6e9a771b53a8f,gwsearch run
6648,1778979363.7533166,fc2098317d43af66664f0f1337a49fcd8e945f0f8e21c87ed1f6e9a771b53a8f,gwsearch run
6649,1778979931.9300847,fc2098317d43af66664f0f1337a49fcd8e945f0f8e21c87ed1f6e9a771b53a8f,gwsearch run
6650,1778980500.4219587,fc2098317d43af66664f0f1337a49fcd8e945f0f8e21c87ed1f6e9a771b53a8f,gwsearch run
6651,1778981070.9022517,fc2098317d43af66664f0f1337a49fcd8e945f0f8e21c87ed1f6e9a771b53a8f,gwsearch run
6652,1778981639.8962796,fc2098317d43af66664f0f1337a49fcd8e945f0f8e21c87ed1f6e9a771b53a8f,gwsearch run
6653,1778982209.171141,fc2098317d43af66664f0f1337a49fcd8e945f0f8e21c87ed1f6e9a771b53a8f,gwsearch run
6654,1778982777.2419283,fc2098317d43af66664f0f1337a49fcd8e945f0f8e21c87ed1f6e9a771b53a8f,gwsearch run
6655,1778983344.4315834,fc2098317d43af66664f0f1337a49fcd8e945f0f8e21c87ed1f6e9a771b53a8f,gwsearch run
6656,1778983912.4092112,fc2098317d43af66664f0f1337a49fcd8e945f0f8e21c87ed1f6e9a771b53a8f,gwsearch run
6657,1778984479.9591131,fc2098317d43af66664f0f1337a49fcd8e945f0f8e21c87ed1f6e9a771b53a8f,gwsearch run
6658,1778985048.1689763,fc2098317d43af66664f0f1337a49fcd8e945f0f8e21c87ed1f6e9a771b53a8f,gwsearch run
6659,1778985620.4044147,fc2098317d43af66664f0f1337a49fcd8e945f0f8e21c87ed1f6e9a771b53a8f,gwsearch run
6660,1778986188.9190125,fc2098317d43af66664f0f1337a49fcd8e945f0f8e21c87ed1f6e9a771b53a8f,gwsearch run
6661,1778986758.1935093,fc2098317d43af66664f0f1337a49fcd8e945f0f8e21c87ed1f6e9a771b53a8f,gwsearch run
6662,1778987324.4182777,fc2098317d43af66664f0f1337a49fcd8e945f0f8e21c87ed1f6e9a771b53a8f,gwsearch run
6663,1778987890.9128942,fc2098317d43af66664f0f1337a49fcd8e945f0f8e21c87ed1f6e9a771b53a8f,gwsearch run
6664,1778988466.9261816,fc2098317d43af66664f0f1337a49fcd8e945f0f8e21c87ed1f6e9a771b53a8f,gwsearch run
6665,1778989033.422073,fc2098317d43af66664f0f1337a49fcd8e945f0f8e21c87ed1f6e9a771b53a8f,gwsearch run
6666,1778989601.9387975,fc2098317d43af66664f0f1337a49fcd8e945f0f8e21c87ed1f6e9a771b53a8f,gwsearch run
6667,1778990183.3950183,fc2098317d43af66664f0f1337a49fcd8e945f0f8e21c87ed1f6e9a771b53a8f,gwsearch run
6668,1778990765.4250095,fc2098317d43af66664f0f1337a49fcd8e945f0f8e21c87ed1f6e9a771b53a8f,gwsearch run
6669,1778991354.1613557,fc2098317d43af66664f0f1337a49fcd8e945f0f8e21c87ed1f6e9a771b53a8f,gwsearch run
6670,1778991935.9306045,fc2098317d43af66664f0f1337a49fcd8e945f0f8e21c87ed1f6e9a771b53a8f,gwsearch run
6671,1778992510.4084187,fc2098317d43af66664f0f1337a49fcd8e945f0f8e21c87ed1f6e9a771b53a8f,gwsearch run
6672,1778993077.9155545,fc2098317d43af66664f0f1337a49fcd8e945f0f8e21c87ed1f6e9a771b53a8f,gwsearch run
6673,1778993642.1584525,fc2098317d43af66664f0f1337a49fcd8e945f0f8e21c87ed1f6e9a771b53a8f,gwsearch run
6674,1778994210.6675603,fc2098317d43af66664f0f1337a49fcd8e945f0f8e21c87ed1f6e9a771b53a8f,gwsearch run
6675,1778994777.9267242,fc2098317d43af66664f0f1337a49fcd8e945f0f8e21c87ed1f6e9a771b53a8f,gwsearch run
6676,1778995344.8997915,fc2098317d43af66664f0f1337a49fcd8e945f0f8e21c87ed1f6e9a771b53a8f,gwsearch run
6677,1778995910.438252,fc2098317d43af66664f0f1337a49fcd8e945f0f8e21c87ed1f6e9a771b53a8f,gwsearch run
6678,1778996475.907491,fc2098317d43af66664f0f1337a49fcd8e945f0f8e21c87ed1f6e9a771b53a8f,gwsearch run
6679,1778997042.6505594,fc2098317d43af66664f0f1337a49fcd8e945f0f8e21c87ed1f6e9a771b53a8f,gwsearch run
6680,1778997608.1736841,fc2098317d43af66664f0f1337a49fcd8e945f0f8e21c87ed1f6e9a771b53a8f,gwsearch run
6681,1778998175.9381735,fc2098317d43af66664f0f1337a49fcd8e945f0f8e21c87ed1f6e9a771b53a8f,gwsearch run
6682,1778998841.6615198,fc2098317d43af66664f0f1337a49fcd8e945f0f8e21c87ed1f6e9a771b53a8f,gwsearch run
6683,1778999409.1508834,fc2098317d43af66664f0f1337a49fcd8e945f0f8e21c87ed1f6e9a771b53a8f,gwsearch run
6684,1778999985.8988707,fc2098317d43af66664f0f1337a49fcd8e945f0f8e21c87ed1f6e9a771b53a8f,gwsearch run
6685,1779000553.391423,fc2098317d43af66664f0f1337a49fcd8e945f0f8e21c87ed1f6e9a771b53a8f,gwsearch run
6686,1779001117.928236,fc2098317d43af66664f0f1337a49fcd8e945f0f8e21c87ed1f6e9a771b53a8f,gwsearch run
6687,1779001693.4282067,fc2098317d43af66664f0f1337a49fcd8e945f0f8e21c87ed1f6e9a771b53a8f,gwsearch run
6688,1779002260.9252565,fc2098317d43af66664f0f1337a49fcd8e945f0f8e21c87ed1f6e9a771b53a8f,gwsearch run
6689,1779002828.157016,fc2098317d43af66664f0f1337a49fcd8e945f0f8e21c87ed1f6e9a771b53a8f,gwsearch run
6690,1779003395.1787994,fc2098317d43af66664f0f1337a49fcd8e945f0f8e21c87ed1f6e9a771b53a8f,gwsearch run
6691,1779003962.664672,fc2098317d43af66664f0f1337a49fcd8e945f0f8e21c87ed1f6e9a771b53a8f,gwsearch run
6692,1779004531.2234895,fc2098317d43af66664f0f1337a49fcd8e945f0f8e21c87ed1f6e9a771b53a8f,gwsearch run
6693,1779005100.4153998,fc2098317d43af66664f0f1337a49fcd8e945f0f8e21c87ed1f6e9a771b53a8f,gwsearch run
6694,1779005666.6611235,fc2098317d43af66664f0f1337a49fcd8e945f0f8e21c87ed1f6e9a771b53a8f,gwsearch run
6695,1779006233.9261138,fc2098317d43af66664f0f1337a49fcd8e945f0f8e21c87ed1f6e9a771b53a8f,gwsearch run
6696,1779006800.918356,fc2098317d43af66664f0f1337a49fcd8e945f0f8e21c87ed1f6e9a771b53a8f,gwsearch run
6697,1779007370.4036772,fc2098317d43af66664f0f1337a49fcd8e945f0f8e21c87ed1f6e9a771b53a8f,gwsearch run
6698,1779007937.1526215,fc2098317d43af66664f0f1337a49fcd8e945f0f8e21c87ed1f6e9a771b53a8f,gwsearch run
6699,1779008514.4211338,fc2098317d43af66664f0f1337a49fcd8e945f0f8e21c87ed1f6e9a771b53a8f,gwsearch run
6700,1779009081.4313343,fc2098317d43af66664f0f1337a49fcd8e945f0f8e21c87ed1f6e9a771b53a8f,gwsearch run
6701,1779009649.1811635,fc2098317d43af66664f0f1337a49fcd8e945f0f8e21c87ed1f6e9a771b53a8f,gwsearch run
6702,1779010225.4124086,fc2098317d43af66664f0f1337a49fcd8e945f0f8e21c87ed1f6e9a771b53a8f,gwsearch run
6703,1779010793.418976,fc2098317d43af66664f0f1337a49fcd8e945f0f8e21c87ed1f6e9a771b53a8f,gwsearch run
6704,1779011361.4202828,fc2098317d43af66664f0f1337a49fcd8e945f0f8e21c87ed1f6e9a771b53a8f,gwsearch run
6705,1779011927.6580734,fc2098317d43af66664f0f1337a49fcd8e945f0f8e21c87ed1f6e9a771b53a8f,gwsearch run
6706,1779012502.6704276,fc2098317d43af66664f0f1337a49fcd8e945f0f8e21c87ed1f6e9a771b53a8f,gwsearch run
6707,1779013071.4096372,fc2098317d43af66664f0f1337a49fcd8e945f0f8e21c87ed1f6e9a771b53a8f,gwsearch run
6708,1779013638.1632147,fc2098317d43af66664f0f1337a49fcd8e945f0f8e21c87ed1f6e9a771b53a8f,gwsearch run
6709,1779014204.9289167,fc2098317d43af66664f0f1337a49fcd8e945f0f8e21c87ed1f6e9a771b53a8f,gwsearch run
6710,1779014772.1535199,fc2098317d43af66664f0f1337a49fcd8e945f0f8e21c87ed1f6e9a771b53a8f,gwsearch run
6711,1779015338.9016826,fc2098317d43af66664f0f1337a49fcd8e945f0f8e21c87ed1f6e9a771b53a8f,gwsearch run
6712,1779015906.4410307,fc2098317d43af66664f0f1337a49fcd8e945f0f8e21c87ed1f6e9a771b53a8f,gwsearch run
6713,1779016472.1599808,fc2098317d43af66664f0f1337a49fcd8e945f0f8e21c87ed1f6e9a771b53a8f,gwsearch run
6714,1779017037.677313,fc2098317d43af66664f0f1337a49fcd8e945f0f8e21c87ed1f6e9a771b53a8f,gwsearch run
6715,1779017605.2291992,fc2098317d43af66664f0f1337a49fcd8e945f0f8e21c87ed1f6e9a771b53a8f,gwsearch run
6716,1779018173.4253092,fc2098317d43af66664f0f1337a49fcd8e945f0f8e21c87ed1f6e9a771b53a8f,gwsearch run
6717,1779018740.634567,fc2098317d43af66664f0f1337a49fcd8e945f0f8e21c87ed1f6e9a771b53a8f,gwsearch run
6718,1779019307.9361858,fc2098317d43af66664f0f1337a49fcd8e945f0f8e21c87ed1f6e9a771b53a8f,gwsearch run
6719,1779019875.676211,fc2098317d43af66664f0f1337a49fcd8e945f0f8e21c87ed1f6e9a771b53a8f,gwsearch run
6720,1779020444.6741347,fc2098317d43af66664f0f1337a49fcd8e945f0f8e21c87ed1f6e9a771b53a8f,gwsearch run
6721,1779021011.016404,fc2098317d43af66664f0f1337a49fcd8e945f0f8e21c87ed1f6e9a771b53a8f,gwsearch run
6722,1779021676.9598095,fc2098317d43af66664f0f1337a49fcd8e945f0f8e21c87ed1f6e9a771b53a8f,gwsearch run
6723,1779022244.1725037,fc2098317d43af66664f0f1337a49fcd8e945f0f8e21c87ed1f6e9a771b53a8f,gwsearch run
6724,1779022810.920932,fc2098317d43af66664f0f1337a49fcd8e945f0f8e21c87ed1f6e9a771b53a8f,gwsearch run
6725,1779023377.418769,fc2098317d43af66664f0f1337a49fcd8e945f0f8e21c87ed1f6e9a771b53a8f,gwsearch run
6726,1779023945.4087157,fc2098317d43af66664f0f1337a49fcd8e945f0f8e21c87ed1f6e9a771b53a8f,gwsearch run
6727,1779024523.164248,fc2098317d43af66664f0f1337a49fcd8e945f0f8e21c87ed1f6e9a771b53a8f,gwsearch run
6728,1779025097.921582,fc2098317d43af66664f0f1337a49fcd8e945f0f8e21c87ed1f6e9a771b53a8f,gwsearch run
6729,1779025677.9223688,fc2098317d43af66664f0f1337a49fcd8e945f0f8e21c87ed1f6e9a771b53a8f,gwsearch run
6730,1779026245.923939,fc2098317d43af66664f0f1337a49fcd8e945f0f8e21c87ed1f6e9a771b53a8f,gwsearch run
6731,1779026813.9294086,fc2098317d43af66664f0f1337a49fcd8e945f0f8e21c87ed1f6e9a771b53a8f,gwsearch run
6732,1779027380.4269931,fc2098317d43af66664f0f1337a49fcd8e945f0f8e21c87ed1f6e9a771b53a8f,gwsearch run
6733,1779027948.679518,fc2098317d43af66664f0f1337a49fcd8e945f0f8e21c87ed1f6e9a771b53a8f,gwsearch run
6734,1779028519.4129276,fc2098317d43af66664f0f1337a49fcd8e945f0f8e21c87ed1f6e9a771b53a8f,gwsearch run
6735,1779029087.6624165,fc2098317d43af66664f0f1337a49fcd8e945f0f8e21c87ed1f6e9a771b53a8f,gwsearch run
6736,1779029653.6644368,fc2098317d43af66664f0f1337a49fcd8e945f0f8e21c87ed1f6e9a771b53a8f,gwsearch run
6737,1779030223.6676607,fc2098317d43af66664f0f1337a49fcd8e945f0f8e21c87ed1f6e9a771b53a8f,gwsearch run
6738,1779030792.9164834,fc2098317d43af66664f0f1337a49fcd8e945f0f8e21c87ed1f6e9a771b53a8f,gwsearch run
6739,1779031361.6450984,fc2098317d43af66664f0f1337a49fcd8e945f0f8e21c87ed1f6e9a771b53a8f,gwsearch run
6740,1779031926.4005497,fc2098317d43af66664f0f1337a49fcd8e945f0f8e21c87ed1f6e9a771b53a8f,gwsearch run
6741,1779032494.4129808,fc2098317d43af66664f0f1337a49fcd8e945f0f8e21c87ed1f6e9a771b53a8f,gwsearch run
6742,1779033061.9504356,fc2098317d43af66664f0f1337a49fcd8e945f0f8e21c87ed1f6e9a771b53a8f,gwsearch run
6743,1779033635.4493587,fc2098317d43af66664f0f1337a49fcd8e945f0f8e21c87ed1f6e9a771b53a8f,gwsearch run
6744,1779034201.6428678,fc2098317d43af66664f0f1337a49fcd8e945f0f8e21c87ed1f6e9a771b53a8f,gwsearch run
6745,1779034778.141617,fc2098317d43af66664f0f1337a49fcd8e945f0f8e21c87ed1f6e9a771b53a8f,gwsearch run
6746,1779035343.9197195,fc2098317d43af66664f0f1337a49fcd8e945f0f8e21c87ed1f6e9a771b53a8f,gwsearch run
6747,1779035924.6805158,fc2098317d43af66664f0f1337a49fcd8e945f0f8e21c87ed1f6e9a771b53a8f,gwsearch run
6748,1779036492.6432588,fc2098317d43af66664f0f1337a49fcd8e945f0f8e21c87ed1f6e9a771b53a8f,gwsearch run
6749,1779037060.6742218,fc2098317d43af66664f0f1337a49fcd8e945f0f8e21c87ed1f6e9a771b53a8f,gwsearch run
6750,1779037627.6649294,fc2098317d43af66664f0f1337a49fcd8e945f0f8e21c87ed1f6e9a771b53a8f,gwsearch run
6751,1779038194.6789784,fc2098317d43af66664f0f1337a49fcd8e945f0f8e21c87ed1f6e9a771b53a8f,gwsearch run
6752,1779038762.403938,fc2098317d43af66664f0f1337a49fcd8e945f0f8e21c87ed1f6e9a771b53a8f,gwsearch run
6753,1779039329.1588013,fc2098317d43af66664f0f1337a49fcd8e945f0f8e21c87ed1f6e9a771b53a8f,gwsearch run
6754,1779039897.4323833,fc2098317d43af66664f0f1337a49fcd8e945f0f8e21c87ed1f6e9a771b53a8f,gwsearch run
6755,1779040465.3754838,fc2098317d43af66664f0f1337a49fcd8e945f0f8e21c87ed1f6e9a771b53a8f,gwsearch run
6756,1779041031.9249237,fc2098317d43af66664f0f1337a49fcd8e945f0f8e21c87ed1f6e9a771b53a8f,gwsearch run
6757,1779041603.9234264,fc2098317d43af66664f0f1337a49fcd8e945f0f8e21c87ed1f6e9a771b53a8f,gwsearch run
6758,1779042172.1673768,fc2098317d43af66664f0f1337a49fcd8e945f0f8e21c87ed1f6e9a771b53a8f,gwsearch run
6759,1779042740.90873,fc2098317d43af66664f0f1337a49fcd8e945f0f8e21c87ed1f6e9a771b53a8f,gwsearch run
6760,1779043309.6551576,fc2098317d43af66664f0f1337a49fcd8e945f0f8e21c87ed1f6e9a771b53a8f,gwsearch run
6761,1779043875.8955297,fc2098317d43af66664f0f1337a49fcd8e945f0f8e21c87ed1f6e9a771b53a8f,gwsearch run
6762,1779044442.9084756,fc2098317d43af66664f0f1337a49fcd8e945f0f8e21c87ed1f6e9a771b53a8f,gwsearch run
6763,1779045008.9092627,fc2098317d43af66664f0f1337a49fcd8e945f0f8e21c87ed1f6e9a771b53a8f,gwsearch run
6764,1779045576.1667614,fc2098317d43af66664f0f1337a49fcd8e945f0f8e21c87ed1f6e9a771b53a8f,gwsearch run
6765,1779046142.6678813,fc2098317d43af66664f0f1337a49fcd8e945f0f8e21c87ed1f6e9a771b53a8f,gwsearch run
6766,1779046708.1857026,fc2098317d43af66664f0f1337a49fcd8e945f0f8e21c87ed1f6e9a771b53a8f,gwsearch run
6767,1779047274.905081,fc2098317d43af66664f0f1337a49fcd8e945f0f8e21c87ed1f6e9a771b53a8f,gwsearch run
6768,1779047842.1769536,fc2098317d43af66664f0f1337a49fcd8e945f0f8e21c87ed1f6e9a771b53a8f,gwsearch run
6769,1779048409.6689153,fc2098317d43af66664f0f1337a49fcd8e945f0f8e21c87ed1f6e9a771b53a8f,gwsearch run
6770,1779048977.9459567,fc2098317d43af66664f0f1337a49fcd8e945f0f8e21c87ed1f6e9a771b53a8f,gwsearch run
6771,1779049553.9077337,fc2098317d43af66664f0f1337a49fcd8e945f0f8e21c87ed1f6e9a771b53a8f,gwsearch run
6772,1779050120.3855007,fc2098317d43af66664f0f1337a49fcd8e945f0f8e21c87ed1f6e9a771b53a8f,gwsearch run
6773,1779050688.1762702,fc2098317d43af66664f0f1337a49fcd8e945f0f8e21c87ed1f6e9a771b53a8f,gwsearch run
6774,1779051254.41096,fc2098317d43af66664f0f1337a49fcd8e945f0f8e21c87ed1f6e9a771b53a8f,gwsearch run
6775,1779051820.4107752,fc2098317d43af66664f0f1337a49fcd8e945f0f8e21c87ed1f6e9a771b53a8f,gwsearch run
6776,1779052384.4226046,fc2098317d43af66664f0f1337a49fcd8e945f0f8e21c87ed1f6e9a771b53a8f,gwsearch run
6777,1779052951.703074,fc2098317d43af66664f0f1337a49fcd8e945f0f8e21c87ed1f6e9a771b53a8f,gwsearch run
6778,1779053518.1644394,fc2098317d43af66664f0f1337a49fcd8e945f0f8e21c87ed1f6e9a771b53a8f,gwsearch run
6779,1779054084.9047015,fc2098317d43af66664f0f1337a49fcd8e945f0f8e21c87ed1f6e9a771b53a8f,gwsearch run
6780,1779054651.1582754,fc2098317d43af66664f0f1337a49fcd8e945f0f8e21c87ed1f6e9a771b53a8f,gwsearch run
6781,1779055227.6771913,fc2098317d43af66664f0f1337a49fcd8e945f0f8e21c87ed1f6e9a771b53a8f,gwsearch run
6782,1779055796.6686912,fc2098317d43af66664f0f1337a49fcd8e945f0f8e21c87ed1f6e9a771b53a8f,gwsearch run
6783,1779056363.7164237,fc2098317d43af66664f0f1337a49fcd8e945f0f8e21c87ed1f6e9a771b53a8f,gwsearch run
6784,1779057029.4641757,fc2098317d43af66664f0f1337a49fcd8e945f0f8e21c87ed1f6e9a771b53a8f,gwsearch run
6785,1779057599.650055,fc2098317d43af66664f0f1337a49fcd8e945f0f8e21c87ed1f6e9a771b53a8f,gwsearch run
6786,1779058167.4149792,fc2098317d43af66664f0f1337a49fcd8e945f0f8e21c87ed1f6e9a771b53a8f,gwsearch run
6787,1779058737.924973,fc2098317d43af66664f0f1337a49fcd8e945f0f8e21c87ed1f6e9a771b53a8f,gwsearch run
6788,1779059307.4267025,fc2098317d43af66664f0f1337a49fcd8e945f0f8e21c87ed1f6e9a771b53a8f,gwsearch run
6789,1779059874.400865,fc2098317d43af66664f0f1337a49fcd8e945f0f8e21c87ed1f6e9a771b53a8f,gwsearch run
6790,1779060439.9257803,fc2098317d43af66664f0f1337a49fcd8e945f0f8e21c87ed1f6e9a771b53a8f,gwsearch run
6791,1779061006.1448116,fc2098317d43af66664f0f1337a49fcd8e945f0f8e21c87ed1f6e9a771b53a8f,gwsearch run
6792,1779061573.9215238,fc2098317d43af66664f0f1337a49fcd8e945f0f8e21c87ed1f6e9a771b53a8f,gwsearch run
6793,1779062142.1801105,fc2098317d43af66664f0f1337a49fcd8e945f0f8e21c87ed1f6e9a771b53a8f,gwsearch run
6794,1779062708.6653426,fc2098317d43af66664f0f1337a49fcd8e945f0f8e21c87ed1f6e9a771b53a8f,gwsearch run
6795,1779063274.6631224,fc2098317d43af66664f0f1337a49fcd8e945f0f8e21c87ed1f6e9a771b53a8f,gwsearch run
6796,1779063841.9003437,fc2098317d43af66664f0f1337a49fcd8e945f0f8e21c87ed1f6e9a771b53a8f,gwsearch run
6797,1779064413.916504,fc2098317d43af66664f0f1337a49fcd8e945f0f8e21c87ed1f6e9a771b53a8f,gwsearch run
6798,1779064980.6842508,fc2098317d43af66664f0f1337a49fcd8e945f0f8e21c87ed1f6e9a771b53a8f,gwsearch run
6799,1779065547.6711118,fc2098317d43af66664f0f1337a49fcd8e945f0f8e21c87ed1f6e9a771b53a8f,gwsearch run
6800,1779066114.912442,fc2098317d43af66664f0f1337a49fcd8e945f0f8e21c87ed1f6e9a771b53a8f,gwsearch run
6801,1779066681.9605026,fc2098317d43af66664f0f1337a49fcd8e945f0f8e21c87ed1f6e9a771b53a8f,gwsearch run
6802,1779067249.6822183,fc2098317d43af66664f0f1337a49fcd8e945f0f8e21c87ed1f6e9a771b53a8f,gwsearch run
6803,1779067818.4090934,fc2098317d43af66664f0f1337a49fcd8e945f0f8e21c87ed1f6e9a771b53a8f,gwsearch run
6804,1779068386.9122458,fc2098317d43af66664f0f1337a49fcd8e945f0f8e21c87ed1f6e9a771b53a8f,gwsearch run
6805,1779068954.162111,fc2098317d43af66664f0f1337a49fcd8e945f0f8e21c87ed1f6e9a771b53a8f,gwsearch run
6806,1779069525.4199915,fc2098317d43af66664f0f1337a49fcd8e945f0f8e21c87ed1f6e9a771b53a8f,gwsearch run
6807,1779070089.921071,fc2098317d43af66664f0f1337a49fcd8e945f0f8e21c87ed1f6e9a771b53a8f,gwsearch run
6808,1779070662.178514,fc2098317d43af66664f0f1337a49fcd8e945f0f8e21c87ed1f6e9a771b53a8f,gwsearch run
6809,1779071226.180029,fc2098317d43af66664f0f1337a49fcd8e945f0f8e21c87ed1f6e9a771b53a8f,gwsearch run
6810,1779071792.67294,fc2098317d43af66664f0f1337a49fcd8e945f0f8e21c87ed1f6e9a771b53a8f,gwsearch run
6811,1779072359.916645,fc2098317d43af66664f0f1337a49fcd8e945f0f8e21c87ed1f6e9a771b53a8f,gwsearch run
6812,1779072925.4180467,fc2098317d43af66664f0f1337a49fcd8e945f0f8e21c87ed1f6e9a771b53a8f,gwsearch run
6813,1779073493.688584,fc2098317d43af66664f0f1337a49fcd8e945f0f8e21c87ed1f6e9a771b53a8f,gwsearch run
6814,1779074073.388917,fc2098317d43af66664f0f1337a49fcd8e945f0f8e21c87ed1f6e9a771b53a8f,gwsearch run
6815,1779074643.6753063,fc2098317d43af66664f0f1337a49fcd8e945f0f8e21c87ed1f6e9a771b53a8f,gwsearch run
6816,1779075209.4345353,fc2098317d43af66664f0f1337a49fcd8e945f0f8e21c87ed1f6e9a771b53a8f,gwsearch run
6817,1779075775.1693227,fc2098317d43af66664f0f1337a49fcd8e945f0f8e21c87ed1f6e9a771b53a8f,gwsearch run
6818,1779076344.1623907,fc2098317d43af66664f0f1337a49fcd8e945f0f8e21c87ed1f6e9a771b53a8f,gwsearch run
6819,1779076912.1445065,fc2098317d43af66664f0f1337a49fcd8e945f0f8e21c87ed1f6e9a771b53a8f,gwsearch run
6820,1779077478.9083025,fc2098317d43af66664f0f1337a49fcd8e945f0f8e21c87ed1f6e9a771b53a8f,gwsearch run
6821,1779078045.6698608,fc2098317d43af66664f0f1337a49fcd8e945f0f8e21c87ed1f6e9a771b53a8f,gwsearch run
6822,1779078612.9187336,fc2098317d43af66664f0f1337a49fcd8e945f0f8e21c87ed1f6e9a771b53a8f,gwsearch run
6823,1779079179.6842015,fc2098317d43af66664f0f1337a49fcd8e945f0f8e21c87ed1f6e9a771b53a8f,gwsearch run
6824,1779079756.157925,fc2098317d43af66664f0f1337a49fcd8e945f0f8e21c87ed1f6e9a771b53a8f,gwsearch run
6825,1779080323.158553,fc2098317d43af66664f0f1337a49fcd8e945f0f8e21c87ed1f6e9a771b53a8f,gwsearch run
6826,1779080890.1647809,fc2098317d43af66664f0f1337a49fcd8e945f0f8e21c87ed1f6e9a771b53a8f,gwsearch run
6827,1779081458.688422,fc2098317d43af66664f0f1337a49fcd8e945f0f8e21c87ed1f6e9a771b53a8f,gwsearch run
6828,1779082034.6784275,fc2098317d43af66664f0f1337a49fcd8e945f0f8e21c87ed1f6e9a771b53a8f,gwsearch run
6829,1779082602.6709948,fc2098317d43af66664f0f1337a49fcd8e945f0f8e21c87ed1f6e9a771b53a8f,gwsearch run
6830,1779083169.4009485,fc2098317d43af66664f0f1337a49fcd8e945f0f8e21c87ed1f6e9a771b53a8f,gwsearch run
6831,1779083736.1554818,fc2098317d43af66664f0f1337a49fcd8e945f0f8e21c87ed1f6e9a771b53a8f,gwsearch run
6832,1779084313.6720607,fc2098317d43af66664f0f1337a49fcd8e945f0f8e21c87ed1f6e9a771b53a8f,gwsearch run
6833,1779084885.187813,fc2098317d43af66664f0f1337a49fcd8e945f0f8e21c87ed1f6e9a771b53a8f,gwsearch run
6834,1779085452.7107577,fc2098317d43af66664f0f1337a49fcd8e945f0f8e21c87ed1f6e9a771b53a8f,gwsearch run
6835,1779086019.6800525,fc2098317d43af66664f0f1337a49fcd8e945f0f8e21c87ed1f6e9a771b53a8f,gwsearch run
6836,1779086586.1453934,fc2098317d43af66664f0f1337a49fcd8e945f0f8e21c87ed1f6e9a771b53a8f,gwsearch run
6837,1779087152.6594083,fc2098317d43af66664f0f1337a49fcd8e945f0f8e21c87ed1f6e9a771b53a8f,gwsearch run
6838,1779087730.6864176,fc2098317d43af66664f0f1337a49fcd8e945f0f8e21c87ed1f6e9a771b53a8f,gwsearch run
6839,1779088296.4287703,fc2098317d43af66664f0f1337a49fcd8e945f0f8e21c87ed1f6e9a771b53a8f,gwsearch run
6840,1779088862.6630208,fc2098317d43af66664f0f1337a49fcd8e945f0f8e21c87ed1f6e9a771b53a8f,gwsearch run
6841,1779089428.183806,fc2098317d43af66664f0f1337a49fcd8e945f0f8e21c87ed1f6e9a771b53a8f,gwsearch run
6842,1779089994.440501,fc2098317d43af66664f0f1337a49fcd8e945f0f8e21c87ed1f6e9a771b53a8f,gwsearch run
6843,1779090565.6853645,fc2098317d43af66664f0f1337a49fcd8e945f0f8e21c87ed1f6e9a771b53a8f,gwsearch run
6844,1779091142.187511,fc2098317d43af66664f0f1337a49fcd8e945f0f8e21c87ed1f6e9a771b53a8f,gwsearch run
6845,1779091709.6539893,fc2098317d43af66664f0f1337a49fcd8e945f0f8e21c87ed1f6e9a771b53a8f,gwsearch run
6846,1779092278.936477,fc2098317d43af66664f0f1337a49fcd8e945f0f8e21c87ed1f6e9a771b53a8f,gwsearch run
6847,1779092851.9065204,fc2098317d43af66664f0f1337a49fcd8e945f0f8e21c87ed1f6e9a771b53a8f,gwsearch run
6848,1779093418.1828372,fc2098317d43af66664f0f1337a49fcd8e945f0f8e21c87ed1f6e9a771b53a8f,gwsearch run
6849,1779093985.9181204,fc2098317d43af66664f0f1337a49fcd8e945f0f8e21c87ed1f6e9a771b53a8f,gwsearch run
6850,1779094552.6748688,fc2098317d43af66664f0f1337a49fcd8e945f0f8e21c87ed1f6e9a771b53a8f,gwsearch run
6851,1779095121.9141648,fc2098317d43af66664f0f1337a49fcd8e945f0f8e21c87ed1f6e9a771b53a8f,gwsearch run
6852,1779095690.181167,fc2098317d43af66664f0f1337a49fcd8e945f0f8e21c87ed1f6e9a771b53a8f,gwsearch run
6853,1779096256.1491134,fc2098317d43af66664f0f1337a49fcd8e945f0f8e21c87ed1f6e9a771b53a8f,gwsearch run
6854,1779096827.1968818,fc2098317d43af66664f0f1337a49fcd8e945f0f8e21c87ed1f6e9a771b53a8f,gwsearch run
6855,1779097410.914095,fc2098317d43af66664f0f1337a49fcd8e945f0f8e21c87ed1f6e9a771b53a8f,gwsearch run
6856,1779097977.652609,fc2098317d43af66664f0f1337a49fcd8e945f0f8e21c87ed1f6e9a771b53a8f,gwsearch run
6857,1779098545.916576,fc2098317d43af66664f0f1337a49fcd8e945f0f8e21c87ed1f6e9a771b53a8f,gwsearch run
6858,1779099113.1637092,fc2098317d43af66664f0f1337a49fcd8e945f0f8e21c87ed1f6e9a771b53a8f,gwsearch run
6859,1779099680.6648626,fc2098317d43af66664f0f1337a49fcd8e945f0f8e21c87ed1f6e9a771b53a8f,gwsearch run
6860,1779100246.4142652,fc2098317d43af66664f0f1337a49fcd8e945f0f8e21c87ed1f6e9a771b53a8f,gwsearch run
6861,1779100820.6492267,fc2098317d43af66664f0f1337a49fcd8e945f0f8e21c87ed1f6e9a771b53a8f,gwsearch run
6862,1779101392.68544,fc2098317d43af66664f0f1337a49fcd8e945f0f8e21c87ed1f6e9a771b53a8f,gwsearch run
6863,1779101959.1756072,fc2098317d43af66664f0f1337a49fcd8e945f0f8e21c87ed1f6e9a771b53a8f,gwsearch run
6864,1779102525.9377992,fc2098317d43af66664f0f1337a49fcd8e945f0f8e21c87ed1f6e9a771b53a8f,gwsearch run
6865,1779103093.429023,fc2098317d43af66664f0f1337a49fcd8e945f0f8e21c87ed1f6e9a771b53a8f,gwsearch run
6866,1779103660.673807,fc2098317d43af66664f0f1337a49fcd8e945f0f8e21c87ed1f6e9a771b53a8f,gwsearch run
6867,1779104228.1724162,fc2098317d43af66664f0f1337a49fcd8e945f0f8e21c87ed1f6e9a771b53a8f,gwsearch run
6868,1779104799.1667407,fc2098317d43af66664f0f1337a49fcd8e945f0f8e21c87ed1f6e9a771b53a8f,gwsearch run
6869,1779105367.902607,fc2098317d43af66664f0f1337a49fcd8e945f0f8e21c87ed1f6e9a771b53a8f,gwsearch run
6870,1779105933.9244492,fc2098317d43af66664f0f1337a49fcd8e945f0f8e21c87ed1f6e9a771b53a8f,gwsearch run
6871,1779106501.4103994,fc2098317d43af66664f0f1337a49fcd8e945f0f8e21c87ed1f6e9a771b53a8f,gwsearch run
6872,1779107070.1651068,fc2098317d43af66664f0f1337a49fcd8e945f0f8e21c87ed1f6e9a771b53a8f,gwsearch run
6873,1779107636.904715,fc2098317d43af66664f0f1337a49fcd8e945f0f8e21c87ed1f6e9a771b53a8f,gwsearch run
6874,1779108216.9376998,fc2098317d43af66664f0f1337a49fcd8e945f0f8e21c87ed1f6e9a771b53a8f,gwsearch run
6875,1779108782.9268777,fc2098317d43af66664f0f1337a49fcd8e945f0f8e21c87ed1f6e9a771b53a8f,gwsearch run
6876,1779109348.4381871,fc2098317d43af66664f0f1337a49fcd8e945f0f8e21c87ed1f6e9a771b53a8f,gwsearch run
6877,1779109914.686363,fc2098317d43af66664f0f1337a49fcd8e945f0f8e21c87ed1f6e9a771b53a8f,gwsearch run
6878,1779110480.419243,fc2098317d43af66664f0f1337a49fcd8e945f0f8e21c87ed1f6e9a771b53a8f,gwsearch run
6879,1779111048.432719,fc2098317d43af66664f0f1337a49fcd8e945f0f8e21c87ed1f6e9a771b53a8f,gwsearch run
6880,1779111615.4060516,fc2098317d43af66664f0f1337a49fcd8e945f0f8e21c87ed1f6e9a771b53a8f,gwsearch run
6881,1779112181.6834018,fc2098317d43af66664f0f1337a49fcd8e945f0f8e21c87ed1f6e9a771b53a8f,gwsearch run
6882,1779112746.6755202,fc2098317d43af66664f0f1337a49fcd8e945f0f8e21c87ed1f6e9a771b53a8f,gwsearch run
6883,1779113313.900176,fc2098317d43af66664f0f1337a49fcd8e945f0f8e21c87ed1f6e9a771b53a8f,gwsearch run
6884,1779113880.9378889,fc2098317d43af66664f0f1337a49fcd8e945f0f8e21c87ed1f6e9a771b53a8f,gwsearch run
6885,1779114449.9248552,fc2098317d43af66664f0f1337a49fcd8e945f0f8e21c87ed1f6e9a771b53a8f,gwsearch run
6886,1779115019.4009037,fc2098317d43af66664f0f1337a49fcd8e945f0f8e21c87ed1f6e9a771b53a8f,gwsearch run
6887,1779115585.4109888,fc2098317d43af66664f0f1337a49fcd8e945f0f8e21c87ed1f6e9a771b53a8f,gwsearch run
6888,1779116150.166329,fc2098317d43af66664f0f1337a49fcd8e945f0f8e21c87ed1f6e9a771b53a8f,gwsearch run
6889,1779116717.660645,fc2098317d43af66664f0f1337a49fcd8e945f0f8e21c87ed1f6e9a771b53a8f,gwsearch run
6890,1779117284.1740763,fc2098317d43af66664f0f1337a49fcd8e945f0f8e21c87ed1f6e9a771b53a8f,gwsearch run
6891,1779117852.403255,fc2098317d43af66664f0f1337a49fcd8e945f0f8e21c87ed1f6e9a771b53a8f,gwsearch run
6892,1779118417.6818283,fc2098317d43af66664f0f1337a49fcd8e945f0f8e21c87ed1f6e9a771b53a8f,gwsearch run
6893,1779118985.6534843,fc2098317d43af66664f0f1337a49fcd8e945f0f8e21c87ed1f6e9a771b53a8f,gwsearch run
6894,1779119551.6703072,fc2098317d43af66664f0f1337a49fcd8e945f0f8e21c87ed1f6e9a771b53a8f,gwsearch run
6895,1779120120.1929636,fc2098317d43af66664f0f1337a49fcd8e945f0f8e21c87ed1f6e9a771b53a8f,gwsearch run
6896,1779120685.6817648,fc2098317d43af66664f0f1337a49fcd8e945f0f8e21c87ed1f6e9a771b53a8f,gwsearch run
6897,1779121252.4253025,fc2098317d43af66664f0f1337a49fcd8e945f0f8e21c87ed1f6e9a771b53a8f,gwsearch run
6898,1779121820.929965,fc2098317d43af66664f0f1337a49fcd8e945f0f8e21c87ed1f6e9a771b53a8f,gwsearch run
6899,1779122387.4111273,fc2098317d43af66664f0f1337a49fcd8e945f0f8e21c87ed1f6e9a771b53a8f,gwsearch run
6900,1779122964.1631703,fc2098317d43af66664f0f1337a49fcd8e945f0f8e21c87ed1f6e9a771b53a8f,gwsearch run
6901,1779123539.9188206,fc2098317d43af66664f0f1337a49fcd8e945f0f8e21c87ed1f6e9a771b53a8f,gwsearch run
6902,1779124106.427608,fc2098317d43af66664f0f1337a49fcd8e945f0f8e21c87ed1f6e9a771b53a8f,gwsearch run
6903,1779124674.6622498,fc2098317d43af66664f0f1337a49fcd8e945f0f8e21c87ed1f6e9a771b53a8f,gwsearch run
6904,1779125250.3828764,fc2098317d43af66664f0f1337a49fcd8e945f0f8e21c87ed1f6e9a771b53a8f,gwsearch run
6905,1779125817.922403,fc2098317d43af66664f0f1337a49fcd8e945f0f8e21c87ed1f6e9a771b53a8f,gwsearch run
6906,1779126385.7042303,fc2098317d43af66664f0f1337a49fcd8e945f0f8e21c87ed1f6e9a771b53a8f,gwsearch run
6907,1779126951.4173355,fc2098317d43af66664f0f1337a49fcd8e945f0f8e21c87ed1f6e9a771b53a8f,gwsearch run
6908,1779127517.6847334,fc2098317d43af66664f0f1337a49fcd8e945f0f8e21c87ed1f6e9a771b53a8f,gwsearch run
6909,1779128083.9144697,fc2098317d43af66664f0f1337a49fcd8e945f0f8e21c87ed1f6e9a771b53a8f,gwsearch run
6910,1779128650.4217103,fc2098317d43af66664f0f1337a49fcd8e945f0f8e21c87ed1f6e9a771b53a8f,gwsearch run
6911,1779129218.9163833,fc2098317d43af66664f0f1337a49fcd8e945f0f8e21c87ed1f6e9a771b53a8f,gwsearch run
6912,1779129785.1711946,fc2098317d43af66664f0f1337a49fcd8e945f0f8e21c87ed1f6e9a771b53a8f,gwsearch run
6913,1779130352.8780115,fc2098317d43af66664f0f1337a49fcd8e945f0f8e21c87ed1f6e9a771b53a8f,gwsearch run
6914,1779130926.4186583,fc2098317d43af66664f0f1337a49fcd8e945f0f8e21c87ed1f6e9a771b53a8f,gwsearch run
6915,1779131493.6744297,fc2098317d43af66664f0f1337a49fcd8e945f0f8e21c87ed1f6e9a771b53a8f,gwsearch run
6916,1779132061.203155,fc2098317d43af66664f0f1337a49fcd8e945f0f8e21c87ed1f6e9a771b53a8f,gwsearch run
6917,1779132628.8909576,fc2098317d43af66664f0f1337a49fcd8e945f0f8e21c87ed1f6e9a771b53a8f,gwsearch run
6918,1779133195.6585548,fc2098317d43af66664f0f1337a49fcd8e945f0f8e21c87ed1f6e9a771b53a8f,gwsearch run
6919,1779133760.6792333,fc2098317d43af66664f0f1337a49fcd8e945f0f8e21c87ed1f6e9a771b53a8f,gwsearch run
6920,1779134328.1498055,fc2098317d43af66664f0f1337a49fcd8e945f0f8e21c87ed1f6e9a771b53a8f,gwsearch run
6921,1779134895.1623182,fc2098317d43af66664f0f1337a49fcd8e945f0f8e21c87ed1f6e9a771b53a8f,gwsearch run
6922,1779135461.669481,fc2098317d43af66664f0f1337a49fcd8e945f0f8e21c87ed1f6e9a771b53a8f,gwsearch run
6923,1779136028.1433227,fc2098317d43af66664f0f1337a49fcd8e945f0f8e21c87ed1f6e9a771b53a8f,gwsearch run
6924,1779136595.681786,fc2098317d43af66664f0f1337a49fcd8e945f0f8e21c87ed1f6e9a771b53a8f,gwsearch run
6925,1779137163.6518044,fc2098317d43af66664f0f1337a49fcd8e945f0f8e21c87ed1f6e9a771b53a8f,gwsearch run
6926,1779137730.184196,fc2098317d43af66664f0f1337a49fcd8e945f0f8e21c87ed1f6e9a771b53a8f,gwsearch run
6927,1779138298.9639165,fc2098317d43af66664f0f1337a49fcd8e945f0f8e21c87ed1f6e9a771b53a8f,gwsearch run
6928,1779138882.1590464,fc2098317d43af66664f0f1337a49fcd8e945f0f8e21c87ed1f6e9a771b53a8f,gwsearch run
6929,1779139450.165917,fc2098317d43af66664f0f1337a49fcd8e945f0f8e21c87ed1f6e9a771b53a8f,gwsearch run
6930,1779140016.4216557,fc2098317d43af66664f0f1337a49fcd8e945f0f8e21c87ed1f6e9a771b53a8f,gwsearch run
6931,1779140582.6794188,fc2098317d43af66664f0f1337a49fcd8e945f0f8e21c87ed1f6e9a771b53a8f,gwsearch run
6932,1779141148.127157,fc2098317d43af66664f0f1337a49fcd8e945f0f8e21c87ed1f6e9a771b53a8f,gwsearch run
6933,1779141714.4409025,fc2098317d43af66664f0f1337a49fcd8e945f0f8e21c87ed1f6e9a771b53a8f,gwsearch run
6934,1779142284.1713312,fc2098317d43af66664f0f1337a49fcd8e945f0f8e21c87ed1f6e9a771b53a8f,gwsearch run
6935,1779142851.690367,fc2098317d43af66664f0f1337a49fcd8e945f0f8e21c87ed1f6e9a771b53a8f,gwsearch run
6936,1779143418.6843827,fc2098317d43af66664f0f1337a49fcd8e945f0f8e21c87ed1f6e9a771b53a8f,gwsearch run
6937,1779143986.4226935,fc2098317d43af66664f0f1337a49fcd8e945f0f8e21c87ed1f6e9a771b53a8f,gwsearch run
6938,1779144558.1705952,fc2098317d43af66664f0f1337a49fcd8e945f0f8e21c87ed1f6e9a771b53a8f,gwsearch run
6939,1779145132.6589925,fc2098317d43af66664f0f1337a49fcd8e945f0f8e21c87ed1f6e9a771b53a8f,gwsearch run
6940,1779145698.6713874,fc2098317d43af66664f0f1337a49fcd8e945f0f8e21c87ed1f6e9a771b53a8f,gwsearch run
6941,1779146265.1796565,fc2098317d43af66664f0f1337a49fcd8e945f0f8e21c87ed1f6e9a771b53a8f,gwsearch run
6942,1779146833.1787856,fc2098317d43af66664f0f1337a49fcd8e945f0f8e21c87ed1f6e9a771b53a8f,gwsearch run
6943,1779147410.1786382,fc2098317d43af66664f0f1337a49fcd8e945f0f8e21c87ed1f6e9a771b53a8f,gwsearch run
6944,1779147976.9346888,fc2098317d43af66664f0f1337a49fcd8e945f0f8e21c87ed1f6e9a771b53a8f,gwsearch run
6945,1779148545.4347174,fc2098317d43af66664f0f1337a49fcd8e945f0f8e21c87ed1f6e9a771b53a8f,gwsearch run
6946,1779149111.6846914,fc2098317d43af66664f0f1337a49fcd8e945f0f8e21c87ed1f6e9a771b53a8f,gwsearch run
6947,1779149681.6868289,fc2098317d43af66664f0f1337a49fcd8e945f0f8e21c87ed1f6e9a771b53a8f,gwsearch run
6948,1779150247.9275427,fc2098317d43af66664f0f1337a49fcd8e945f0f8e21c87ed1f6e9a771b53a8f,gwsearch run
6949,1779150825.172162,fc2098317d43af66664f0f1337a49fcd8e945f0f8e21c87ed1f6e9a771b53a8f,gwsearch run
6950,1779151390.4063122,fc2098317d43af66664f0f1337a49fcd8e945f0f8e21c87ed1f6e9a771b53a8f,gwsearch run
6951,1779151956.4219332,fc2098317d43af66664f0f1337a49fcd8e945f0f8e21c87ed1f6e9a771b53a8f,gwsearch run
6952,1779152524.4446297,fc2098317d43af66664f0f1337a49fcd8e945f0f8e21c87ed1f6e9a771b53a8f,gwsearch run
6953,1779153092.6829984,fc2098317d43af66664f0f1337a49fcd8e945f0f8e21c87ed1f6e9a771b53a8f,gwsearch run
6954,1779153665.9116442,fc2098317d43af66664f0f1337a49fcd8e945f0f8e21c87ed1f6e9a771b53a8f,gwsearch run
6955,1779154232.6587873,fc2098317d43af66664f0f1337a49fcd8e945f0f8e21c87ed1f6e9a771b53a8f,gwsearch run
6956,1779154804.661982,fc2098317d43af66664f0f1337a49fcd8e945f0f8e21c87ed1f6e9a771b53a8f,gwsearch run
6957,1779155370.9237409,fc2098317d43af66664f0f1337a49fcd8e945f0f8e21c87ed1f6e9a771b53a8f,gwsearch run
6958,1779155938.9111085,fc2098317d43af66664f0f1337a49fcd8e945f0f8e21c87ed1f6e9a771b53a8f,gwsearch run
6959,1779156504.409907,fc2098317d43af66664f0f1337a49fcd8e945f0f8e21c87ed1f6e9a771b53a8f,gwsearch run
6960,1779157072.689704,fc2098317d43af66664f0f1337a49fcd8e945f0f8e21c87ed1f6e9a771b53a8f,gwsearch run
6961,1779157639.163052,fc2098317d43af66664f0f1337a49fcd8e945f0f8e21c87ed1f6e9a771b53a8f,gwsearch run
6962,1779158205.9172108,fc2098317d43af66664f0f1337a49fcd8e945f0f8e21c87ed1f6e9a771b53a8f,gwsearch run
6963,1779158774.1554394,fc2098317d43af66664f0f1337a49fcd8e945f0f8e21c87ed1f6e9a771b53a8f,gwsearch run
6964,1779159340.9076204,fc2098317d43af66664f0f1337a49fcd8e945f0f8e21c87ed1f6e9a771b53a8f,gwsearch run
6965,1779159909.1817126,fc2098317d43af66664f0f1337a49fcd8e945f0f8e21c87ed1f6e9a771b53a8f,gwsearch run
6966,1779160483.427269,fc2098317d43af66664f0f1337a49fcd8e945f0f8e21c87ed1f6e9a771b53a8f,gwsearch run
6967,1779161051.4064248,fc2098317d43af66664f0f1337a49fcd8e945f0f8e21c87ed1f6e9a771b53a8f,gwsearch run
6968,1779161619.9319122,fc2098317d43af66664f0f1337a49fcd8e945f0f8e21c87ed1f6e9a771b53a8f,gwsearch run
6969,1779162189.9416907,fc2098317d43af66664f0f1337a49fcd8e945f0f8e21c87ed1f6e9a771b53a8f,gwsearch run
6970,1779162755.664367,fc2098317d43af66664f0f1337a49fcd8e945f0f8e21c87ed1f6e9a771b53a8f,gwsearch run
6971,1779163328.1553216,fc2098317d43af66664f0f1337a49fcd8e945f0f8e21c87ed1f6e9a771b53a8f,gwsearch run
6972,1779163895.6769192,fc2098317d43af66664f0f1337a49fcd8e945f0f8e21c87ed1f6e9a771b53a8f,gwsearch run
6973,1779164470.6831498,fc2098317d43af66664f0f1337a49fcd8e945f0f8e21c87ed1f6e9a771b53a8f,gwsearch run
6974,1779165038.172815,fc2098317d43af66664f0f1337a49fcd8e945f0f8e21c87ed1f6e9a771b53a8f,gwsearch run
6975,1779165608.6786168,fc2098317d43af66664f0f1337a49fcd8e945f0f8e21c87ed1f6e9a771b53a8f,gwsearch run
6976,1779166173.4378688,fc2098317d43af66664f0f1337a49fcd8e945f0f8e21c87ed1f6e9a771b53a8f,gwsearch run
6977,1779166741.1757424,fc2098317d43af66664f0f1337a49fcd8e945f0f8e21c87ed1f6e9a771b53a8f,gwsearch run
6978,1779167308.1405907,fc2098317d43af66664f0f1337a49fcd8e945f0f8e21c87ed1f6e9a771b53a8f,gwsearch run
6979,1779167877.664718,fc2098317d43af66664f0f1337a49fcd8e945f0f8e21c87ed1f6e9a771b53a8f,gwsearch run
6980,1779168445.4270892,fc2098317d43af66664f0f1337a49fcd8e945f0f8e21c87ed1f6e9a771b53a8f,gwsearch run
6981,1779169112.907141,fc2098317d43af66664f0f1337a49fcd8e945f0f8e21c87ed1f6e9a771b53a8f,gwsearch run
6982,1779169684.6557517,fc2098317d43af66664f0f1337a49fcd8e945f0f8e21c87ed1f6e9a771b53a8f,gwsearch run
6983,1779170250.6626642,fc2098317d43af66664f0f1337a49fcd8e945f0f8e21c87ed1f6e9a771b53a8f,gwsearch run
6984,1779170828.9144926,fc2098317d43af66664f0f1337a49fcd8e945f0f8e21c87ed1f6e9a771b53a8f,gwsearch run
6985,1779171396.9259956,fc2098317d43af66664f0f1337a49fcd8e945f0f8e21c87ed1f6e9a771b53a8f,gwsearch run
6986,1779171964.697828,fc2098317d43af66664f0f1337a49fcd8e945f0f8e21c87ed1f6e9a771b53a8f,gwsearch run
6987,1779172534.423721,fc2098317d43af66664f0f1337a49fcd8e945f0f8e21c87ed1f6e9a771b53a8f,gwsearch run
6988,1779173101.6388168,fc2098317d43af66664f0f1337a49fcd8e945f0f8e21c87ed1f6e9a771b53a8f,gwsearch run
6989,1779173678.174895,fc2098317d43af66664f0f1337a49fcd8e945f0f8e21c87ed1f6e9a771b53a8f,gwsearch run
6990,1779174248.1962016,fc2098317d43af66664f0f1337a49fcd8e945f0f8e21c87ed1f6e9a771b53a8f,gwsearch run
6991,1779174814.4205034,fc2098317d43af66664f0f1337a49fcd8e945f0f8e21c87ed1f6e9a771b53a8f,gwsearch run
6992,1779175382.1700304,fc2098317d43af66664f0f1337a49fcd8e945f0f8e21c87ed1f6e9a771b53a8f,gwsearch run
6993,1779175949.6952987,fc2098317d43af66664f0f1337a49fcd8e945f0f8e21c87ed1f6e9a771b53a8f,gwsearch run
6994,1779176517.1603768,fc2098317d43af66664f0f1337a49fcd8e945f0f8e21c87ed1f6e9a771b53a8f,gwsearch run
6995,1779177084.4303687,fc2098317d43af66664f0f1337a49fcd8e945f0f8e21c87ed1f6e9a771b53a8f,gwsearch run
6996,1779177653.1838622,fc2098317d43af66664f0f1337a49fcd8e945f0f8e21c87ed1f6e9a771b53a8f,gwsearch run
6997,1779178220.8856156,fc2098317d43af66664f0f1337a49fcd8e945f0f8e21c87ed1f6e9a771b53a8f,gwsearch run
6998,1779178787.4481196,fc2098317d43af66664f0f1337a49fcd8e945f0f8e21c87ed1f6e9a771b53a8f,gwsearch run
6999,1779179354.9258866,fc2098317d43af66664f0f1337a49fcd8e945f0f8e21c87ed1f6e9a771b53a8f,gwsearch run
7000,1779179922.6708634,fc2098317d43af66664f0f1337a49fcd8e945f0f8e21c87ed1f6e9a771b53a8f,gwsearch run
7001,1779180490.1865146,fc2098317d43af66664f0f1337a49fcd8e945f0f8e21c87ed1f6e9a771b53a8f,gwsearch run
7002,1779181056.9117746,fc2098317d43af66664f0f1337a49fcd8e945f0f8e21c87ed1f6e9a771b53a8f,gwsearch run
7003,1779181623.4272542,fc2098317d43af66664f0f1337a49fcd8e945f0f8e21c87ed1f6e9a771b53a8f,gwsearch run
7004,1779182191.6845546,fc2098317d43af66664f0f1337a49fcd8e945f0f8e21c87ed1f6e9a771b53a8f,gwsearch run
7005,1779182759.1662576,fc2098317d43af66664f0f1337a49fcd8e945f0f8e21c87ed1f6e9a771b53a8f,gwsearch run
7006,1779183326.4297504,fc2098317d43af66664f0f1337a49fcd8e945f0f8e21c87ed1f6e9a771b53a8f,gwsearch run
7007,1779183891.927949,fc2098317d43af66664f0f1337a49fcd8e945f0f8e21c87ed1f6e9a771b53a8f,gwsearch run
7008,1779184458.6676767,fc2098317d43af66664f0f1337a49fcd8e945f0f8e21c87ed1f6e9a771b53a8f,gwsearch run
7009,1779185024.412576,fc2098317d43af66664f0f1337a49fcd8e945f0f8e21c87ed1f6e9a771b53a8f,gwsearch run
7010,1779185589.9222205,fc2098317d43af66664f0f1337a49fcd8e945f0f8e21c87ed1f6e9a771b53a8f,gwsearch run
7011,1779186155.6646106,fc2098317d43af66664f0f1337a49fcd8e945f0f8e21c87ed1f6e9a771b53a8f,gwsearch run
7012,1779186722.682316,fc2098317d43af66664f0f1337a49fcd8e945f0f8e21c87ed1f6e9a771b53a8f,gwsearch run
7013,1779187289.6625915,fc2098317d43af66664f0f1337a49fcd8e945f0f8e21c87ed1f6e9a771b53a8f,gwsearch run
7014,1779187875.9300413,fc2098317d43af66664f0f1337a49fcd8e945f0f8e21c87ed1f6e9a771b53a8f,gwsearch run
7015,1779188442.6671703,fc2098317d43af66664f0f1337a49fcd8e945f0f8e21c87ed1f6e9a771b53a8f,gwsearch run
7016,1779189009.90308,fc2098317d43af66664f0f1337a49fcd8e945f0f8e21c87ed1f6e9a771b53a8f,gwsearch run
7017,1779189587.1670227,fc2098317d43af66664f0f1337a49fcd8e945f0f8e21c87ed1f6e9a771b53a8f,gwsearch run
7018,1779190152.9380324,fc2098317d43af66664f0f1337a49fcd8e945f0f8e21c87ed1f6e9a771b53a8f,gwsearch run
7019,1779190718.3994842,fc2098317d43af66664f0f1337a49fcd8e945f0f8e21c87ed1f6e9a771b53a8f,gwsearch run
7020,1779191296.2202435,fc2098317d43af66664f0f1337a49fcd8e945f0f8e21c87ed1f6e9a771b53a8f,gwsearch run
7021,1779191861.6821227,fc2098317d43af66664f0f1337a49fcd8e945f0f8e21c87ed1f6e9a771b53a8f,gwsearch run
7022,1779192431.1705644,fc2098317d43af66664f0f1337a49fcd8e945f0f8e21c87ed1f6e9a771b53a8f,gwsearch run
7023,1779192998.6653752,fc2098317d43af66664f0f1337a49fcd8e945f0f8e21c87ed1f6e9a771b53a8f,gwsearch run
7024,1779193564.6507006,fc2098317d43af66664f0f1337a49fcd8e945f0f8e21c87ed1f6e9a771b53a8f,gwsearch run
7025,1779194133.6827252,fc2098317d43af66664f0f1337a49fcd8e945f0f8e21c87ed1f6e9a771b53a8f,gwsearch run
7026,1779194701.9216094,fc2098317d43af66664f0f1337a49fcd8e945f0f8e21c87ed1f6e9a771b53a8f,gwsearch run
7027,1779195269.6635835,fc2098317d43af66664f0f1337a49fcd8e945f0f8e21c87ed1f6e9a771b53a8f,gwsearch run
7028,1779195838.427947,fc2098317d43af66664f0f1337a49fcd8e945f0f8e21c87ed1f6e9a771b53a8f,gwsearch run
7029,1779196405.4170263,fc2098317d43af66664f0f1337a49fcd8e945f0f8e21c87ed1f6e9a771b53a8f,gwsearch run
7030,1779196971.1585965,fc2098317d43af66664f0f1337a49fcd8e945f0f8e21c87ed1f6e9a771b53a8f,gwsearch run
7031,1779197538.6472008,fc2098317d43af66664f0f1337a49fcd8e945f0f8e21c87ed1f6e9a771b53a8f,gwsearch run
7032,1779198105.648456,fc2098317d43af66664f0f1337a49fcd8e945f0f8e21c87ed1f6e9a771b53a8f,gwsearch run
7033,1779198684.9232738,fc2098317d43af66664f0f1337a49fcd8e945f0f8e21c87ed1f6e9a771b53a8f,gwsearch run
7034,1779199262.6779275,fc2098317d43af66664f0f1337a49fcd8e945f0f8e21c87ed1f6e9a771b53a8f,gwsearch run
7035,1779199838.9476283,fc2098317d43af66664f0f1337a49fcd8e945f0f8e21c87ed1f6e9a771b53a8f,gwsearch run
7036,1779200406.3959396,fc2098317d43af66664f0f1337a49fcd8e945f0f8e21c87ed1f6e9a771b53a8f,gwsearch run
7037,1779200973.6514266,fc2098317d43af66664f0f1337a49fcd8e945f0f8e21c87ed1f6e9a771b53a8f,gwsearch run
7038,1779201540.9745336,fc2098317d43af66664f0f1337a49fcd8e945f0f8e21c87ed1f6e9a771b53a8f,gwsearch run
7039,1779202108.6712348,fc2098317d43af66664f0f1337a49fcd8e945f0f8e21c87ed1f6e9a771b53a8f,gwsearch run
7040,1779202675.6605697,fc2098317d43af66664f0f1337a49fcd8e945f0f8e21c87ed1f6e9a771b53a8f,gwsearch run
7041,1779203243.9331605,fc2098317d43af66664f0f1337a49fcd8e945f0f8e21c87ed1f6e9a771b53a8f,gwsearch run
7042,1779203811.4398122,fc2098317d43af66664f0f1337a49fcd8e945f0f8e21c87ed1f6e9a771b53a8f,gwsearch run
7043,1779204377.894058,fc2098317d43af66664f0f1337a49fcd8e945f0f8e21c87ed1f6e9a771b53a8f,gwsearch run
7044,1779204939.168363,fc2098317d43af66664f0f1337a49fcd8e945f0f8e21c87ed1f6e9a771b53a8f,gwsearch run
7045,1779205505.4231296,fc2098317d43af66664f0f1337a49fcd8e945f0f8e21c87ed1f6e9a771b53a8f,gwsearch run
7046,1779206072.179972,fc2098317d43af66664f0f1337a49fcd8e945f0f8e21c87ed1f6e9a771b53a8f,gwsearch run
7047,1779206640.8792057,fc2098317d43af66664f0f1337a49fcd8e945f0f8e21c87ed1f6e9a771b53a8f,gwsearch run
7048,1779207207.4109755,fc2098317d43af66664f0f1337a49fcd8e945f0f8e21c87ed1f6e9a771b53a8f,gwsearch run
7049,1779207775.6391501,fc2098317d43af66664f0f1337a49fcd8e945f0f8e21c87ed1f6e9a771b53a8f,gwsearch run
7050,1779208342.4018965,fc2098317d43af66664f0f1337a49fcd8e945f0f8e21c87ed1f6e9a771b53a8f,gwsearch run
7051,1779208921.4002297,fc2098317d43af66664f0f1337a49fcd8e945f0f8e21c87ed1f6e9a771b53a8f,gwsearch run
7052,1779209498.9157507,fc2098317d43af66664f0f1337a49fcd8e945f0f8e21c87ed1f6e9a771b53a8f,gwsearch run
7053,1779210066.420504,fc2098317d43af66664f0f1337a49fcd8e945f0f8e21c87ed1f6e9a771b53a8f,gwsearch run
7054,1779210634.1494799,fc2098317d43af66664f0f1337a49fcd8e945f0f8e21c87ed1f6e9a771b53a8f,gwsearch run
7055,1779211201.646798,fc2098317d43af66664f0f1337a49fcd8e945f0f8e21c87ed1f6e9a771b53a8f,gwsearch run
7056,1779211779.1666775,fc2098317d43af66664f0f1337a49fcd8e945f0f8e21c87ed1f6e9a771b53a8f,gwsearch run
7057,1779212347.6563897,fc2098317d43af66664f0f1337a49fcd8e945f0f8e21c87ed1f6e9a771b53a8f,gwsearch run
7058,1779212915.1703525,fc2098317d43af66664f0f1337a49fcd8e945f0f8e21c87ed1f6e9a771b53a8f,gwsearch run
7059,1779213482.1509962,fc2098317d43af66664f0f1337a49fcd8e945f0f8e21c87ed1f6e9a771b53a8f,gwsearch run
7060,1779214048.644213,fc2098317d43af66664f0f1337a49fcd8e945f0f8e21c87ed1f6e9a771b53a8f,gwsearch run
7061,1779214617.1560822,fc2098317d43af66664f0f1337a49fcd8e945f0f8e21c87ed1f6e9a771b53a8f,gwsearch run
7062,1779215183.703068,fc2098317d43af66664f0f1337a49fcd8e945f0f8e21c87ed1f6e9a771b53a8f,gwsearch run
7063,1779215751.6472144,fc2098317d43af66664f0f1337a49fcd8e945f0f8e21c87ed1f6e9a771b53a8f,gwsearch run
7064,1779216321.1750681,fc2098317d43af66664f0f1337a49fcd8e945f0f8e21c87ed1f6e9a771b53a8f,gwsearch run
7065,1779216888.6651828,fc2098317d43af66664f0f1337a49fcd8e945f0f8e21c87ed1f6e9a771b53a8f,gwsearch run
7066,1779217456.147611,fc2098317d43af66664f0f1337a49fcd8e945f0f8e21c87ed1f6e9a771b53a8f,gwsearch run
7067,1779218026.9101098,fc2098317d43af66664f0f1337a49fcd8e945f0f8e21c87ed1f6e9a771b53a8f,gwsearch run
7068,1779218594.6397786,fc2098317d43af66664f0f1337a49fcd8e945f0f8e21c87ed1f6e9a771b53a8f,gwsearch run
7069,1779219162.1759458,fc2098317d43af66664f0f1337a49fcd8e945f0f8e21c87ed1f6e9a771b53a8f,gwsearch run
7070,1779219730.9125094,fc2098317d43af66664f0f1337a49fcd8e945f0f8e21c87ed1f6e9a771b53a8f,gwsearch run
7071,1779220298.6460414,fc2098317d43af66664f0f1337a49fcd8e945f0f8e21c87ed1f6e9a771b53a8f,gwsearch run
7072,1779220865.8986685,fc2098317d43af66664f0f1337a49fcd8e945f0f8e21c87ed1f6e9a771b53a8f,gwsearch run
7073,1779221431.6720495,fc2098317d43af66664f0f1337a49fcd8e945f0f8e21c87ed1f6e9a771b53a8f,gwsearch run
7074,1779221998.4169528,fc2098317d43af66664f0f1337a49fcd8e945f0f8e21c87ed1f6e9a771b53a8f,gwsearch run
7075,1779222565.3904734,fc2098317d43af66664f0f1337a49fcd8e945f0f8e21c87ed1f6e9a771b53a8f,gwsearch run
7076,1779223131.667341,fc2098317d43af66664f0f1337a49fcd8e945f0f8e21c87ed1f6e9a771b53a8f,gwsearch run
7077,1779223698.209711,fc2098317d43af66664f0f1337a49fcd8e945f0f8e21c87ed1f6e9a771b53a8f,gwsearch run
7078,1779224266.4153435,fc2098317d43af66664f0f1337a49fcd8e945f0f8e21c87ed1f6e9a771b53a8f,gwsearch run
7079,1779224833.1441512,fc2098317d43af66664f0f1337a49fcd8e945f0f8e21c87ed1f6e9a771b53a8f,gwsearch run
7080,1779225401.4300036,fc2098317d43af66664f0f1337a49fcd8e945f0f8e21c87ed1f6e9a771b53a8f,gwsearch run
7081,1779225967.8982618,fc2098317d43af66664f0f1337a49fcd8e945f0f8e21c87ed1f6e9a771b53a8f,gwsearch run
7082,1779226535.6590812,fc2098317d43af66664f0f1337a49fcd8e945f0f8e21c87ed1f6e9a771b53a8f,gwsearch run
7083,1779227103.6824324,fc2098317d43af66664f0f1337a49fcd8e945f0f8e21c87ed1f6e9a771b53a8f,gwsearch run
7084,1779227669.6827385,fc2098317d43af66664f0f1337a49fcd8e945f0f8e21c87ed1f6e9a771b53a8f,gwsearch run
7085,1779228237.1978533,fc2098317d43af66664f0f1337a49fcd8e945f0f8e21c87ed1f6e9a771b53a8f,gwsearch run
7086,1779228804.6758897,fc2098317d43af66664f0f1337a49fcd8e945f0f8e21c87ed1f6e9a771b53a8f,gwsearch run
7087,1779229381.6767926,fc2098317d43af66664f0f1337a49fcd8e945f0f8e21c87ed1f6e9a771b53a8f,gwsearch run
7088,1779230073.1670883,fc2098317d43af66664f0f1337a49fcd8e945f0f8e21c87ed1f6e9a771b53a8f,gwsearch run
7089,1779230645.6823683,fc2098317d43af66664f0f1337a49fcd8e945f0f8e21c87ed1f6e9a771b53a8f,gwsearch run
7090,1779231227.9256744,fc2098317d43af66664f0f1337a49fcd8e945f0f8e21c87ed1f6e9a771b53a8f,gwsearch run
7091,1779231799.4150136,fc2098317d43af66664f0f1337a49fcd8e945f0f8e21c87ed1f6e9a771b53a8f,gwsearch run
7092,1779232368.1905208,fc2098317d43af66664f0f1337a49fcd8e945f0f8e21c87ed1f6e9a771b53a8f,gwsearch run
7093,1779232940.4051912,fc2098317d43af66664f0f1337a49fcd8e945f0f8e21c87ed1f6e9a771b53a8f,gwsearch run
7094,1779233511.6572165,fc2098317d43af66664f0f1337a49fcd8e945f0f8e21c87ed1f6e9a771b53a8f,gwsearch run
7095,1779234079.9378598,fc2098317d43af66664f0f1337a49fcd8e945f0f8e21c87ed1f6e9a771b53a8f,gwsearch run
7096,1779234645.6662211,fc2098317d43af66664f0f1337a49fcd8e945f0f8e21c87ed1f6e9a771b53a8f,gwsearch run
7097,1779235214.9329479,fc2098317d43af66664f0f1337a49fcd8e945f0f8e21c87ed1f6e9a771b53a8f,gwsearch run
7098,1779235785.689448,fc2098317d43af66664f0f1337a49fcd8e945f0f8e21c87ed1f6e9a771b53a8f,gwsearch run
7099,1779236353.1627364,fc2098317d43af66664f0f1337a49fcd8e945f0f8e21c87ed1f6e9a771b53a8f,gwsearch run
7100,1779236931.4596167,fc2098317d43af66664f0f1337a49fcd8e945f0f8e21c87ed1f6e9a771b53a8f,gwsearch run
7101,1779237499.9251137,fc2098317d43af66664f0f1337a49fcd8e945f0f8e21c87ed1f6e9a771b53a8f,gwsearch run
7102,1779238067.163239,fc2098317d43af66664f0f1337a49fcd8e945f0f8e21c87ed1f6e9a771b53a8f,gwsearch run
7103,1779238633.3974624,fc2098317d43af66664f0f1337a49fcd8e945f0f8e21c87ed1f6e9a771b53a8f,gwsearch run
7104,1779239203.907784,fc2098317d43af66664f0f1337a49fcd8e945f0f8e21c87ed1f6e9a771b53a8f,gwsearch run
7105,1779239773.6823597,fc2098317d43af66664f0f1337a49fcd8e945f0f8e21c87ed1f6e9a771b53a8f,gwsearch run
7106,1779240349.1550813,fc2098317d43af66664f0f1337a49fcd8e945f0f8e21c87ed1f6e9a771b53a8f,gwsearch run
7107,1779240917.6636267,fc2098317d43af66664f0f1337a49fcd8e945f0f8e21c87ed1f6e9a771b53a8f,gwsearch run
7108,1779241495.9168324,fc2098317d43af66664f0f1337a49fcd8e945f0f8e21c87ed1f6e9a771b53a8f,gwsearch run
7109,1779242064.4291983,fc2098317d43af66664f0f1337a49fcd8e945f0f8e21c87ed1f6e9a771b53a8f,gwsearch run
7110,1779242632.168574,fc2098317d43af66664f0f1337a49fcd8e945f0f8e21c87ed1f6e9a771b53a8f,gwsearch run
7111,1779243209.4112272,fc2098317d43af66664f0f1337a49fcd8e945f0f8e21c87ed1f6e9a771b53a8f,gwsearch run
7112,1779243776.9061105,fc2098317d43af66664f0f1337a49fcd8e945f0f8e21c87ed1f6e9a771b53a8f,gwsearch run
7113,1779244345.7067113,fc2098317d43af66664f0f1337a49fcd8e945f0f8e21c87ed1f6e9a771b53a8f,gwsearch run
7114,1779244912.9261792,fc2098317d43af66664f0f1337a49fcd8e945f0f8e21c87ed1f6e9a771b53a8f,gwsearch run
7115,1779245484.4240363,fc2098317d43af66664f0f1337a49fcd8e945f0f8e21c87ed1f6e9a771b53a8f,gwsearch run
7116,1779246057.6811492,fc2098317d43af66664f0f1337a49fcd8e945f0f8e21c87ed1f6e9a771b53a8f,gwsearch run
7117,1779246639.9401093,fc2098317d43af66664f0f1337a49fcd8e945f0f8e21c87ed1f6e9a771b53a8f,gwsearch run
7118,1779247207.9369478,fc2098317d43af66664f0f1337a49fcd8e945f0f8e21c87ed1f6e9a771b53a8f,gwsearch run
7119,1779247787.1635432,fc2098317d43af66664f0f1337a49fcd8e945f0f8e21c87ed1f6e9a771b53a8f,gwsearch run
7120,1779248364.6724405,fc2098317d43af66664f0f1337a49fcd8e945f0f8e21c87ed1f6e9a771b53a8f,gwsearch run
7121,1779248934.6545517,fc2098317d43af66664f0f1337a49fcd8e945f0f8e21c87ed1f6e9a771b53a8f,gwsearch run
7122,1779249510.156914,fc2098317d43af66664f0f1337a49fcd8e945f0f8e21c87ed1f6e9a771b53a8f,gwsearch run
7123,1779250076.6545417,fc2098317d43af66664f0f1337a49fcd8e945f0f8e21c87ed1f6e9a771b53a8f,gwsearch run
7124,1779250650.676211,fc2098317d43af66664f0f1337a49fcd8e945f0f8e21c87ed1f6e9a771b53a8f,gwsearch run
7125,1779251230.67036,fc2098317d43af66664f0f1337a49fcd8e945f0f8e21c87ed1f6e9a771b53a8f,gwsearch run
7126,1779251797.4043026,fc2098317d43af66664f0f1337a49fcd8e945f0f8e21c87ed1f6e9a771b53a8f,gwsearch run
7127,1779252364.920774,fc2098317d43af66664f0f1337a49fcd8e945f0f8e21c87ed1f6e9a771b53a8f,gwsearch run
7128,1779252931.6767275,fc2098317d43af66664f0f1337a49fcd8e945f0f8e21c87ed1f6e9a771b53a8f,gwsearch run
7129,1779253507.4049368,fc2098317d43af66664f0f1337a49fcd8e945f0f8e21c87ed1f6e9a771b53a8f,gwsearch run
7130,1779254079.9353232,fc2098317d43af66664f0f1337a49fcd8e945f0f8e21c87ed1f6e9a771b53a8f,gwsearch run
7131,1779254645.9286456,fc2098317d43af66664f0f1337a49fcd8e945f0f8e21c87ed1f6e9a771b53a8f,gwsearch run
7132,1779255213.645838,fc2098317d43af66664f0f1337a49fcd8e945f0f8e21c87ed1f6e9a771b53a8f,gwsearch run
7133,1779255781.4186473,fc2098317d43af66664f0f1337a49fcd8e945f0f8e21c87ed1f6e9a771b53a8f,gwsearch run
7134,1779256347.9338021,fc2098317d43af66664f0f1337a49fcd8e945f0f8e21c87ed1f6e9a771b53a8f,gwsearch run
7135,1779256914.6762266,fc2098317d43af66664f0f1337a49fcd8e945f0f8e21c87ed1f6e9a771b53a8f,gwsearch run
7136,1779257480.1592834,fc2098317d43af66664f0f1337a49fcd8e945f0f8e21c87ed1f6e9a771b53a8f,gwsearch run
7137,1779258046.6339304,fc2098317d43af66664f0f1337a49fcd8e945f0f8e21c87ed1f6e9a771b53a8f,gwsearch run
7138,1779258614.488811,fc2098317d43af66664f0f1337a49fcd8e945f0f8e21c87ed1f6e9a771b53a8f,gwsearch run
7139,1779259180.6648722,fc2098317d43af66664f0f1337a49fcd8e945f0f8e21c87ed1f6e9a771b53a8f,gwsearch run
7140,1779259746.1619036,fc2098317d43af66664f0f1337a49fcd8e945f0f8e21c87ed1f6e9a771b53a8f,gwsearch run
7141,1779260312.4069371,fc2098317d43af66664f0f1337a49fcd8e945f0f8e21c87ed1f6e9a771b53a8f,gwsearch run
7142,1779260877.6709514,fc2098317d43af66664f0f1337a49fcd8e945f0f8e21c87ed1f6e9a771b53a8f,gwsearch run
7143,1779261445.4209213,fc2098317d43af66664f0f1337a49fcd8e945f0f8e21c87ed1f6e9a771b53a8f,gwsearch run
7144,1779262013.400621,fc2098317d43af66664f0f1337a49fcd8e945f0f8e21c87ed1f6e9a771b53a8f,gwsearch run
7145,1779262590.6796057,fc2098317d43af66664f0f1337a49fcd8e945f0f8e21c87ed1f6e9a771b53a8f,gwsearch run
7146,1779263167.919328,fc2098317d43af66664f0f1337a49fcd8e945f0f8e21c87ed1f6e9a771b53a8f,gwsearch run
7147,1779263735.6515005,fc2098317d43af66664f0f1337a49fcd8e945f0f8e21c87ed1f6e9a771b53a8f,gwsearch run
7148,1779264302.9130478,fc2098317d43af66664f0f1337a49fcd8e945f0f8e21c87ed1f6e9a771b53a8f,gwsearch run
7149,1779264868.6740434,fc2098317d43af66664f0f1337a49fcd8e945f0f8e21c87ed1f6e9a771b53a8f,gwsearch run
7150,1779265436.939538,fc2098317d43af66664f0f1337a49fcd8e945f0f8e21c87ed1f6e9a771b53a8f,gwsearch run
7151,1779266003.4722562,fc2098317d43af66664f0f1337a49fcd8e945f0f8e21c87ed1f6e9a771b53a8f,gwsearch run
7152,1779266669.4238832,fc2098317d43af66664f0f1337a49fcd8e945f0f8e21c87ed1f6e9a771b53a8f,gwsearch run
7153,1779267236.676571,fc2098317d43af66664f0f1337a49fcd8e945f0f8e21c87ed1f6e9a771b53a8f,gwsearch run
7154,1779267802.4199488,fc2098317d43af66664f0f1337a49fcd8e945f0f8e21c87ed1f6e9a771b53a8f,gwsearch run
7155,1779268376.1673377,fc2098317d43af66664f0f1337a49fcd8e945f0f8e21c87ed1f6e9a771b53a8f,gwsearch run
7156,1779268943.6696913,fc2098317d43af66664f0f1337a49fcd8e945f0f8e21c87ed1f6e9a771b53a8f,gwsearch run
7157,1779269514.6464696,fc2098317d43af66664f0f1337a49fcd8e945f0f8e21c87ed1f6e9a771b53a8f,gwsearch run
7158,1779270079.3942778,fc2098317d43af66664f0f1337a49fcd8e945f0f8e21c87ed1f6e9a771b53a8f,gwsearch run
7159,1779270645.1484466,fc2098317d43af66664f0f1337a49fcd8e945f0f8e21c87ed1f6e9a771b53a8f,gwsearch run
7160,1779271212.1512873,fc2098317d43af66664f0f1337a49fcd8e945f0f8e21c87ed1f6e9a771b53a8f,gwsearch run
7161,1779271779.4110332,fc2098317d43af66664f0f1337a49fcd8e945f0f8e21c87ed1f6e9a771b53a8f,gwsearch run
7162,1779272355.1702023,fc2098317d43af66664f0f1337a49fcd8e945f0f8e21c87ed1f6e9a771b53a8f,gwsearch run
7163,1779272922.4276483,fc2098317d43af66664f0f1337a49fcd8e945f0f8e21c87ed1f6e9a771b53a8f,gwsearch run
7164,1779273489.892479,fc2098317d43af66664f0f1337a49fcd8e945f0f8e21c87ed1f6e9a771b53a8f,gwsearch run
7165,1779274055.1622682,fc2098317d43af66664f0f1337a49fcd8e945f0f8e21c87ed1f6e9a771b53a8f,gwsearch run
7166,1779274620.9182165,fc2098317d43af66664f0f1337a49fcd8e945f0f8e21c87ed1f6e9a771b53a8f,gwsearch run
7167,1779275187.4220119,fc2098317d43af66664f0f1337a49fcd8e945f0f8e21c87ed1f6e9a771b53a8f,gwsearch run
7168,1779275757.9413698,fc2098317d43af66664f0f1337a49fcd8e945f0f8e21c87ed1f6e9a771b53a8f,gwsearch run
7169,1779276324.1693528,fc2098317d43af66664f0f1337a49fcd8e945f0f8e21c87ed1f6e9a771b53a8f,gwsearch run
7170,1779276892.1859283,fc2098317d43af66664f0f1337a49fcd8e945f0f8e21c87ed1f6e9a771b53a8f,gwsearch run
7171,1779277458.6821804,fc2098317d43af66664f0f1337a49fcd8e945f0f8e21c87ed1f6e9a771b53a8f,gwsearch run
7172,1779278025.1726918,fc2098317d43af66664f0f1337a49fcd8e945f0f8e21c87ed1f6e9a771b53a8f,gwsearch run
7173,1779278593.734152,fc2098317d43af66664f0f1337a49fcd8e945f0f8e21c87ed1f6e9a771b53a8f,gwsearch run
7174,1779279162.1595225,fc2098317d43af66664f0f1337a49fcd8e945f0f8e21c87ed1f6e9a771b53a8f,gwsearch run
7175,1779279729.9132388,fc2098317d43af66664f0f1337a49fcd8e945f0f8e21c87ed1f6e9a771b53a8f,gwsearch run
7176,1779280296.1715682,fc2098317d43af66664f0f1337a49fcd8e945f0f8e21c87ed1f6e9a771b53a8f,gwsearch run
7177,1779280864.925232,fc2098317d43af66664f0f1337a49fcd8e945f0f8e21c87ed1f6e9a771b53a8f,gwsearch run
7178,1779281431.6715713,fc2098317d43af66664f0f1337a49fcd8e945f0f8e21c87ed1f6e9a771b53a8f,gwsearch run
7179,1779281998.919375,fc2098317d43af66664f0f1337a49fcd8e945f0f8e21c87ed1f6e9a771b53a8f,gwsearch run
7180,1779282566.4128568,fc2098317d43af66664f0f1337a49fcd8e945f0f8e21c87ed1f6e9a771b53a8f,gwsearch run
7181,1779283132.911595,fc2098317d43af66664f0f1337a49fcd8e945f0f8e21c87ed1f6e9a771b53a8f,gwsearch run
7182,1779283700.6640658,fc2098317d43af66664f0f1337a49fcd8e945f0f8e21c87ed1f6e9a771b53a8f,gwsearch run
7183,1779284266.3930242,fc2098317d43af66664f0f1337a49fcd8e945f0f8e21c87ed1f6e9a771b53a8f,gwsearch run
7184,1779284833.9292758,fc2098317d43af66664f0f1337a49fcd8e945f0f8e21c87ed1f6e9a771b53a8f,gwsearch run
7185,1779285400.6783195,fc2098317d43af66664f0f1337a49fcd8e945f0f8e21c87ed1f6e9a771b53a8f,gwsearch run
7186,1779285976.6301684,fc2098317d43af66664f0f1337a49fcd8e945f0f8e21c87ed1f6e9a771b53a8f,gwsearch run
7187,1779286543.1734273,fc2098317d43af66664f0f1337a49fcd8e945f0f8e21c87ed1f6e9a771b53a8f,gwsearch run
7188,1779287108.9314086,fc2098317d43af66664f0f1337a49fcd8e945f0f8e21c87ed1f6e9a771b53a8f,gwsearch run
7189,1779287675.9284883,fc2098317d43af66664f0f1337a49fcd8e945f0f8e21c87ed1f6e9a771b53a8f,gwsearch run
7190,1779288248.4296622,fc2098317d43af66664f0f1337a49fcd8e945f0f8e21c87ed1f6e9a771b53a8f,gwsearch run
7191,1779288816.1636212,fc2098317d43af66664f0f1337a49fcd8e945f0f8e21c87ed1f6e9a771b53a8f,gwsearch run
7192,1779289383.3927839,fc2098317d43af66664f0f1337a49fcd8e945f0f8e21c87ed1f6e9a771b53a8f,gwsearch run
7193,1779289950.4202592,fc2098317d43af66664f0f1337a49fcd8e945f0f8e21c87ed1f6e9a771b53a8f,gwsearch run
7194,1779290517.1746452,fc2098317d43af66664f0f1337a49fcd8e945f0f8e21c87ed1f6e9a771b53a8f,gwsearch run
7195,1779291083.6607773,fc2098317d43af66664f0f1337a49fcd8e945f0f8e21c87ed1f6e9a771b53a8f,gwsearch run
7196,1779291652.6616478,fc2098317d43af66664f0f1337a49fcd8e945f0f8e21c87ed1f6e9a771b53a8f,gwsearch run
7197,1779292219.6665733,fc2098317d43af66664f0f1337a49fcd8e945f0f8e21c87ed1f6e9a771b53a8f,gwsearch run
7198,1779292786.9321613,fc2098317d43af66664f0f1337a49fcd8e945f0f8e21c87ed1f6e9a771b53a8f,gwsearch run
7199,1779293353.9210944,fc2098317d43af66664f0f1337a49fcd8e945f0f8e21c87ed1f6e9a771b53a8f,gwsearch run
7200,1779293920.430286,fc2098317d43af66664f0f1337a49fcd8e945f0f8e21c87ed1f6e9a771b53a8f,gwsearch run
7201,1779294487.4162192,fc2098317d43af66664f0f1337a49fcd8e945f0f8e21c87ed1f6e9a771b53a8f,gwsearch run
7202,1779295054.9410114,fc2098317d43af66664f0f1337a49fcd8e945f0f8e21c87ed1f6e9a771b53a8f,gwsearch run
7203,1779295622.9141686,fc2098317d43af66664f0f1337a49fcd8e945f0f8e21c87ed1f6e9a771b53a8f,gwsearch run
7204,1779296190.4125552,fc2098317d43af66664f0f1337a49fcd8e945f0f8e21c87ed1f6e9a771b53a8f,gwsearch run
7205,1779296756.1568363,fc2098317d43af66664f0f1337a49fcd8e945f0f8e21c87ed1f6e9a771b53a8f,gwsearch run
7206,1779297321.6549306,fc2098317d43af66664f0f1337a49fcd8e945f0f8e21c87ed1f6e9a771b53a8f,gwsearch run
7207,1779297889.4037244,fc2098317d43af66664f0f1337a49fcd8e945f0f8e21c87ed1f6e9a771b53a8f,gwsearch run
7208,1779298455.9363756,fc2098317d43af66664f0f1337a49fcd8e945f0f8e21c87ed1f6e9a771b53a8f,gwsearch run
7209,1779299021.9193017,fc2098317d43af66664f0f1337a49fcd8e945f0f8e21c87ed1f6e9a771b53a8f,gwsearch run
7210,1779299588.2203074,fc2098317d43af66664f0f1337a49fcd8e945f0f8e21c87ed1f6e9a771b53a8f,gwsearch run
7211,1779300155.3929582,fc2098317d43af66664f0f1337a49fcd8e945f0f8e21c87ed1f6e9a771b53a8f,gwsearch run
7212,1779300724.1718364,fc2098317d43af66664f0f1337a49fcd8e945f0f8e21c87ed1f6e9a771b53a8f,gwsearch run
7213,1779301290.3946183,fc2098317d43af66664f0f1337a49fcd8e945f0f8e21c87ed1f6e9a771b53a8f,gwsearch run
7214,1779301856.9215453,fc2098317d43af66664f0f1337a49fcd8e945f0f8e21c87ed1f6e9a771b53a8f,gwsearch run
7215,1779302423.175015,fc2098317d43af66664f0f1337a49fcd8e945f0f8e21c87ed1f6e9a771b53a8f,gwsearch run
7216,1779302990.4204693,fc2098317d43af66664f0f1337a49fcd8e945f0f8e21c87ed1f6e9a771b53a8f,gwsearch run
7217,1779303556.9121966,fc2098317d43af66664f0f1337a49fcd8e945f0f8e21c87ed1f6e9a771b53a8f,gwsearch run
7218,1779304125.9265435,fc2098317d43af66664f0f1337a49fcd8e945f0f8e21c87ed1f6e9a771b53a8f,gwsearch run
7219,1779304693.672766,fc2098317d43af66664f0f1337a49fcd8e945f0f8e21c87ed1f6e9a771b53a8f,gwsearch run
7220,1779305262.422531,fc2098317d43af66664f0f1337a49fcd8e945f0f8e21c87ed1f6e9a771b53a8f,gwsearch run
7221,1779305828.6522467,fc2098317d43af66664f0f1337a49fcd8e945f0f8e21c87ed1f6e9a771b53a8f,gwsearch run
7222,1779306395.4295435,fc2098317d43af66664f0f1337a49fcd8e945f0f8e21c87ed1f6e9a771b53a8f,gwsearch run
7223,1779306962.9259365,fc2098317d43af66664f0f1337a49fcd8e945f0f8e21c87ed1f6e9a771b53a8f,gwsearch run
7224,1779307532.9211574,fc2098317d43af66664f0f1337a49fcd8e945f0f8e21c87ed1f6e9a771b53a8f,gwsearch run
7225,1779308099.9091914,fc2098317d43af66664f0f1337a49fcd8e945f0f8e21c87ed1f6e9a771b53a8f,gwsearch run
7226,1779308667.657238,fc2098317d43af66664f0f1337a49fcd8e945f0f8e21c87ed1f6e9a771b53a8f,gwsearch run
7227,1779309243.9191227,fc2098317d43af66664f0f1337a49fcd8e945f0f8e21c87ed1f6e9a771b53a8f,gwsearch run
7228,1779309811.9269447,fc2098317d43af66664f0f1337a49fcd8e945f0f8e21c87ed1f6e9a771b53a8f,gwsearch run
7229,1779310380.6634054,fc2098317d43af66664f0f1337a49fcd8e945f0f8e21c87ed1f6e9a771b53a8f,gwsearch run
7230,1779310947.920888,fc2098317d43af66664f0f1337a49fcd8e945f0f8e21c87ed1f6e9a771b53a8f,gwsearch run
7231,1779311515.8986332,fc2098317d43af66664f0f1337a49fcd8e945f0f8e21c87ed1f6e9a771b53a8f,gwsearch run
7232,1779312082.9348009,fc2098317d43af66664f0f1337a49fcd8e945f0f8e21c87ed1f6e9a771b53a8f,gwsearch run
7233,1779312649.6551256,fc2098317d43af66664f0f1337a49fcd8e945f0f8e21c87ed1f6e9a771b53a8f,gwsearch run
7234,1779313217.1817534,fc2098317d43af66664f0f1337a49fcd8e945f0f8e21c87ed1f6e9a771b53a8f,gwsearch run
7235,1779313787.4323707,fc2098317d43af66664f0f1337a49fcd8e945f0f8e21c87ed1f6e9a771b53a8f,gwsearch run
7236,1779314355.9121664,fc2098317d43af66664f0f1337a49fcd8e945f0f8e21c87ed1f6e9a771b53a8f,gwsearch run
7237,1779314923.423922,fc2098317d43af66664f0f1337a49fcd8e945f0f8e21c87ed1f6e9a771b53a8f,gwsearch run
7238,1779315491.6766174,fc2098317d43af66664f0f1337a49fcd8e945f0f8e21c87ed1f6e9a771b53a8f,gwsearch run
7239,1779316068.422527,fc2098317d43af66664f0f1337a49fcd8e945f0f8e21c87ed1f6e9a771b53a8f,gwsearch run
7240,1779316646.189685,fc2098317d43af66664f0f1337a49fcd8e945f0f8e21c87ed1f6e9a771b53a8f,gwsearch run
7241,1779317214.6647878,fc2098317d43af66664f0f1337a49fcd8e945f0f8e21c87ed1f6e9a771b53a8f,gwsearch run
7242,1779317784.1686406,fc2098317d43af66664f0f1337a49fcd8e945f0f8e21c87ed1f6e9a771b53a8f,gwsearch run
7243,1779318354.892637,fc2098317d43af66664f0f1337a49fcd8e945f0f8e21c87ed1f6e9a771b53a8f,gwsearch run
7244,1779318925.171292,fc2098317d43af66664f0f1337a49fcd8e945f0f8e21c87ed1f6e9a771b53a8f,gwsearch run
7245,1779319495.429109,fc2098317d43af66664f0f1337a49fcd8e945f0f8e21c87ed1f6e9a771b53a8f,gwsearch run
7246,1779320067.654052,fc2098317d43af66664f0f1337a49fcd8e945f0f8e21c87ed1f6e9a771b53a8f,gwsearch run
7247,1779320635.4200854,fc2098317d43af66664f0f1337a49fcd8e945f0f8e21c87ed1f6e9a771b53a8f,gwsearch run
7248,1779321202.9257088,fc2098317d43af66664f0f1337a49fcd8e945f0f8e21c87ed1f6e9a771b53a8f,gwsearch run
7249,1779321771.1708207,fc2098317d43af66664f0f1337a49fcd8e945f0f8e21c87ed1f6e9a771b53a8f,gwsearch run
7250,1779322345.903617,fc2098317d43af66664f0f1337a49fcd8e945f0f8e21c87ed1f6e9a771b53a8f,gwsearch run
7251,1779322916.399252,fc2098317d43af66664f0f1337a49fcd8e945f0f8e21c87ed1f6e9a771b53a8f,gwsearch run
7252,1779323485.4099872,fc2098317d43af66664f0f1337a49fcd8e945f0f8e21c87ed1f6e9a771b53a8f,gwsearch run
7253,1779324053.722858,fc2098317d43af66664f0f1337a49fcd8e945f0f8e21c87ed1f6e9a771b53a8f,gwsearch run
7254,1779324722.6623526,fc2098317d43af66664f0f1337a49fcd8e945f0f8e21c87ed1f6e9a771b53a8f,gwsearch run
7255,1779325289.6768856,fc2098317d43af66664f0f1337a49fcd8e945f0f8e21c87ed1f6e9a771b53a8f,gwsearch run
7256,1779325861.1733398,fc2098317d43af66664f0f1337a49fcd8e945f0f8e21c87ed1f6e9a771b53a8f,gwsearch run
7257,1779326442.1777515,fc2098317d43af66664f0f1337a49fcd8e945f0f8e21c87ed1f6e9a771b53a8f,gwsearch run
7258,1779327009.933343,fc2098317d43af66664f0f1337a49fcd8e945f0f8e21c87ed1f6e9a771b53a8f,gwsearch run
7259,1779327579.6844697,fc2098317d43af66664f0f1337a49fcd8e945f0f8e21c87ed1f6e9a771b53a8f,gwsearch run
7260,1779328147.6729057,fc2098317d43af66664f0f1337a49fcd8e945f0f8e21c87ed1f6e9a771b53a8f,gwsearch run
7261,1779328716.1767635,fc2098317d43af66664f0f1337a49fcd8e945f0f8e21c87ed1f6e9a771b53a8f,gwsearch run
7262,1779329283.6744678,fc2098317d43af66664f0f1337a49fcd8e945f0f8e21c87ed1f6e9a771b53a8f,gwsearch run
7263,1779329852.9130018,fc2098317d43af66664f0f1337a49fcd8e945f0f8e21c87ed1f6e9a771b53a8f,gwsearch run
7264,1779330418.9116664,fc2098317d43af66664f0f1337a49fcd8e945f0f8e21c87ed1f6e9a771b53a8f,gwsearch run
7265,1779330986.6687605,fc2098317d43af66664f0f1337a49fcd8e945f0f8e21c87ed1f6e9a771b53a8f,gwsearch run
7266,1779331555.1679857,fc2098317d43af66664f0f1337a49fcd8e945f0f8e21c87ed1f6e9a771b53a8f,gwsearch run
7267,1779332123.9292362,fc2098317d43af66664f0f1337a49fcd8e945f0f8e21c87ed1f6e9a771b53a8f,gwsearch run
7268,1779332692.6879961,fc2098317d43af66664f0f1337a49fcd8e945f0f8e21c87ed1f6e9a771b53a8f,gwsearch run
7269,1779333260.9332006,fc2098317d43af66664f0f1337a49fcd8e945f0f8e21c87ed1f6e9a771b53a8f,gwsearch run
7270,1779333828.1723137,fc2098317d43af66664f0f1337a49fcd8e945f0f8e21c87ed1f6e9a771b53a8f,gwsearch run
7271,1779334396.9358327,fc2098317d43af66664f0f1337a49fcd8e945f0f8e21c87ed1f6e9a771b53a8f,gwsearch run
7272,1779334968.672586,fc2098317d43af66664f0f1337a49fcd8e945f0f8e21c87ed1f6e9a771b53a8f,gwsearch run
7273,1779335535.4203293,fc2098317d43af66664f0f1337a49fcd8e945f0f8e21c87ed1f6e9a771b53a8f,gwsearch run
7274,1779336102.9314992,fc2098317d43af66664f0f1337a49fcd8e945f0f8e21c87ed1f6e9a771b53a8f,gwsearch run
7275,1779336670.6824725,fc2098317d43af66664f0f1337a49fcd8e945f0f8e21c87ed1f6e9a771b53a8f,gwsearch run
7276,1779337238.4209824,fc2098317d43af66664f0f1337a49fcd8e945f0f8e21c87ed1f6e9a771b53a8f,gwsearch run
7277,1779337804.918125,fc2098317d43af66664f0f1337a49fcd8e945f0f8e21c87ed1f6e9a771b53a8f,gwsearch run
7278,1779338374.904255,fc2098317d43af66664f0f1337a49fcd8e945f0f8e21c87ed1f6e9a771b53a8f,gwsearch run
7279,1779338943.9235208,fc2098317d43af66664f0f1337a49fcd8e945f0f8e21c87ed1f6e9a771b53a8f,gwsearch run
7280,1779339512.1745632,fc2098317d43af66664f0f1337a49fcd8e945f0f8e21c87ed1f6e9a771b53a8f,gwsearch run
7281,1779340080.6600282,fc2098317d43af66664f0f1337a49fcd8e945f0f8e21c87ed1f6e9a771b53a8f,gwsearch run
7282,1779340649.6716197,fc2098317d43af66664f0f1337a49fcd8e945f0f8e21c87ed1f6e9a771b53a8f,gwsearch run
7283,1779341218.1474977,fc2098317d43af66664f0f1337a49fcd8e945f0f8e21c87ed1f6e9a771b53a8f,gwsearch run
7284,1779341785.6668625,fc2098317d43af66664f0f1337a49fcd8e945f0f8e21c87ed1f6e9a771b53a8f,gwsearch run
7285,1779342352.1791425,fc2098317d43af66664f0f1337a49fcd8e945f0f8e21c87ed1f6e9a771b53a8f,gwsearch run
7286,1779342922.9116166,fc2098317d43af66664f0f1337a49fcd8e945f0f8e21c87ed1f6e9a771b53a8f,gwsearch run
7287,1779343490.9058728,fc2098317d43af66664f0f1337a49fcd8e945f0f8e21c87ed1f6e9a771b53a8f,gwsearch run
7288,1779344058.9244635,fc2098317d43af66664f0f1337a49fcd8e945f0f8e21c87ed1f6e9a771b53a8f,gwsearch run
7289,1779344627.1709425,fc2098317d43af66664f0f1337a49fcd8e945f0f8e21c87ed1f6e9a771b53a8f,gwsearch run
7290,1779345196.9282763,fc2098317d43af66664f0f1337a49fcd8e945f0f8e21c87ed1f6e9a771b53a8f,gwsearch run
7291,1779345769.920795,fc2098317d43af66664f0f1337a49fcd8e945f0f8e21c87ed1f6e9a771b53a8f,gwsearch run
7292,1779346339.1938713,fc2098317d43af66664f0f1337a49fcd8e945f0f8e21c87ed1f6e9a771b53a8f,gwsearch run
7293,1779346911.9119549,fc2098317d43af66664f0f1337a49fcd8e945f0f8e21c87ed1f6e9a771b53a8f,gwsearch run
7294,1779347480.6819136,fc2098317d43af66664f0f1337a49fcd8e945f0f8e21c87ed1f6e9a771b53a8f,gwsearch run
7295,1779348047.402703,fc2098317d43af66664f0f1337a49fcd8e945f0f8e21c87ed1f6e9a771b53a8f,gwsearch run
7296,1779348614.6758869,fc2098317d43af66664f0f1337a49fcd8e945f0f8e21c87ed1f6e9a771b53a8f,gwsearch run
7297,1779349182.1664226,fc2098317d43af66664f0f1337a49fcd8e945f0f8e21c87ed1f6e9a771b53a8f,gwsearch run
7298,1779349751.6638026,fc2098317d43af66664f0f1337a49fcd8e945f0f8e21c87ed1f6e9a771b53a8f,gwsearch run
7299,1779350332.1762955,fc2098317d43af66664f0f1337a49fcd8e945f0f8e21c87ed1f6e9a771b53a8f,gwsearch run
7300,1779350906.9285371,fc2098317d43af66664f0f1337a49fcd8e945f0f8e21c87ed1f6e9a771b53a8f,gwsearch run
7301,1779351475.6510355,fc2098317d43af66664f0f1337a49fcd8e945f0f8e21c87ed1f6e9a771b53a8f,gwsearch run
7302,1779352044.4083822,fc2098317d43af66664f0f1337a49fcd8e945f0f8e21c87ed1f6e9a771b53a8f,gwsearch run
7303,1779352611.4343412,fc2098317d43af66664f0f1337a49fcd8e945f0f8e21c87ed1f6e9a771b53a8f,gwsearch run
7304,1779353180.6762366,fc2098317d43af66664f0f1337a49fcd8e945f0f8e21c87ed1f6e9a771b53a8f,gwsearch run
7305,1779353748.9159405,fc2098317d43af66664f0f1337a49fcd8e945f0f8e21c87ed1f6e9a771b53a8f,gwsearch run
7306,1779354320.9183314,fc2098317d43af66664f0f1337a49fcd8e945f0f8e21c87ed1f6e9a771b53a8f,gwsearch run
7307,1779354890.1673112,fc2098317d43af66664f0f1337a49fcd8e945f0f8e21c87ed1f6e9a771b53a8f,gwsearch run
7308,1779355456.1765943,fc2098317d43af66664f0f1337a49fcd8e945f0f8e21c87ed1f6e9a771b53a8f,gwsearch run
7309,1779356028.4091008,fc2098317d43af66664f0f1337a49fcd8e945f0f8e21c87ed1f6e9a771b53a8f,gwsearch run
7310,1779356598.924829,fc2098317d43af66664f0f1337a49fcd8e945f0f8e21c87ed1f6e9a771b53a8f,gwsearch run
7311,1779357166.7250357,fc2098317d43af66664f0f1337a49fcd8e945f0f8e21c87ed1f6e9a771b53a8f,gwsearch run
7312,1779357736.153044,fc2098317d43af66664f0f1337a49fcd8e945f0f8e21c87ed1f6e9a771b53a8f,gwsearch run
7313,1779358304.9295278,fc2098317d43af66664f0f1337a49fcd8e945f0f8e21c87ed1f6e9a771b53a8f,gwsearch run
7314,1779358882.4224536,fc2098317d43af66664f0f1337a49fcd8e945f0f8e21c87ed1f6e9a771b53a8f,gwsearch run
7315,1779359451.65512,fc2098317d43af66664f0f1337a49fcd8e945f0f8e21c87ed1f6e9a771b53a8f,gwsearch run
7316,1779360025.4255,fc2098317d43af66664f0f1337a49fcd8e945f0f8e21c87ed1f6e9a771b53a8f,gwsearch run
7317,1779360595.4187577,fc2098317d43af66664f0f1337a49fcd8e945f0f8e21c87ed1f6e9a771b53a8f,gwsearch run
7318,1779361163.3949003,fc2098317d43af66664f0f1337a49fcd8e945f0f8e21c87ed1f6e9a771b53a8f,gwsearch run
7319,1779361731.6640372,fc2098317d43af66664f0f1337a49fcd8e945f0f8e21c87ed1f6e9a771b53a8f,gwsearch run
7320,1779362300.1620047,fc2098317d43af66664f0f1337a49fcd8e945f0f8e21c87ed1f6e9a771b53a8f,gwsearch run
7321,1779362869.9341254,fc2098317d43af66664f0f1337a49fcd8e945f0f8e21c87ed1f6e9a771b53a8f,gwsearch run
7322,1779363439.9398565,fc2098317d43af66664f0f1337a49fcd8e945f0f8e21c87ed1f6e9a771b53a8f,gwsearch run
7323,1779364008.1687207,fc2098317d43af66664f0f1337a49fcd8e945f0f8e21c87ed1f6e9a771b53a8f,gwsearch run
7324,1779364576.653821,fc2098317d43af66664f0f1337a49fcd8e945f0f8e21c87ed1f6e9a771b53a8f,gwsearch run
7325,1779365147.7299924,fc2098317d43af66664f0f1337a49fcd8e945f0f8e21c87ed1f6e9a771b53a8f,gwsearch run
7326,1779365716.659009,fc2098317d43af66664f0f1337a49fcd8e945f0f8e21c87ed1f6e9a771b53a8f,gwsearch run
7327,1779366285.4080336,fc2098317d43af66664f0f1337a49fcd8e945f0f8e21c87ed1f6e9a771b53a8f,gwsearch run
7328,1779366856.9160786,fc2098317d43af66664f0f1337a49fcd8e945f0f8e21c87ed1f6e9a771b53a8f,gwsearch run
7329,1779367426.6660745,fc2098317d43af66664f0f1337a49fcd8e945f0f8e21c87ed1f6e9a771b53a8f,gwsearch run
7330,1779368006.4097922,fc2098317d43af66664f0f1337a49fcd8e945f0f8e21c87ed1f6e9a771b53a8f,gwsearch run
7331,1779368577.6526115,fc2098317d43af66664f0f1337a49fcd8e945f0f8e21c87ed1f6e9a771b53a8f,gwsearch run
7332,1779369146.1716027,fc2098317d43af66664f0f1337a49fcd8e945f0f8e21c87ed1f6e9a771b53a8f,gwsearch run
7333,1779369715.9406574,fc2098317d43af66664f0f1337a49fcd8e945f0f8e21c87ed1f6e9a771b53a8f,gwsearch run
7334,1779370283.4272528,fc2098317d43af66664f0f1337a49fcd8e945f0f8e21c87ed1f6e9a771b53a8f,gwsearch run
7335,1779370852.9672773,fc2098317d43af66664f0f1337a49fcd8e945f0f8e21c87ed1f6e9a771b53a8f,gwsearch run
7336,1779371419.4321074,fc2098317d43af66664f0f1337a49fcd8e945f0f8e21c87ed1f6e9a771b53a8f,gwsearch run
7337,1779371987.9070776,fc2098317d43af66664f0f1337a49fcd8e945f0f8e21c87ed1f6e9a771b53a8f,gwsearch run
7338,1779372554.907251,fc2098317d43af66664f0f1337a49fcd8e945f0f8e21c87ed1f6e9a771b53a8f,gwsearch run
7339,1779373123.0030723,fc2098317d43af66664f0f1337a49fcd8e945f0f8e21c87ed1f6e9a771b53a8f,gwsearch run
7340,1779373691.6603277,fc2098317d43af66664f0f1337a49fcd8e945f0f8e21c87ed1f6e9a771b53a8f,gwsearch run
7341,1779374259.424168,fc2098317d43af66664f0f1337a49fcd8e945f0f8e21c87ed1f6e9a771b53a8f,gwsearch run
7342,1779374828.911011,fc2098317d43af66664f0f1337a49fcd8e945f0f8e21c87ed1f6e9a771b53a8f,gwsearch run
7343,1779375398.4135194,fc2098317d43af66664f0f1337a49fcd8e945f0f8e21c87ed1f6e9a771b53a8f,gwsearch run
7344,1779375967.1560001,fc2098317d43af66664f0f1337a49fcd8e945f0f8e21c87ed1f6e9a771b53a8f,gwsearch run
7345,1779376536.4056919,fc2098317d43af66664f0f1337a49fcd8e945f0f8e21c87ed1f6e9a771b53a8f,gwsearch run
7346,1779377105.9174852,fc2098317d43af66664f0f1337a49fcd8e945f0f8e21c87ed1f6e9a771b53a8f,gwsearch run
7347,1779377673.9279068,fc2098317d43af66664f0f1337a49fcd8e945f0f8e21c87ed1f6e9a771b53a8f,gwsearch run
7348,1779378242.667654,fc2098317d43af66664f0f1337a49fcd8e945f0f8e21c87ed1f6e9a771b53a8f,gwsearch run
7349,1779378810.9183478,fc2098317d43af66664f0f1337a49fcd8e945f0f8e21c87ed1f6e9a771b53a8f,gwsearch run
7350,1779379378.4315886,fc2098317d43af66664f0f1337a49fcd8e945f0f8e21c87ed1f6e9a771b53a8f,gwsearch run
7351,1779379947.1780024,fc2098317d43af66664f0f1337a49fcd8e945f0f8e21c87ed1f6e9a771b53a8f,gwsearch run
7352,1779380516.9110742,fc2098317d43af66664f0f1337a49fcd8e945f0f8e21c87ed1f6e9a771b53a8f,gwsearch run
7353,1779381086.6564825,fc2098317d43af66664f0f1337a49fcd8e945f0f8e21c87ed1f6e9a771b53a8f,gwsearch run
7354,1779381656.9463623,fc2098317d43af66664f0f1337a49fcd8e945f0f8e21c87ed1f6e9a771b53a8f,gwsearch run
7355,1779382225.6696308,fc2098317d43af66664f0f1337a49fcd8e945f0f8e21c87ed1f6e9a771b53a8f,gwsearch run
7356,1779382795.1575818,fc2098317d43af66664f0f1337a49fcd8e945f0f8e21c87ed1f6e9a771b53a8f,gwsearch run
7357,1779383361.9355795,fc2098317d43af66664f0f1337a49fcd8e945f0f8e21c87ed1f6e9a771b53a8f,gwsearch run
7358,1779383930.918186,fc2098317d43af66664f0f1337a49fcd8e945f0f8e21c87ed1f6e9a771b53a8f,gwsearch run
7359,1779384510.9282658,fc2098317d43af66664f0f1337a49fcd8e945f0f8e21c87ed1f6e9a771b53a8f,gwsearch run
7360,1779385080.4143052,fc2098317d43af66664f0f1337a49fcd8e945f0f8e21c87ed1f6e9a771b53a8f,gwsearch run
7361,1779385649.916494,fc2098317d43af66664f0f1337a49fcd8e945f0f8e21c87ed1f6e9a771b53a8f,gwsearch run
7362,1779386218.186605,fc2098317d43af66664f0f1337a49fcd8e945f0f8e21c87ed1f6e9a771b53a8f,gwsearch run
7363,1779386788.4870088,fc2098317d43af66664f0f1337a49fcd8e945f0f8e21c87ed1f6e9a771b53a8f,gwsearch run
7364,1779387374.6611583,fc2098317d43af66664f0f1337a49fcd8e945f0f8e21c87ed1f6e9a771b53a8f,gwsearch run
7365,1779387943.1461632,fc2098317d43af66664f0f1337a49fcd8e945f0f8e21c87ed1f6e9a771b53a8f,gwsearch run
7366,1779388510.899307,fc2098317d43af66664f0f1337a49fcd8e945f0f8e21c87ed1f6e9a771b53a8f,gwsearch run
7367,1779389079.6755614,fc2098317d43af66664f0f1337a49fcd8e945f0f8e21c87ed1f6e9a771b53a8f,gwsearch run
7368,1779389649.9119678,fc2098317d43af66664f0f1337a49fcd8e945f0f8e21c87ed1f6e9a771b53a8f,gwsearch run
7369,1779390217.9081035,fc2098317d43af66664f0f1337a49fcd8e945f0f8e21c87ed1f6e9a771b53a8f,gwsearch run
7370,1779390786.6680384,fc2098317d43af66664f0f1337a49fcd8e945f0f8e21c87ed1f6e9a771b53a8f,gwsearch run
7371,1779391358.2076967,fc2098317d43af66664f0f1337a49fcd8e945f0f8e21c87ed1f6e9a771b53a8f,gwsearch run
7372,1779391928.6586463,fc2098317d43af66664f0f1337a49fcd8e945f0f8e21c87ed1f6e9a771b53a8f,gwsearch run
7373,1779392501.1595826,fc2098317d43af66664f0f1337a49fcd8e945f0f8e21c87ed1f6e9a771b53a8f,gwsearch run
7374,1779393072.4060357,fc2098317d43af66664f0f1337a49fcd8e945f0f8e21c87ed1f6e9a771b53a8f,gwsearch run
7375,1779393640.4221563,fc2098317d43af66664f0f1337a49fcd8e945f0f8e21c87ed1f6e9a771b53a8f,gwsearch run
7376,1779394206.9242227,fc2098317d43af66664f0f1337a49fcd8e945f0f8e21c87ed1f6e9a771b53a8f,gwsearch run
7377,1779394776.4341052,fc2098317d43af66664f0f1337a49fcd8e945f0f8e21c87ed1f6e9a771b53a8f,gwsearch run
7378,1779395355.6857545,fc2098317d43af66664f0f1337a49fcd8e945f0f8e21c87ed1f6e9a771b53a8f,gwsearch run
7379,1779395925.6732311,fc2098317d43af66664f0f1337a49fcd8e945f0f8e21c87ed1f6e9a771b53a8f,gwsearch run
7380,1779396495.9131556,fc2098317d43af66664f0f1337a49fcd8e945f0f8e21c87ed1f6e9a771b53a8f,gwsearch run
7381,1779397064.176029,fc2098317d43af66664f0f1337a49fcd8e945f0f8e21c87ed1f6e9a771b53a8f,gwsearch run
7382,1779397633.9295652,fc2098317d43af66664f0f1337a49fcd8e945f0f8e21c87ed1f6e9a771b53a8f,gwsearch run
7383,1779398204.1566153,fc2098317d43af66664f0f1337a49fcd8e945f0f8e21c87ed1f6e9a771b53a8f,gwsearch run
7384,1779398774.4063692,fc2098317d43af66664f0f1337a49fcd8e945f0f8e21c87ed1f6e9a771b53a8f,gwsearch run
7385,1779399344.184155,fc2098317d43af66664f0f1337a49fcd8e945f0f8e21c87ed1f6e9a771b53a8f,gwsearch run
7386,1779399913.4139392,fc2098317d43af66664f0f1337a49fcd8e945f0f8e21c87ed1f6e9a771b53a8f,gwsearch run
7387,1779400488.6723864,fc2098317d43af66664f0f1337a49fcd8e945f0f8e21c87ed1f6e9a771b53a8f,gwsearch run
7388,1779401056.9231532,fc2098317d43af66664f0f1337a49fcd8e945f0f8e21c87ed1f6e9a771b53a8f,gwsearch run
7389,1779401626.9026868,fc2098317d43af66664f0f1337a49fcd8e945f0f8e21c87ed1f6e9a771b53a8f,gwsearch run
7390,1779402194.6656985,fc2098317d43af66664f0f1337a49fcd8e945f0f8e21c87ed1f6e9a771b53a8f,gwsearch run
7391,1779402771.9388664,fc2098317d43af66664f0f1337a49fcd8e945f0f8e21c87ed1f6e9a771b53a8f,gwsearch run
7392,1779403339.6770651,fc2098317d43af66664f0f1337a49fcd8e945f0f8e21c87ed1f6e9a771b53a8f,gwsearch run
7393,1779403909.8983142,fc2098317d43af66664f0f1337a49fcd8e945f0f8e21c87ed1f6e9a771b53a8f,gwsearch run
7394,1779404478.444043,fc2098317d43af66664f0f1337a49fcd8e945f0f8e21c87ed1f6e9a771b53a8f,gwsearch run
7395,1779405048.171513,fc2098317d43af66664f0f1337a49fcd8e945f0f8e21c87ed1f6e9a771b53a8f,gwsearch run
7396,1779405616.6558876,fc2098317d43af66664f0f1337a49fcd8e945f0f8e21c87ed1f6e9a771b53a8f,gwsearch run
7397,1779406204.9027243,fc2098317d43af66664f0f1337a49fcd8e945f0f8e21c87ed1f6e9a771b53a8f,gwsearch run
7398,1779406773.6631293,fc2098317d43af66664f0f1337a49fcd8e945f0f8e21c87ed1f6e9a771b53a8f,gwsearch run
7399,1779407343.9233475,fc2098317d43af66664f0f1337a49fcd8e945f0f8e21c87ed1f6e9a771b53a8f,gwsearch run
7400,1779407914.4108908,fc2098317d43af66664f0f1337a49fcd8e945f0f8e21c87ed1f6e9a771b53a8f,gwsearch run
7401,1779408483.1563299,fc2098317d43af66664f0f1337a49fcd8e945f0f8e21c87ed1f6e9a771b53a8f,gwsearch run
7402,1779409049.1376483,fc2098317d43af66664f0f1337a49fcd8e945f0f8e21c87ed1f6e9a771b53a8f,gwsearch run
7403,1779409618.8959153,fc2098317d43af66664f0f1337a49fcd8e945f0f8e21c87ed1f6e9a771b53a8f,gwsearch run
7404,1779410200.1478426,fc2098317d43af66664f0f1337a49fcd8e945f0f8e21c87ed1f6e9a771b53a8f,gwsearch run
7405,1779410774.418919,fc2098317d43af66664f0f1337a49fcd8e945f0f8e21c87ed1f6e9a771b53a8f,gwsearch run
7406,1779411346.1605144,fc2098317d43af66664f0f1337a49fcd8e945f0f8e21c87ed1f6e9a771b53a8f,gwsearch run
7407,1779411914.1770873,fc2098317d43af66664f0f1337a49fcd8e945f0f8e21c87ed1f6e9a771b53a8f,gwsearch run
7408,1779412484.9282186,fc2098317d43af66664f0f1337a49fcd8e945f0f8e21c87ed1f6e9a771b53a8f,gwsearch run
7409,1779413053.4294567,fc2098317d43af66664f0f1337a49fcd8e945f0f8e21c87ed1f6e9a771b53a8f,gwsearch run
7410,1779413623.4050248,fc2098317d43af66664f0f1337a49fcd8e945f0f8e21c87ed1f6e9a771b53a8f,gwsearch run
7411,1779414191.679712,fc2098317d43af66664f0f1337a49fcd8e945f0f8e21c87ed1f6e9a771b53a8f,gwsearch run
7412,1779414759.6710765,fc2098317d43af66664f0f1337a49fcd8e945f0f8e21c87ed1f6e9a771b53a8f,gwsearch run
7413,1779415329.6769698,fc2098317d43af66664f0f1337a49fcd8e945f0f8e21c87ed1f6e9a771b53a8f,gwsearch run
7414,1779415899.649341,fc2098317d43af66664f0f1337a49fcd8e945f0f8e21c87ed1f6e9a771b53a8f,gwsearch run
7415,1779416468.9181187,fc2098317d43af66664f0f1337a49fcd8e945f0f8e21c87ed1f6e9a771b53a8f,gwsearch run
7416,1779417040.164191,fc2098317d43af66664f0f1337a49fcd8e945f0f8e21c87ed1f6e9a771b53a8f,gwsearch run
7417,1779417609.1632075,fc2098317d43af66664f0f1337a49fcd8e945f0f8e21c87ed1f6e9a771b53a8f,gwsearch run
7418,1779418177.928759,fc2098317d43af66664f0f1337a49fcd8e945f0f8e21c87ed1f6e9a771b53a8f,gwsearch run
7419,1779418745.9581983,fc2098317d43af66664f0f1337a49fcd8e945f0f8e21c87ed1f6e9a771b53a8f,gwsearch run
7420,1779419314.4104836,fc2098317d43af66664f0f1337a49fcd8e945f0f8e21c87ed1f6e9a771b53a8f,gwsearch run
7421,1779419883.9073822,fc2098317d43af66664f0f1337a49fcd8e945f0f8e21c87ed1f6e9a771b53a8f,gwsearch run
7422,1779420452.9102273,fc2098317d43af66664f0f1337a49fcd8e945f0f8e21c87ed1f6e9a771b53a8f,gwsearch run
7423,1779421022.9062123,fc2098317d43af66664f0f1337a49fcd8e945f0f8e21c87ed1f6e9a771b53a8f,gwsearch run
7424,1779421594.425226,fc2098317d43af66664f0f1337a49fcd8e945f0f8e21c87ed1f6e9a771b53a8f,gwsearch run
7425,1779422164.2042947,fc2098317d43af66664f0f1337a49fcd8e945f0f8e21c87ed1f6e9a771b53a8f,gwsearch run
7426,1779422732.6583793,fc2098317d43af66664f0f1337a49fcd8e945f0f8e21c87ed1f6e9a771b53a8f,gwsearch run
7427,1779423301.6547709,fc2098317d43af66664f0f1337a49fcd8e945f0f8e21c87ed1f6e9a771b53a8f,gwsearch run
7428,1779423870.6651328,fc2098317d43af66664f0f1337a49fcd8e945f0f8e21c87ed1f6e9a771b53a8f,gwsearch run
7429,1779424440.9347692,fc2098317d43af66664f0f1337a49fcd8e945f0f8e21c87ed1f6e9a771b53a8f,gwsearch run
7430,1779425009.1727571,fc2098317d43af66664f0f1337a49fcd8e945f0f8e21c87ed1f6e9a771b53a8f,gwsearch run
7431,1779425576.9220757,fc2098317d43af66664f0f1337a49fcd8e945f0f8e21c87ed1f6e9a771b53a8f,gwsearch run
7432,1779426146.926913,fc2098317d43af66664f0f1337a49fcd8e945f0f8e21c87ed1f6e9a771b53a8f,gwsearch run
7433,1779426715.185295,fc2098317d43af66664f0f1337a49fcd8e945f0f8e21c87ed1f6e9a771b53a8f,gwsearch run
7434,1779427284.15935,fc2098317d43af66664f0f1337a49fcd8e945f0f8e21c87ed1f6e9a771b53a8f,gwsearch run
7435,1779427853.4184752,fc2098317d43af66664f0f1337a49fcd8e945f0f8e21c87ed1f6e9a771b53a8f,gwsearch run
7436,1779428421.6753945,fc2098317d43af66664f0f1337a49fcd8e945f0f8e21c87ed1f6e9a771b53a8f,gwsearch run
7437,1779428992.6760144,fc2098317d43af66664f0f1337a49fcd8e945f0f8e21c87ed1f6e9a771b53a8f,gwsearch run
7438,1779429561.9223921,fc2098317d43af66664f0f1337a49fcd8e945f0f8e21c87ed1f6e9a771b53a8f,gwsearch run
7439,1779430130.4201975,fc2098317d43af66664f0f1337a49fcd8e945f0f8e21c87ed1f6e9a771b53a8f,gwsearch run
7440,1779430707.1674469,fc2098317d43af66664f0f1337a49fcd8e945f0f8e21c87ed1f6e9a771b53a8f,gwsearch run
7441,1779431277.41235,fc2098317d43af66664f0f1337a49fcd8e945f0f8e21c87ed1f6e9a771b53a8f,gwsearch run
7442,1779431847.1560555,fc2098317d43af66664f0f1337a49fcd8e945f0f8e21c87ed1f6e9a771b53a8f,gwsearch run
7443,1779432424.9056354,fc2098317d43af66664f0f1337a49fcd8e945f0f8e21c87ed1f6e9a771b53a8f,gwsearch run
7444,1779432993.4318154,fc2098317d43af66664f0f1337a49fcd8e945f0f8e21c87ed1f6e9a771b53a8f,gwsearch run
7445,1779433561.407028,fc2098317d43af66664f0f1337a49fcd8e945f0f8e21c87ed1f6e9a771b53a8f,gwsearch run
7446,1779434129.3929636,fc2098317d43af66664f0f1337a49fcd8e945f0f8e21c87ed1f6e9a771b53a8f,gwsearch run
7447,1779434697.9316394,fc2098317d43af66664f0f1337a49fcd8e945f0f8e21c87ed1f6e9a771b53a8f,gwsearch run
7448,1779435268.154324,fc2098317d43af66664f0f1337a49fcd8e945f0f8e21c87ed1f6e9a771b53a8f,gwsearch run
7449,1779435835.659748,fc2098317d43af66664f0f1337a49fcd8e945f0f8e21c87ed1f6e9a771b53a8f,gwsearch run
7450,1779436405.923418,fc2098317d43af66664f0f1337a49fcd8e945f0f8e21c87ed1f6e9a771b53a8f,gwsearch run
7451,1779436975.4052095,fc2098317d43af66664f0f1337a49fcd8e945f0f8e21c87ed1f6e9a771b53a8f,gwsearch run
7452,1779437544.657021,fc2098317d43af66664f0f1337a49fcd8e945f0f8e21c87ed1f6e9a771b53a8f,gwsearch run
7453,1779438113.438745,fc2098317d43af66664f0f1337a49fcd8e945f0f8e21c87ed1f6e9a771b53a8f,gwsearch run
7454,1779438684.437666,fc2098317d43af66664f0f1337a49fcd8e945f0f8e21c87ed1f6e9a771b53a8f,gwsearch run
7455,1779439260.4202087,fc2098317d43af66664f0f1337a49fcd8e945f0f8e21c87ed1f6e9a771b53a8f,gwsearch run
7456,1779439829.9028945,fc2098317d43af66664f0f1337a49fcd8e945f0f8e21c87ed1f6e9a771b53a8f,gwsearch run
7457,1779440398.4026785,fc2098317d43af66664f0f1337a49fcd8e945f0f8e21c87ed1f6e9a771b53a8f,gwsearch run
7458,1779440966.1790805,fc2098317d43af66664f0f1337a49fcd8e945f0f8e21c87ed1f6e9a771b53a8f,gwsearch run
7459,1779441536.9311252,fc2098317d43af66664f0f1337a49fcd8e945f0f8e21c87ed1f6e9a771b53a8f,gwsearch run
7460,1779442109.1582737,fc2098317d43af66664f0f1337a49fcd8e945f0f8e21c87ed1f6e9a771b53a8f,gwsearch run
7461,1779442678.647,fc2098317d43af66664f0f1337a49fcd8e945f0f8e21c87ed1f6e9a771b53a8f,gwsearch run
7462,1779443247.4103627,fc2098317d43af66664f0f1337a49fcd8e945f0f8e21c87ed1f6e9a771b53a8f,gwsearch run
7463,1779443816.927881,fc2098317d43af66664f0f1337a49fcd8e945f0f8e21c87ed1f6e9a771b53a8f,gwsearch run
7464,1779444383.9294581,fc2098317d43af66664f0f1337a49fcd8e945f0f8e21c87ed1f6e9a771b53a8f,gwsearch run
7465,1779444951.9202795,fc2098317d43af66664f0f1337a49fcd8e945f0f8e21c87ed1f6e9a771b53a8f,gwsearch run
7466,1779445523.184046,fc2098317d43af66664f0f1337a49fcd8e945f0f8e21c87ed1f6e9a771b53a8f,gwsearch run
7467,1779446091.6721282,fc2098317d43af66664f0f1337a49fcd8e945f0f8e21c87ed1f6e9a771b53a8f,gwsearch run
7468,1779446663.4283757,fc2098317d43af66664f0f1337a49fcd8e945f0f8e21c87ed1f6e9a771b53a8f,gwsearch run
7469,1779447232.6225445,fc2098317d43af66664f0f1337a49fcd8e945f0f8e21c87ed1f6e9a771b53a8f,gwsearch run
7470,1779447801.681929,fc2098317d43af66664f0f1337a49fcd8e945f0f8e21c87ed1f6e9a771b53a8f,gwsearch run
7471,1779448371.6924,fc2098317d43af66664f0f1337a49fcd8e945f0f8e21c87ed1f6e9a771b53a8f,gwsearch run
7472,1779448939.1687813,fc2098317d43af66664f0f1337a49fcd8e945f0f8e21c87ed1f6e9a771b53a8f,gwsearch run
7473,1779449508.6985822,fc2098317d43af66664f0f1337a49fcd8e945f0f8e21c87ed1f6e9a771b53a8f,gwsearch run
7474,1779450077.4068923,fc2098317d43af66664f0f1337a49fcd8e945f0f8e21c87ed1f6e9a771b53a8f,gwsearch run
7475,1779450644.9197657,fc2098317d43af66664f0f1337a49fcd8e945f0f8e21c87ed1f6e9a771b53a8f,gwsearch run
7476,1779451213.6716347,fc2098317d43af66664f0f1337a49fcd8e945f0f8e21c87ed1f6e9a771b53a8f,gwsearch run
7477,1779451781.3807826,fc2098317d43af66664f0f1337a49fcd8e945f0f8e21c87ed1f6e9a771b53a8f,gwsearch run
7478,1779452351.1396484,fc2098317d43af66664f0f1337a49fcd8e945f0f8e21c87ed1f6e9a771b53a8f,gwsearch run
7479,1779452919.6675892,fc2098317d43af66664f0f1337a49fcd8e945f0f8e21c87ed1f6e9a771b53a8f,gwsearch run
7480,1779453490.9180427,fc2098317d43af66664f0f1337a49fcd8e945f0f8e21c87ed1f6e9a771b53a8f,gwsearch run
7481,1779454059.9869792,fc2098317d43af66664f0f1337a49fcd8e945f0f8e21c87ed1f6e9a771b53a8f,gwsearch run
7482,1779454630.9161541,fc2098317d43af66664f0f1337a49fcd8e945f0f8e21c87ed1f6e9a771b53a8f,gwsearch run
7483,1779455199.9160464,fc2098317d43af66664f0f1337a49fcd8e945f0f8e21c87ed1f6e9a771b53a8f,gwsearch run
7484,1779455770.424064,fc2098317d43af66664f0f1337a49fcd8e945f0f8e21c87ed1f6e9a771b53a8f,gwsearch run
7485,1779456340.4079666,fc2098317d43af66664f0f1337a49fcd8e945f0f8e21c87ed1f6e9a771b53a8f,gwsearch run
7486,1779456910.4105754,fc2098317d43af66664f0f1337a49fcd8e945f0f8e21c87ed1f6e9a771b53a8f,gwsearch run
7487,1779457479.9242892,fc2098317d43af66664f0f1337a49fcd8e945f0f8e21c87ed1f6e9a771b53a8f,gwsearch run
7488,1779458049.416089,fc2098317d43af66664f0f1337a49fcd8e945f0f8e21c87ed1f6e9a771b53a8f,gwsearch run
7489,1779458621.4115484,fc2098317d43af66664f0f1337a49fcd8e945f0f8e21c87ed1f6e9a771b53a8f,gwsearch run
7490,1779459191.4143124,fc2098317d43af66664f0f1337a49fcd8e945f0f8e21c87ed1f6e9a771b53a8f,gwsearch run
7491,1779459760.91736,fc2098317d43af66664f0f1337a49fcd8e945f0f8e21c87ed1f6e9a771b53a8f,gwsearch run
7492,1779460331.3979697,fc2098317d43af66664f0f1337a49fcd8e945f0f8e21c87ed1f6e9a771b53a8f,gwsearch run
7493,1779460900.4460552,fc2098317d43af66664f0f1337a49fcd8e945f0f8e21c87ed1f6e9a771b53a8f,gwsearch run
7494,1779461472.1439116,fc2098317d43af66664f0f1337a49fcd8e945f0f8e21c87ed1f6e9a771b53a8f,gwsearch run
7495,1779462042.9193928,fc2098317d43af66664f0f1337a49fcd8e945f0f8e21c87ed1f6e9a771b53a8f,gwsearch run
7496,1779462612.4167733,fc2098317d43af66664f0f1337a49fcd8e945f0f8e21c87ed1f6e9a771b53a8f,gwsearch run
7497,1779463181.9311655,fc2098317d43af66664f0f1337a49fcd8e945f0f8e21c87ed1f6e9a771b53a8f,gwsearch run
7498,1779463751.4022424,fc2098317d43af66664f0f1337a49fcd8e945f0f8e21c87ed1f6e9a771b53a8f,gwsearch run
7499,1779464321.9189103,fc2098317d43af66664f0f1337a49fcd8e945f0f8e21c87ed1f6e9a771b53a8f,gwsearch run
7500,1779464890.9010558,fc2098317d43af66664f0f1337a49fcd8e945f0f8e21c87ed1f6e9a771b53a8f,gwsearch run
7501,1779465458.9194353,fc2098317d43af66664f0f1337a49fcd8e945f0f8e21c87ed1f6e9a771b53a8f,gwsearch run
7502,1779466028.8853664,fc2098317d43af66664f0f1337a49fcd8e945f0f8e21c87ed1f6e9a771b53a8f,gwsearch run
7503,1779466598.4317613,fc2098317d43af66664f0f1337a49fcd8e945f0f8e21c87ed1f6e9a771b53a8f,gwsearch run
7504,1779467168.6583447,fc2098317d43af66664f0f1337a49fcd8e945f0f8e21c87ed1f6e9a771b53a8f,gwsearch run
7505,1779467739.396751,fc2098317d43af66664f0f1337a49fcd8e945f0f8e21c87ed1f6e9a771b53a8f,gwsearch run
7506,1779468308.1771631,fc2098317d43af66664f0f1337a49fcd8e945f0f8e21c87ed1f6e9a771b53a8f,gwsearch run
7507,1779468876.4376602,fc2098317d43af66664f0f1337a49fcd8e945f0f8e21c87ed1f6e9a771b53a8f,gwsearch run
7508,1779469445.1963449,fc2098317d43af66664f0f1337a49fcd8e945f0f8e21c87ed1f6e9a771b53a8f,gwsearch run
7509,1779470014.4228883,fc2098317d43af66664f0f1337a49fcd8e945f0f8e21c87ed1f6e9a771b53a8f,gwsearch run
7510,1779470584.651602,fc2098317d43af66664f0f1337a49fcd8e945f0f8e21c87ed1f6e9a771b53a8f,gwsearch run
7511,1779471155.4320483,fc2098317d43af66664f0f1337a49fcd8e945f0f8e21c87ed1f6e9a771b53a8f,gwsearch run
7512,1779471724.6683233,fc2098317d43af66664f0f1337a49fcd8e945f0f8e21c87ed1f6e9a771b53a8f,gwsearch run
7513,1779472294.4139493,fc2098317d43af66664f0f1337a49fcd8e945f0f8e21c87ed1f6e9a771b53a8f,gwsearch run
7514,1779472861.6522844,fc2098317d43af66664f0f1337a49fcd8e945f0f8e21c87ed1f6e9a771b53a8f,gwsearch run
7515,1779473431.9324164,fc2098317d43af66664f0f1337a49fcd8e945f0f8e21c87ed1f6e9a771b53a8f,gwsearch run
7516,1779474001.942712,fc2098317d43af66664f0f1337a49fcd8e945f0f8e21c87ed1f6e9a771b53a8f,gwsearch run
7517,1779474570.9209764,fc2098317d43af66664f0f1337a49fcd8e945f0f8e21c87ed1f6e9a771b53a8f,gwsearch run
7518,1779475140.1681213,fc2098317d43af66664f0f1337a49fcd8e945f0f8e21c87ed1f6e9a771b53a8f,gwsearch run
7519,1779475709.917879,fc2098317d43af66664f0f1337a49fcd8e945f0f8e21c87ed1f6e9a771b53a8f,gwsearch run
7520,1779476278.391556,fc2098317d43af66664f0f1337a49fcd8e945f0f8e21c87ed1f6e9a771b53a8f,gwsearch run
7521,1779476844.9009445,fc2098317d43af66664f0f1337a49fcd8e945f0f8e21c87ed1f6e9a771b53a8f,gwsearch run
7522,1779477413.1861634,fc2098317d43af66664f0f1337a49fcd8e945f0f8e21c87ed1f6e9a771b53a8f,gwsearch run
7523,1779477982.4128783,fc2098317d43af66664f0f1337a49fcd8e945f0f8e21c87ed1f6e9a771b53a8f,gwsearch run
7524,1779478550.1658227,fc2098317d43af66664f0f1337a49fcd8e945f0f8e21c87ed1f6e9a771b53a8f,gwsearch run
7525,1779479118.651982,fc2098317d43af66664f0f1337a49fcd8e945f0f8e21c87ed1f6e9a771b53a8f,gwsearch run
7526,1779479685.7322183,fc2098317d43af66664f0f1337a49fcd8e945f0f8e21c87ed1f6e9a771b53a8f,gwsearch run
7527,1779480256.4338114,fc2098317d43af66664f0f1337a49fcd8e945f0f8e21c87ed1f6e9a771b53a8f,gwsearch run
7528,1779480826.1788871,fc2098317d43af66664f0f1337a49fcd8e945f0f8e21c87ed1f6e9a771b53a8f,gwsearch run
7529,1779481396.9131718,fc2098317d43af66664f0f1337a49fcd8e945f0f8e21c87ed1f6e9a771b53a8f,gwsearch run
7530,1779481967.1773999,fc2098317d43af66664f0f1337a49fcd8e945f0f8e21c87ed1f6e9a771b53a8f,gwsearch run
7531,1779482535.9343894,fc2098317d43af66664f0f1337a49fcd8e945f0f8e21c87ed1f6e9a771b53a8f,gwsearch run
7532,1779483105.4412122,fc2098317d43af66664f0f1337a49fcd8e945f0f8e21c87ed1f6e9a771b53a8f,gwsearch run
7533,1779483674.9047058,fc2098317d43af66664f0f1337a49fcd8e945f0f8e21c87ed1f6e9a771b53a8f,gwsearch run
7534,1779484244.1627972,fc2098317d43af66664f0f1337a49fcd8e945f0f8e21c87ed1f6e9a771b53a8f,gwsearch run
7535,1779484813.419522,fc2098317d43af66664f0f1337a49fcd8e945f0f8e21c87ed1f6e9a771b53a8f,gwsearch run
7536,1779485383.4096003,fc2098317d43af66664f0f1337a49fcd8e945f0f8e21c87ed1f6e9a771b53a8f,gwsearch run
7537,1779485951.1738896,fc2098317d43af66664f0f1337a49fcd8e945f0f8e21c87ed1f6e9a771b53a8f,gwsearch run
7538,1779486521.9310837,fc2098317d43af66664f0f1337a49fcd8e945f0f8e21c87ed1f6e9a771b53a8f,gwsearch run
7539,1779487091.173045,fc2098317d43af66664f0f1337a49fcd8e945f0f8e21c87ed1f6e9a771b53a8f,gwsearch run
7540,1779487659.4176846,fc2098317d43af66664f0f1337a49fcd8e945f0f8e21c87ed1f6e9a771b53a8f,gwsearch run
7541,1779488230.1588414,fc2098317d43af66664f0f1337a49fcd8e945f0f8e21c87ed1f6e9a771b53a8f,gwsearch run
7542,1779488799.431047,fc2098317d43af66664f0f1337a49fcd8e945f0f8e21c87ed1f6e9a771b53a8f,gwsearch run
7543,1779489380.1923747,fc2098317d43af66664f0f1337a49fcd8e945f0f8e21c87ed1f6e9a771b53a8f,gwsearch run
7544,1779489949.3997095,fc2098317d43af66664f0f1337a49fcd8e945f0f8e21c87ed1f6e9a771b53a8f,gwsearch run
7545,1779490519.419257,fc2098317d43af66664f0f1337a49fcd8e945f0f8e21c87ed1f6e9a771b53a8f,gwsearch run
7546,1779491088.1539128,fc2098317d43af66664f0f1337a49fcd8e945f0f8e21c87ed1f6e9a771b53a8f,gwsearch run
7547,1779491668.9410746,fc2098317d43af66664f0f1337a49fcd8e945f0f8e21c87ed1f6e9a771b53a8f,gwsearch run
7548,1779492237.6630263,fc2098317d43af66664f0f1337a49fcd8e945f0f8e21c87ed1f6e9a771b53a8f,gwsearch run
7549,1779492807.6671724,fc2098317d43af66664f0f1337a49fcd8e945f0f8e21c87ed1f6e9a771b53a8f,gwsearch run
7550,1779493377.1544676,fc2098317d43af66664f0f1337a49fcd8e945f0f8e21c87ed1f6e9a771b53a8f,gwsearch run
7551,1779493946.1490037,fc2098317d43af66664f0f1337a49fcd8e945f0f8e21c87ed1f6e9a771b53a8f,gwsearch run
7552,1779494515.3801477,fc2098317d43af66664f0f1337a49fcd8e945f0f8e21c87ed1f6e9a771b53a8f,gwsearch run
7553,1779495084.714559,fc2098317d43af66664f0f1337a49fcd8e945f0f8e21c87ed1f6e9a771b53a8f,gwsearch run
7554,1779495655.6640418,fc2098317d43af66664f0f1337a49fcd8e945f0f8e21c87ed1f6e9a771b53a8f,gwsearch run
7555,1779496229.8997688,fc2098317d43af66664f0f1337a49fcd8e945f0f8e21c87ed1f6e9a771b53a8f,gwsearch run
7556,1779496802.132479,fc2098317d43af66664f0f1337a49fcd8e945f0f8e21c87ed1f6e9a771b53a8f,gwsearch run
7557,1779497371.4194608,fc2098317d43af66664f0f1337a49fcd8e945f0f8e21c87ed1f6e9a771b53a8f,gwsearch run
7558,1779497943.1526816,fc2098317d43af66664f0f1337a49fcd8e945f0f8e21c87ed1f6e9a771b53a8f,gwsearch run
7559,1779498512.9181046,fc2098317d43af66664f0f1337a49fcd8e945f0f8e21c87ed1f6e9a771b53a8f,gwsearch run
7560,1779499083.916583,fc2098317d43af66664f0f1337a49fcd8e945f0f8e21c87ed1f6e9a771b53a8f,gwsearch run
7561,1779499653.9203591,fc2098317d43af66664f0f1337a49fcd8e945f0f8e21c87ed1f6e9a771b53a8f,gwsearch run
7562,1779500223.8901532,fc2098317d43af66664f0f1337a49fcd8e945f0f8e21c87ed1f6e9a771b53a8f,gwsearch run
7563,1779500792.6831586,fc2098317d43af66664f0f1337a49fcd8e945f0f8e21c87ed1f6e9a771b53a8f,gwsearch run
7564,1779501363.940883,fc2098317d43af66664f0f1337a49fcd8e945f0f8e21c87ed1f6e9a771b53a8f,gwsearch run
7565,1779501952.425573,fc2098317d43af66664f0f1337a49fcd8e945f0f8e21c87ed1f6e9a771b53a8f,gwsearch run
7566,1779502531.6630266,fc2098317d43af66664f0f1337a49fcd8e945f0f8e21c87ed1f6e9a771b53a8f,gwsearch run
7567,1779503110.9057074,fc2098317d43af66664f0f1337a49fcd8e945f0f8e21c87ed1f6e9a771b53a8f,gwsearch run
7568,1779503680.660255,fc2098317d43af66664f0f1337a49fcd8e945f0f8e21c87ed1f6e9a771b53a8f,gwsearch run
7569,1779504252.6622329,fc2098317d43af66664f0f1337a49fcd8e945f0f8e21c87ed1f6e9a771b53a8f,gwsearch run
7570,1779504819.7163486,fc2098317d43af66664f0f1337a49fcd8e945f0f8e21c87ed1f6e9a771b53a8f,gwsearch run
7571,1779505389.4275455,fc2098317d43af66664f0f1337a49fcd8e945f0f8e21c87ed1f6e9a771b53a8f,gwsearch run
7572,1779505959.4262438,fc2098317d43af66664f0f1337a49fcd8e945f0f8e21c87ed1f6e9a771b53a8f,gwsearch run
7573,1779506531.182026,fc2098317d43af66664f0f1337a49fcd8e945f0f8e21c87ed1f6e9a771b53a8f,gwsearch run
7574,1779507108.1423376,fc2098317d43af66664f0f1337a49fcd8e945f0f8e21c87ed1f6e9a771b53a8f,gwsearch run
7575,1779507677.6623275,fc2098317d43af66664f0f1337a49fcd8e945f0f8e21c87ed1f6e9a771b53a8f,gwsearch run
7576,1779508248.6647723,fc2098317d43af66664f0f1337a49fcd8e945f0f8e21c87ed1f6e9a771b53a8f,gwsearch run
7577,1779508821.1522734,fc2098317d43af66664f0f1337a49fcd8e945f0f8e21c87ed1f6e9a771b53a8f,gwsearch run
7578,1779509390.8972583,fc2098317d43af66664f0f1337a49fcd8e945f0f8e21c87ed1f6e9a771b53a8f,gwsearch run
7579,1779509958.4179015,fc2098317d43af66664f0f1337a49fcd8e945f0f8e21c87ed1f6e9a771b53a8f,gwsearch run
7580,1779510529.3955896,fc2098317d43af66664f0f1337a49fcd8e945f0f8e21c87ed1f6e9a771b53a8f,gwsearch run
7581,1779511099.6677334,fc2098317d43af66664f0f1337a49fcd8e945f0f8e21c87ed1f6e9a771b53a8f,gwsearch run
7582,1779511669.4261935,fc2098317d43af66664f0f1337a49fcd8e945f0f8e21c87ed1f6e9a771b53a8f,gwsearch run
7583,1779512250.1677794,fc2098317d43af66664f0f1337a49fcd8e945f0f8e21c87ed1f6e9a771b53a8f,gwsearch run
7584,1779512819.4035656,fc2098317d43af66664f0f1337a49fcd8e945f0f8e21c87ed1f6e9a771b53a8f,gwsearch run
7585,1779513390.6689882,fc2098317d43af66664f0f1337a49fcd8e945f0f8e21c87ed1f6e9a771b53a8f,gwsearch run
7586,1779513959.6552243,fc2098317d43af66664f0f1337a49fcd8e945f0f8e21c87ed1f6e9a771b53a8f,gwsearch run
7587,1779514531.6840584,fc2098317d43af66664f0f1337a49fcd8e945f0f8e21c87ed1f6e9a771b53a8f,gwsearch run
7588,1779515102.1539319,fc2098317d43af66664f0f1337a49fcd8e945f0f8e21c87ed1f6e9a771b53a8f,gwsearch run
7589,1779515673.928371,fc2098317d43af66664f0f1337a49fcd8e945f0f8e21c87ed1f6e9a771b53a8f,gwsearch run
7590,1779516253.6538267,fc2098317d43af66664f0f1337a49fcd8e945f0f8e21c87ed1f6e9a771b53a8f,gwsearch run
7591,1779516823.908915,fc2098317d43af66664f0f1337a49fcd8e945f0f8e21c87ed1f6e9a771b53a8f,gwsearch run
7592,1779517393.4399335,fc2098317d43af66664f0f1337a49fcd8e945f0f8e21c87ed1f6e9a771b53a8f,gwsearch run
7593,1779517964.4133015,fc2098317d43af66664f0f1337a49fcd8e945f0f8e21c87ed1f6e9a771b53a8f,gwsearch run
7594,1779518546.4203866,fc2098317d43af66664f0f1337a49fcd8e945f0f8e21c87ed1f6e9a771b53a8f,gwsearch run
7595,1779519117.2369826,fc2098317d43af66664f0f1337a49fcd8e945f0f8e21c87ed1f6e9a771b53a8f,gwsearch run
7596,1779519688.147472,fc2098317d43af66664f0f1337a49fcd8e945f0f8e21c87ed1f6e9a771b53a8f,gwsearch run
7597,1779520258.1426039,fc2098317d43af66664f0f1337a49fcd8e945f0f8e21c87ed1f6e9a771b53a8f,gwsearch run
7598,1779520829.4339032,fc2098317d43af66664f0f1337a49fcd8e945f0f8e21c87ed1f6e9a771b53a8f,gwsearch run
7599,1779521408.6369417,fc2098317d43af66664f0f1337a49fcd8e945f0f8e21c87ed1f6e9a771b53a8f,gwsearch run
7600,1779521988.4022052,fc2098317d43af66664f0f1337a49fcd8e945f0f8e21c87ed1f6e9a771b53a8f,gwsearch run
7601,1779522560.1815033,fc2098317d43af66664f0f1337a49fcd8e945f0f8e21c87ed1f6e9a771b53a8f,gwsearch run
7602,1779523141.662784,fc2098317d43af66664f0f1337a49fcd8e945f0f8e21c87ed1f6e9a771b53a8f,gwsearch run
7603,1779523711.1743176,fc2098317d43af66664f0f1337a49fcd8e945f0f8e21c87ed1f6e9a771b53a8f,gwsearch run
7604,1779524295.4021337,fc2098317d43af66664f0f1337a49fcd8e945f0f8e21c87ed1f6e9a771b53a8f,gwsearch run
7605,1779524865.404162,fc2098317d43af66664f0f1337a49fcd8e945f0f8e21c87ed1f6e9a771b53a8f,gwsearch run
7606,1779525436.6388695,fc2098317d43af66664f0f1337a49fcd8e945f0f8e21c87ed1f6e9a771b53a8f,gwsearch run
7607,1779526010.9527912,fc2098317d43af66664f0f1337a49fcd8e945f0f8e21c87ed1f6e9a771b53a8f,gwsearch run
7608,1779526580.9341443,fc2098317d43af66664f0f1337a49fcd8e945f0f8e21c87ed1f6e9a771b53a8f,gwsearch run
7609,1779527164.687515,fc2098317d43af66664f0f1337a49fcd8e945f0f8e21c87ed1f6e9a771b53a8f,gwsearch run
7610,1779527733.9434197,fc2098317d43af66664f0f1337a49fcd8e945f0f8e21c87ed1f6e9a771b53a8f,gwsearch run
7611,1779528303.928653,fc2098317d43af66664f0f1337a49fcd8e945f0f8e21c87ed1f6e9a771b53a8f,gwsearch run
7612,1779528873.654996,fc2098317d43af66664f0f1337a49fcd8e945f0f8e21c87ed1f6e9a771b53a8f,gwsearch run
7613,1779529444.6501417,fc2098317d43af66664f0f1337a49fcd8e945f0f8e21c87ed1f6e9a771b53a8f,gwsearch run
7614,1779530024.6630018,fc2098317d43af66664f0f1337a49fcd8e945f0f8e21c87ed1f6e9a771b53a8f,gwsearch run
7615,1779530592.665621,fc2098317d43af66664f0f1337a49fcd8e945f0f8e21c87ed1f6e9a771b53a8f,gwsearch run
7616,1779531160.9062119,fc2098317d43af66664f0f1337a49fcd8e945f0f8e21c87ed1f6e9a771b53a8f,gwsearch run
7617,1779531731.4319193,fc2098317d43af66664f0f1337a49fcd8e945f0f8e21c87ed1f6e9a771b53a8f,gwsearch run
7618,1779532300.42267,fc2098317d43af66664f0f1337a49fcd8e945f0f8e21c87ed1f6e9a771b53a8f,gwsearch run
7619,1779532868.6622276,fc2098317d43af66664f0f1337a49fcd8e945f0f8e21c87ed1f6e9a771b53a8f,gwsearch run
7620,1779533441.1682506,fc2098317d43af66664f0f1337a49fcd8e945f0f8e21c87ed1f6e9a771b53a8f,gwsearch run
7621,1779534011.1464312,fc2098317d43af66664f0f1337a49fcd8e945f0f8e21c87ed1f6e9a771b53a8f,gwsearch run
7622,1779534578.398204,fc2098317d43af66664f0f1337a49fcd8e945f0f8e21c87ed1f6e9a771b53a8f,gwsearch run
7623,1779535156.6981113,fc2098317d43af66664f0f1337a49fcd8e945f0f8e21c87ed1f6e9a771b53a8f,gwsearch run
7624,1779535726.654913,fc2098317d43af66664f0f1337a49fcd8e945f0f8e21c87ed1f6e9a771b53a8f,gwsearch run
7625,1779536295.6744668,fc2098317d43af66664f0f1337a49fcd8e945f0f8e21c87ed1f6e9a771b53a8f,gwsearch run
7626,1779536864.4129531,fc2098317d43af66664f0f1337a49fcd8e945f0f8e21c87ed1f6e9a771b53a8f,gwsearch run
7627,1779537433.9180098,fc2098317d43af66664f0f1337a49fcd8e945f0f8e21c87ed1f6e9a771b53a8f,gwsearch run
7628,1779538003.7025883,fc2098317d43af66664f0f1337a49fcd8e945f0f8e21c87ed1f6e9a771b53a8f,gwsearch run
7629,1779538572.1455712,fc2098317d43af66664f0f1337a49fcd8e945f0f8e21c87ed1f6e9a771b53a8f,gwsearch run
7630,1779539142.6650348,fc2098317d43af66664f0f1337a49fcd8e945f0f8e21c87ed1f6e9a771b53a8f,gwsearch run
7631,1779539712.9193761,fc2098317d43af66664f0f1337a49fcd8e945f0f8e21c87ed1f6e9a771b53a8f,gwsearch run
7632,1779540283.4261959,fc2098317d43af66664f0f1337a49fcd8e945f0f8e21c87ed1f6e9a771b53a8f,gwsearch run
7633,1779540852.90767,fc2098317d43af66664f0f1337a49fcd8e945f0f8e21c87ed1f6e9a771b53a8f,gwsearch run
7634,1779541423.406177,fc2098317d43af66664f0f1337a49fcd8e945f0f8e21c87ed1f6e9a771b53a8f,gwsearch run
7635,1779541993.4402258,fc2098317d43af66664f0f1337a49fcd8e945f0f8e21c87ed1f6e9a771b53a8f,gwsearch run
7636,1779542563.656759,fc2098317d43af66664f0f1337a49fcd8e945f0f8e21c87ed1f6e9a771b53a8f,gwsearch run
7637,1779543133.4034941,fc2098317d43af66664f0f1337a49fcd8e945f0f8e21c87ed1f6e9a771b53a8f,gwsearch run
7638,1779543700.667254,fc2098317d43af66664f0f1337a49fcd8e945f0f8e21c87ed1f6e9a771b53a8f,gwsearch run
7639,1779544269.9611154,fc2098317d43af66664f0f1337a49fcd8e945f0f8e21c87ed1f6e9a771b53a8f,gwsearch run
7640,1779544839.1893396,fc2098317d43af66664f0f1337a49fcd8e945f0f8e21c87ed1f6e9a771b53a8f,gwsearch run
7641,1779545405.6780982,fc2098317d43af66664f0f1337a49fcd8e945f0f8e21c87ed1f6e9a771b53a8f,gwsearch run
7642,1779545977.9169753,fc2098317d43af66664f0f1337a49fcd8e945f0f8e21c87ed1f6e9a771b53a8f,gwsearch run
7643,1779546546.1786337,fc2098317d43af66664f0f1337a49fcd8e945f0f8e21c87ed1f6e9a771b53a8f,gwsearch run
7644,1779547127.9099448,fc2098317d43af66664f0f1337a49fcd8e945f0f8e21c87ed1f6e9a771b53a8f,gwsearch run
7645,1779547701.401466,fc2098317d43af66664f0f1337a49fcd8e945f0f8e21c87ed1f6e9a771b53a8f,gwsearch run
7646,1779548272.4979455,fc2098317d43af66664f0f1337a49fcd8e945f0f8e21c87ed1f6e9a771b53a8f,gwsearch run
7647,1779548939.643501,fc2098317d43af66664f0f1337a49fcd8e945f0f8e21c87ed1f6e9a771b53a8f,gwsearch run
7648,1779549528.156425,fc2098317d43af66664f0f1337a49fcd8e945f0f8e21c87ed1f6e9a771b53a8f,gwsearch run
7649,1779550096.9036129,fc2098317d43af66664f0f1337a49fcd8e945f0f8e21c87ed1f6e9a771b53a8f,gwsearch run
7650,1779550667.679403,fc2098317d43af66664f0f1337a49fcd8e945f0f8e21c87ed1f6e9a771b53a8f,gwsearch run
7651,1779551247.925031,fc2098317d43af66664f0f1337a49fcd8e945f0f8e21c87ed1f6e9a771b53a8f,gwsearch run
7652,1779551818.1414218,fc2098317d43af66664f0f1337a49fcd8e945f0f8e21c87ed1f6e9a771b53a8f,gwsearch run
7653,1779552396.6863098,fc2098317d43af66664f0f1337a49fcd8e945f0f8e21c87ed1f6e9a771b53a8f,gwsearch run
7654,1779552964.6546156,fc2098317d43af66664f0f1337a49fcd8e945f0f8e21c87ed1f6e9a771b53a8f,gwsearch run
7655,1779553536.442998,fc2098317d43af66664f0f1337a49fcd8e945f0f8e21c87ed1f6e9a771b53a8f,gwsearch run
7656,1779554104.6790965,fc2098317d43af66664f0f1337a49fcd8e945f0f8e21c87ed1f6e9a771b53a8f,gwsearch run
7657,1779554674.648263,fc2098317d43af66664f0f1337a49fcd8e945f0f8e21c87ed1f6e9a771b53a8f,gwsearch run
7658,1779555244.1701896,fc2098317d43af66664f0f1337a49fcd8e945f0f8e21c87ed1f6e9a771b53a8f,gwsearch run
7659,1779555814.9227583,fc2098317d43af66664f0f1337a49fcd8e945f0f8e21c87ed1f6e9a771b53a8f,gwsearch run
7660,1779556384.6826777,fc2098317d43af66664f0f1337a49fcd8e945f0f8e21c87ed1f6e9a771b53a8f,gwsearch run
7661,1779556953.4341164,fc2098317d43af66664f0f1337a49fcd8e945f0f8e21c87ed1f6e9a771b53a8f,gwsearch run
7662,1779557521.402852,fc2098317d43af66664f0f1337a49fcd8e945f0f8e21c87ed1f6e9a771b53a8f,gwsearch run
7663,1779558088.914679,fc2098317d43af66664f0f1337a49fcd8e945f0f8e21c87ed1f6e9a771b53a8f,gwsearch run
7664,1779558655.925049,fc2098317d43af66664f0f1337a49fcd8e945f0f8e21c87ed1f6e9a771b53a8f,gwsearch run
7665,1779559228.1714184,fc2098317d43af66664f0f1337a49fcd8e945f0f8e21c87ed1f6e9a771b53a8f,gwsearch run
7666,1779559795.1627414,fc2098317d43af66664f0f1337a49fcd8e945f0f8e21c87ed1f6e9a771b53a8f,gwsearch run
7667,1779560363.669752,fc2098317d43af66664f0f1337a49fcd8e945f0f8e21c87ed1f6e9a771b53a8f,gwsearch run
7668,1779560931.6985188,fc2098317d43af66664f0f1337a49fcd8e945f0f8e21c87ed1f6e9a771b53a8f,gwsearch run
7669,1779561500.9288127,fc2098317d43af66664f0f1337a49fcd8e945f0f8e21c87ed1f6e9a771b53a8f,gwsearch run
7670,1779562069.6545575,fc2098317d43af66664f0f1337a49fcd8e945f0f8e21c87ed1f6e9a771b53a8f,gwsearch run
7671,1779562638.1898334,fc2098317d43af66664f0f1337a49fcd8e945f0f8e21c87ed1f6e9a771b53a8f,gwsearch run
7672,1779563207.919272,fc2098317d43af66664f0f1337a49fcd8e945f0f8e21c87ed1f6e9a771b53a8f,gwsearch run
7673,1779563788.1905313,fc2098317d43af66664f0f1337a49fcd8e945f0f8e21c87ed1f6e9a771b53a8f,gwsearch run
7674,1779564354.677964,fc2098317d43af66664f0f1337a49fcd8e945f0f8e21c87ed1f6e9a771b53a8f,gwsearch run
7675,1779564955.4165297,fc2098317d43af66664f0f1337a49fcd8e945f0f8e21c87ed1f6e9a771b53a8f,gwsearch run
7676,1779565534.1707351,fc2098317d43af66664f0f1337a49fcd8e945f0f8e21c87ed1f6e9a771b53a8f,gwsearch run
7677,1779566103.4055002,fc2098317d43af66664f0f1337a49fcd8e945f0f8e21c87ed1f6e9a771b53a8f,gwsearch run
7678,1779566673.932048,fc2098317d43af66664f0f1337a49fcd8e945f0f8e21c87ed1f6e9a771b53a8f,gwsearch run
7679,1779567254.1667144,fc2098317d43af66664f0f1337a49fcd8e945f0f8e21c87ed1f6e9a771b53a8f,gwsearch run
7680,1779567829.1749823,fc2098317d43af66664f0f1337a49fcd8e945f0f8e21c87ed1f6e9a771b53a8f,gwsearch run
7681,1779568397.926545,fc2098317d43af66664f0f1337a49fcd8e945f0f8e21c87ed1f6e9a771b53a8f,gwsearch run
7682,1779568966.9952343,fc2098317d43af66664f0f1337a49fcd8e945f0f8e21c87ed1f6e9a771b53a8f,gwsearch run
7683,1779569533.920227,fc2098317d43af66664f0f1337a49fcd8e945f0f8e21c87ed1f6e9a771b53a8f,gwsearch run
7684,1779570102.4788582,fc2098317d43af66664f0f1337a49fcd8e945f0f8e21c87ed1f6e9a771b53a8f,gwsearch run
7685,1779570771.163816,fc2098317d43af66664f0f1337a49fcd8e945f0f8e21c87ed1f6e9a771b53a8f,gwsearch run
7686,1779571341.9331129,fc2098317d43af66664f0f1337a49fcd8e945f0f8e21c87ed1f6e9a771b53a8f,gwsearch run
7687,1779571910.6604695,fc2098317d43af66664f0f1337a49fcd8e945f0f8e21c87ed1f6e9a771b53a8f,gwsearch run
7688,1779572479.6764104,fc2098317d43af66664f0f1337a49fcd8e945f0f8e21c87ed1f6e9a771b53a8f,gwsearch run
7689,1779573047.8962471,fc2098317d43af66664f0f1337a49fcd8e945f0f8e21c87ed1f6e9a771b53a8f,gwsearch run
7690,1779573614.6658392,fc2098317d43af66664f0f1337a49fcd8e945f0f8e21c87ed1f6e9a771b53a8f,gwsearch run
7691,1779574182.9249306,fc2098317d43af66664f0f1337a49fcd8e945f0f8e21c87ed1f6e9a771b53a8f,gwsearch run
7692,1779574751.4326918,fc2098317d43af66664f0f1337a49fcd8e945f0f8e21c87ed1f6e9a771b53a8f,gwsearch run
7693,1779575319.3876433,fc2098317d43af66664f0f1337a49fcd8e945f0f8e21c87ed1f6e9a771b53a8f,gwsearch run
7694,1779575894.4264002,fc2098317d43af66664f0f1337a49fcd8e945f0f8e21c87ed1f6e9a771b53a8f,gwsearch run
7695,1779576462.6705718,fc2098317d43af66664f0f1337a49fcd8e945f0f8e21c87ed1f6e9a771b53a8f,gwsearch run
7696,1779577029.1754239,fc2098317d43af66664f0f1337a49fcd8e945f0f8e21c87ed1f6e9a771b53a8f,gwsearch run
7697,1779577598.896422,fc2098317d43af66664f0f1337a49fcd8e945f0f8e21c87ed1f6e9a771b53a8f,gwsearch run
7698,1779578167.6571426,fc2098317d43af66664f0f1337a49fcd8e945f0f8e21c87ed1f6e9a771b53a8f,gwsearch run
7699,1779578735.6865354,fc2098317d43af66664f0f1337a49fcd8e945f0f8e21c87ed1f6e9a771b53a8f,gwsearch run
7700,1779579304.4453754,fc2098317d43af66664f0f1337a49fcd8e945f0f8e21c87ed1f6e9a771b53a8f,gwsearch run
7701,1779579872.4252582,fc2098317d43af66664f0f1337a49fcd8e945f0f8e21c87ed1f6e9a771b53a8f,gwsearch run
7702,1779580441.4509842,fc2098317d43af66664f0f1337a49fcd8e945f0f8e21c87ed1f6e9a771b53a8f,gwsearch run
7703,1779581009.6892102,fc2098317d43af66664f0f1337a49fcd8e945f0f8e21c87ed1f6e9a771b53a8f,gwsearch run
7704,1779581578.18694,fc2098317d43af66664f0f1337a49fcd8e945f0f8e21c87ed1f6e9a771b53a8f,gwsearch run
7705,1779582144.9141617,fc2098317d43af66664f0f1337a49fcd8e945f0f8e21c87ed1f6e9a771b53a8f,gwsearch run
7706,1779582716.1586745,fc2098317d43af66664f0f1337a49fcd8e945f0f8e21c87ed1f6e9a771b53a8f,gwsearch run
7707,1779583285.6522677,fc2098317d43af66664f0f1337a49fcd8e945f0f8e21c87ed1f6e9a771b53a8f,gwsearch run
7708,1779583853.9168222,fc2098317d43af66664f0f1337a49fcd8e945f0f8e21c87ed1f6e9a771b53a8f,gwsearch run
7709,1779584433.1700263,fc2098317d43af66664f0f1337a49fcd8e945f0f8e21c87ed1f6e9a771b53a8f,gwsearch run
7710,1779585001.9203687,fc2098317d43af66664f0f1337a49fcd8e945f0f8e21c87ed1f6e9a771b53a8f,gwsearch run
7711,1779585571.4095006,fc2098317d43af66664f0f1337a49fcd8e945f0f8e21c87ed1f6e9a771b53a8f,gwsearch run
7712,1779586137.151192,fc2098317d43af66664f0f1337a49fcd8e945f0f8e21c87ed1f6e9a771b53a8f,gwsearch run
7713,1779586705.1674948,fc2098317d43af66664f0f1337a49fcd8e945f0f8e21c87ed1f6e9a771b53a8f,gwsearch run
7714,1779587273.652784,fc2098317d43af66664f0f1337a49fcd8e945f0f8e21c87ed1f6e9a771b53a8f,gwsearch run
7715,1779587841.665921,fc2098317d43af66664f0f1337a49fcd8e945f0f8e21c87ed1f6e9a771b53a8f,gwsearch run
7716,1779588413.9336681,fc2098317d43af66664f0f1337a49fcd8e945f0f8e21c87ed1f6e9a771b53a8f,gwsearch run
7717,1779588981.6660733,fc2098317d43af66664f0f1337a49fcd8e945f0f8e21c87ed1f6e9a771b53a8f,gwsearch run
7718,1779589551.186447,fc2098317d43af66664f0f1337a49fcd8e945f0f8e21c87ed1f6e9a771b53a8f,gwsearch run
7719,1779590120.913981,fc2098317d43af66664f0f1337a49fcd8e945f0f8e21c87ed1f6e9a771b53a8f,gwsearch run
7720,1779590692.191528,fc2098317d43af66664f0f1337a49fcd8e945f0f8e21c87ed1f6e9a771b53a8f,gwsearch run
7721,1779591261.1843147,fc2098317d43af66664f0f1337a49fcd8e945f0f8e21c87ed1f6e9a771b53a8f,gwsearch run
7722,1779591840.4106998,fc2098317d43af66664f0f1337a49fcd8e945f0f8e21c87ed1f6e9a771b53a8f,gwsearch run
7723,1779592409.9464931,fc2098317d43af66664f0f1337a49fcd8e945f0f8e21c87ed1f6e9a771b53a8f,gwsearch run
7724,1779592977.9248528,fc2098317d43af66664f0f1337a49fcd8e945f0f8e21c87ed1f6e9a771b53a8f,gwsearch run
7725,1779593547.4037242,fc2098317d43af66664f0f1337a49fcd8e945f0f8e21c87ed1f6e9a771b53a8f,gwsearch run
7726,1779594115.657234,fc2098317d43af66664f0f1337a49fcd8e945f0f8e21c87ed1f6e9a771b53a8f,gwsearch run
7727,1779594702.4274037,fc2098317d43af66664f0f1337a49fcd8e945f0f8e21c87ed1f6e9a771b53a8f,gwsearch run
7728,1779595271.7010777,fc2098317d43af66664f0f1337a49fcd8e945f0f8e21c87ed1f6e9a771b53a8f,gwsearch run
7729,1779595841.1644542,fc2098317d43af66664f0f1337a49fcd8e945f0f8e21c87ed1f6e9a771b53a8f,gwsearch run
7730,1779596411.9144084,fc2098317d43af66664f0f1337a49fcd8e945f0f8e21c87ed1f6e9a771b53a8f,gwsearch run
7731,1779596986.2601202,fc2098317d43af66664f0f1337a49fcd8e945f0f8e21c87ed1f6e9a771b53a8f,gwsearch run
7732,1779597555.9136693,fc2098317d43af66664f0f1337a49fcd8e945f0f8e21c87ed1f6e9a771b53a8f,gwsearch run
7733,1779598125.1823716,fc2098317d43af66664f0f1337a49fcd8e945f0f8e21c87ed1f6e9a771b53a8f,gwsearch run
7734,1779598695.244145,fc2098317d43af66664f0f1337a49fcd8e945f0f8e21c87ed1f6e9a771b53a8f,gwsearch run
7735,1779599363.1819792,fc2098317d43af66664f0f1337a49fcd8e945f0f8e21c87ed1f6e9a771b53a8f,gwsearch run
7736,1779599942.1929245,fc2098317d43af66664f0f1337a49fcd8e945f0f8e21c87ed1f6e9a771b53a8f,gwsearch run
7737,1779600510.1699905,fc2098317d43af66664f0f1337a49fcd8e945f0f8e21c87ed1f6e9a771b53a8f,gwsearch run
7738,1779601078.671644,fc2098317d43af66664f0f1337a49fcd8e945f0f8e21c87ed1f6e9a771b53a8f,gwsearch run
7739,1779601658.1772897,fc2098317d43af66664f0f1337a49fcd8e945f0f8e21c87ed1f6e9a771b53a8f,gwsearch run
7740,1779602228.1585522,fc2098317d43af66664f0f1337a49fcd8e945f0f8e21c87ed1f6e9a771b53a8f,gwsearch run
7741,1779602797.436572,fc2098317d43af66664f0f1337a49fcd8e945f0f8e21c87ed1f6e9a771b53a8f,gwsearch run
7742,1779603373.672348,fc2098317d43af66664f0f1337a49fcd8e945f0f8e21c87ed1f6e9a771b53a8f,gwsearch run
7743,1779603953.6996367,fc2098317d43af66664f0f1337a49fcd8e945f0f8e21c87ed1f6e9a771b53a8f,gwsearch run
7744,1779604522.9421396,fc2098317d43af66664f0f1337a49fcd8e945f0f8e21c87ed1f6e9a771b53a8f,gwsearch run
7745,1779605095.2525265,fc2098317d43af66664f0f1337a49fcd8e945f0f8e21c87ed1f6e9a771b53a8f,gwsearch run
7746,1779605664.8892174,fc2098317d43af66664f0f1337a49fcd8e945f0f8e21c87ed1f6e9a771b53a8f,gwsearch run
7747,1779606245.7299526,fc2098317d43af66664f0f1337a49fcd8e945f0f8e21c87ed1f6e9a771b53a8f,gwsearch run
7748,1779606841.8948867,fc2098317d43af66664f0f1337a49fcd8e945f0f8e21c87ed1f6e9a771b53a8f,gwsearch run
7749,1779607411.9199286,fc2098317d43af66664f0f1337a49fcd8e945f0f8e21c87ed1f6e9a771b53a8f,gwsearch run
7750,1779607981.1555843,fc2098317d43af66664f0f1337a49fcd8e945f0f8e21c87ed1f6e9a771b53a8f,gwsearch run
7751,1779608555.9433944,fc2098317d43af66664f0f1337a49fcd8e945f0f8e21c87ed1f6e9a771b53a8f,gwsearch run
7752,1779609126.9276478,fc2098317d43af66664f0f1337a49fcd8e945f0f8e21c87ed1f6e9a771b53a8f,gwsearch run
7753,1779609697.6571133,fc2098317d43af66664f0f1337a49fcd8e945f0f8e21c87ed1f6e9a771b53a8f,gwsearch run
7754,1779610267.4232953,fc2098317d43af66664f0f1337a49fcd8e945f0f8e21c87ed1f6e9a771b53a8f,gwsearch run
7755,1779610837.9109862,fc2098317d43af66664f0f1337a49fcd8e945f0f8e21c87ed1f6e9a771b53a8f,gwsearch run
7756,1779611407.6826546,fc2098317d43af66664f0f1337a49fcd8e945f0f8e21c87ed1f6e9a771b53a8f,gwsearch run
7757,1779611977.684897,fc2098317d43af66664f0f1337a49fcd8e945f0f8e21c87ed1f6e9a771b53a8f,gwsearch run
7758,1779612548.6799428,fc2098317d43af66664f0f1337a49fcd8e945f0f8e21c87ed1f6e9a771b53a8f,gwsearch run
7759,1779613118.8852174,fc2098317d43af66664f0f1337a49fcd8e945f0f8e21c87ed1f6e9a771b53a8f,gwsearch run
7760,1779613689.1429338,fc2098317d43af66664f0f1337a49fcd8e945f0f8e21c87ed1f6e9a771b53a8f,gwsearch run
7761,1779614265.4239633,fc2098317d43af66664f0f1337a49fcd8e945f0f8e21c87ed1f6e9a771b53a8f,gwsearch run
7762,1779614834.6574874,fc2098317d43af66664f0f1337a49fcd8e945f0f8e21c87ed1f6e9a771b53a8f,gwsearch run
7763,1779615404.9283588,fc2098317d43af66664f0f1337a49fcd8e945f0f8e21c87ed1f6e9a771b53a8f,gwsearch run
7764,1779615975.4346678,fc2098317d43af66664f0f1337a49fcd8e945f0f8e21c87ed1f6e9a771b53a8f,gwsearch run
7765,1779616547.169118,fc2098317d43af66664f0f1337a49fcd8e945f0f8e21c87ed1f6e9a771b53a8f,gwsearch run
7766,1779617117.6644878,fc2098317d43af66664f0f1337a49fcd8e945f0f8e21c87ed1f6e9a771b53a8f,gwsearch run
7767,1779617689.1970603,fc2098317d43af66664f0f1337a49fcd8e945f0f8e21c87ed1f6e9a771b53a8f,gwsearch run
7768,1779618257.1886904,fc2098317d43af66664f0f1337a49fcd8e945f0f8e21c87ed1f6e9a771b53a8f,gwsearch run
7769,1779618826.415438,fc2098317d43af66664f0f1337a49fcd8e945f0f8e21c87ed1f6e9a771b53a8f,gwsearch run
7770,1779619396.4075377,fc2098317d43af66664f0f1337a49fcd8e945f0f8e21c87ed1f6e9a771b53a8f,gwsearch run
7771,1779619966.4197457,fc2098317d43af66664f0f1337a49fcd8e945f0f8e21c87ed1f6e9a771b53a8f,gwsearch run
7772,1779620536.6783035,fc2098317d43af66664f0f1337a49fcd8e945f0f8e21c87ed1f6e9a771b53a8f,gwsearch run
7773,1779621106.4085367,fc2098317d43af66664f0f1337a49fcd8e945f0f8e21c87ed1f6e9a771b53a8f,gwsearch run
7774,1779621675.1734521,fc2098317d43af66664f0f1337a49fcd8e945f0f8e21c87ed1f6e9a771b53a8f,gwsearch run
7775,1779622254.4844112,fc2098317d43af66664f0f1337a49fcd8e945f0f8e21c87ed1f6e9a771b53a8f,gwsearch run
7776,1779622826.1532326,fc2098317d43af66664f0f1337a49fcd8e945f0f8e21c87ed1f6e9a771b53a8f,gwsearch run
7777,1779623397.9160178,fc2098317d43af66664f0f1337a49fcd8e945f0f8e21c87ed1f6e9a771b53a8f,gwsearch run
7778,1779623968.4255521,fc2098317d43af66664f0f1337a49fcd8e945f0f8e21c87ed1f6e9a771b53a8f,gwsearch run
7779,1779624534.4048545,fc2098317d43af66664f0f1337a49fcd8e945f0f8e21c87ed1f6e9a771b53a8f,gwsearch run
7780,1779625110.412438,fc2098317d43af66664f0f1337a49fcd8e945f0f8e21c87ed1f6e9a771b53a8f,gwsearch run
7781,1779625683.891499,fc2098317d43af66664f0f1337a49fcd8e945f0f8e21c87ed1f6e9a771b53a8f,gwsearch run
7782,1779626253.1412435,fc2098317d43af66664f0f1337a49fcd8e945f0f8e21c87ed1f6e9a771b53a8f,gwsearch run
7783,1779626824.4330912,fc2098317d43af66664f0f1337a49fcd8e945f0f8e21c87ed1f6e9a771b53a8f,gwsearch run
7784,1779627395.4062574,fc2098317d43af66664f0f1337a49fcd8e945f0f8e21c87ed1f6e9a771b53a8f,gwsearch run
7785,1779627965.682357,fc2098317d43af66664f0f1337a49fcd8e945f0f8e21c87ed1f6e9a771b53a8f,gwsearch run
7786,1779628537.1447818,fc2098317d43af66664f0f1337a49fcd8e945f0f8e21c87ed1f6e9a771b53a8f,gwsearch run
7787,1779629106.913826,fc2098317d43af66664f0f1337a49fcd8e945f0f8e21c87ed1f6e9a771b53a8f,gwsearch run
7788,1779629677.1557655,fc2098317d43af66664f0f1337a49fcd8e945f0f8e21c87ed1f6e9a771b53a8f,gwsearch run
7789,1779630247.390263,fc2098317d43af66664f0f1337a49fcd8e945f0f8e21c87ed1f6e9a771b53a8f,gwsearch run
7790,1779630815.6623228,fc2098317d43af66664f0f1337a49fcd8e945f0f8e21c87ed1f6e9a771b53a8f,gwsearch run
7791,1779631387.9172728,fc2098317d43af66664f0f1337a49fcd8e945f0f8e21c87ed1f6e9a771b53a8f,gwsearch run
7792,1779631965.423208,fc2098317d43af66664f0f1337a49fcd8e945f0f8e21c87ed1f6e9a771b53a8f,gwsearch run
7793,1779632537.17266,fc2098317d43af66664f0f1337a49fcd8e945f0f8e21c87ed1f6e9a771b53a8f,gwsearch run
7794,1779633108.432573,fc2098317d43af66664f0f1337a49fcd8e945f0f8e21c87ed1f6e9a771b53a8f,gwsearch run
7795,1779633677.681781,fc2098317d43af66664f0f1337a49fcd8e945f0f8e21c87ed1f6e9a771b53a8f,gwsearch run
7796,1779634257.1511753,fc2098317d43af66664f0f1337a49fcd8e945f0f8e21c87ed1f6e9a771b53a8f,gwsearch run
7797,1779634830.1662014,fc2098317d43af66664f0f1337a49fcd8e945f0f8e21c87ed1f6e9a771b53a8f,gwsearch run
7798,1779635399.1759295,fc2098317d43af66664f0f1337a49fcd8e945f0f8e21c87ed1f6e9a771b53a8f,gwsearch run
7799,1779635969.4265587,fc2098317d43af66664f0f1337a49fcd8e945f0f8e21c87ed1f6e9a771b53a8f,gwsearch run
7800,1779636540.2125616,fc2098317d43af66664f0f1337a49fcd8e945f0f8e21c87ed1f6e9a771b53a8f,gwsearch run
7801,1779637120.1861348,fc2098317d43af66664f0f1337a49fcd8e945f0f8e21c87ed1f6e9a771b53a8f,gwsearch run
7802,1779637690.6714258,fc2098317d43af66664f0f1337a49fcd8e945f0f8e21c87ed1f6e9a771b53a8f,gwsearch run
7803,1779638272.189554,fc2098317d43af66664f0f1337a49fcd8e945f0f8e21c87ed1f6e9a771b53a8f,gwsearch run
7804,1779638841.640839,fc2098317d43af66664f0f1337a49fcd8e945f0f8e21c87ed1f6e9a771b53a8f,gwsearch run
7805,1779639414.1744401,fc2098317d43af66664f0f1337a49fcd8e945f0f8e21c87ed1f6e9a771b53a8f,gwsearch run
7806,1779639981.666691,fc2098317d43af66664f0f1337a49fcd8e945f0f8e21c87ed1f6e9a771b53a8f,gwsearch run
7807,1779640561.4455798,fc2098317d43af66664f0f1337a49fcd8e945f0f8e21c87ed1f6e9a771b53a8f,gwsearch run
7808,1779641136.430493,fc2098317d43af66664f0f1337a49fcd8e945f0f8e21c87ed1f6e9a771b53a8f,gwsearch run
7809,1779641708.8990366,fc2098317d43af66664f0f1337a49fcd8e945f0f8e21c87ed1f6e9a771b53a8f,gwsearch run
7810,1779642284.1752684,fc2098317d43af66664f0f1337a49fcd8e945f0f8e21c87ed1f6e9a771b53a8f,gwsearch run
7811,1779642853.4276063,fc2098317d43af66664f0f1337a49fcd8e945f0f8e21c87ed1f6e9a771b53a8f,gwsearch run
7812,1779643430.9240487,fc2098317d43af66664f0f1337a49fcd8e945f0f8e21c87ed1f6e9a771b53a8f,gwsearch run
7813,1779644012.1632044,fc2098317d43af66664f0f1337a49fcd8e945f0f8e21c87ed1f6e9a771b53a8f,gwsearch run
7814,1779644579.9200263,fc2098317d43af66664f0f1337a49fcd8e945f0f8e21c87ed1f6e9a771b53a8f,gwsearch run
7815,1779645149.1496239,fc2098317d43af66664f0f1337a49fcd8e945f0f8e21c87ed1f6e9a771b53a8f,gwsearch run
7816,1779645717.908595,fc2098317d43af66664f0f1337a49fcd8e945f0f8e21c87ed1f6e9a771b53a8f,gwsearch run
7817,1779646291.4325345,fc2098317d43af66664f0f1337a49fcd8e945f0f8e21c87ed1f6e9a771b53a8f,gwsearch run
7818,1779646860.8956242,fc2098317d43af66664f0f1337a49fcd8e945f0f8e21c87ed1f6e9a771b53a8f,gwsearch run
7819,1779647428.9254434,fc2098317d43af66664f0f1337a49fcd8e945f0f8e21c87ed1f6e9a771b53a8f,gwsearch run
7820,1779647996.674909,fc2098317d43af66664f0f1337a49fcd8e945f0f8e21c87ed1f6e9a771b53a8f,gwsearch run
7821,1779648564.411326,fc2098317d43af66664f0f1337a49fcd8e945f0f8e21c87ed1f6e9a771b53a8f,gwsearch run
7822,1779649131.430129,fc2098317d43af66664f0f1337a49fcd8e945f0f8e21c87ed1f6e9a771b53a8f,gwsearch run
7823,1779649699.6719503,fc2098317d43af66664f0f1337a49fcd8e945f0f8e21c87ed1f6e9a771b53a8f,gwsearch run
7824,1779650267.6664932,fc2098317d43af66664f0f1337a49fcd8e945f0f8e21c87ed1f6e9a771b53a8f,gwsearch run
7825,1779650835.8984032,fc2098317d43af66664f0f1337a49fcd8e945f0f8e21c87ed1f6e9a771b53a8f,gwsearch run
7826,1779651403.9030986,fc2098317d43af66664f0f1337a49fcd8e945f0f8e21c87ed1f6e9a771b53a8f,gwsearch run
7827,1779651970.686403,fc2098317d43af66664f0f1337a49fcd8e945f0f8e21c87ed1f6e9a771b53a8f,gwsearch run
7828,1779652544.6943674,fc2098317d43af66664f0f1337a49fcd8e945f0f8e21c87ed1f6e9a771b53a8f,gwsearch run
7829,1779653113.1634507,fc2098317d43af66664f0f1337a49fcd8e945f0f8e21c87ed1f6e9a771b53a8f,gwsearch run
7830,1779653680.6795452,fc2098317d43af66664f0f1337a49fcd8e945f0f8e21c87ed1f6e9a771b53a8f,gwsearch run
7831,1779654249.9373164,fc2098317d43af66664f0f1337a49fcd8e945f0f8e21c87ed1f6e9a771b53a8f,gwsearch run
7832,1779654817.1650314,fc2098317d43af66664f0f1337a49fcd8e945f0f8e21c87ed1f6e9a771b53a8f,gwsearch run
7833,1779655384.1671767,fc2098317d43af66664f0f1337a49fcd8e945f0f8e21c87ed1f6e9a771b53a8f,gwsearch run
7834,1779655951.8974805,fc2098317d43af66664f0f1337a49fcd8e945f0f8e21c87ed1f6e9a771b53a8f,gwsearch run
7835,1779656520.422176,fc2098317d43af66664f0f1337a49fcd8e945f0f8e21c87ed1f6e9a771b53a8f,gwsearch run
7836,1779657088.4344175,fc2098317d43af66664f0f1337a49fcd8e945f0f8e21c87ed1f6e9a771b53a8f,gwsearch run
7837,1779657654.4299736,fc2098317d43af66664f0f1337a49fcd8e945f0f8e21c87ed1f6e9a771b53a8f,gwsearch run
7838,1779658223.910242,fc2098317d43af66664f0f1337a49fcd8e945f0f8e21c87ed1f6e9a771b53a8f,gwsearch run
7839,1779658801.8848336,fc2098317d43af66664f0f1337a49fcd8e945f0f8e21c87ed1f6e9a771b53a8f,gwsearch run
7840,1779659379.4618223,fc2098317d43af66664f0f1337a49fcd8e945f0f8e21c87ed1f6e9a771b53a8f,gwsearch run
7841,1779659947.161283,fc2098317d43af66664f0f1337a49fcd8e945f0f8e21c87ed1f6e9a771b53a8f,gwsearch run
7842,1779660515.6856353,fc2098317d43af66664f0f1337a49fcd8e945f0f8e21c87ed1f6e9a771b53a8f,gwsearch run
7843,1779661083.9052253,fc2098317d43af66664f0f1337a49fcd8e945f0f8e21c87ed1f6e9a771b53a8f,gwsearch run
7844,1779661651.1543334,fc2098317d43af66664f0f1337a49fcd8e945f0f8e21c87ed1f6e9a771b53a8f,gwsearch run
7845,1779662219.1815355,fc2098317d43af66664f0f1337a49fcd8e945f0f8e21c87ed1f6e9a771b53a8f,gwsearch run
7846,1779662787.9093406,fc2098317d43af66664f0f1337a49fcd8e945f0f8e21c87ed1f6e9a771b53a8f,gwsearch run
7847,1779663355.744575,fc2098317d43af66664f0f1337a49fcd8e945f0f8e21c87ed1f6e9a771b53a8f,gwsearch run
7848,1779663922.1731038,fc2098317d43af66664f0f1337a49fcd8e945f0f8e21c87ed1f6e9a771b53a8f,gwsearch run
7849,1779664490.6859107,fc2098317d43af66664f0f1337a49fcd8e945f0f8e21c87ed1f6e9a771b53a8f,gwsearch run
7850,1779665058.1678905,fc2098317d43af66664f0f1337a49fcd8e945f0f8e21c87ed1f6e9a771b53a8f,gwsearch run
7851,1779665624.9113514,fc2098317d43af66664f0f1337a49fcd8e945f0f8e21c87ed1f6e9a771b53a8f,gwsearch run
7852,1779666193.683657,fc2098317d43af66664f0f1337a49fcd8e945f0f8e21c87ed1f6e9a771b53a8f,gwsearch run
7853,1779666764.188964,fc2098317d43af66664f0f1337a49fcd8e945f0f8e21c87ed1f6e9a771b53a8f,gwsearch run
7854,1779667334.40348,fc2098317d43af66664f0f1337a49fcd8e945f0f8e21c87ed1f6e9a771b53a8f,gwsearch run
7855,1779667902.9343567,fc2098317d43af66664f0f1337a49fcd8e945f0f8e21c87ed1f6e9a771b53a8f,gwsearch run
7856,1779668471.4159,fc2098317d43af66664f0f1337a49fcd8e945f0f8e21c87ed1f6e9a771b53a8f,gwsearch run
7857,1779669040.1842039,fc2098317d43af66664f0f1337a49fcd8e945f0f8e21c87ed1f6e9a771b53a8f,gwsearch run
7858,1779669608.6551204,fc2098317d43af66664f0f1337a49fcd8e945f0f8e21c87ed1f6e9a771b53a8f,gwsearch run
7859,1779670181.668396,fc2098317d43af66664f0f1337a49fcd8e945f0f8e21c87ed1f6e9a771b53a8f,gwsearch run
7860,1779670749.6698563,fc2098317d43af66664f0f1337a49fcd8e945f0f8e21c87ed1f6e9a771b53a8f,gwsearch run
7861,1779671316.6749628,fc2098317d43af66664f0f1337a49fcd8e945f0f8e21c87ed1f6e9a771b53a8f,gwsearch run
7862,1779671883.9124596,fc2098317d43af66664f0f1337a49fcd8e945f0f8e21c87ed1f6e9a771b53a8f,gwsearch run
7863,1779672451.9119847,fc2098317d43af66664f0f1337a49fcd8e945f0f8e21c87ed1f6e9a771b53a8f,gwsearch run
7864,1779673019.4170766,fc2098317d43af66664f0f1337a49fcd8e945f0f8e21c87ed1f6e9a771b53a8f,gwsearch run
7865,1779673587.1471255,fc2098317d43af66664f0f1337a49fcd8e945f0f8e21c87ed1f6e9a771b53a8f,gwsearch run
7866,1779674155.4100008,fc2098317d43af66664f0f1337a49fcd8e945f0f8e21c87ed1f6e9a771b53a8f,gwsearch run
7867,1779674719.6649303,fc2098317d43af66664f0f1337a49fcd8e945f0f8e21c87ed1f6e9a771b53a8f,gwsearch run
7868,1779675286.654463,fc2098317d43af66664f0f1337a49fcd8e945f0f8e21c87ed1f6e9a771b53a8f,gwsearch run
7869,1779675854.9063568,fc2098317d43af66664f0f1337a49fcd8e945f0f8e21c87ed1f6e9a771b53a8f,gwsearch run
7870,1779676420.6720097,fc2098317d43af66664f0f1337a49fcd8e945f0f8e21c87ed1f6e9a771b53a8f,gwsearch run
7871,1779676989.155346,fc2098317d43af66664f0f1337a49fcd8e945f0f8e21c87ed1f6e9a771b53a8f,gwsearch run
7872,1779677561.4272096,fc2098317d43af66664f0f1337a49fcd8e945f0f8e21c87ed1f6e9a771b53a8f,gwsearch run
7873,1779678135.924362,fc2098317d43af66664f0f1337a49fcd8e945f0f8e21c87ed1f6e9a771b53a8f,gwsearch run
7874,1779678704.3993332,fc2098317d43af66664f0f1337a49fcd8e945f0f8e21c87ed1f6e9a771b53a8f,gwsearch run
7875,1779679273.1487038,fc2098317d43af66664f0f1337a49fcd8e945f0f8e21c87ed1f6e9a771b53a8f,gwsearch run
7876,1779679841.9095333,fc2098317d43af66664f0f1337a49fcd8e945f0f8e21c87ed1f6e9a771b53a8f,gwsearch run
7877,1779680414.158687,fc2098317d43af66664f0f1337a49fcd8e945f0f8e21c87ed1f6e9a771b53a8f,gwsearch run
7878,1779680981.1669421,fc2098317d43af66664f0f1337a49fcd8e945f0f8e21c87ed1f6e9a771b53a8f,gwsearch run
7879,1779681548.182255,fc2098317d43af66664f0f1337a49fcd8e945f0f8e21c87ed1f6e9a771b53a8f,gwsearch run
7880,1779682117.6668956,fc2098317d43af66664f0f1337a49fcd8e945f0f8e21c87ed1f6e9a771b53a8f,gwsearch run
7881,1779682686.1895528,fc2098317d43af66664f0f1337a49fcd8e945f0f8e21c87ed1f6e9a771b53a8f,gwsearch run
7882,1779683254.6882403,fc2098317d43af66664f0f1337a49fcd8e945f0f8e21c87ed1f6e9a771b53a8f,gwsearch run
7883,1779683821.6563783,fc2098317d43af66664f0f1337a49fcd8e945f0f8e21c87ed1f6e9a771b53a8f,gwsearch run
7884,1779684388.6727335,fc2098317d43af66664f0f1337a49fcd8e945f0f8e21c87ed1f6e9a771b53a8f,gwsearch run
7885,1779684956.1844888,fc2098317d43af66664f0f1337a49fcd8e945f0f8e21c87ed1f6e9a771b53a8f,gwsearch run
7886,1779685521.9081151,fc2098317d43af66664f0f1337a49fcd8e945f0f8e21c87ed1f6e9a771b53a8f,gwsearch run
7887,1779686090.915197,fc2098317d43af66664f0f1337a49fcd8e945f0f8e21c87ed1f6e9a771b53a8f,gwsearch run
7888,1779686658.9228578,fc2098317d43af66664f0f1337a49fcd8e945f0f8e21c87ed1f6e9a771b53a8f,gwsearch run
7889,1779687235.152716,fc2098317d43af66664f0f1337a49fcd8e945f0f8e21c87ed1f6e9a771b53a8f,gwsearch run
7890,1779687811.1642687,fc2098317d43af66664f0f1337a49fcd8e945f0f8e21c87ed1f6e9a771b53a8f,gwsearch run
7891,1779688379.3993917,fc2098317d43af66664f0f1337a49fcd8e945f0f8e21c87ed1f6e9a771b53a8f,gwsearch run
7892,1779688948.1649497,fc2098317d43af66664f0f1337a49fcd8e945f0f8e21c87ed1f6e9a771b53a8f,gwsearch run
7893,1779689515.4196875,fc2098317d43af66664f0f1337a49fcd8e945f0f8e21c87ed1f6e9a771b53a8f,gwsearch run
7894,1779690088.905123,fc2098317d43af66664f0f1337a49fcd8e945f0f8e21c87ed1f6e9a771b53a8f,gwsearch run
7895,1779690657.8972816,fc2098317d43af66664f0f1337a49fcd8e945f0f8e21c87ed1f6e9a771b53a8f,gwsearch run
7896,1779691224.9099522,fc2098317d43af66664f0f1337a49fcd8e945f0f8e21c87ed1f6e9a771b53a8f,gwsearch run
7897,1779691793.3924124,fc2098317d43af66664f0f1337a49fcd8e945f0f8e21c87ed1f6e9a771b53a8f,gwsearch run
7898,1779692359.92438,fc2098317d43af66664f0f1337a49fcd8e945f0f8e21c87ed1f6e9a771b53a8f,gwsearch run
7899,1779692927.1476114,fc2098317d43af66664f0f1337a49fcd8e945f0f8e21c87ed1f6e9a771b53a8f,gwsearch run
7900,1779693495.162519,fc2098317d43af66664f0f1337a49fcd8e945f0f8e21c87ed1f6e9a771b53a8f,gwsearch run
7901,1779694062.9139981,fc2098317d43af66664f0f1337a49fcd8e945f0f8e21c87ed1f6e9a771b53a8f,gwsearch run
7902,1779694630.9108453,fc2098317d43af66664f0f1337a49fcd8e945f0f8e21c87ed1f6e9a771b53a8f,gwsearch run
7903,1779695198.4514227,fc2098317d43af66664f0f1337a49fcd8e945f0f8e21c87ed1f6e9a771b53a8f,gwsearch run
7904,1779695765.4237807,fc2098317d43af66664f0f1337a49fcd8e945f0f8e21c87ed1f6e9a771b53a8f,gwsearch run
7905,1779696346.3894064,fc2098317d43af66664f0f1337a49fcd8e945f0f8e21c87ed1f6e9a771b53a8f,gwsearch run
7906,1779696920.4818788,fc2098317d43af66664f0f1337a49fcd8e945f0f8e21c87ed1f6e9a771b53a8f,gwsearch run
7907,1779697486.9255393,fc2098317d43af66664f0f1337a49fcd8e945f0f8e21c87ed1f6e9a771b53a8f,gwsearch run
7908,1779698054.652379,fc2098317d43af66664f0f1337a49fcd8e945f0f8e21c87ed1f6e9a771b53a8f,gwsearch run
7909,1779698621.6719935,fc2098317d43af66664f0f1337a49fcd8e945f0f8e21c87ed1f6e9a771b53a8f,gwsearch run
7910,1779699198.7284963,fc2098317d43af66664f0f1337a49fcd8e945f0f8e21c87ed1f6e9a771b53a8f,gwsearch run
7911,1779699767.426992,fc2098317d43af66664f0f1337a49fcd8e945f0f8e21c87ed1f6e9a771b53a8f,gwsearch run
7912,1779700334.424281,fc2098317d43af66664f0f1337a49fcd8e945f0f8e21c87ed1f6e9a771b53a8f,gwsearch run
7913,1779700901.9013515,fc2098317d43af66664f0f1337a49fcd8e945f0f8e21c87ed1f6e9a771b53a8f,gwsearch run
7914,1779701470.685133,fc2098317d43af66664f0f1337a49fcd8e945f0f8e21c87ed1f6e9a771b53a8f,gwsearch run
7915,1779702039.4169466,fc2098317d43af66664f0f1337a49fcd8e945f0f8e21c87ed1f6e9a771b53a8f,gwsearch run
7916,1779702608.1594987,fc2098317d43af66664f0f1337a49fcd8e945f0f8e21c87ed1f6e9a771b53a8f,gwsearch run
7917,1779703176.4272532,fc2098317d43af66664f0f1337a49fcd8e945f0f8e21c87ed1f6e9a771b53a8f,gwsearch run
7918,1779703743.911079,fc2098317d43af66664f0f1337a49fcd8e945f0f8e21c87ed1f6e9a771b53a8f,gwsearch run
7919,1779704312.9138014,fc2098317d43af66664f0f1337a49fcd8e945f0f8e21c87ed1f6e9a771b53a8f,gwsearch run
7920,1779704881.9133472,fc2098317d43af66664f0f1337a49fcd8e945f0f8e21c87ed1f6e9a771b53a8f,gwsearch run
7921,1779705457.4216247,fc2098317d43af66664f0f1337a49fcd8e945f0f8e21c87ed1f6e9a771b53a8f,gwsearch run
7922,1779706031.6570995,fc2098317d43af66664f0f1337a49fcd8e945f0f8e21c87ed1f6e9a771b53a8f,gwsearch run
7923,1779706609.4206169,fc2098317d43af66664f0f1337a49fcd8e945f0f8e21c87ed1f6e9a771b53a8f,gwsearch run
7924,1779707177.1800952,fc2098317d43af66664f0f1337a49fcd8e945f0f8e21c87ed1f6e9a771b53a8f,gwsearch run
7925,1779707744.1630933,fc2098317d43af66664f0f1337a49fcd8e945f0f8e21c87ed1f6e9a771b53a8f,gwsearch run
7926,1779708313.6918283,fc2098317d43af66664f0f1337a49fcd8e945f0f8e21c87ed1f6e9a771b53a8f,gwsearch run
7927,1779708882.4150898,fc2098317d43af66664f0f1337a49fcd8e945f0f8e21c87ed1f6e9a771b53a8f,gwsearch run
7928,1779709455.402581,fc2098317d43af66664f0f1337a49fcd8e945f0f8e21c87ed1f6e9a771b53a8f,gwsearch run
7929,1779710030.6865566,fc2098317d43af66664f0f1337a49fcd8e945f0f8e21c87ed1f6e9a771b53a8f,gwsearch run
7930,1779710604.6778708,fc2098317d43af66664f0f1337a49fcd8e945f0f8e21c87ed1f6e9a771b53a8f,gwsearch run
7931,1779711172.9342222,fc2098317d43af66664f0f1337a49fcd8e945f0f8e21c87ed1f6e9a771b53a8f,gwsearch run
7932,1779711741.9465878,fc2098317d43af66664f0f1337a49fcd8e945f0f8e21c87ed1f6e9a771b53a8f,gwsearch run
7933,1779712312.4040976,fc2098317d43af66664f0f1337a49fcd8e945f0f8e21c87ed1f6e9a771b53a8f,gwsearch run
7934,1779712880.9442663,fc2098317d43af66664f0f1337a49fcd8e945f0f8e21c87ed1f6e9a771b53a8f,gwsearch run
7935,1779713448.4316971,fc2098317d43af66664f0f1337a49fcd8e945f0f8e21c87ed1f6e9a771b53a8f,gwsearch run
7936,1779714017.1749146,fc2098317d43af66664f0f1337a49fcd8e945f0f8e21c87ed1f6e9a771b53a8f,gwsearch run
7937,1779714584.9342377,fc2098317d43af66664f0f1337a49fcd8e945f0f8e21c87ed1f6e9a771b53a8f,gwsearch run
7938,1779715157.9106135,fc2098317d43af66664f0f1337a49fcd8e945f0f8e21c87ed1f6e9a771b53a8f,gwsearch run
7939,1779715725.7238922,fc2098317d43af66664f0f1337a49fcd8e945f0f8e21c87ed1f6e9a771b53a8f,gwsearch run
7940,1779716296.4164786,fc2098317d43af66664f0f1337a49fcd8e945f0f8e21c87ed1f6e9a771b53a8f,gwsearch run
7941,1779716865.1662748,fc2098317d43af66664f0f1337a49fcd8e945f0f8e21c87ed1f6e9a771b53a8f,gwsearch run
7942,1779717433.6585197,fc2098317d43af66664f0f1337a49fcd8e945f0f8e21c87ed1f6e9a771b53a8f,gwsearch run
7943,1779718000.6546323,fc2098317d43af66664f0f1337a49fcd8e945f0f8e21c87ed1f6e9a771b53a8f,gwsearch run
7944,1779718568.9503994,fc2098317d43af66664f0f1337a49fcd8e945f0f8e21c87ed1f6e9a771b53a8f,gwsearch run
7945,1779719144.1640563,fc2098317d43af66664f0f1337a49fcd8e945f0f8e21c87ed1f6e9a771b53a8f,gwsearch run
7946,1779719711.6688404,fc2098317d43af66664f0f1337a49fcd8e945f0f8e21c87ed1f6e9a771b53a8f,gwsearch run
7947,1779720279.1584103,fc2098317d43af66664f0f1337a49fcd8e945f0f8e21c87ed1f6e9a771b53a8f,gwsearch run
7948,1779720847.418615,fc2098317d43af66664f0f1337a49fcd8e945f0f8e21c87ed1f6e9a771b53a8f,gwsearch run
7949,1779721415.6676357,fc2098317d43af66664f0f1337a49fcd8e945f0f8e21c87ed1f6e9a771b53a8f,gwsearch run
7950,1779721994.182695,fc2098317d43af66664f0f1337a49fcd8e945f0f8e21c87ed1f6e9a771b53a8f,gwsearch run
7951,1779722563.1736312,fc2098317d43af66664f0f1337a49fcd8e945f0f8e21c87ed1f6e9a771b53a8f,gwsearch run
7952,1779723132.431251,fc2098317d43af66664f0f1337a49fcd8e945f0f8e21c87ed1f6e9a771b53a8f,gwsearch run
7953,1779723700.407972,fc2098317d43af66664f0f1337a49fcd8e945f0f8e21c87ed1f6e9a771b53a8f,gwsearch run
7954,1779724273.9132564,fc2098317d43af66664f0f1337a49fcd8e945f0f8e21c87ed1f6e9a771b53a8f,gwsearch run
7955,1779724840.9368303,fc2098317d43af66664f0f1337a49fcd8e945f0f8e21c87ed1f6e9a771b53a8f,gwsearch run
7956,1779725410.661793,fc2098317d43af66664f0f1337a49fcd8e945f0f8e21c87ed1f6e9a771b53a8f,gwsearch run
7957,1779725978.4165897,fc2098317d43af66664f0f1337a49fcd8e945f0f8e21c87ed1f6e9a771b53a8f,gwsearch run
7958,1779726550.8834631,fc2098317d43af66664f0f1337a49fcd8e945f0f8e21c87ed1f6e9a771b53a8f,gwsearch run
7959,1779727116.9212272,fc2098317d43af66664f0f1337a49fcd8e945f0f8e21c87ed1f6e9a771b53a8f,gwsearch run
7960,1779727689.680568,fc2098317d43af66664f0f1337a49fcd8e945f0f8e21c87ed1f6e9a771b53a8f,gwsearch run
7961,1779728256.6742597,fc2098317d43af66664f0f1337a49fcd8e945f0f8e21c87ed1f6e9a771b53a8f,gwsearch run
7962,1779728826.1931043,fc2098317d43af66664f0f1337a49fcd8e945f0f8e21c87ed1f6e9a771b53a8f,gwsearch run
7963,1779729393.1503115,fc2098317d43af66664f0f1337a49fcd8e945f0f8e21c87ed1f6e9a771b53a8f,gwsearch run
7964,1779729972.1640892,fc2098317d43af66664f0f1337a49fcd8e945f0f8e21c87ed1f6e9a771b53a8f,gwsearch run
7965,1779730546.3969882,fc2098317d43af66664f0f1337a49fcd8e945f0f8e21c87ed1f6e9a771b53a8f,gwsearch run
7966,1779731117.911984,fc2098317d43af66664f0f1337a49fcd8e945f0f8e21c87ed1f6e9a771b53a8f,gwsearch run
7967,1779731687.6635659,fc2098317d43af66664f0f1337a49fcd8e945f0f8e21c87ed1f6e9a771b53a8f,gwsearch run
7968,1779732256.1825075,fc2098317d43af66664f0f1337a49fcd8e945f0f8e21c87ed1f6e9a771b53a8f,gwsearch run
7969,1779732826.9256315,fc2098317d43af66664f0f1337a49fcd8e945f0f8e21c87ed1f6e9a771b53a8f,gwsearch run
7970,1779733403.4101975,fc2098317d43af66664f0f1337a49fcd8e945f0f8e21c87ed1f6e9a771b53a8f,gwsearch run
7971,1779733982.6695588,fc2098317d43af66664f0f1337a49fcd8e945f0f8e21c87ed1f6e9a771b53a8f,gwsearch run
7972,1779734549.4131384,fc2098317d43af66664f0f1337a49fcd8e945f0f8e21c87ed1f6e9a771b53a8f,gwsearch run
7973,1779735118.670961,fc2098317d43af66664f0f1337a49fcd8e945f0f8e21c87ed1f6e9a771b53a8f,gwsearch run
7974,1779735685.6559148,fc2098317d43af66664f0f1337a49fcd8e945f0f8e21c87ed1f6e9a771b53a8f,gwsearch run
7975,1779736262.4080672,fc2098317d43af66664f0f1337a49fcd8e945f0f8e21c87ed1f6e9a771b53a8f,gwsearch run
7976,1779736830.4443288,fc2098317d43af66664f0f1337a49fcd8e945f0f8e21c87ed1f6e9a771b53a8f,gwsearch run
7977,1779737399.433214,fc2098317d43af66664f0f1337a49fcd8e945f0f8e21c87ed1f6e9a771b53a8f,gwsearch run
7978,1779737965.712063,fc2098317d43af66664f0f1337a49fcd8e945f0f8e21c87ed1f6e9a771b53a8f,gwsearch run
7979,1779738533.6876426,fc2098317d43af66664f0f1337a49fcd8e945f0f8e21c87ed1f6e9a771b53a8f,gwsearch run
7980,1779739103.6650517,fc2098317d43af66664f0f1337a49fcd8e945f0f8e21c87ed1f6e9a771b53a8f,gwsearch run
7981,1779739670.1739929,fc2098317d43af66664f0f1337a49fcd8e945f0f8e21c87ed1f6e9a771b53a8f,gwsearch run
7982,1779740241.1823127,fc2098317d43af66664f0f1337a49fcd8e945f0f8e21c87ed1f6e9a771b53a8f,gwsearch run
7983,1779740809.9220974,fc2098317d43af66664f0f1337a49fcd8e945f0f8e21c87ed1f6e9a771b53a8f,gwsearch run
7984,1779741378.432398,fc2098317d43af66664f0f1337a49fcd8e945f0f8e21c87ed1f6e9a771b53a8f,gwsearch run
7985,1779741944.4365718,fc2098317d43af66664f0f1337a49fcd8e945f0f8e21c87ed1f6e9a771b53a8f,gwsearch run
7986,1779742511.6668584,fc2098317d43af66664f0f1337a49fcd8e945f0f8e21c87ed1f6e9a771b53a8f,gwsearch run
7987,1779743079.4308157,fc2098317d43af66664f0f1337a49fcd8e945f0f8e21c87ed1f6e9a771b53a8f,gwsearch run
7988,1779743648.9073071,fc2098317d43af66664f0f1337a49fcd8e945f0f8e21c87ed1f6e9a771b53a8f,gwsearch run
7989,1779744218.1560533,fc2098317d43af66664f0f1337a49fcd8e945f0f8e21c87ed1f6e9a771b53a8f,gwsearch run
7990,1779744786.1814,fc2098317d43af66664f0f1337a49fcd8e945f0f8e21c87ed1f6e9a771b53a8f,gwsearch run
7991,1779745353.9111178,fc2098317d43af66664f0f1337a49fcd8e945f0f8e21c87ed1f6e9a771b53a8f,gwsearch run
7992,1779745923.4036536,fc2098317d43af66664f0f1337a49fcd8e945f0f8e21c87ed1f6e9a771b53a8f,gwsearch run
7993,1779746491.6677115,fc2098317d43af66664f0f1337a49fcd8e945f0f8e21c87ed1f6e9a771b53a8f,gwsearch run
7994,1779747063.6832736,fc2098317d43af66664f0f1337a49fcd8e945f0f8e21c87ed1f6e9a771b53a8f,gwsearch run
7995,1779747630.900009,fc2098317d43af66664f0f1337a49fcd8e945f0f8e21c87ed1f6e9a771b53a8f,gwsearch run
7996,1779748201.6789308,fc2098317d43af66664f0f1337a49fcd8e945f0f8e21c87ed1f6e9a771b53a8f,gwsearch run
7997,1779748769.6663494,fc2098317d43af66664f0f1337a49fcd8e945f0f8e21c87ed1f6e9a771b53a8f,gwsearch run
7998,1779749336.421192,fc2098317d43af66664f0f1337a49fcd8e945f0f8e21c87ed1f6e9a771b53a8f,gwsearch run
7999,1779749911.1609216,fc2098317d43af66664f0f1337a49fcd8e945f0f8e21c87ed1f6e9a771b53a8f,gwsearch run
8000,1779750479.424343,fc2098317d43af66664f0f1337a49fcd8e945f0f8e21c87ed1f6e9a771b53a8f,gwsearch run
8001,1779751047.2017825,fc2098317d43af66664f0f1337a49fcd8e945f0f8e21c87ed1f6e9a771b53a8f,gwsearch run
8002,1779751613.6649418,fc2098317d43af66664f0f1337a49fcd8e945f0f8e21c87ed1f6e9a771b53a8f,gwsearch run
8003,1779752181.162034,fc2098317d43af66664f0f1337a49fcd8e945f0f8e21c87ed1f6e9a771b53a8f,gwsearch run
8004,1779752753.1785638,fc2098317d43af66664f0f1337a49fcd8e945f0f8e21c87ed1f6e9a771b53a8f,gwsearch run
8005,1779753322.1662664,fc2098317d43af66664f0f1337a49fcd8e945f0f8e21c87ed1f6e9a771b53a8f,gwsearch run
8006,1779753897.1557283,fc2098317d43af66664f0f1337a49fcd8e945f0f8e21c87ed1f6e9a771b53a8f,gwsearch run
8007,1779754464.1514568,fc2098317d43af66664f0f1337a49fcd8e945f0f8e21c87ed1f6e9a771b53a8f,gwsearch run
8008,1779755032.6619637,fc2098317d43af66664f0f1337a49fcd8e945f0f8e21c87ed1f6e9a771b53a8f,gwsearch run
8009,1779755599.6772745,fc2098317d43af66664f0f1337a49fcd8e945f0f8e21c87ed1f6e9a771b53a8f,gwsearch run
8010,1779756168.4283223,fc2098317d43af66664f0f1337a49fcd8e945f0f8e21c87ed1f6e9a771b53a8f,gwsearch run
8011,1779756736.6786678,fc2098317d43af66664f0f1337a49fcd8e945f0f8e21c87ed1f6e9a771b53a8f,gwsearch run
8012,1779757304.7614193,fc2098317d43af66664f0f1337a49fcd8e945f0f8e21c87ed1f6e9a771b53a8f,gwsearch run
8013,1779757887.941566,fc2098317d43af66664f0f1337a49fcd8e945f0f8e21c87ed1f6e9a771b53a8f,gwsearch run
8014,1779758455.4398143,fc2098317d43af66664f0f1337a49fcd8e945f0f8e21c87ed1f6e9a771b53a8f,gwsearch run
8015,1779759025.1539733,fc2098317d43af66664f0f1337a49fcd8e945f0f8e21c87ed1f6e9a771b53a8f,gwsearch run
8016,1779759595.6663399,fc2098317d43af66664f0f1337a49fcd8e945f0f8e21c87ed1f6e9a771b53a8f,gwsearch run
8017,1779760176.4222598,fc2098317d43af66664f0f1337a49fcd8e945f0f8e21c87ed1f6e9a771b53a8f,gwsearch run
8018,1779760743.6851368,fc2098317d43af66664f0f1337a49fcd8e945f0f8e21c87ed1f6e9a771b53a8f,gwsearch run
8019,1779761312.4100242,fc2098317d43af66664f0f1337a49fcd8e945f0f8e21c87ed1f6e9a771b53a8f,gwsearch run
8020,1779761891.1647131,fc2098317d43af66664f0f1337a49fcd8e945f0f8e21c87ed1f6e9a771b53a8f,gwsearch run
8021,1779762457.9190254,fc2098317d43af66664f0f1337a49fcd8e945f0f8e21c87ed1f6e9a771b53a8f,gwsearch run
8022,1779763026.9250443,fc2098317d43af66664f0f1337a49fcd8e945f0f8e21c87ed1f6e9a771b53a8f,gwsearch run
8023,1779763595.156995,fc2098317d43af66664f0f1337a49fcd8e945f0f8e21c87ed1f6e9a771b53a8f,gwsearch run
8024,1779764162.926864,fc2098317d43af66664f0f1337a49fcd8e945f0f8e21c87ed1f6e9a771b53a8f,gwsearch run
8025,1779764732.9486518,fc2098317d43af66664f0f1337a49fcd8e945f0f8e21c87ed1f6e9a771b53a8f,gwsearch run
8026,1779765303.1765852,fc2098317d43af66664f0f1337a49fcd8e945f0f8e21c87ed1f6e9a771b53a8f,gwsearch run
8027,1779765877.140106,fc2098317d43af66664f0f1337a49fcd8e945f0f8e21c87ed1f6e9a771b53a8f,gwsearch run
8028,1779766445.4134922,fc2098317d43af66664f0f1337a49fcd8e945f0f8e21c87ed1f6e9a771b53a8f,gwsearch run
8029,1779767013.4165921,fc2098317d43af66664f0f1337a49fcd8e945f0f8e21c87ed1f6e9a771b53a8f,gwsearch run
8030,1779767582.6699412,fc2098317d43af66664f0f1337a49fcd8e945f0f8e21c87ed1f6e9a771b53a8f,gwsearch run
8031,1779768152.413986,fc2098317d43af66664f0f1337a49fcd8e945f0f8e21c87ed1f6e9a771b53a8f,gwsearch run
8032,1779768721.9177375,fc2098317d43af66664f0f1337a49fcd8e945f0f8e21c87ed1f6e9a771b53a8f,gwsearch run
8033,1779769288.4403763,fc2098317d43af66664f0f1337a49fcd8e945f0f8e21c87ed1f6e9a771b53a8f,gwsearch run
8034,1779769856.1606221,fc2098317d43af66664f0f1337a49fcd8e945f0f8e21c87ed1f6e9a771b53a8f,gwsearch run
8035,1779770421.9260492,fc2098317d43af66664f0f1337a49fcd8e945f0f8e21c87ed1f6e9a771b53a8f,gwsearch run
8036,1779770990.7331507,fc2098317d43af66664f0f1337a49fcd8e945f0f8e21c87ed1f6e9a771b53a8f,gwsearch run
8037,1779771652.9333265,fc2098317d43af66664f0f1337a49fcd8e945f0f8e21c87ed1f6e9a771b53a8f,gwsearch run
8038,1779772221.1723676,fc2098317d43af66664f0f1337a49fcd8e945f0f8e21c87ed1f6e9a771b53a8f,gwsearch run
8039,1779772789.4303029,fc2098317d43af66664f0f1337a49fcd8e945f0f8e21c87ed1f6e9a771b53a8f,gwsearch run
8040,1779773356.9257097,fc2098317d43af66664f0f1337a49fcd8e945f0f8e21c87ed1f6e9a771b53a8f,gwsearch run
8041,1779773927.420808,fc2098317d43af66664f0f1337a49fcd8e945f0f8e21c87ed1f6e9a771b53a8f,gwsearch run
8042,1779774493.441018,fc2098317d43af66664f0f1337a49fcd8e945f0f8e21c87ed1f6e9a771b53a8f,gwsearch run
8043,1779775073.1812415,fc2098317d43af66664f0f1337a49fcd8e945f0f8e21c87ed1f6e9a771b53a8f,gwsearch run
8044,1779775641.1667347,fc2098317d43af66664f0f1337a49fcd8e945f0f8e21c87ed1f6e9a771b53a8f,gwsearch run
8045,1779776209.9148595,fc2098317d43af66664f0f1337a49fcd8e945f0f8e21c87ed1f6e9a771b53a8f,gwsearch run
8046,1779776782.1785703,fc2098317d43af66664f0f1337a49fcd8e945f0f8e21c87ed1f6e9a771b53a8f,gwsearch run
8047,1779777351.1655948,fc2098317d43af66664f0f1337a49fcd8e945f0f8e21c87ed1f6e9a771b53a8f,gwsearch run
8048,1779777918.6715066,fc2098317d43af66664f0f1337a49fcd8e945f0f8e21c87ed1f6e9a771b53a8f,gwsearch run
8049,1779778486.4427938,fc2098317d43af66664f0f1337a49fcd8e945f0f8e21c87ed1f6e9a771b53a8f,gwsearch run
8050,1779779364.6613305,fc2098317d43af66664f0f1337a49fcd8e945f0f8e21c87ed1f6e9a771b53a8f,gwsearch run
8051,1779779932.1378684,fc2098317d43af66664f0f1337a49fcd8e945f0f8e21c87ed1f6e9a771b53a8f,gwsearch run
8052,1779780503.1715765,fc2098317d43af66664f0f1337a49fcd8e945f0f8e21c87ed1f6e9a771b53a8f,gwsearch run
8053,1779781072.1583302,fc2098317d43af66664f0f1337a49fcd8e945f0f8e21c87ed1f6e9a771b53a8f,gwsearch run
8054,1779781640.1800833,fc2098317d43af66664f0f1337a49fcd8e945f0f8e21c87ed1f6e9a771b53a8f,gwsearch run
8055,1779782219.1631885,fc2098317d43af66664f0f1337a49fcd8e945f0f8e21c87ed1f6e9a771b53a8f,gwsearch run
8056,1779782788.4122605,fc2098317d43af66664f0f1337a49fcd8e945f0f8e21c87ed1f6e9a771b53a8f,gwsearch run
8057,1779783365.420998,fc2098317d43af66664f0f1337a49fcd8e945f0f8e21c87ed1f6e9a771b53a8f,gwsearch run
8058,1779783933.6383603,fc2098317d43af66664f0f1337a49fcd8e945f0f8e21c87ed1f6e9a771b53a8f,gwsearch run
8059,1779784511.16827,fc2098317d43af66664f0f1337a49fcd8e945f0f8e21c87ed1f6e9a771b53a8f,gwsearch run
8060,1779785089.4293647,fc2098317d43af66664f0f1337a49fcd8e945f0f8e21c87ed1f6e9a771b53a8f,gwsearch run
8061,1779785657.6503162,fc2098317d43af66664f0f1337a49fcd8e945f0f8e21c87ed1f6e9a771b53a8f,gwsearch run
8062,1779786227.4099083,fc2098317d43af66664f0f1337a49fcd8e945f0f8e21c87ed1f6e9a771b53a8f,gwsearch run
8063,1779786796.4196024,fc2098317d43af66664f0f1337a49fcd8e945f0f8e21c87ed1f6e9a771b53a8f,gwsearch run
8064,1779787371.9085279,fc2098317d43af66664f0f1337a49fcd8e945f0f8e21c87ed1f6e9a771b53a8f,gwsearch run
8065,1779787939.439875,fc2098317d43af66664f0f1337a49fcd8e945f0f8e21c87ed1f6e9a771b53a8f,gwsearch run
8066,1779788508.9000788,fc2098317d43af66664f0f1337a49fcd8e945f0f8e21c87ed1f6e9a771b53a8f,gwsearch run
8067,1779789080.180193,fc2098317d43af66664f0f1337a49fcd8e945f0f8e21c87ed1f6e9a771b53a8f,gwsearch run
8068,1779789649.9074042,fc2098317d43af66664f0f1337a49fcd8e945f0f8e21c87ed1f6e9a771b53a8f,gwsearch run
8069,1779790217.911207,fc2098317d43af66664f0f1337a49fcd8e945f0f8e21c87ed1f6e9a771b53a8f,gwsearch run
8070,1779790785.0107732,fc2098317d43af66664f0f1337a49fcd8e945f0f8e21c87ed1f6e9a771b53a8f,gwsearch run
8071,1779791354.676582,fc2098317d43af66664f0f1337a49fcd8e945f0f8e21c87ed1f6e9a771b53a8f,gwsearch run
8072,1779791921.6581097,fc2098317d43af66664f0f1337a49fcd8e945f0f8e21c87ed1f6e9a771b53a8f,gwsearch run
8073,1779792488.9141686,fc2098317d43af66664f0f1337a49fcd8e945f0f8e21c87ed1f6e9a771b53a8f,gwsearch run
8074,1779793057.1735728,fc2098317d43af66664f0f1337a49fcd8e945f0f8e21c87ed1f6e9a771b53a8f,gwsearch run
8075,1779793626.909927,fc2098317d43af66664f0f1337a49fcd8e945f0f8e21c87ed1f6e9a771b53a8f,gwsearch run
8076,1779794203.1752586,fc2098317d43af66664f0f1337a49fcd8e945f0f8e21c87ed1f6e9a771b53a8f,gwsearch run
8077,1779794772.954094,fc2098317d43af66664f0f1337a49fcd8e945f0f8e21c87ed1f6e9a771b53a8f,gwsearch run
8078,1779795341.1462648,fc2098317d43af66664f0f1337a49fcd8e945f0f8e21c87ed1f6e9a771b53a8f,gwsearch run
8079,1779795911.6598,fc2098317d43af66664f0f1337a49fcd8e945f0f8e21c87ed1f6e9a771b53a8f,gwsearch run
8080,1779796479.6621509,fc2098317d43af66664f0f1337a49fcd8e945f0f8e21c87ed1f6e9a771b53a8f,gwsearch run
8081,1779797047.4269137,fc2098317d43af66664f0f1337a49fcd8e945f0f8e21c87ed1f6e9a771b53a8f,gwsearch run
8082,1779797617.4251254,fc2098317d43af66664f0f1337a49fcd8e945f0f8e21c87ed1f6e9a771b53a8f,gwsearch run
8083,1779798186.1662576,fc2098317d43af66664f0f1337a49fcd8e945f0f8e21c87ed1f6e9a771b53a8f,gwsearch run
8084,1779798753.8956022,fc2098317d43af66664f0f1337a49fcd8e945f0f8e21c87ed1f6e9a771b53a8f,gwsearch run
8085,1779799322.6520503,fc2098317d43af66664f0f1337a49fcd8e945f0f8e21c87ed1f6e9a771b53a8f,gwsearch run
8086,1779799890.9422193,fc2098317d43af66664f0f1337a49fcd8e945f0f8e21c87ed1f6e9a771b53a8f,gwsearch run
8087,1779800459.1309457,fc2098317d43af66664f0f1337a49fcd8e945f0f8e21c87ed1f6e9a771b53a8f,gwsearch run
8088,1779801032.898799,fc2098317d43af66664f0f1337a49fcd8e945f0f8e21c87ed1f6e9a771b53a8f,gwsearch run
8089,1779801607.671868,fc2098317d43af66664f0f1337a49fcd8e945f0f8e21c87ed1f6e9a771b53a8f,gwsearch run
8090,1779802174.168472,fc2098317d43af66664f0f1337a49fcd8e945f0f8e21c87ed1f6e9a771b53a8f,gwsearch run
8091,1779802746.4253187,fc2098317d43af66664f0f1337a49fcd8e945f0f8e21c87ed1f6e9a771b53a8f,gwsearch run
8092,1779803315.4037807,fc2098317d43af66664f0f1337a49fcd8e945f0f8e21c87ed1f6e9a771b53a8f,gwsearch run
8093,1779803884.679887,fc2098317d43af66664f0f1337a49fcd8e945f0f8e21c87ed1f6e9a771b53a8f,gwsearch run
8094,1779804461.9087753,fc2098317d43af66664f0f1337a49fcd8e945f0f8e21c87ed1f6e9a771b53a8f,gwsearch run
8095,1779805033.9249158,fc2098317d43af66664f0f1337a49fcd8e945f0f8e21c87ed1f6e9a771b53a8f,gwsearch run
8096,1779805602.4196572,fc2098317d43af66664f0f1337a49fcd8e945f0f8e21c87ed1f6e9a771b53a8f,gwsearch run
8097,1779806170.9052489,fc2098317d43af66664f0f1337a49fcd8e945f0f8e21c87ed1f6e9a771b53a8f,gwsearch run
8098,1779806742.8956797,fc2098317d43af66664f0f1337a49fcd8e945f0f8e21c87ed1f6e9a771b53a8f,gwsearch run
8099,1779807310.424194,fc2098317d43af66664f0f1337a49fcd8e945f0f8e21c87ed1f6e9a771b53a8f,gwsearch run
8100,1779807878.9109724,fc2098317d43af66664f0f1337a49fcd8e945f0f8e21c87ed1f6e9a771b53a8f,gwsearch run
8101,1779808447.920616,fc2098317d43af66664f0f1337a49fcd8e945f0f8e21c87ed1f6e9a771b53a8f,gwsearch run
8102,1779809014.9094496,fc2098317d43af66664f0f1337a49fcd8e945f0f8e21c87ed1f6e9a771b53a8f,gwsearch run
8103,1779809582.9045208,fc2098317d43af66664f0f1337a49fcd8e945f0f8e21c87ed1f6e9a771b53a8f,gwsearch run
8104,1779810159.6819196,fc2098317d43af66664f0f1337a49fcd8e945f0f8e21c87ed1f6e9a771b53a8f,gwsearch run
8105,1779810725.438447,fc2098317d43af66664f0f1337a49fcd8e945f0f8e21c87ed1f6e9a771b53a8f,gwsearch run
8106,1779811292.9295177,fc2098317d43af66664f0f1337a49fcd8e945f0f8e21c87ed1f6e9a771b53a8f,gwsearch run
8107,1779811867.1688714,fc2098317d43af66664f0f1337a49fcd8e945f0f8e21c87ed1f6e9a771b53a8f,gwsearch run
8108,1779812444.9116282,fc2098317d43af66664f0f1337a49fcd8e945f0f8e21c87ed1f6e9a771b53a8f,gwsearch run
8109,1779813020.6596217,fc2098317d43af66664f0f1337a49fcd8e945f0f8e21c87ed1f6e9a771b53a8f,gwsearch run
8110,1779813588.435829,fc2098317d43af66664f0f1337a49fcd8e945f0f8e21c87ed1f6e9a771b53a8f,gwsearch run
8111,1779814157.1632724,fc2098317d43af66664f0f1337a49fcd8e945f0f8e21c87ed1f6e9a771b53a8f,gwsearch run
8112,1779814730.4361672,fc2098317d43af66664f0f1337a49fcd8e945f0f8e21c87ed1f6e9a771b53a8f,gwsearch run
8113,1779815300.1568832,fc2098317d43af66664f0f1337a49fcd8e945f0f8e21c87ed1f6e9a771b53a8f,gwsearch run
8114,1779815869.4305165,fc2098317d43af66664f0f1337a49fcd8e945f0f8e21c87ed1f6e9a771b53a8f,gwsearch run
8115,1779816447.1539056,fc2098317d43af66664f0f1337a49fcd8e945f0f8e21c87ed1f6e9a771b53a8f,gwsearch run
8116,1779817013.9392648,fc2098317d43af66664f0f1337a49fcd8e945f0f8e21c87ed1f6e9a771b53a8f,gwsearch run
8117,1779817583.4418235,fc2098317d43af66664f0f1337a49fcd8e945f0f8e21c87ed1f6e9a771b53a8f,gwsearch run
8118,1779818162.1855474,fc2098317d43af66664f0f1337a49fcd8e945f0f8e21c87ed1f6e9a771b53a8f,gwsearch run
8119,1779818730.9085414,fc2098317d43af66664f0f1337a49fcd8e945f0f8e21c87ed1f6e9a771b53a8f,gwsearch run
8120,1779819298.1782463,fc2098317d43af66664f0f1337a49fcd8e945f0f8e21c87ed1f6e9a771b53a8f,gwsearch run
8121,1779819867.2390943,fc2098317d43af66664f0f1337a49fcd8e945f0f8e21c87ed1f6e9a771b53a8f,gwsearch run
8122,1779820436.1770644,fc2098317d43af66664f0f1337a49fcd8e945f0f8e21c87ed1f6e9a771b53a8f,gwsearch run
8123,1779821004.913734,fc2098317d43af66664f0f1337a49fcd8e945f0f8e21c87ed1f6e9a771b53a8f,gwsearch run
8124,1779821573.4080157,fc2098317d43af66664f0f1337a49fcd8e945f0f8e21c87ed1f6e9a771b53a8f,gwsearch run
8125,1779822147.939241,fc2098317d43af66664f0f1337a49fcd8e945f0f8e21c87ed1f6e9a771b53a8f,gwsearch run
8126,1779822716.4087715,fc2098317d43af66664f0f1337a49fcd8e945f0f8e21c87ed1f6e9a771b53a8f,gwsearch run
8127,1779823284.952224,fc2098317d43af66664f0f1337a49fcd8e945f0f8e21c87ed1f6e9a771b53a8f,gwsearch run
8128,1779823857.1673217,fc2098317d43af66664f0f1337a49fcd8e945f0f8e21c87ed1f6e9a771b53a8f,gwsearch run
8129,1779824427.1948183,fc2098317d43af66664f0f1337a49fcd8e945f0f8e21c87ed1f6e9a771b53a8f,gwsearch run
8130,1779824997.6609695,fc2098317d43af66664f0f1337a49fcd8e945f0f8e21c87ed1f6e9a771b53a8f,gwsearch run
8131,1779825566.207073,fc2098317d43af66664f0f1337a49fcd8e945f0f8e21c87ed1f6e9a771b53a8f,gwsearch run
8132,1779826133.1591702,fc2098317d43af66664f0f1337a49fcd8e945f0f8e21c87ed1f6e9a771b53a8f,gwsearch run
8133,1779826703.1531703,fc2098317d43af66664f0f1337a49fcd8e945f0f8e21c87ed1f6e9a771b53a8f,gwsearch run
8134,1779827271.1764429,fc2098317d43af66664f0f1337a49fcd8e945f0f8e21c87ed1f6e9a771b53a8f,gwsearch run
8135,1779827837.1663127,fc2098317d43af66664f0f1337a49fcd8e945f0f8e21c87ed1f6e9a771b53a8f,gwsearch run
8136,1779828408.3969038,fc2098317d43af66664f0f1337a49fcd8e945f0f8e21c87ed1f6e9a771b53a8f,gwsearch run
8137,1779828986.1664686,fc2098317d43af66664f0f1337a49fcd8e945f0f8e21c87ed1f6e9a771b53a8f,gwsearch run
8138,1779829560.663481,fc2098317d43af66664f0f1337a49fcd8e945f0f8e21c87ed1f6e9a771b53a8f,gwsearch run
8139,1779830128.4101734,fc2098317d43af66664f0f1337a49fcd8e945f0f8e21c87ed1f6e9a771b53a8f,gwsearch run
8140,1779830698.9084115,fc2098317d43af66664f0f1337a49fcd8e945f0f8e21c87ed1f6e9a771b53a8f,gwsearch run
8141,1779831270.4246767,fc2098317d43af66664f0f1337a49fcd8e945f0f8e21c87ed1f6e9a771b53a8f,gwsearch run
8142,1779831837.424111,fc2098317d43af66664f0f1337a49fcd8e945f0f8e21c87ed1f6e9a771b53a8f,gwsearch run
8143,1779832405.4657161,fc2098317d43af66664f0f1337a49fcd8e945f0f8e21c87ed1f6e9a771b53a8f,gwsearch run
8144,1779833083.9131474,fc2098317d43af66664f0f1337a49fcd8e945f0f8e21c87ed1f6e9a771b53a8f,gwsearch run
8145,1779833651.6816704,fc2098317d43af66664f0f1337a49fcd8e945f0f8e21c87ed1f6e9a771b53a8f,gwsearch run
8146,1779834220.6821187,fc2098317d43af66664f0f1337a49fcd8e945f0f8e21c87ed1f6e9a771b53a8f,gwsearch run
8147,1779834807.633332,fc2098317d43af66664f0f1337a49fcd8e945f0f8e21c87ed1f6e9a771b53a8f,gwsearch run
8148,1779835374.9186769,fc2098317d43af66664f0f1337a49fcd8e945f0f8e21c87ed1f6e9a771b53a8f,gwsearch run
8149,1779835944.1641011,fc2098317d43af66664f0f1337a49fcd8e945f0f8e21c87ed1f6e9a771b53a8f,gwsearch run
8150,1779836513.675335,fc2098317d43af66664f0f1337a49fcd8e945f0f8e21c87ed1f6e9a771b53a8f,gwsearch run
8151,1779837080.4306638,fc2098317d43af66664f0f1337a49fcd8e945f0f8e21c87ed1f6e9a771b53a8f,gwsearch run
8152,1779837650.9133196,fc2098317d43af66664f0f1337a49fcd8e945f0f8e21c87ed1f6e9a771b53a8f,gwsearch run
8153,1779838219.659022,fc2098317d43af66664f0f1337a49fcd8e945f0f8e21c87ed1f6e9a771b53a8f,gwsearch run
8154,1779838792.9128242,fc2098317d43af66664f0f1337a49fcd8e945f0f8e21c87ed1f6e9a771b53a8f,gwsearch run
8155,1779839372.658018,fc2098317d43af66664f0f1337a49fcd8e945f0f8e21c87ed1f6e9a771b53a8f,gwsearch run
8156,1779839940.9144647,fc2098317d43af66664f0f1337a49fcd8e945f0f8e21c87ed1f6e9a771b53a8f,gwsearch run
8157,1779840507.1711633,fc2098317d43af66664f0f1337a49fcd8e945f0f8e21c87ed1f6e9a771b53a8f,gwsearch run
8158,1779841075.6751368,fc2098317d43af66664f0f1337a49fcd8e945f0f8e21c87ed1f6e9a771b53a8f,gwsearch run
8159,1779841642.6753087,fc2098317d43af66664f0f1337a49fcd8e945f0f8e21c87ed1f6e9a771b53a8f,gwsearch run
8160,1779842210.4159229,fc2098317d43af66664f0f1337a49fcd8e945f0f8e21c87ed1f6e9a771b53a8f,gwsearch run
8161,1779842779.1647367,fc2098317d43af66664f0f1337a49fcd8e945f0f8e21c87ed1f6e9a771b53a8f,gwsearch run
8162,1779843346.9940548,fc2098317d43af66664f0f1337a49fcd8e945f0f8e21c87ed1f6e9a771b53a8f,gwsearch run
8163,1779844015.1743739,fc2098317d43af66664f0f1337a49fcd8e945f0f8e21c87ed1f6e9a771b53a8f,gwsearch run
8164,1779844582.6524467,fc2098317d43af66664f0f1337a49fcd8e945f0f8e21c87ed1f6e9a771b53a8f,gwsearch run
8165,1779845153.1696146,fc2098317d43af66664f0f1337a49fcd8e945f0f8e21c87ed1f6e9a771b53a8f,gwsearch run
8166,1779845720.435715,fc2098317d43af66664f0f1337a49fcd8e945f0f8e21c87ed1f6e9a771b53a8f,gwsearch run
8167,1779846289.1672263,fc2098317d43af66664f0f1337a49fcd8e945f0f8e21c87ed1f6e9a771b53a8f,gwsearch run
8168,1779846857.6665332,fc2098317d43af66664f0f1337a49fcd8e945f0f8e21c87ed1f6e9a771b53a8f,gwsearch run
8169,1779847427.4156303,fc2098317d43af66664f0f1337a49fcd8e945f0f8e21c87ed1f6e9a771b53a8f,gwsearch run
8170,1779847995.1727426,fc2098317d43af66664f0f1337a49fcd8e945f0f8e21c87ed1f6e9a771b53a8f,gwsearch run
8171,1779848562.6783278,fc2098317d43af66664f0f1337a49fcd8e945f0f8e21c87ed1f6e9a771b53a8f,gwsearch run
8172,1779849131.181745,fc2098317d43af66664f0f1337a49fcd8e945f0f8e21c87ed1f6e9a771b53a8f,gwsearch run
8173,1779849699.1840272,fc2098317d43af66664f0f1337a49fcd8e945f0f8e21c87ed1f6e9a771b53a8f,gwsearch run
8174,1779850264.6793509,fc2098317d43af66664f0f1337a49fcd8e945f0f8e21c87ed1f6e9a771b53a8f,gwsearch run
8175,1779850831.429365,fc2098317d43af66664f0f1337a49fcd8e945f0f8e21c87ed1f6e9a771b53a8f,gwsearch run
8176,1779851397.6649513,fc2098317d43af66664f0f1337a49fcd8e945f0f8e21c87ed1f6e9a771b53a8f,gwsearch run
8177,1779851965.1558626,fc2098317d43af66664f0f1337a49fcd8e945f0f8e21c87ed1f6e9a771b53a8f,gwsearch run
8178,1779852531.9134426,fc2098317d43af66664f0f1337a49fcd8e945f0f8e21c87ed1f6e9a771b53a8f,gwsearch run
8179,1779853098.9247184,fc2098317d43af66664f0f1337a49fcd8e945f0f8e21c87ed1f6e9a771b53a8f,gwsearch run
8180,1779853667.6787937,fc2098317d43af66664f0f1337a49fcd8e945f0f8e21c87ed1f6e9a771b53a8f,gwsearch run
8181,1779854234.185044,fc2098317d43af66664f0f1337a49fcd8e945f0f8e21c87ed1f6e9a771b53a8f,gwsearch run
8182,1779854801.414173,fc2098317d43af66664f0f1337a49fcd8e945f0f8e21c87ed1f6e9a771b53a8f,gwsearch run
8183,1779855369.185184,fc2098317d43af66664f0f1337a49fcd8e945f0f8e21c87ed1f6e9a771b53a8f,gwsearch run
8184,1779855937.6579702,fc2098317d43af66664f0f1337a49fcd8e945f0f8e21c87ed1f6e9a771b53a8f,gwsearch run
8185,1779856503.9222693,fc2098317d43af66664f0f1337a49fcd8e945f0f8e21c87ed1f6e9a771b53a8f,gwsearch run
8186,1779857070.431071,fc2098317d43af66664f0f1337a49fcd8e945f0f8e21c87ed1f6e9a771b53a8f,gwsearch run
8187,1779857638.9218204,fc2098317d43af66664f0f1337a49fcd8e945f0f8e21c87ed1f6e9a771b53a8f,gwsearch run
8188,1779858205.676131,fc2098317d43af66664f0f1337a49fcd8e945f0f8e21c87ed1f6e9a771b53a8f,gwsearch run
8189,1779858773.4014564,fc2098317d43af66664f0f1337a49fcd8e945f0f8e21c87ed1f6e9a771b53a8f,gwsearch run
8190,1779859339.9129772,fc2098317d43af66664f0f1337a49fcd8e945f0f8e21c87ed1f6e9a771b53a8f,gwsearch run
8191,1779859906.6563826,fc2098317d43af66664f0f1337a49fcd8e945f0f8e21c87ed1f6e9a771b53a8f,gwsearch run
8192,1779860475.174829,fc2098317d43af66664f0f1337a49fcd8e945f0f8e21c87ed1f6e9a771b53a8f,gwsearch run
8193,1779861043.924646,fc2098317d43af66664f0f1337a49fcd8e945f0f8e21c87ed1f6e9a771b53a8f,gwsearch run
8194,1779861610.4222443,fc2098317d43af66664f0f1337a49fcd8e945f0f8e21c87ed1f6e9a771b53a8f,gwsearch run
8195,1779862187.1513548,fc2098317d43af66664f0f1337a49fcd8e945f0f8e21c87ed1f6e9a771b53a8f,gwsearch run
8196,1779862756.4142077,fc2098317d43af66664f0f1337a49fcd8e945f0f8e21c87ed1f6e9a771b53a8f,gwsearch run
8197,1779863328.9102983,fc2098317d43af66664f0f1337a49fcd8e945f0f8e21c87ed1f6e9a771b53a8f,gwsearch run
8198,1779863895.6544192,fc2098317d43af66664f0f1337a49fcd8e945f0f8e21c87ed1f6e9a771b53a8f,gwsearch run
8199,1779864462.4209034,fc2098317d43af66664f0f1337a49fcd8e945f0f8e21c87ed1f6e9a771b53a8f,gwsearch run
8200,1779865029.9144502,fc2098317d43af66664f0f1337a49fcd8e945f0f8e21c87ed1f6e9a771b53a8f,gwsearch run
8201,1779865597.4125907,fc2098317d43af66664f0f1337a49fcd8e945f0f8e21c87ed1f6e9a771b53a8f,gwsearch run
8202,1779866164.915978,fc2098317d43af66664f0f1337a49fcd8e945f0f8e21c87ed1f6e9a771b53a8f,gwsearch run
8203,1779866731.6585095,fc2098317d43af66664f0f1337a49fcd8e945f0f8e21c87ed1f6e9a771b53a8f,gwsearch run
8204,1779867312.4455795,fc2098317d43af66664f0f1337a49fcd8e945f0f8e21c87ed1f6e9a771b53a8f,gwsearch run
8205,1779867887.8976846,fc2098317d43af66664f0f1337a49fcd8e945f0f8e21c87ed1f6e9a771b53a8f,gwsearch run
8206,1779868457.659032,fc2098317d43af66664f0f1337a49fcd8e945f0f8e21c87ed1f6e9a771b53a8f,gwsearch run
8207,1779869025.909726,fc2098317d43af66664f0f1337a49fcd8e945f0f8e21c87ed1f6e9a771b53a8f,gwsearch run
8208,1779869595.1540852,fc2098317d43af66664f0f1337a49fcd8e945f0f8e21c87ed1f6e9a771b53a8f,gwsearch run
8209,1779870164.6720395,fc2098317d43af66664f0f1337a49fcd8e945f0f8e21c87ed1f6e9a771b53a8f,gwsearch run
8210,1779870731.4178324,fc2098317d43af66664f0f1337a49fcd8e945f0f8e21c87ed1f6e9a771b53a8f,gwsearch run
8211,1779871307.1911354,fc2098317d43af66664f0f1337a49fcd8e945f0f8e21c87ed1f6e9a771b53a8f,gwsearch run
8212,1779871875.4478445,fc2098317d43af66664f0f1337a49fcd8e945f0f8e21c87ed1f6e9a771b53a8f,gwsearch run
8213,1779872443.9068036,fc2098317d43af66664f0f1337a49fcd8e945f0f8e21c87ed1f6e9a771b53a8f,gwsearch run
8214,1779873012.1926,fc2098317d43af66664f0f1337a49fcd8e945f0f8e21c87ed1f6e9a771b53a8f,gwsearch run
8215,1779873582.1803565,fc2098317d43af66664f0f1337a49fcd8e945f0f8e21c87ed1f6e9a771b53a8f,gwsearch run
8216,1779874150.15752,fc2098317d43af66664f0f1337a49fcd8e945f0f8e21c87ed1f6e9a771b53a8f,gwsearch run
8217,1779874716.148907,fc2098317d43af66664f0f1337a49fcd8e945f0f8e21c87ed1f6e9a771b53a8f,gwsearch run
8218,1779875283.149231,fc2098317d43af66664f0f1337a49fcd8e945f0f8e21c87ed1f6e9a771b53a8f,gwsearch run
8219,1779875849.4041052,fc2098317d43af66664f0f1337a49fcd8e945f0f8e21c87ed1f6e9a771b53a8f,gwsearch run
8220,1779876416.6781483,fc2098317d43af66664f0f1337a49fcd8e945f0f8e21c87ed1f6e9a771b53a8f,gwsearch run
8221,1779876985.3950903,fc2098317d43af66664f0f1337a49fcd8e945f0f8e21c87ed1f6e9a771b53a8f,gwsearch run
8222,1779877555.9110618,fc2098317d43af66664f0f1337a49fcd8e945f0f8e21c87ed1f6e9a771b53a8f,gwsearch run
8223,1779878124.9019284,fc2098317d43af66664f0f1337a49fcd8e945f0f8e21c87ed1f6e9a771b53a8f,gwsearch run
8224,1779878692.4107637,fc2098317d43af66664f0f1337a49fcd8e945f0f8e21c87ed1f6e9a771b53a8f,gwsearch run
8225,1779879259.9073467,fc2098317d43af66664f0f1337a49fcd8e945f0f8e21c87ed1f6e9a771b53a8f,gwsearch run
8226,1779879826.9204488,fc2098317d43af66664f0f1337a49fcd8e945f0f8e21c87ed1f6e9a771b53a8f,gwsearch run
8227,1779880399.9053261,fc2098317d43af66664f0f1337a49fcd8e945f0f8e21c87ed1f6e9a771b53a8f,gwsearch run
8228,1779880966.6814494,fc2098317d43af66664f0f1337a49fcd8e945f0f8e21c87ed1f6e9a771b53a8f,gwsearch run
8229,1779881535.1619444,fc2098317d43af66664f0f1337a49fcd8e945f0f8e21c87ed1f6e9a771b53a8f,gwsearch run
8230,1779882104.396886,fc2098317d43af66664f0f1337a49fcd8e945f0f8e21c87ed1f6e9a771b53a8f,gwsearch run
8231,1779882671.4174426,fc2098317d43af66664f0f1337a49fcd8e945f0f8e21c87ed1f6e9a771b53a8f,gwsearch run
8232,1779883240.9161215,fc2098317d43af66664f0f1337a49fcd8e945f0f8e21c87ed1f6e9a771b53a8f,gwsearch run
8233,1779883809.6500576,fc2098317d43af66664f0f1337a49fcd8e945f0f8e21c87ed1f6e9a771b53a8f,gwsearch run
8234,1779884376.9407516,fc2098317d43af66664f0f1337a49fcd8e945f0f8e21c87ed1f6e9a771b53a8f,gwsearch run
8235,1779884958.1683106,fc2098317d43af66664f0f1337a49fcd8e945f0f8e21c87ed1f6e9a771b53a8f,gwsearch run
8236,1779885525.3914046,fc2098317d43af66664f0f1337a49fcd8e945f0f8e21c87ed1f6e9a771b53a8f,gwsearch run
8237,1779886094.6851304,fc2098317d43af66664f0f1337a49fcd8e945f0f8e21c87ed1f6e9a771b53a8f,gwsearch run
8238,1779886661.4070594,fc2098317d43af66664f0f1337a49fcd8e945f0f8e21c87ed1f6e9a771b53a8f,gwsearch run
8239,1779887232.8941867,fc2098317d43af66664f0f1337a49fcd8e945f0f8e21c87ed1f6e9a771b53a8f,gwsearch run
8240,1779887808.6640525,fc2098317d43af66664f0f1337a49fcd8e945f0f8e21c87ed1f6e9a771b53a8f,gwsearch run
8241,1779888378.1624448,fc2098317d43af66664f0f1337a49fcd8e945f0f8e21c87ed1f6e9a771b53a8f,gwsearch run
8242,1779888945.9255118,fc2098317d43af66664f0f1337a49fcd8e945f0f8e21c87ed1f6e9a771b53a8f,gwsearch run
8243,1779889520.9164174,fc2098317d43af66664f0f1337a49fcd8e945f0f8e21c87ed1f6e9a771b53a8f,gwsearch run
8244,1779890091.9574883,fc2098317d43af66664f0f1337a49fcd8e945f0f8e21c87ed1f6e9a771b53a8f,gwsearch run
8245,1779890661.732304,fc2098317d43af66664f0f1337a49fcd8e945f0f8e21c87ed1f6e9a771b53a8f,gwsearch run
8246,1779891328.4163053,fc2098317d43af66664f0f1337a49fcd8e945f0f8e21c87ed1f6e9a771b53a8f,gwsearch run
8247,1779891895.426732,fc2098317d43af66664f0f1337a49fcd8e945f0f8e21c87ed1f6e9a771b53a8f,gwsearch run
8248,1779892462.6838794,fc2098317d43af66664f0f1337a49fcd8e945f0f8e21c87ed1f6e9a771b53a8f,gwsearch run
8249,1779893031.7016928,fc2098317d43af66664f0f1337a49fcd8e945f0f8e21c87ed1f6e9a771b53a8f,gwsearch run
8250,1779893599.9221272,fc2098317d43af66664f0f1337a49fcd8e945f0f8e21c87ed1f6e9a771b53a8f,gwsearch run
8251,1779894168.3950918,fc2098317d43af66664f0f1337a49fcd8e945f0f8e21c87ed1f6e9a771b53a8f,gwsearch run
8252,1779894737.3992739,fc2098317d43af66664f0f1337a49fcd8e945f0f8e21c87ed1f6e9a771b53a8f,gwsearch run
8253,1779895302.928009,fc2098317d43af66664f0f1337a49fcd8e945f0f8e21c87ed1f6e9a771b53a8f,gwsearch run
8254,1779895870.4118583,fc2098317d43af66664f0f1337a49fcd8e945f0f8e21c87ed1f6e9a771b53a8f,gwsearch run
8255,1779896447.6540594,fc2098317d43af66664f0f1337a49fcd8e945f0f8e21c87ed1f6e9a771b53a8f,gwsearch run
8256,1779897013.651486,fc2098317d43af66664f0f1337a49fcd8e945f0f8e21c87ed1f6e9a771b53a8f,gwsearch run
8257,1779897583.403032,fc2098317d43af66664f0f1337a49fcd8e945f0f8e21c87ed1f6e9a771b53a8f,gwsearch run
8258,1779898158.4506147,fc2098317d43af66664f0f1337a49fcd8e945f0f8e21c87ed1f6e9a771b53a8f,gwsearch run
8259,1779898724.4390638,fc2098317d43af66664f0f1337a49fcd8e945f0f8e21c87ed1f6e9a771b53a8f,gwsearch run
8260,1779899290.4393294,fc2098317d43af66664f0f1337a49fcd8e945f0f8e21c87ed1f6e9a771b53a8f,gwsearch run
8261,1779899878.1515694,fc2098317d43af66664f0f1337a49fcd8e945f0f8e21c87ed1f6e9a771b53a8f,gwsearch run
8262,1779900446.174411,fc2098317d43af66664f0f1337a49fcd8e945f0f8e21c87ed1f6e9a771b53a8f,gwsearch run
8263,1779901011.6663651,fc2098317d43af66664f0f1337a49fcd8e945f0f8e21c87ed1f6e9a771b53a8f,gwsearch run
8264,1779901579.926666,fc2098317d43af66664f0f1337a49fcd8e945f0f8e21c87ed1f6e9a771b53a8f,gwsearch run
8265,1779902149.9436302,fc2098317d43af66664f0f1337a49fcd8e945f0f8e21c87ed1f6e9a771b53a8f,gwsearch run
8266,1779902718.4190333,fc2098317d43af66664f0f1337a49fcd8e945f0f8e21c87ed1f6e9a771b53a8f,gwsearch run
8267,1779903290.9127905,fc2098317d43af66664f0f1337a49fcd8e945f0f8e21c87ed1f6e9a771b53a8f,gwsearch run
8268,1779903857.4298615,fc2098317d43af66664f0f1337a49fcd8e945f0f8e21c87ed1f6e9a771b53a8f,gwsearch run
8269,1779904425.2162185,fc2098317d43af66664f0f1337a49fcd8e945f0f8e21c87ed1f6e9a771b53a8f,gwsearch run
8270,1779904995.417813,fc2098317d43af66664f0f1337a49fcd8e945f0f8e21c87ed1f6e9a771b53a8f,gwsearch run
8271,1779905563.424321,fc2098317d43af66664f0f1337a49fcd8e945f0f8e21c87ed1f6e9a771b53a8f,gwsearch run
8272,1779906132.1523645,fc2098317d43af66664f0f1337a49fcd8e945f0f8e21c87ed1f6e9a771b53a8f,gwsearch run
8273,1779906700.183522,fc2098317d43af66664f0f1337a49fcd8e945f0f8e21c87ed1f6e9a771b53a8f,gwsearch run
8274,1779907269.12742,fc2098317d43af66664f0f1337a49fcd8e945f0f8e21c87ed1f6e9a771b53a8f,gwsearch run
8275,1779907838.1476996,fc2098317d43af66664f0f1337a49fcd8e945f0f8e21c87ed1f6e9a771b53a8f,gwsearch run
8276,1779908407.6608942,fc2098317d43af66664f0f1337a49fcd8e945f0f8e21c87ed1f6e9a771b53a8f,gwsearch run
8277,1779908976.4286478,fc2098317d43af66664f0f1337a49fcd8e945f0f8e21c87ed1f6e9a771b53a8f,gwsearch run
8278,1779909543.434964,fc2098317d43af66664f0f1337a49fcd8e945f0f8e21c87ed1f6e9a771b53a8f,gwsearch run
8279,1779910117.6791463,fc2098317d43af66664f0f1337a49fcd8e945f0f8e21c87ed1f6e9a771b53a8f,gwsearch run
8280,1779910693.9151487,fc2098317d43af66664f0f1337a49fcd8e945f0f8e21c87ed1f6e9a771b53a8f,gwsearch run
8281,1779911260.6418827,fc2098317d43af66664f0f1337a49fcd8e945f0f8e21c87ed1f6e9a771b53a8f,gwsearch run
8282,1779911830.678593,fc2098317d43af66664f0f1337a49fcd8e945f0f8e21c87ed1f6e9a771b53a8f,gwsearch run
8283,1779912399.1796188,fc2098317d43af66664f0f1337a49fcd8e945f0f8e21c87ed1f6e9a771b53a8f,gwsearch run
8284,1779912977.906261,fc2098317d43af66664f0f1337a49fcd8e945f0f8e21c87ed1f6e9a771b53a8f,gwsearch run
8285,1779913549.4196336,fc2098317d43af66664f0f1337a49fcd8e945f0f8e21c87ed1f6e9a771b53a8f,gwsearch run
8286,1779914118.4294496,fc2098317d43af66664f0f1337a49fcd8e945f0f8e21c87ed1f6e9a771b53a8f,gwsearch run
8287,1779914684.9363236,fc2098317d43af66664f0f1337a49fcd8e945f0f8e21c87ed1f6e9a771b53a8f,gwsearch run
8288,1779915259.6766253,fc2098317d43af66664f0f1337a49fcd8e945f0f8e21c87ed1f6e9a771b53a8f,gwsearch run
8289,1779915831.4201186,fc2098317d43af66664f0f1337a49fcd8e945f0f8e21c87ed1f6e9a771b53a8f,gwsearch run
8290,1779916399.9032197,fc2098317d43af66664f0f1337a49fcd8e945f0f8e21c87ed1f6e9a771b53a8f,gwsearch run
8291,1779916967.231176,fc2098317d43af66664f0f1337a49fcd8e945f0f8e21c87ed1f6e9a771b53a8f,gwsearch run
8292,1779917535.910678,fc2098317d43af66664f0f1337a49fcd8e945f0f8e21c87ed1f6e9a771b53a8f,gwsearch run
8293,1779918102.859838,fc2098317d43af66664f0f1337a49fcd8e945f0f8e21c87ed1f6e9a771b53a8f,gwsearch run
8294,1779918670.9470513,fc2098317d43af66664f0f1337a49fcd8e945f0f8e21c87ed1f6e9a771b53a8f,gwsearch run
8295,1779919239.4171057,fc2098317d43af66664f0f1337a49fcd8e945f0f8e21c87ed1f6e9a771b53a8f,gwsearch run
8296,1779919808.3893554,fc2098317d43af66664f0f1337a49fcd8e945f0f8e21c87ed1f6e9a771b53a8f,gwsearch run
8297,1779920385.6729844,fc2098317d43af66664f0f1337a49fcd8e945f0f8e21c87ed1f6e9a771b53a8f,gwsearch run
8298,1779920953.4321516,fc2098317d43af66664f0f1337a49fcd8e945f0f8e21c87ed1f6e9a771b53a8f,gwsearch run
8299,1779921528.1630917,fc2098317d43af66664f0f1337a49fcd8e945f0f8e21c87ed1f6e9a771b53a8f,gwsearch run
8300,1779922095.9168944,fc2098317d43af66664f0f1337a49fcd8e945f0f8e21c87ed1f6e9a771b53a8f,gwsearch run
8301,1779922671.6857638,fc2098317d43af66664f0f1337a49fcd8e945f0f8e21c87ed1f6e9a771b53a8f,gwsearch run
8302,1779923240.416341,fc2098317d43af66664f0f1337a49fcd8e945f0f8e21c87ed1f6e9a771b53a8f,gwsearch run
8303,1779923807.4173334,fc2098317d43af66664f0f1337a49fcd8e945f0f8e21c87ed1f6e9a771b53a8f,gwsearch run
8304,1779924373.6685767,fc2098317d43af66664f0f1337a49fcd8e945f0f8e21c87ed1f6e9a771b53a8f,gwsearch run
8305,1779924942.9163995,fc2098317d43af66664f0f1337a49fcd8e945f0f8e21c87ed1f6e9a771b53a8f,gwsearch run
8306,1779925511.6848168,fc2098317d43af66664f0f1337a49fcd8e945f0f8e21c87ed1f6e9a771b53a8f,gwsearch run
8307,1779926079.416839,fc2098317d43af66664f0f1337a49fcd8e945f0f8e21c87ed1f6e9a771b53a8f,gwsearch run
8308,1779926653.1634445,fc2098317d43af66664f0f1337a49fcd8e945f0f8e21c87ed1f6e9a771b53a8f,gwsearch run
8309,1779927219.6459906,fc2098317d43af66664f0f1337a49fcd8e945f0f8e21c87ed1f6e9a771b53a8f,gwsearch run
8310,1779927788.892548,fc2098317d43af66664f0f1337a49fcd8e945f0f8e21c87ed1f6e9a771b53a8f,gwsearch run
8311,1779928358.3829584,fc2098317d43af66664f0f1337a49fcd8e945f0f8e21c87ed1f6e9a771b53a8f,gwsearch run
8312,1779928926.1679716,fc2098317d43af66664f0f1337a49fcd8e945f0f8e21c87ed1f6e9a771b53a8f,gwsearch run
8313,1779929494.9375281,fc2098317d43af66664f0f1337a49fcd8e945f0f8e21c87ed1f6e9a771b53a8f,gwsearch run
8314,1779930065.4054112,fc2098317d43af66664f0f1337a49fcd8e945f0f8e21c87ed1f6e9a771b53a8f,gwsearch run
8315,1779930635.4200072,fc2098317d43af66664f0f1337a49fcd8e945f0f8e21c87ed1f6e9a771b53a8f,gwsearch run
8316,1779931204.4195592,fc2098317d43af66664f0f1337a49fcd8e945f0f8e21c87ed1f6e9a771b53a8f,gwsearch run
8317,1779931775.4168208,fc2098317d43af66664f0f1337a49fcd8e945f0f8e21c87ed1f6e9a771b53a8f,gwsearch run
8318,1779932344.44366,fc2098317d43af66664f0f1337a49fcd8e945f0f8e21c87ed1f6e9a771b53a8f,gwsearch run
8319,1779932912.418696,fc2098317d43af66664f0f1337a49fcd8e945f0f8e21c87ed1f6e9a771b53a8f,gwsearch run
8320,1779933486.4998946,fc2098317d43af66664f0f1337a49fcd8e945f0f8e21c87ed1f6e9a771b53a8f,gwsearch run
8321,1779934153.4146147,fc2098317d43af66664f0f1337a49fcd8e945f0f8e21c87ed1f6e9a771b53a8f,gwsearch run
8322,1779934721.1459384,fc2098317d43af66664f0f1337a49fcd8e945f0f8e21c87ed1f6e9a771b53a8f,gwsearch run
8323,1779935290.1399057,fc2098317d43af66664f0f1337a49fcd8e945f0f8e21c87ed1f6e9a771b53a8f,gwsearch run
8324,1779935862.9269238,fc2098317d43af66664f0f1337a49fcd8e945f0f8e21c87ed1f6e9a771b53a8f,gwsearch run
8325,1779936440.9322484,fc2098317d43af66664f0f1337a49fcd8e945f0f8e21c87ed1f6e9a771b53a8f,gwsearch run
8326,1779937008.9520288,fc2098317d43af66664f0f1337a49fcd8e945f0f8e21c87ed1f6e9a771b53a8f,gwsearch run
8327,1779937576.1721857,fc2098317d43af66664f0f1337a49fcd8e945f0f8e21c87ed1f6e9a771b53a8f,gwsearch run
8328,1779938148.9126344,fc2098317d43af66664f0f1337a49fcd8e945f0f8e21c87ed1f6e9a771b53a8f,gwsearch run
8329,1779938719.4239202,fc2098317d43af66664f0f1337a49fcd8e945f0f8e21c87ed1f6e9a771b53a8f,gwsearch run
8330,1779939286.9281116,fc2098317d43af66664f0f1337a49fcd8e945f0f8e21c87ed1f6e9a771b53a8f,gwsearch run
8331,1779939856.4081457,fc2098317d43af66664f0f1337a49fcd8e945f0f8e21c87ed1f6e9a771b53a8f,gwsearch run
8332,1779940424.922347,fc2098317d43af66664f0f1337a49fcd8e945f0f8e21c87ed1f6e9a771b53a8f,gwsearch run
8333,1779940991.1623547,fc2098317d43af66664f0f1337a49fcd8e945f0f8e21c87ed1f6e9a771b53a8f,gwsearch run
8334,1779941558.6587138,fc2098317d43af66664f0f1337a49fcd8e945f0f8e21c87ed1f6e9a771b53a8f,gwsearch run
8335,1779942123.1733637,fc2098317d43af66664f0f1337a49fcd8e945f0f8e21c87ed1f6e9a771b53a8f,gwsearch run
8336,1779942689.4172869,fc2098317d43af66664f0f1337a49fcd8e945f0f8e21c87ed1f6e9a771b53a8f,gwsearch run
8337,1779943273.6681576,fc2098317d43af66664f0f1337a49fcd8e945f0f8e21c87ed1f6e9a771b53a8f,gwsearch run
8338,1779943841.4011984,fc2098317d43af66664f0f1337a49fcd8e945f0f8e21c87ed1f6e9a771b53a8f,gwsearch run
8339,1779944410.1678514,fc2098317d43af66664f0f1337a49fcd8e945f0f8e21c87ed1f6e9a771b53a8f,gwsearch run
8340,1779944988.4172966,fc2098317d43af66664f0f1337a49fcd8e945f0f8e21c87ed1f6e9a771b53a8f,gwsearch run
8341,1779945557.1602893,fc2098317d43af66664f0f1337a49fcd8e945f0f8e21c87ed1f6e9a771b53a8f,gwsearch run
8342,1779946136.1780765,fc2098317d43af66664f0f1337a49fcd8e945f0f8e21c87ed1f6e9a771b53a8f,gwsearch run
8343,1779946705.1826055,fc2098317d43af66664f0f1337a49fcd8e945f0f8e21c87ed1f6e9a771b53a8f,gwsearch run
8344,1779947274.3956623,fc2098317d43af66664f0f1337a49fcd8e945f0f8e21c87ed1f6e9a771b53a8f,gwsearch run
8345,1779947842.158312,fc2098317d43af66664f0f1337a49fcd8e945f0f8e21c87ed1f6e9a771b53a8f,gwsearch run
8346,1779948414.6736047,fc2098317d43af66664f0f1337a49fcd8e945f0f8e21c87ed1f6e9a771b53a8f,gwsearch run
8347,1779948985.909216,fc2098317d43af66664f0f1337a49fcd8e945f0f8e21c87ed1f6e9a771b53a8f,gwsearch run
8348,1779949554.431307,fc2098317d43af66664f0f1337a49fcd8e945f0f8e21c87ed1f6e9a771b53a8f,gwsearch run
8349,1779950123.4275198,fc2098317d43af66664f0f1337a49fcd8e945f0f8e21c87ed1f6e9a771b53a8f,gwsearch run
8350,1779950702.912691,fc2098317d43af66664f0f1337a49fcd8e945f0f8e21c87ed1f6e9a771b53a8f,gwsearch run
8351,1779951270.932258,fc2098317d43af66664f0f1337a49fcd8e945f0f8e21c87ed1f6e9a771b53a8f,gwsearch run
8352,1779951839.6818721,fc2098317d43af66664f0f1337a49fcd8e945f0f8e21c87ed1f6e9a771b53a8f,gwsearch run
8353,1779952408.6385558,fc2098317d43af66664f0f1337a49fcd8e945f0f8e21c87ed1f6e9a771b53a8f,gwsearch run
8354,1779952976.7193558,fc2098317d43af66664f0f1337a49fcd8e945f0f8e21c87ed1f6e9a771b53a8f,gwsearch run
8355,1779953543.903062,fc2098317d43af66664f0f1337a49fcd8e945f0f8e21c87ed1f6e9a771b53a8f,gwsearch run
8356,1779954113.4039636,fc2098317d43af66664f0f1337a49fcd8e945f0f8e21c87ed1f6e9a771b53a8f,gwsearch run
8357,1779954681.9376943,fc2098317d43af66664f0f1337a49fcd8e945f0f8e21c87ed1f6e9a771b53a8f,gwsearch run
8358,1779955250.1937227,fc2098317d43af66664f0f1337a49fcd8e945f0f8e21c87ed1f6e9a771b53a8f,gwsearch run
8359,1779955820.7008605,fc2098317d43af66664f0f1337a49fcd8e945f0f8e21c87ed1f6e9a771b53a8f,gwsearch run
8360,1779956387.6576302,fc2098317d43af66664f0f1337a49fcd8e945f0f8e21c87ed1f6e9a771b53a8f,gwsearch run
8361,1779956956.4379761,fc2098317d43af66664f0f1337a49fcd8e945f0f8e21c87ed1f6e9a771b53a8f,gwsearch run
8362,1779957525.6792116,fc2098317d43af66664f0f1337a49fcd8e945f0f8e21c87ed1f6e9a771b53a8f,gwsearch run
8363,1779958095.1663835,fc2098317d43af66664f0f1337a49fcd8e945f0f8e21c87ed1f6e9a771b53a8f,gwsearch run
8364,1779958666.4159167,fc2098317d43af66664f0f1337a49fcd8e945f0f8e21c87ed1f6e9a771b53a8f,gwsearch run
8365,1779959233.912215,fc2098317d43af66664f0f1337a49fcd8e945f0f8e21c87ed1f6e9a771b53a8f,gwsearch run
8366,1779959812.443909,fc2098317d43af66664f0f1337a49fcd8e945f0f8e21c87ed1f6e9a771b53a8f,gwsearch run
8367,1779960390.676358,fc2098317d43af66664f0f1337a49fcd8e945f0f8e21c87ed1f6e9a771b53a8f,gwsearch run
8368,1779960959.4039218,fc2098317d43af66664f0f1337a49fcd8e945f0f8e21c87ed1f6e9a771b53a8f,gwsearch run
8369,1779961532.4138243,fc2098317d43af66664f0f1337a49fcd8e945f0f8e21c87ed1f6e9a771b53a8f,gwsearch run
8370,1779962102.6814137,fc2098317d43af66664f0f1337a49fcd8e945f0f8e21c87ed1f6e9a771b53a8f,gwsearch run
8371,1779962671.6713552,fc2098317d43af66664f0f1337a49fcd8e945f0f8e21c87ed1f6e9a771b53a8f,gwsearch run
8372,1779963240.6564302,fc2098317d43af66664f0f1337a49fcd8e945f0f8e21c87ed1f6e9a771b53a8f,gwsearch run
8373,1779963808.433021,fc2098317d43af66664f0f1337a49fcd8e945f0f8e21c87ed1f6e9a771b53a8f,gwsearch run
8374,1779964376.6665213,fc2098317d43af66664f0f1337a49fcd8e945f0f8e21c87ed1f6e9a771b53a8f,gwsearch run
8375,1779964948.9218862,fc2098317d43af66664f0f1337a49fcd8e945f0f8e21c87ed1f6e9a771b53a8f,gwsearch run
8376,1779965525.1921422,fc2098317d43af66664f0f1337a49fcd8e945f0f8e21c87ed1f6e9a771b53a8f,gwsearch run
8377,1779966093.9296951,fc2098317d43af66664f0f1337a49fcd8e945f0f8e21c87ed1f6e9a771b53a8f,gwsearch run
8378,1779966661.410284,fc2098317d43af66664f0f1337a49fcd8e945f0f8e21c87ed1f6e9a771b53a8f,gwsearch run
8379,1779967228.9131925,fc2098317d43af66664f0f1337a49fcd8e945f0f8e21c87ed1f6e9a771b53a8f,gwsearch run
8380,1779967797.653844,fc2098317d43af66664f0f1337a49fcd8e945f0f8e21c87ed1f6e9a771b53a8f,gwsearch run
8381,1779968365.4351776,fc2098317d43af66664f0f1337a49fcd8e945f0f8e21c87ed1f6e9a771b53a8f,gwsearch run
8382,1779968943.1480765,fc2098317d43af66664f0f1337a49fcd8e945f0f8e21c87ed1f6e9a771b53a8f,gwsearch run
8383,1779969511.1714616,fc2098317d43af66664f0f1337a49fcd8e945f0f8e21c87ed1f6e9a771b53a8f,gwsearch run
8384,1779970080.177755,fc2098317d43af66664f0f1337a49fcd8e945f0f8e21c87ed1f6e9a771b53a8f,gwsearch run
8385,1779970647.1667464,fc2098317d43af66664f0f1337a49fcd8e945f0f8e21c87ed1f6e9a771b53a8f,gwsearch run
8386,1779971215.6498866,fc2098317d43af66664f0f1337a49fcd8e945f0f8e21c87ed1f6e9a771b53a8f,gwsearch run
8387,1779971782.9145784,fc2098317d43af66664f0f1337a49fcd8e945f0f8e21c87ed1f6e9a771b53a8f,gwsearch run
8388,1779972351.6842906,fc2098317d43af66664f0f1337a49fcd8e945f0f8e21c87ed1f6e9a771b53a8f,gwsearch run
8389,1779972920.185549,fc2098317d43af66664f0f1337a49fcd8e945f0f8e21c87ed1f6e9a771b53a8f,gwsearch run
8390,1779973488.9024432,fc2098317d43af66664f0f1337a49fcd8e945f0f8e21c87ed1f6e9a771b53a8f,gwsearch run
8391,1779974056.9292016,fc2098317d43af66664f0f1337a49fcd8e945f0f8e21c87ed1f6e9a771b53a8f,gwsearch run
8392,1779974625.9630933,fc2098317d43af66664f0f1337a49fcd8e945f0f8e21c87ed1f6e9a771b53a8f,gwsearch run
8393,1779975292.1982405,fc2098317d43af66664f0f1337a49fcd8e945f0f8e21c87ed1f6e9a771b53a8f,gwsearch run
8394,1779975861.1698534,fc2098317d43af66664f0f1337a49fcd8e945f0f8e21c87ed1f6e9a771b53a8f,gwsearch run
8395,1779976430.1480155,fc2098317d43af66664f0f1337a49fcd8e945f0f8e21c87ed1f6e9a771b53a8f,gwsearch run
8396,1779976997.4243524,fc2098317d43af66664f0f1337a49fcd8e945f0f8e21c87ed1f6e9a771b53a8f,gwsearch run
8397,1779977565.6666224,fc2098317d43af66664f0f1337a49fcd8e945f0f8e21c87ed1f6e9a771b53a8f,gwsearch run
8398,1779978146.16462,fc2098317d43af66664f0f1337a49fcd8e945f0f8e21c87ed1f6e9a771b53a8f,gwsearch run
8399,1779978716.1591897,fc2098317d43af66664f0f1337a49fcd8e945f0f8e21c87ed1f6e9a771b53a8f,gwsearch run
8400,1779979293.6857576,fc2098317d43af66664f0f1337a49fcd8e945f0f8e21c87ed1f6e9a771b53a8f,gwsearch run
8401,1779979860.9161444,fc2098317d43af66664f0f1337a49fcd8e945f0f8e21c87ed1f6e9a771b53a8f,gwsearch run
8402,1779980437.6759677,fc2098317d43af66664f0f1337a49fcd8e945f0f8e21c87ed1f6e9a771b53a8f,gwsearch run
8403,1779981005.9381042,fc2098317d43af66664f0f1337a49fcd8e945f0f8e21c87ed1f6e9a771b53a8f,gwsearch run
8404,1779981574.6622536,fc2098317d43af66664f0f1337a49fcd8e945f0f8e21c87ed1f6e9a771b53a8f,gwsearch run
8405,1779982142.6672049,fc2098317d43af66664f0f1337a49fcd8e945f0f8e21c87ed1f6e9a771b53a8f,gwsearch run
8406,1779982710.1238801,fc2098317d43af66664f0f1337a49fcd8e945f0f8e21c87ed1f6e9a771b53a8f,gwsearch run
8407,1779983278.1676908,fc2098317d43af66664f0f1337a49fcd8e945f0f8e21c87ed1f6e9a771b53a8f,gwsearch run
8408,1779983844.940056,fc2098317d43af66664f0f1337a49fcd8e945f0f8e21c87ed1f6e9a771b53a8f,gwsearch run
8409,1779984412.1851697,fc2098317d43af66664f0f1337a49fcd8e945f0f8e21c87ed1f6e9a771b53a8f,gwsearch run
8410,1779984979.1985276,fc2098317d43af66664f0f1337a49fcd8e945f0f8e21c87ed1f6e9a771b53a8f,gwsearch run
8411,1779985547.4204109,fc2098317d43af66664f0f1337a49fcd8e945f0f8e21c87ed1f6e9a771b53a8f,gwsearch run
8412,1779986114.4483666,fc2098317d43af66664f0f1337a49fcd8e945f0f8e21c87ed1f6e9a771b53a8f,gwsearch run
8413,1779986681.902648,fc2098317d43af66664f0f1337a49fcd8e945f0f8e21c87ed1f6e9a771b53a8f,gwsearch run
8414,1779987249.9272652,fc2098317d43af66664f0f1337a49fcd8e945f0f8e21c87ed1f6e9a771b53a8f,gwsearch run
8415,1779987817.6475239,fc2098317d43af66664f0f1337a49fcd8e945f0f8e21c87ed1f6e9a771b53a8f,gwsearch run
8416,1779988387.925748,fc2098317d43af66664f0f1337a49fcd8e945f0f8e21c87ed1f6e9a771b53a8f,gwsearch run
8417,1779988956.4256222,fc2098317d43af66664f0f1337a49fcd8e945f0f8e21c87ed1f6e9a771b53a8f,gwsearch run
8418,1779989525.4231775,fc2098317d43af66664f0f1337a49fcd8e945f0f8e21c87ed1f6e9a771b53a8f,gwsearch run
8419,1779990111.6719203,fc2098317d43af66664f0f1337a49fcd8e945f0f8e21c87ed1f6e9a771b53a8f,gwsearch run
8420,1779990680.164746,fc2098317d43af66664f0f1337a49fcd8e945f0f8e21c87ed1f6e9a771b53a8f,gwsearch run
8421,1779991246.9300623,fc2098317d43af66664f0f1337a49fcd8e945f0f8e21c87ed1f6e9a771b53a8f,gwsearch run
8422,1779991814.6680045,fc2098317d43af66664f0f1337a49fcd8e945f0f8e21c87ed1f6e9a771b53a8f,gwsearch run
8423,1779992384.6792617,fc2098317d43af66664f0f1337a49fcd8e945f0f8e21c87ed1f6e9a771b53a8f,gwsearch run
8424,1779992954.4080262,fc2098317d43af66664f0f1337a49fcd8e945f0f8e21c87ed1f6e9a771b53a8f,gwsearch run
8425,1779993524.904238,fc2098317d43af66664f0f1337a49fcd8e945f0f8e21c87ed1f6e9a771b53a8f,gwsearch run
8426,1779994092.961907,fc2098317d43af66664f0f1337a49fcd8e945f0f8e21c87ed1f6e9a771b53a8f,gwsearch run
8427,1779994660.4080038,fc2098317d43af66664f0f1337a49fcd8e945f0f8e21c87ed1f6e9a771b53a8f,gwsearch run
8428,1779995228.4227064,fc2098317d43af66664f0f1337a49fcd8e945f0f8e21c87ed1f6e9a771b53a8f,gwsearch run
8429,1779995796.6424327,fc2098317d43af66664f0f1337a49fcd8e945f0f8e21c87ed1f6e9a771b53a8f,gwsearch run
8430,1779996366.6732664,fc2098317d43af66664f0f1337a49fcd8e945f0f8e21c87ed1f6e9a771b53a8f,gwsearch run
8431,1779996935.69634,fc2098317d43af66664f0f1337a49fcd8e945f0f8e21c87ed1f6e9a771b53a8f,gwsearch run
8432,1779997501.6754997,fc2098317d43af66664f0f1337a49fcd8e945f0f8e21c87ed1f6e9a771b53a8f,gwsearch run
8433,1779998068.688185,fc2098317d43af66664f0f1337a49fcd8e945f0f8e21c87ed1f6e9a771b53a8f,gwsearch run
8434,1779998637.1761057,fc2098317d43af66664f0f1337a49fcd8e945f0f8e21c87ed1f6e9a771b53a8f,gwsearch run
8435,1779999205.4233012,fc2098317d43af66664f0f1337a49fcd8e945f0f8e21c87ed1f6e9a771b53a8f,gwsearch run
8436,1779999773.6529527,fc2098317d43af66664f0f1337a49fcd8e945f0f8e21c87ed1f6e9a771b53a8f,gwsearch run
8437,1780000338.42239,fc2098317d43af66664f0f1337a49fcd8e945f0f8e21c87ed1f6e9a771b53a8f,gwsearch run
8438,1780000905.6759684,fc2098317d43af66664f0f1337a49fcd8e945f0f8e21c87ed1f6e9a771b53a8f,gwsearch run
8439,1780001474.676385,fc2098317d43af66664f0f1337a49fcd8e945f0f8e21c87ed1f6e9a771b53a8f,gwsearch run
8440,1780002041.9302943,fc2098317d43af66664f0f1337a49fcd8e945f0f8e21c87ed1f6e9a771b53a8f,gwsearch run
8441,1780002610.6464512,fc2098317d43af66664f0f1337a49fcd8e945f0f8e21c87ed1f6e9a771b53a8f,gwsearch run
8442,1780003179.4216368,fc2098317d43af66664f0f1337a49fcd8e945f0f8e21c87ed1f6e9a771b53a8f,gwsearch run
8443,1780003749.1530483,fc2098317d43af66664f0f1337a49fcd8e945f0f8e21c87ed1f6e9a771b53a8f,gwsearch run
8444,1780004318.8989773,fc2098317d43af66664f0f1337a49fcd8e945f0f8e21c87ed1f6e9a771b53a8f,gwsearch run
8445,1780004888.1779585,fc2098317d43af66664f0f1337a49fcd8e945f0f8e21c87ed1f6e9a771b53a8f,gwsearch run
8446,1780005455.9461246,fc2098317d43af66664f0f1337a49fcd8e945f0f8e21c87ed1f6e9a771b53a8f,gwsearch run
8447,1780006025.168916,fc2098317d43af66664f0f1337a49fcd8e945f0f8e21c87ed1f6e9a771b53a8f,gwsearch run
8448,1780006594.973839,fc2098317d43af66664f0f1337a49fcd8e945f0f8e21c87ed1f6e9a771b53a8f,gwsearch run
8449,1780007162.204429,fc2098317d43af66664f0f1337a49fcd8e945f0f8e21c87ed1f6e9a771b53a8f,gwsearch run
8450,1780007729.8114212,fc2098317d43af66664f0f1337a49fcd8e945f0f8e21c87ed1f6e9a771b53a8f,gwsearch run
8451,1780008298.9385347,fc2098317d43af66664f0f1337a49fcd8e945f0f8e21c87ed1f6e9a771b53a8f,gwsearch run
8452,1780008866.6687057,fc2098317d43af66664f0f1337a49fcd8e945f0f8e21c87ed1f6e9a771b53a8f,gwsearch run
8453,1780009434.662484,fc2098317d43af66664f0f1337a49fcd8e945f0f8e21c87ed1f6e9a771b53a8f,gwsearch run
8454,1780010002.9268386,fc2098317d43af66664f0f1337a49fcd8e945f0f8e21c87ed1f6e9a771b53a8f,gwsearch run
8455,1780010570.416419,fc2098317d43af66664f0f1337a49fcd8e945f0f8e21c87ed1f6e9a771b53a8f,gwsearch run
8456,1780011137.6512506,fc2098317d43af66664f0f1337a49fcd8e945f0f8e21c87ed1f6e9a771b53a8f,gwsearch run
8457,1780011705.4410536,fc2098317d43af66664f0f1337a49fcd8e945f0f8e21c87ed1f6e9a771b53a8f,gwsearch run
8458,1780012272.6750865,fc2098317d43af66664f0f1337a49fcd8e945f0f8e21c87ed1f6e9a771b53a8f,gwsearch run
8459,1780012840.8983696,fc2098317d43af66664f0f1337a49fcd8e945f0f8e21c87ed1f6e9a771b53a8f,gwsearch run
8460,1780013410.7138288,fc2098317d43af66664f0f1337a49fcd8e945f0f8e21c87ed1f6e9a771b53a8f,gwsearch run
8461,1780013978.6759365,fc2098317d43af66664f0f1337a49fcd8e945f0f8e21c87ed1f6e9a771b53a8f,gwsearch run
8462,1780014546.922862,fc2098317d43af66664f0f1337a49fcd8e945f0f8e21c87ed1f6e9a771b53a8f,gwsearch run
8463,1780015116.1769505,fc2098317d43af66664f0f1337a49fcd8e945f0f8e21c87ed1f6e9a771b53a8f,gwsearch run
8464,1780015683.9109182,fc2098317d43af66664f0f1337a49fcd8e945f0f8e21c87ed1f6e9a771b53a8f,gwsearch run
8465,1780016250.6538346,fc2098317d43af66664f0f1337a49fcd8e945f0f8e21c87ed1f6e9a771b53a8f,gwsearch run
8466,1780016818.654853,fc2098317d43af66664f0f1337a49fcd8e945f0f8e21c87ed1f6e9a771b53a8f,gwsearch run
8467,1780017385.9119554,fc2098317d43af66664f0f1337a49fcd8e945f0f8e21c87ed1f6e9a771b53a8f,gwsearch run
8468,1780017956.1692905,fc2098317d43af66664f0f1337a49fcd8e945f0f8e21c87ed1f6e9a771b53a8f,gwsearch run
8469,1780018525.689173,fc2098317d43af66664f0f1337a49fcd8e945f0f8e21c87ed1f6e9a771b53a8f,gwsearch run
8470,1780019093.167787,fc2098317d43af66664f0f1337a49fcd8e945f0f8e21c87ed1f6e9a771b53a8f,gwsearch run
8471,1780019664.9107327,fc2098317d43af66664f0f1337a49fcd8e945f0f8e21c87ed1f6e9a771b53a8f,gwsearch run
8472,1780020231.4306424,fc2098317d43af66664f0f1337a49fcd8e945f0f8e21c87ed1f6e9a771b53a8f,gwsearch run
8473,1780020803.6797864,fc2098317d43af66664f0f1337a49fcd8e945f0f8e21c87ed1f6e9a771b53a8f,gwsearch run
8474,1780021372.1687508,fc2098317d43af66664f0f1337a49fcd8e945f0f8e21c87ed1f6e9a771b53a8f,gwsearch run
8475,1780021938.1636605,fc2098317d43af66664f0f1337a49fcd8e945f0f8e21c87ed1f6e9a771b53a8f,gwsearch run
8476,1780022506.1710405,fc2098317d43af66664f0f1337a49fcd8e945f0f8e21c87ed1f6e9a771b53a8f,gwsearch run
8477,1780023075.4237535,fc2098317d43af66664f0f1337a49fcd8e945f0f8e21c87ed1f6e9a771b53a8f,gwsearch run
8478,1780023644.660124,fc2098317d43af66664f0f1337a49fcd8e945f0f8e21c87ed1f6e9a771b53a8f,gwsearch run
8479,1780024213.7275019,fc2098317d43af66664f0f1337a49fcd8e945f0f8e21c87ed1f6e9a771b53a8f,gwsearch run
8480,1780024782.4112713,fc2098317d43af66664f0f1337a49fcd8e945f0f8e21c87ed1f6e9a771b53a8f,gwsearch run
8481,1780025350.6690943,fc2098317d43af66664f0f1337a49fcd8e945f0f8e21c87ed1f6e9a771b53a8f,gwsearch run
8482,1780025919.6445627,fc2098317d43af66664f0f1337a49fcd8e945f0f8e21c87ed1f6e9a771b53a8f,gwsearch run
8483,1780026487.669969,fc2098317d43af66664f0f1337a49fcd8e945f0f8e21c87ed1f6e9a771b53a8f,gwsearch run
8484,1780027058.5022006,fc2098317d43af66664f0f1337a49fcd8e945f0f8e21c87ed1f6e9a771b53a8f,gwsearch run
8485,1780027626.6935227,fc2098317d43af66664f0f1337a49fcd8e945f0f8e21c87ed1f6e9a771b53a8f,gwsearch run
8486,1780028195.4359362,fc2098317d43af66664f0f1337a49fcd8e945f0f8e21c87ed1f6e9a771b53a8f,gwsearch run
8487,1780028764.911907,fc2098317d43af66664f0f1337a49fcd8e945f0f8e21c87ed1f6e9a771b53a8f,gwsearch run
8488,1780029332.9252884,fc2098317d43af66664f0f1337a49fcd8e945f0f8e21c87ed1f6e9a771b53a8f,gwsearch run
8489,1780029901.6624668,fc2098317d43af66664f0f1337a49fcd8e945f0f8e21c87ed1f6e9a771b53a8f,gwsearch run
8490,1780030469.4296951,fc2098317d43af66664f0f1337a49fcd8e945f0f8e21c87ed1f6e9a771b53a8f,gwsearch run
8491,1780031036.9145696,fc2098317d43af66664f0f1337a49fcd8e945f0f8e21c87ed1f6e9a771b53a8f,gwsearch run
8492,1780031604.4230576,fc2098317d43af66664f0f1337a49fcd8e945f0f8e21c87ed1f6e9a771b53a8f,gwsearch run
8493,1780032173.3986104,fc2098317d43af66664f0f1337a49fcd8e945f0f8e21c87ed1f6e9a771b53a8f,gwsearch run
8494,1780032741.9262698,fc2098317d43af66664f0f1337a49fcd8e945f0f8e21c87ed1f6e9a771b53a8f,gwsearch run
8495,1780033309.433902,fc2098317d43af66664f0f1337a49fcd8e945f0f8e21c87ed1f6e9a771b53a8f,gwsearch run
8496,1780033876.9169183,fc2098317d43af66664f0f1337a49fcd8e945f0f8e21c87ed1f6e9a771b53a8f,gwsearch run
8497,1780034446.4312708,fc2098317d43af66664f0f1337a49fcd8e945f0f8e21c87ed1f6e9a771b53a8f,gwsearch run
8498,1780035014.4151154,fc2098317d43af66664f0f1337a49fcd8e945f0f8e21c87ed1f6e9a771b53a8f,gwsearch run
8499,1780035583.3904922,fc2098317d43af66664f0f1337a49fcd8e945f0f8e21c87ed1f6e9a771b53a8f,gwsearch run
8500,1780036150.6622782,fc2098317d43af66664f0f1337a49fcd8e945f0f8e21c87ed1f6e9a771b53a8f,gwsearch run
8501,1780036719.1672385,fc2098317d43af66664f0f1337a49fcd8e945f0f8e21c87ed1f6e9a771b53a8f,gwsearch run
8502,1780037285.4105105,fc2098317d43af66664f0f1337a49fcd8e945f0f8e21c87ed1f6e9a771b53a8f,gwsearch run
8503,1780037853.8906615,fc2098317d43af66664f0f1337a49fcd8e945f0f8e21c87ed1f6e9a771b53a8f,gwsearch run
8504,1780038421.924555,fc2098317d43af66664f0f1337a49fcd8e945f0f8e21c87ed1f6e9a771b53a8f,gwsearch run
8505,1780038989.4180582,fc2098317d43af66664f0f1337a49fcd8e945f0f8e21c87ed1f6e9a771b53a8f,gwsearch run
8506,1780039557.4349606,fc2098317d43af66664f0f1337a49fcd8e945f0f8e21c87ed1f6e9a771b53a8f,gwsearch run
8507,1780040124.72229,fc2098317d43af66664f0f1337a49fcd8e945f0f8e21c87ed1f6e9a771b53a8f,gwsearch run
8508,1780040792.8905964,fc2098317d43af66664f0f1337a49fcd8e945f0f8e21c87ed1f6e9a771b53a8f,gwsearch run
8509,1780041362.9220154,fc2098317d43af66664f0f1337a49fcd8e945f0f8e21c87ed1f6e9a771b53a8f,gwsearch run
8510,1780041930.9470975,fc2098317d43af66664f0f1337a49fcd8e945f0f8e21c87ed1f6e9a771b53a8f,gwsearch run
8511,1780042500.6736836,fc2098317d43af66664f0f1337a49fcd8e945f0f8e21c87ed1f6e9a771b53a8f,gwsearch run
8512,1780043067.935692,fc2098317d43af66664f0f1337a49fcd8e945f0f8e21c87ed1f6e9a771b53a8f,gwsearch run
8513,1780043636.939438,fc2098317d43af66664f0f1337a49fcd8e945f0f8e21c87ed1f6e9a771b53a8f,gwsearch run
8514,1780044206.6403806,fc2098317d43af66664f0f1337a49fcd8e945f0f8e21c87ed1f6e9a771b53a8f,gwsearch run
8515,1780044774.1758118,fc2098317d43af66664f0f1337a49fcd8e945f0f8e21c87ed1f6e9a771b53a8f,gwsearch run
8516,1780045343.1675818,fc2098317d43af66664f0f1337a49fcd8e945f0f8e21c87ed1f6e9a771b53a8f,gwsearch run
8517,1780045913.1578658,fc2098317d43af66664f0f1337a49fcd8e945f0f8e21c87ed1f6e9a771b53a8f,gwsearch run
8518,1780046481.4240077,fc2098317d43af66664f0f1337a49fcd8e945f0f8e21c87ed1f6e9a771b53a8f,gwsearch run
8519,1780047049.92684,fc2098317d43af66664f0f1337a49fcd8e945f0f8e21c87ed1f6e9a771b53a8f,gwsearch run
8520,1780047617.1757393,fc2098317d43af66664f0f1337a49fcd8e945f0f8e21c87ed1f6e9a771b53a8f,gwsearch run
8521,1780048186.9153805,fc2098317d43af66664f0f1337a49fcd8e945f0f8e21c87ed1f6e9a771b53a8f,gwsearch run
8522,1780048756.9161174,fc2098317d43af66664f0f1337a49fcd8e945f0f8e21c87ed1f6e9a771b53a8f,gwsearch run
8523,1780049326.1692946,fc2098317d43af66664f0f1337a49fcd8e945f0f8e21c87ed1f6e9a771b53a8f,gwsearch run
8524,1780049895.9158251,fc2098317d43af66664f0f1337a49fcd8e945f0f8e21c87ed1f6e9a771b53a8f,gwsearch run
8525,1780050464.9232082,fc2098317d43af66664f0f1337a49fcd8e945f0f8e21c87ed1f6e9a771b53a8f,gwsearch run
8526,1780051031.6849034,fc2098317d43af66664f0f1337a49fcd8e945f0f8e21c87ed1f6e9a771b53a8f,gwsearch run
8527,1780051599.1589584,fc2098317d43af66664f0f1337a49fcd8e945f0f8e21c87ed1f6e9a771b53a8f,gwsearch run
8528,1780052167.7146842,fc2098317d43af66664f0f1337a49fcd8e945f0f8e21c87ed1f6e9a771b53a8f,gwsearch run
8529,1780052736.1810324,fc2098317d43af66664f0f1337a49fcd8e945f0f8e21c87ed1f6e9a771b53a8f,gwsearch run
8530,1780053304.9169662,fc2098317d43af66664f0f1337a49fcd8e945f0f8e21c87ed1f6e9a771b53a8f,gwsearch run
8531,1780053874.156186,fc2098317d43af66664f0f1337a49fcd8e945f0f8e21c87ed1f6e9a771b53a8f,gwsearch run
8532,1780054442.4094653,fc2098317d43af66664f0f1337a49fcd8e945f0f8e21c87ed1f6e9a771b53a8f,gwsearch run
8533,1780055010.1777697,fc2098317d43af66664f0f1337a49fcd8e945f0f8e21c87ed1f6e9a771b53a8f,gwsearch run
8534,1780055579.4325519,fc2098317d43af66664f0f1337a49fcd8e945f0f8e21c87ed1f6e9a771b53a8f,gwsearch run
8535,1780056145.4202526,fc2098317d43af66664f0f1337a49fcd8e945f0f8e21c87ed1f6e9a771b53a8f,gwsearch run
8536,1780056713.4073052,fc2098317d43af66664f0f1337a49fcd8e945f0f8e21c87ed1f6e9a771b53a8f,gwsearch run
8537,1780057281.6739223,fc2098317d43af66664f0f1337a49fcd8e945f0f8e21c87ed1f6e9a771b53a8f,gwsearch run
8538,1780057849.6609766,fc2098317d43af66664f0f1337a49fcd8e945f0f8e21c87ed1f6e9a771b53a8f,gwsearch run
8539,1780058419.4283066,fc2098317d43af66664f0f1337a49fcd8e945f0f8e21c87ed1f6e9a771b53a8f,gwsearch run
8540,1780058987.1592991,fc2098317d43af66664f0f1337a49fcd8e945f0f8e21c87ed1f6e9a771b53a8f,gwsearch run
8541,1780059557.9275165,fc2098317d43af66664f0f1337a49fcd8e945f0f8e21c87ed1f6e9a771b53a8f,gwsearch run
8542,1780060125.424041,fc2098317d43af66664f0f1337a49fcd8e945f0f8e21c87ed1f6e9a771b53a8f,gwsearch run
8543,1780060692.9008694,fc2098317d43af66664f0f1337a49fcd8e945f0f8e21c87ed1f6e9a771b53a8f,gwsearch run
8544,1780061260.987435,fc2098317d43af66664f0f1337a49fcd8e945f0f8e21c87ed1f6e9a771b53a8f,gwsearch run
8545,1780061829.1860497,fc2098317d43af66664f0f1337a49fcd8e945f0f8e21c87ed1f6e9a771b53a8f,gwsearch run
8546,1780062395.671449,fc2098317d43af66664f0f1337a49fcd8e945f0f8e21c87ed1f6e9a771b53a8f,gwsearch run
8547,1780062964.1833348,fc2098317d43af66664f0f1337a49fcd8e945f0f8e21c87ed1f6e9a771b53a8f,gwsearch run
8548,1780063533.167061,fc2098317d43af66664f0f1337a49fcd8e945f0f8e21c87ed1f6e9a771b53a8f,gwsearch run
8549,1780064101.403641,fc2098317d43af66664f0f1337a49fcd8e945f0f8e21c87ed1f6e9a771b53a8f,gwsearch run
8550,1780064668.8930683,fc2098317d43af66664f0f1337a49fcd8e945f0f8e21c87ed1f6e9a771b53a8f,gwsearch run
8551,1780065235.68468,fc2098317d43af66664f0f1337a49fcd8e945f0f8e21c87ed1f6e9a771b53a8f,gwsearch run
8552,1780065802.9007294,fc2098317d43af66664f0f1337a49fcd8e945f0f8e21c87ed1f6e9a771b53a8f,gwsearch run
8553,1780066372.943056,fc2098317d43af66664f0f1337a49fcd8e945f0f8e21c87ed1f6e9a771b53a8f,gwsearch run
8554,1780066941.9351554,fc2098317d43af66664f0f1337a49fcd8e945f0f8e21c87ed1f6e9a771b53a8f,gwsearch run
8555,1780067510.4022045,fc2098317d43af66664f0f1337a49fcd8e945f0f8e21c87ed1f6e9a771b53a8f,gwsearch run
8556,1780068077.421089,fc2098317d43af66664f0f1337a49fcd8e945f0f8e21c87ed1f6e9a771b53a8f,gwsearch run
8557,1780068645.4179242,fc2098317d43af66664f0f1337a49fcd8e945f0f8e21c87ed1f6e9a771b53a8f,gwsearch run
8558,1780069212.9089808,fc2098317d43af66664f0f1337a49fcd8e945f0f8e21c87ed1f6e9a771b53a8f,gwsearch run
8559,1780069782.693461,fc2098317d43af66664f0f1337a49fcd8e945f0f8e21c87ed1f6e9a771b53a8f,gwsearch run
8560,1780070353.1784396,fc2098317d43af66664f0f1337a49fcd8e945f0f8e21c87ed1f6e9a771b53a8f,gwsearch run
8561,1780070922.1836016,fc2098317d43af66664f0f1337a49fcd8e945f0f8e21c87ed1f6e9a771b53a8f,gwsearch run
8562,1780071490.912863,fc2098317d43af66664f0f1337a49fcd8e945f0f8e21c87ed1f6e9a771b53a8f,gwsearch run
8563,1780072057.6503725,fc2098317d43af66664f0f1337a49fcd8e945f0f8e21c87ed1f6e9a771b53a8f,gwsearch run
8564,1780072627.488392,fc2098317d43af66664f0f1337a49fcd8e945f0f8e21c87ed1f6e9a771b53a8f,gwsearch run
8565,1780073196.9228992,fc2098317d43af66664f0f1337a49fcd8e945f0f8e21c87ed1f6e9a771b53a8f,gwsearch run
8566,1780073766.6756456,fc2098317d43af66664f0f1337a49fcd8e945f0f8e21c87ed1f6e9a771b53a8f,gwsearch run
8567,1780074335.6842341,fc2098317d43af66664f0f1337a49fcd8e945f0f8e21c87ed1f6e9a771b53a8f,gwsearch run
8568,1780074902.4202754,fc2098317d43af66664f0f1337a49fcd8e945f0f8e21c87ed1f6e9a771b53a8f,gwsearch run
8569,1780075467.929671,fc2098317d43af66664f0f1337a49fcd8e945f0f8e21c87ed1f6e9a771b53a8f,gwsearch run
8570,1780076036.9295354,fc2098317d43af66664f0f1337a49fcd8e945f0f8e21c87ed1f6e9a771b53a8f,gwsearch run
8571,1780076604.9378893,fc2098317d43af66664f0f1337a49fcd8e945f0f8e21c87ed1f6e9a771b53a8f,gwsearch run
8572,1780077174.4208264,fc2098317d43af66664f0f1337a49fcd8e945f0f8e21c87ed1f6e9a771b53a8f,gwsearch run
8573,1780077744.6719673,fc2098317d43af66664f0f1337a49fcd8e945f0f8e21c87ed1f6e9a771b53a8f,gwsearch run
8574,1780078312.9433236,fc2098317d43af66664f0f1337a49fcd8e945f0f8e21c87ed1f6e9a771b53a8f,gwsearch run
8575,1780078880.9044065,fc2098317d43af66664f0f1337a49fcd8e945f0f8e21c87ed1f6e9a771b53a8f,gwsearch run
8576,1780079450.4317446,fc2098317d43af66664f0f1337a49fcd8e945f0f8e21c87ed1f6e9a771b53a8f,gwsearch run
8577,1780080018.9108062,fc2098317d43af66664f0f1337a49fcd8e945f0f8e21c87ed1f6e9a771b53a8f,gwsearch run
8578,1780080588.189977,fc2098317d43af66664f0f1337a49fcd8e945f0f8e21c87ed1f6e9a771b53a8f,gwsearch run
8579,1780081157.6633797,fc2098317d43af66664f0f1337a49fcd8e945f0f8e21c87ed1f6e9a771b53a8f,gwsearch run
8580,1780081727.6673918,fc2098317d43af66664f0f1337a49fcd8e945f0f8e21c87ed1f6e9a771b53a8f,gwsearch run
8581,1780082296.1762664,fc2098317d43af66664f0f1337a49fcd8e945f0f8e21c87ed1f6e9a771b53a8f,gwsearch run
8582,1780082864.443067,fc2098317d43af66664f0f1337a49fcd8e945f0f8e21c87ed1f6e9a771b53a8f,gwsearch run
8583,1780083431.9207902,fc2098317d43af66664f0f1337a49fcd8e945f0f8e21c87ed1f6e9a771b53a8f,gwsearch run
8584,1780084001.155326,fc2098317d43af66664f0f1337a49fcd8e945f0f8e21c87ed1f6e9a771b53a8f,gwsearch run
8585,1780084570.1759198,fc2098317d43af66664f0f1337a49fcd8e945f0f8e21c87ed1f6e9a771b53a8f,gwsearch run
8586,1780085139.428354,fc2098317d43af66664f0f1337a49fcd8e945f0f8e21c87ed1f6e9a771b53a8f,gwsearch run
8587,1780085707.912445,fc2098317d43af66664f0f1337a49fcd8e945f0f8e21c87ed1f6e9a771b53a8f,gwsearch run
8588,1780086274.9075043,fc2098317d43af66664f0f1337a49fcd8e945f0f8e21c87ed1f6e9a771b53a8f,gwsearch run
8589,1780086844.4041955,fc2098317d43af66664f0f1337a49fcd8e945f0f8e21c87ed1f6e9a771b53a8f,gwsearch run
8590,1780087413.161564,fc2098317d43af66664f0f1337a49fcd8e945f0f8e21c87ed1f6e9a771b53a8f,gwsearch run
8591,1780087982.170091,fc2098317d43af66664f0f1337a49fcd8e945f0f8e21c87ed1f6e9a771b53a8f,gwsearch run
8592,1780088551.1426578,fc2098317d43af66664f0f1337a49fcd8e945f0f8e21c87ed1f6e9a771b53a8f,gwsearch run
8593,1780089118.4025261,fc2098317d43af66664f0f1337a49fcd8e945f0f8e21c87ed1f6e9a771b53a8f,gwsearch run
8594,1780089685.9117117,fc2098317d43af66664f0f1337a49fcd8e945f0f8e21c87ed1f6e9a771b53a8f,gwsearch run
8595,1780090256.6930287,fc2098317d43af66664f0f1337a49fcd8e945f0f8e21c87ed1f6e9a771b53a8f,gwsearch run
8596,1780090822.6614428,fc2098317d43af66664f0f1337a49fcd8e945f0f8e21c87ed1f6e9a771b53a8f,gwsearch run
8597,1780091389.408614,fc2098317d43af66664f0f1337a49fcd8e945f0f8e21c87ed1f6e9a771b53a8f,gwsearch run
8598,1780091957.9628425,fc2098317d43af66664f0f1337a49fcd8e945f0f8e21c87ed1f6e9a771b53a8f,gwsearch run
8599,1780092625.4239504,fc2098317d43af66664f0f1337a49fcd8e945f0f8e21c87ed1f6e9a771b53a8f,gwsearch run
8600,1780093195.1620975,fc2098317d43af66664f0f1337a49fcd8e945f0f8e21c87ed1f6e9a771b53a8f,gwsearch run
8601,1780093762.9452682,fc2098317d43af66664f0f1337a49fcd8e945f0f8e21c87ed1f6e9a771b53a8f,gwsearch run
8602,1780094332.1754146,fc2098317d43af66664f0f1337a49fcd8e945f0f8e21c87ed1f6e9a771b53a8f,gwsearch run
8603,1780094900.6619425,fc2098317d43af66664f0f1337a49fcd8e945f0f8e21c87ed1f6e9a771b53a8f,gwsearch run
8604,1780095470.3901258,fc2098317d43af66664f0f1337a49fcd8e945f0f8e21c87ed1f6e9a771b53a8f,gwsearch run
8605,1780096038.9207861,fc2098317d43af66664f0f1337a49fcd8e945f0f8e21c87ed1f6e9a771b53a8f,gwsearch run
8606,1780096607.658129,fc2098317d43af66664f0f1337a49fcd8e945f0f8e21c87ed1f6e9a771b53a8f,gwsearch run
8607,1780097176.9081826,fc2098317d43af66664f0f1337a49fcd8e945f0f8e21c87ed1f6e9a771b53a8f,gwsearch run
8608,1780097745.4346282,fc2098317d43af66664f0f1337a49fcd8e945f0f8e21c87ed1f6e9a771b53a8f,gwsearch run
8609,1780098314.9247162,fc2098317d43af66664f0f1337a49fcd8e945f0f8e21c87ed1f6e9a771b53a8f,gwsearch run
8610,1780098904.1612835,fc2098317d43af66664f0f1337a49fcd8e945f0f8e21c87ed1f6e9a771b53a8f,gwsearch run
8611,1780099473.885687,fc2098317d43af66664f0f1337a49fcd8e945f0f8e21c87ed1f6e9a771b53a8f,gwsearch run
8612,1780100045.915666,fc2098317d43af66664f0f1337a49fcd8e945f0f8e21c87ed1f6e9a771b53a8f,gwsearch run
8613,1780100617.1746411,fc2098317d43af66664f0f1337a49fcd8e945f0f8e21c87ed1f6e9a771b53a8f,gwsearch run
8614,1780101184.9083118,fc2098317d43af66664f0f1337a49fcd8e945f0f8e21c87ed1f6e9a771b53a8f,gwsearch run
8615,1780101755.931265,fc2098317d43af66664f0f1337a49fcd8e945f0f8e21c87ed1f6e9a771b53a8f,gwsearch run
8616,1780102325.4243515,fc2098317d43af66664f0f1337a49fcd8e945f0f8e21c87ed1f6e9a771b53a8f,gwsearch run
8617,1780102897.4254124,fc2098317d43af66664f0f1337a49fcd8e945f0f8e21c87ed1f6e9a771b53a8f,gwsearch run
8618,1780103466.1799102,fc2098317d43af66664f0f1337a49fcd8e945f0f8e21c87ed1f6e9a771b53a8f,gwsearch run
8619,1780104035.4295824,fc2098317d43af66664f0f1337a49fcd8e945f0f8e21c87ed1f6e9a771b53a8f,gwsearch run
8620,1780104605.6684113,fc2098317d43af66664f0f1337a49fcd8e945f0f8e21c87ed1f6e9a771b53a8f,gwsearch run
8621,1780105174.1745136,fc2098317d43af66664f0f1337a49fcd8e945f0f8e21c87ed1f6e9a771b53a8f,gwsearch run
8622,1780105741.926,fc2098317d43af66664f0f1337a49fcd8e945f0f8e21c87ed1f6e9a771b53a8f,gwsearch run
8623,1780106309.1532001,fc2098317d43af66664f0f1337a49fcd8e945f0f8e21c87ed1f6e9a771b53a8f,gwsearch run
8624,1780106877.1928046,fc2098317d43af66664f0f1337a49fcd8e945f0f8e21c87ed1f6e9a771b53a8f,gwsearch run
8625,1780107447.188851,fc2098317d43af66664f0f1337a49fcd8e945f0f8e21c87ed1f6e9a771b53a8f,gwsearch run
8626,1780108015.1813326,fc2098317d43af66664f0f1337a49fcd8e945f0f8e21c87ed1f6e9a771b53a8f,gwsearch run
8627,1780108584.1696315,fc2098317d43af66664f0f1337a49fcd8e945f0f8e21c87ed1f6e9a771b53a8f,gwsearch run
8628,1780109152.9210587,fc2098317d43af66664f0f1337a49fcd8e945f0f8e21c87ed1f6e9a771b53a8f,gwsearch run
8629,1780109721.9356763,fc2098317d43af66664f0f1337a49fcd8e945f0f8e21c87ed1f6e9a771b53a8f,gwsearch run
8630,1780110291.9073982,fc2098317d43af66664f0f1337a49fcd8e945f0f8e21c87ed1f6e9a771b53a8f,gwsearch run
8631,1780110860.6709268,fc2098317d43af66664f0f1337a49fcd8e945f0f8e21c87ed1f6e9a771b53a8f,gwsearch run
8632,1780111429.6689084,fc2098317d43af66664f0f1337a49fcd8e945f0f8e21c87ed1f6e9a771b53a8f,gwsearch run
8633,1780112021.9043267,fc2098317d43af66664f0f1337a49fcd8e945f0f8e21c87ed1f6e9a771b53a8f,gwsearch run
8634,1780112591.1714063,fc2098317d43af66664f0f1337a49fcd8e945f0f8e21c87ed1f6e9a771b53a8f,gwsearch run
8635,1780113157.6713638,fc2098317d43af66664f0f1337a49fcd8e945f0f8e21c87ed1f6e9a771b53a8f,gwsearch run
8636,1780113725.9260092,fc2098317d43af66664f0f1337a49fcd8e945f0f8e21c87ed1f6e9a771b53a8f,gwsearch run
8637,1780114296.9310198,fc2098317d43af66664f0f1337a49fcd8e945f0f8e21c87ed1f6e9a771b53a8f,gwsearch run
8638,1780114865.2070723,fc2098317d43af66664f0f1337a49fcd8e945f0f8e21c87ed1f6e9a771b53a8f,gwsearch run
8639,1780115433.6493943,fc2098317d43af66664f0f1337a49fcd8e945f0f8e21c87ed1f6e9a771b53a8f,gwsearch run
8640,1780116003.4585562,fc2098317d43af66664f0f1337a49fcd8e945f0f8e21c87ed1f6e9a771b53a8f,gwsearch run
8641,1780116571.9709852,fc2098317d43af66664f0f1337a49fcd8e945f0f8e21c87ed1f6e9a771b53a8f,gwsearch run
8642,1780117141.6794245,fc2098317d43af66664f0f1337a49fcd8e945f0f8e21c87ed1f6e9a771b53a8f,gwsearch run
8643,1780117709.676149,fc2098317d43af66664f0f1337a49fcd8e945f0f8e21c87ed1f6e9a771b53a8f,gwsearch run
8644,1780118278.6411507,fc2098317d43af66664f0f1337a49fcd8e945f0f8e21c87ed1f6e9a771b53a8f,gwsearch run
8645,1780118846.9424872,fc2098317d43af66664f0f1337a49fcd8e945f0f8e21c87ed1f6e9a771b53a8f,gwsearch run
8646,1780119414.9180968,fc2098317d43af66664f0f1337a49fcd8e945f0f8e21c87ed1f6e9a771b53a8f,gwsearch run
8647,1780119985.9163144,fc2098317d43af66664f0f1337a49fcd8e945f0f8e21c87ed1f6e9a771b53a8f,gwsearch run
8648,1780120555.2763782,fc2098317d43af66664f0f1337a49fcd8e945f0f8e21c87ed1f6e9a771b53a8f,gwsearch run
8649,1780121121.9286666,fc2098317d43af66664f0f1337a49fcd8e945f0f8e21c87ed1f6e9a771b53a8f,gwsearch run
8650,1780121692.667059,fc2098317d43af66664f0f1337a49fcd8e945f0f8e21c87ed1f6e9a771b53a8f,gwsearch run
8651,1780122262.926148,fc2098317d43af66664f0f1337a49fcd8e945f0f8e21c87ed1f6e9a771b53a8f,gwsearch run
8652,1780122832.405098,fc2098317d43af66664f0f1337a49fcd8e945f0f8e21c87ed1f6e9a771b53a8f,gwsearch run
8653,1780123400.4286964,fc2098317d43af66664f0f1337a49fcd8e945f0f8e21c87ed1f6e9a771b53a8f,gwsearch run
8654,1780123969.211913,fc2098317d43af66664f0f1337a49fcd8e945f0f8e21c87ed1f6e9a771b53a8f,gwsearch run
8655,1780124538.6796134,fc2098317d43af66664f0f1337a49fcd8e945f0f8e21c87ed1f6e9a771b53a8f,gwsearch run
8656,1780125108.4063962,fc2098317d43af66664f0f1337a49fcd8e945f0f8e21c87ed1f6e9a771b53a8f,gwsearch run
8657,1780125676.657566,fc2098317d43af66664f0f1337a49fcd8e945f0f8e21c87ed1f6e9a771b53a8f,gwsearch run
8658,1780126247.4097712,fc2098317d43af66664f0f1337a49fcd8e945f0f8e21c87ed1f6e9a771b53a8f,gwsearch run
8659,1780126817.1686578,fc2098317d43af66664f0f1337a49fcd8e945f0f8e21c87ed1f6e9a771b53a8f,gwsearch run
8660,1780127384.9340632,fc2098317d43af66664f0f1337a49fcd8e945f0f8e21c87ed1f6e9a771b53a8f,gwsearch run
8661,1780127955.9036467,fc2098317d43af66664f0f1337a49fcd8e945f0f8e21c87ed1f6e9a771b53a8f,gwsearch run
8662,1780128525.9278078,fc2098317d43af66664f0f1337a49fcd8e945f0f8e21c87ed1f6e9a771b53a8f,gwsearch run
8663,1780129094.9232247,fc2098317d43af66664f0f1337a49fcd8e945f0f8e21c87ed1f6e9a771b53a8f,gwsearch run
8664,1780129663.916935,fc2098317d43af66664f0f1337a49fcd8e945f0f8e21c87ed1f6e9a771b53a8f,gwsearch run
8665,1780130232.673219,fc2098317d43af66664f0f1337a49fcd8e945f0f8e21c87ed1f6e9a771b53a8f,gwsearch run
8666,1780130802.420281,fc2098317d43af66664f0f1337a49fcd8e945f0f8e21c87ed1f6e9a771b53a8f,gwsearch run
8667,1780131370.1379974,fc2098317d43af66664f0f1337a49fcd8e945f0f8e21c87ed1f6e9a771b53a8f,gwsearch run
8668,1780131939.6641083,fc2098317d43af66664f0f1337a49fcd8e945f0f8e21c87ed1f6e9a771b53a8f,gwsearch run
8669,1780132510.6683686,fc2098317d43af66664f0f1337a49fcd8e945f0f8e21c87ed1f6e9a771b53a8f,gwsearch run
8670,1780133081.413465,fc2098317d43af66664f0f1337a49fcd8e945f0f8e21c87ed1f6e9a771b53a8f,gwsearch run
8671,1780133650.1693933,fc2098317d43af66664f0f1337a49fcd8e945f0f8e21c87ed1f6e9a771b53a8f,gwsearch run
8672,1780134220.9353113,fc2098317d43af66664f0f1337a49fcd8e945f0f8e21c87ed1f6e9a771b53a8f,gwsearch run
8673,1780134790.6567168,fc2098317d43af66664f0f1337a49fcd8e945f0f8e21c87ed1f6e9a771b53a8f,gwsearch run
8674,1780135360.6788638,fc2098317d43af66664f0f1337a49fcd8e945f0f8e21c87ed1f6e9a771b53a8f,gwsearch run
8675,1780135930.1794565,fc2098317d43af66664f0f1337a49fcd8e945f0f8e21c87ed1f6e9a771b53a8f,gwsearch run
8676,1780136501.1715963,fc2098317d43af66664f0f1337a49fcd8e945f0f8e21c87ed1f6e9a771b53a8f,gwsearch run
8677,1780137072.4307585,fc2098317d43af66664f0f1337a49fcd8e945f0f8e21c87ed1f6e9a771b53a8f,gwsearch run
8678,1780137641.9170043,fc2098317d43af66664f0f1337a49fcd8e945f0f8e21c87ed1f6e9a771b53a8f,gwsearch run
8679,1780138210.9404309,fc2098317d43af66664f0f1337a49fcd8e945f0f8e21c87ed1f6e9a771b53a8f,gwsearch run
8680,1780138780.4105144,fc2098317d43af66664f0f1337a49fcd8e945f0f8e21c87ed1f6e9a771b53a8f,gwsearch run
8681,1780139347.9000194,fc2098317d43af66664f0f1337a49fcd8e945f0f8e21c87ed1f6e9a771b53a8f,gwsearch run
8682,1780139917.9173214,fc2098317d43af66664f0f1337a49fcd8e945f0f8e21c87ed1f6e9a771b53a8f,gwsearch run
8683,1780140487.1308177,fc2098317d43af66664f0f1337a49fcd8e945f0f8e21c87ed1f6e9a771b53a8f,gwsearch run
8684,1780141155.421578,fc2098317d43af66664f0f1337a49fcd8e945f0f8e21c87ed1f6e9a771b53a8f,gwsearch run
8685,1780141725.6777594,fc2098317d43af66664f0f1337a49fcd8e945f0f8e21c87ed1f6e9a771b53a8f,gwsearch run
8686,1780142294.6716845,fc2098317d43af66664f0f1337a49fcd8e945f0f8e21c87ed1f6e9a771b53a8f,gwsearch run
8687,1780142862.163739,fc2098317d43af66664f0f1337a49fcd8e945f0f8e21c87ed1f6e9a771b53a8f,gwsearch run
8688,1780143431.428666,fc2098317d43af66664f0f1337a49fcd8e945f0f8e21c87ed1f6e9a771b53a8f,gwsearch run
8689,1780144001.434427,fc2098317d43af66664f0f1337a49fcd8e945f0f8e21c87ed1f6e9a771b53a8f,gwsearch run
8690,1780144569.927211,fc2098317d43af66664f0f1337a49fcd8e945f0f8e21c87ed1f6e9a771b53a8f,gwsearch run
8691,1780145140.2259855,fc2098317d43af66664f0f1337a49fcd8e945f0f8e21c87ed1f6e9a771b53a8f,gwsearch run
8692,1780145804.9128587,fc2098317d43af66664f0f1337a49fcd8e945f0f8e21c87ed1f6e9a771b53a8f,gwsearch run
8693,1780146374.158575,fc2098317d43af66664f0f1337a49fcd8e945f0f8e21c87ed1f6e9a771b53a8f,gwsearch run
8694,1780146942.9175193,fc2098317d43af66664f0f1337a49fcd8e945f0f8e21c87ed1f6e9a771b53a8f,gwsearch run
8695,1780147512.914613,fc2098317d43af66664f0f1337a49fcd8e945f0f8e21c87ed1f6e9a771b53a8f,gwsearch run
8696,1780148084.9140065,fc2098317d43af66664f0f1337a49fcd8e945f0f8e21c87ed1f6e9a771b53a8f,gwsearch run
8697,1780148655.4169831,fc2098317d43af66664f0f1337a49fcd8e945f0f8e21c87ed1f6e9a771b53a8f,gwsearch run
8698,1780149225.4225771,fc2098317d43af66664f0f1337a49fcd8e945f0f8e21c87ed1f6e9a771b53a8f,gwsearch run
8699,1780149792.8891993,fc2098317d43af66664f0f1337a49fcd8e945f0f8e21c87ed1f6e9a771b53a8f,gwsearch run
8700,1780150363.9185438,fc2098317d43af66664f0f1337a49fcd8e945f0f8e21c87ed1f6e9a771b53a8f,gwsearch run
8701,1780150932.423542,fc2098317d43af66664f0f1337a49fcd8e945f0f8e21c87ed1f6e9a771b53a8f,gwsearch run
8702,1780151501.9104068,fc2098317d43af66664f0f1337a49fcd8e945f0f8e21c87ed1f6e9a771b53a8f,gwsearch run
8703,1780152072.4378586,fc2098317d43af66664f0f1337a49fcd8e945f0f8e21c87ed1f6e9a771b53a8f,gwsearch run
8704,1780152640.6732252,fc2098317d43af66664f0f1337a49fcd8e945f0f8e21c87ed1f6e9a771b53a8f,gwsearch run
8705,1780153209.164256,fc2098317d43af66664f0f1337a49fcd8e945f0f8e21c87ed1f6e9a771b53a8f,gwsearch run
8706,1780153778.6755264,fc2098317d43af66664f0f1337a49fcd8e945f0f8e21c87ed1f6e9a771b53a8f,gwsearch run
8707,1780154347.6693125,fc2098317d43af66664f0f1337a49fcd8e945f0f8e21c87ed1f6e9a771b53a8f,gwsearch run
8708,1780154914.879985,fc2098317d43af66664f0f1337a49fcd8e945f0f8e21c87ed1f6e9a771b53a8f,gwsearch run
8709,1780155483.6604257,fc2098317d43af66664f0f1337a49fcd8e945f0f8e21c87ed1f6e9a771b53a8f,gwsearch run
8710,1780156053.4339156,fc2098317d43af66664f0f1337a49fcd8e945f0f8e21c87ed1f6e9a771b53a8f,gwsearch run
8711,1780156624.1653535,fc2098317d43af66664f0f1337a49fcd8e945f0f8e21c87ed1f6e9a771b53a8f,gwsearch run
8712,1780157195.424692,fc2098317d43af66664f0f1337a49fcd8e945f0f8e21c87ed1f6e9a771b53a8f,gwsearch run
8713,1780157763.904701,fc2098317d43af66664f0f1337a49fcd8e945f0f8e21c87ed1f6e9a771b53a8f,gwsearch run
8714,1780158333.1706343,fc2098317d43af66664f0f1337a49fcd8e945f0f8e21c87ed1f6e9a771b53a8f,gwsearch run
8715,1780158902.920671,fc2098317d43af66664f0f1337a49fcd8e945f0f8e21c87ed1f6e9a771b53a8f,gwsearch run
8716,1780159471.6816773,fc2098317d43af66664f0f1337a49fcd8e945f0f8e21c87ed1f6e9a771b53a8f,gwsearch run
8717,1780160042.164314,fc2098317d43af66664f0f1337a49fcd8e945f0f8e21c87ed1f6e9a771b53a8f,gwsearch run
8718,1780160611.9161158,fc2098317d43af66664f0f1337a49fcd8e945f0f8e21c87ed1f6e9a771b53a8f,gwsearch run
8719,1780161183.9158576,fc2098317d43af66664f0f1337a49fcd8e945f0f8e21c87ed1f6e9a771b53a8f,gwsearch run
8720,1780161753.9101624,fc2098317d43af66664f0f1337a49fcd8e945f0f8e21c87ed1f6e9a771b53a8f,gwsearch run
8721,1780162323.4281094,fc2098317d43af66664f0f1337a49fcd8e945f0f8e21c87ed1f6e9a771b53a8f,gwsearch run
8722,1780162891.4010785,fc2098317d43af66664f0f1337a49fcd8e945f0f8e21c87ed1f6e9a771b53a8f,gwsearch run
8723,1780163463.6720858,fc2098317d43af66664f0f1337a49fcd8e945f0f8e21c87ed1f6e9a771b53a8f,gwsearch run
8724,1780164032.432779,fc2098317d43af66664f0f1337a49fcd8e945f0f8e21c87ed1f6e9a771b53a8f,gwsearch run
8725,1780164601.9027796,fc2098317d43af66664f0f1337a49fcd8e945f0f8e21c87ed1f6e9a771b53a8f,gwsearch run
8726,1780165171.1643631,fc2098317d43af66664f0f1337a49fcd8e945f0f8e21c87ed1f6e9a771b53a8f,gwsearch run
8727,1780165740.184091,fc2098317d43af66664f0f1337a49fcd8e945f0f8e21c87ed1f6e9a771b53a8f,gwsearch run
8728,1780166311.9064212,fc2098317d43af66664f0f1337a49fcd8e945f0f8e21c87ed1f6e9a771b53a8f,gwsearch run
8729,1780166880.9179666,fc2098317d43af66664f0f1337a49fcd8e945f0f8e21c87ed1f6e9a771b53a8f,gwsearch run
8730,1780167451.1651015,fc2098317d43af66664f0f1337a49fcd8e945f0f8e21c87ed1f6e9a771b53a8f,gwsearch run
8731,1780168020.673391,fc2098317d43af66664f0f1337a49fcd8e945f0f8e21c87ed1f6e9a771b53a8f,gwsearch run
8732,1780168590.4097881,fc2098317d43af66664f0f1337a49fcd8e945f0f8e21c87ed1f6e9a771b53a8f,gwsearch run
8733,1780169159.9374146,fc2098317d43af66664f0f1337a49fcd8e945f0f8e21c87ed1f6e9a771b53a8f,gwsearch run
8734,1780169729.1772122,fc2098317d43af66664f0f1337a49fcd8e945f0f8e21c87ed1f6e9a771b53a8f,gwsearch run
8735,1780170298.9233522,fc2098317d43af66664f0f1337a49fcd8e945f0f8e21c87ed1f6e9a771b53a8f,gwsearch run
8736,1780170870.146917,fc2098317d43af66664f0f1337a49fcd8e945f0f8e21c87ed1f6e9a771b53a8f,gwsearch run
8737,1780171438.4383557,fc2098317d43af66664f0f1337a49fcd8e945f0f8e21c87ed1f6e9a771b53a8f,gwsearch run
8738,1780172007.6492696,fc2098317d43af66664f0f1337a49fcd8e945f0f8e21c87ed1f6e9a771b53a8f,gwsearch run
8739,1780172578.6712437,fc2098317d43af66664f0f1337a49fcd8e945f0f8e21c87ed1f6e9a771b53a8f,gwsearch run
8740,1780173148.4119446,fc2098317d43af66664f0f1337a49fcd8e945f0f8e21c87ed1f6e9a771b53a8f,gwsearch run
8741,1780173716.9275148,fc2098317d43af66664f0f1337a49fcd8e945f0f8e21c87ed1f6e9a771b53a8f,gwsearch run
8742,1780174287.9202387,fc2098317d43af66664f0f1337a49fcd8e945f0f8e21c87ed1f6e9a771b53a8f,gwsearch run
8743,1780174855.903451,fc2098317d43af66664f0f1337a49fcd8e945f0f8e21c87ed1f6e9a771b53a8f,gwsearch run
8744,1780175424.931845,fc2098317d43af66664f0f1337a49fcd8e945f0f8e21c87ed1f6e9a771b53a8f,gwsearch run
8745,1780175995.6851227,fc2098317d43af66664f0f1337a49fcd8e945f0f8e21c87ed1f6e9a771b53a8f,gwsearch run
8746,1780176564.40744,fc2098317d43af66664f0f1337a49fcd8e945f0f8e21c87ed1f6e9a771b53a8f,gwsearch run
8747,1780177133.9414434,fc2098317d43af66664f0f1337a49fcd8e945f0f8e21c87ed1f6e9a771b53a8f,gwsearch run
8748,1780177701.6828249,fc2098317d43af66664f0f1337a49fcd8e945f0f8e21c87ed1f6e9a771b53a8f,gwsearch run
8749,1780178271.9058206,fc2098317d43af66664f0f1337a49fcd8e945f0f8e21c87ed1f6e9a771b53a8f,gwsearch run
8750,1780178840.9272192,fc2098317d43af66664f0f1337a49fcd8e945f0f8e21c87ed1f6e9a771b53a8f,gwsearch run
8751,1780179410.6571445,fc2098317d43af66664f0f1337a49fcd8e945f0f8e21c87ed1f6e9a771b53a8f,gwsearch run
8752,1780179981.4471662,fc2098317d43af66664f0f1337a49fcd8e945f0f8e21c87ed1f6e9a771b53a8f,gwsearch run
8753,1780180549.6763928,fc2098317d43af66664f0f1337a49fcd8e945f0f8e21c87ed1f6e9a771b53a8f,gwsearch run
8754,1780181117.6655464,fc2098317d43af66664f0f1337a49fcd8e945f0f8e21c87ed1f6e9a771b53a8f,gwsearch run
8755,1780181685.669278,fc2098317d43af66664f0f1337a49fcd8e945f0f8e21c87ed1f6e9a771b53a8f,gwsearch run
8756,1780182254.93707,fc2098317d43af66664f0f1337a49fcd8e945f0f8e21c87ed1f6e9a771b53a8f,gwsearch run
8757,1780182823.4439812,fc2098317d43af66664f0f1337a49fcd8e945f0f8e21c87ed1f6e9a771b53a8f,gwsearch run
8758,1780183392.179616,fc2098317d43af66664f0f1337a49fcd8e945f0f8e21c87ed1f6e9a771b53a8f,gwsearch run
8759,1780183961.9127412,fc2098317d43af66664f0f1337a49fcd8e945f0f8e21c87ed1f6e9a771b53a8f,gwsearch run
8760,1780184528.3957543,fc2098317d43af66664f0f1337a49fcd8e945f0f8e21c87ed1f6e9a771b53a8f,gwsearch run
8761,1780185098.4129155,fc2098317d43af66664f0f1337a49fcd8e945f0f8e21c87ed1f6e9a771b53a8f,gwsearch run
8762,1780185667.6829023,fc2098317d43af66664f0f1337a49fcd8e945f0f8e21c87ed1f6e9a771b53a8f,gwsearch run
8763,1780186238.4017742,fc2098317d43af66664f0f1337a49fcd8e945f0f8e21c87ed1f6e9a771b53a8f,gwsearch run
8764,1780186808.4041018,fc2098317d43af66664f0f1337a49fcd8e945f0f8e21c87ed1f6e9a771b53a8f,gwsearch run
8765,1780187377.4167445,fc2098317d43af66664f0f1337a49fcd8e945f0f8e21c87ed1f6e9a771b53a8f,gwsearch run
8766,1780187946.927667,fc2098317d43af66664f0f1337a49fcd8e945f0f8e21c87ed1f6e9a771b53a8f,gwsearch run
8767,1780188517.6717532,fc2098317d43af66664f0f1337a49fcd8e945f0f8e21c87ed1f6e9a771b53a8f,gwsearch run
8768,1780189087.9134755,fc2098317d43af66664f0f1337a49fcd8e945f0f8e21c87ed1f6e9a771b53a8f,gwsearch run
8769,1780189657.6659758,fc2098317d43af66664f0f1337a49fcd8e945f0f8e21c87ed1f6e9a771b53a8f,gwsearch run
8770,1780190228.4290712,fc2098317d43af66664f0f1337a49fcd8e945f0f8e21c87ed1f6e9a771b53a8f,gwsearch run
8771,1780190797.176287,fc2098317d43af66664f0f1337a49fcd8e945f0f8e21c87ed1f6e9a771b53a8f,gwsearch run
8772,1780191366.4310381,fc2098317d43af66664f0f1337a49fcd8e945f0f8e21c87ed1f6e9a771b53a8f,gwsearch run
8773,1780191935.669542,fc2098317d43af66664f0f1337a49fcd8e945f0f8e21c87ed1f6e9a771b53a8f,gwsearch run
8774,1780192505.4357517,fc2098317d43af66664f0f1337a49fcd8e945f0f8e21c87ed1f6e9a771b53a8f,gwsearch run
8775,1780193075.6646159,fc2098317d43af66664f0f1337a49fcd8e945f0f8e21c87ed1f6e9a771b53a8f,gwsearch run
8776,1780193645.1911147,fc2098317d43af66664f0f1337a49fcd8e945f0f8e21c87ed1f6e9a771b53a8f,gwsearch run
8777,1780194216.6608071,fc2098317d43af66664f0f1337a49fcd8e945f0f8e21c87ed1f6e9a771b53a8f,gwsearch run
8778,1780194785.9128447,fc2098317d43af66664f0f1337a49fcd8e945f0f8e21c87ed1f6e9a771b53a8f,gwsearch run
8779,1780195353.6489172,fc2098317d43af66664f0f1337a49fcd8e945f0f8e21c87ed1f6e9a771b53a8f,gwsearch run
8780,1780195921.6764169,fc2098317d43af66664f0f1337a49fcd8e945f0f8e21c87ed1f6e9a771b53a8f,gwsearch run
8781,1780196491.4312322,fc2098317d43af66664f0f1337a49fcd8e945f0f8e21c87ed1f6e9a771b53a8f,gwsearch run
8782,1780197061.415957,fc2098317d43af66664f0f1337a49fcd8e945f0f8e21c87ed1f6e9a771b53a8f,gwsearch run
8783,1780197631.4418888,fc2098317d43af66664f0f1337a49fcd8e945f0f8e21c87ed1f6e9a771b53a8f,gwsearch run
8784,1780198200.901663,fc2098317d43af66664f0f1337a49fcd8e945f0f8e21c87ed1f6e9a771b53a8f,gwsearch run
8785,1780198769.9365914,fc2098317d43af66664f0f1337a49fcd8e945f0f8e21c87ed1f6e9a771b53a8f,gwsearch run
8786,1780199339.447919,fc2098317d43af66664f0f1337a49fcd8e945f0f8e21c87ed1f6e9a771b53a8f,gwsearch run
8787,1780199906.9000592,fc2098317d43af66664f0f1337a49fcd8e945f0f8e21c87ed1f6e9a771b53a8f,gwsearch run
8788,1780200476.676809,fc2098317d43af66664f0f1337a49fcd8e945f0f8e21c87ed1f6e9a771b53a8f,gwsearch run
8789,1780201046.15289,fc2098317d43af66664f0f1337a49fcd8e945f0f8e21c87ed1f6e9a771b53a8f,gwsearch run
8790,1780201614.418792,fc2098317d43af66664f0f1337a49fcd8e945f0f8e21c87ed1f6e9a771b53a8f,gwsearch run
8791,1780202184.1446488,fc2098317d43af66664f0f1337a49fcd8e945f0f8e21c87ed1f6e9a771b53a8f,gwsearch run
8792,1780202753.919862,fc2098317d43af66664f0f1337a49fcd8e945f0f8e21c87ed1f6e9a771b53a8f,gwsearch run
8793,1780203321.3996017,fc2098317d43af66664f0f1337a49fcd8e945f0f8e21c87ed1f6e9a771b53a8f,gwsearch run
8794,1780203891.1752603,fc2098317d43af66664f0f1337a49fcd8e945f0f8e21c87ed1f6e9a771b53a8f,gwsearch run
8795,1780204461.155669,fc2098317d43af66664f0f1337a49fcd8e945f0f8e21c87ed1f6e9a771b53a8f,gwsearch run
8796,1780205031.4328182,fc2098317d43af66664f0f1337a49fcd8e945f0f8e21c87ed1f6e9a771b53a8f,gwsearch run
8797,1780205601.4333186,fc2098317d43af66664f0f1337a49fcd8e945f0f8e21c87ed1f6e9a771b53a8f,gwsearch run
8798,1780206171.9041736,fc2098317d43af66664f0f1337a49fcd8e945f0f8e21c87ed1f6e9a771b53a8f,gwsearch run
8799,1780206741.677756,fc2098317d43af66664f0f1337a49fcd8e945f0f8e21c87ed1f6e9a771b53a8f,gwsearch run
8800,1780207311.6426747,fc2098317d43af66664f0f1337a49fcd8e945f0f8e21c87ed1f6e9a771b53a8f,gwsearch run
8801,1780207880.6768184,fc2098317d43af66664f0f1337a49fcd8e945f0f8e21c87ed1f6e9a771b53a8f,gwsearch run
8802,1780208448.9060826,fc2098317d43af66664f0f1337a49fcd8e945f0f8e21c87ed1f6e9a771b53a8f,gwsearch run
8803,1780209017.4337273,fc2098317d43af66664f0f1337a49fcd8e945f0f8e21c87ed1f6e9a771b53a8f,gwsearch run
8804,1780209586.1499078,fc2098317d43af66664f0f1337a49fcd8e945f0f8e21c87ed1f6e9a771b53a8f,gwsearch run
8805,1780210153.1890745,fc2098317d43af66664f0f1337a49fcd8e945f0f8e21c87ed1f6e9a771b53a8f,gwsearch run
8806,1780210725.6529362,fc2098317d43af66664f0f1337a49fcd8e945f0f8e21c87ed1f6e9a771b53a8f,gwsearch run
8807,1780211295.428333,fc2098317d43af66664f0f1337a49fcd8e945f0f8e21c87ed1f6e9a771b53a8f,gwsearch run
8808,1780211863.9217696,fc2098317d43af66664f0f1337a49fcd8e945f0f8e21c87ed1f6e9a771b53a8f,gwsearch run
8809,1780212434.1714134,fc2098317d43af66664f0f1337a49fcd8e945f0f8e21c87ed1f6e9a771b53a8f,gwsearch run
8810,1780213002.6620562,fc2098317d43af66664f0f1337a49fcd8e945f0f8e21c87ed1f6e9a771b53a8f,gwsearch run
8811,1780213572.6713035,fc2098317d43af66664f0f1337a49fcd8e945f0f8e21c87ed1f6e9a771b53a8f,gwsearch run
8812,1780214141.9106135,fc2098317d43af66664f0f1337a49fcd8e945f0f8e21c87ed1f6e9a771b53a8f,gwsearch run
8813,1780214712.1877363,fc2098317d43af66664f0f1337a49fcd8e945f0f8e21c87ed1f6e9a771b53a8f,gwsearch run
8814,1780215280.9153411,fc2098317d43af66664f0f1337a49fcd8e945f0f8e21c87ed1f6e9a771b53a8f,gwsearch run
8815,1780215850.9039881,fc2098317d43af66664f0f1337a49fcd8e945f0f8e21c87ed1f6e9a771b53a8f,gwsearch run
8816,1780216420.682203,fc2098317d43af66664f0f1337a49fcd8e945f0f8e21c87ed1f6e9a771b53a8f,gwsearch run
8817,1780216990.4073198,fc2098317d43af66664f0f1337a49fcd8e945f0f8e21c87ed1f6e9a771b53a8f,gwsearch run
8818,1780217561.4078135,fc2098317d43af66664f0f1337a49fcd8e945f0f8e21c87ed1f6e9a771b53a8f,gwsearch run
8819,1780218133.1834126,fc2098317d43af66664f0f1337a49fcd8e945f0f8e21c87ed1f6e9a771b53a8f,gwsearch run
8820,1780218703.4469335,fc2098317d43af66664f0f1337a49fcd8e945f0f8e21c87ed1f6e9a771b53a8f,gwsearch run
8821,1780219272.6760676,fc2098317d43af66664f0f1337a49fcd8e945f0f8e21c87ed1f6e9a771b53a8f,gwsearch run
8822,1780219841.165116,fc2098317d43af66664f0f1337a49fcd8e945f0f8e21c87ed1f6e9a771b53a8f,gwsearch run
8823,1780220409.6516466,fc2098317d43af66664f0f1337a49fcd8e945f0f8e21c87ed1f6e9a771b53a8f,gwsearch run
8824,1780220978.4156454,fc2098317d43af66664f0f1337a49fcd8e945f0f8e21c87ed1f6e9a771b53a8f,gwsearch run
8825,1780221547.4373622,fc2098317d43af66664f0f1337a49fcd8e945f0f8e21c87ed1f6e9a771b53a8f,gwsearch run
8826,1780222117.3972836,fc2098317d43af66664f0f1337a49fcd8e945f0f8e21c87ed1f6e9a771b53a8f,gwsearch run
8827,1780222686.9038885,fc2098317d43af66664f0f1337a49fcd8e945f0f8e21c87ed1f6e9a771b53a8f,gwsearch run
8828,1780223255.4657104,fc2098317d43af66664f0f1337a49fcd8e945f0f8e21c87ed1f6e9a771b53a8f,gwsearch run
8829,1780223826.1953237,fc2098317d43af66664f0f1337a49fcd8e945f0f8e21c87ed1f6e9a771b53a8f,gwsearch run
8830,1780224396.1779935,fc2098317d43af66664f0f1337a49fcd8e945f0f8e21c87ed1f6e9a771b53a8f,gwsearch run
8831,1780224966.6691906,fc2098317d43af66664f0f1337a49fcd8e945f0f8e21c87ed1f6e9a771b53a8f,gwsearch run
8832,1780225535.6598773,fc2098317d43af66664f0f1337a49fcd8e945f0f8e21c87ed1f6e9a771b53a8f,gwsearch run
8833,1780226104.175029,fc2098317d43af66664f0f1337a49fcd8e945f0f8e21c87ed1f6e9a771b53a8f,gwsearch run
8834,1780226673.9104438,fc2098317d43af66664f0f1337a49fcd8e945f0f8e21c87ed1f6e9a771b53a8f,gwsearch run
8835,1780227241.1748233,fc2098317d43af66664f0f1337a49fcd8e945f0f8e21c87ed1f6e9a771b53a8f,gwsearch run
8836,1780227810.4343152,fc2098317d43af66664f0f1337a49fcd8e945f0f8e21c87ed1f6e9a771b53a8f,gwsearch run
8837,1780228381.4075391,fc2098317d43af66664f0f1337a49fcd8e945f0f8e21c87ed1f6e9a771b53a8f,gwsearch run
8838,1780228952.4169316,fc2098317d43af66664f0f1337a49fcd8e945f0f8e21c87ed1f6e9a771b53a8f,gwsearch run
8839,1780229520.5382335,fc2098317d43af66664f0f1337a49fcd8e945f0f8e21c87ed1f6e9a771b53a8f,gwsearch run
8840,1780230089.9229195,fc2098317d43af66664f0f1337a49fcd8e945f0f8e21c87ed1f6e9a771b53a8f,gwsearch run
8841,1780230660.4236703,fc2098317d43af66664f0f1337a49fcd8e945f0f8e21c87ed1f6e9a771b53a8f,gwsearch run
8842,1780231229.6755304,fc2098317d43af66664f0f1337a49fcd8e945f0f8e21c87ed1f6e9a771b53a8f,gwsearch run
8843,1780231797.9411693,fc2098317d43af66664f0f1337a49fcd8e945f0f8e21c87ed1f6e9a771b53a8f,gwsearch run
8844,1780232365.173193,fc2098317d43af66664f0f1337a49fcd8e945f0f8e21c87ed1f6e9a771b53a8f,gwsearch run
8845,1780232934.9140446,fc2098317d43af66664f0f1337a49fcd8e945f0f8e21c87ed1f6e9a771b53a8f,gwsearch run
8846,1780233506.4167984,fc2098317d43af66664f0f1337a49fcd8e945f0f8e21c87ed1f6e9a771b53a8f,gwsearch run
8847,1780234076.1662195,fc2098317d43af66664f0f1337a49fcd8e945f0f8e21c87ed1f6e9a771b53a8f,gwsearch run
8848,1780234646.1461742,fc2098317d43af66664f0f1337a49fcd8e945f0f8e21c87ed1f6e9a771b53a8f,gwsearch run
8849,1780235215.4132955,fc2098317d43af66664f0f1337a49fcd8e945f0f8e21c87ed1f6e9a771b53a8f,gwsearch run
8850,1780235785.9334588,fc2098317d43af66664f0f1337a49fcd8e945f0f8e21c87ed1f6e9a771b53a8f,gwsearch run
8851,1780236357.923153,fc2098317d43af66664f0f1337a49fcd8e945f0f8e21c87ed1f6e9a771b53a8f,gwsearch run
8852,1780236931.176032,fc2098317d43af66664f0f1337a49fcd8e945f0f8e21c87ed1f6e9a771b53a8f,gwsearch run
8853,1780237501.6771555,fc2098317d43af66664f0f1337a49fcd8e945f0f8e21c87ed1f6e9a771b53a8f,gwsearch run
8854,1780238073.4401226,fc2098317d43af66664f0f1337a49fcd8e945f0f8e21c87ed1f6e9a771b53a8f,gwsearch run
8855,1780238645.6644073,fc2098317d43af66664f0f1337a49fcd8e945f0f8e21c87ed1f6e9a771b53a8f,gwsearch run
8856,1780239216.9252348,fc2098317d43af66664f0f1337a49fcd8e945f0f8e21c87ed1f6e9a771b53a8f,gwsearch run
8857,1780239784.4511406,fc2098317d43af66664f0f1337a49fcd8e945f0f8e21c87ed1f6e9a771b53a8f,gwsearch run
8858,1780240354.4299943,fc2098317d43af66664f0f1337a49fcd8e945f0f8e21c87ed1f6e9a771b53a8f,gwsearch run
8859,1780240924.6766694,fc2098317d43af66664f0f1337a49fcd8e945f0f8e21c87ed1f6e9a771b53a8f,gwsearch run
8860,1780241496.9126368,fc2098317d43af66664f0f1337a49fcd8e945f0f8e21c87ed1f6e9a771b53a8f,gwsearch run
8861,1780242067.1716304,fc2098317d43af66664f0f1337a49fcd8e945f0f8e21c87ed1f6e9a771b53a8f,gwsearch run
8862,1780242637.6559827,fc2098317d43af66664f0f1337a49fcd8e945f0f8e21c87ed1f6e9a771b53a8f,gwsearch run
8863,1780243205.433623,fc2098317d43af66664f0f1337a49fcd8e945f0f8e21c87ed1f6e9a771b53a8f,gwsearch run
8864,1780243776.1831684,fc2098317d43af66664f0f1337a49fcd8e945f0f8e21c87ed1f6e9a771b53a8f,gwsearch run
8865,1780244344.6716146,fc2098317d43af66664f0f1337a49fcd8e945f0f8e21c87ed1f6e9a771b53a8f,gwsearch run
8866,1780244914.4502864,fc2098317d43af66664f0f1337a49fcd8e945f0f8e21c87ed1f6e9a771b53a8f,gwsearch run
8867,1780245483.9661393,fc2098317d43af66664f0f1337a49fcd8e945f0f8e21c87ed1f6e9a771b53a8f,gwsearch run
8868,1780246055.2180054,fc2098317d43af66664f0f1337a49fcd8e945f0f8e21c87ed1f6e9a771b53a8f,gwsearch run
8869,1780246624.4126372,fc2098317d43af66664f0f1337a49fcd8e945f0f8e21c87ed1f6e9a771b53a8f,gwsearch run
8870,1780247194.6673405,fc2098317d43af66664f0f1337a49fcd8e945f0f8e21c87ed1f6e9a771b53a8f,gwsearch run
8871,1780247766.4234123,fc2098317d43af66664f0f1337a49fcd8e945f0f8e21c87ed1f6e9a771b53a8f,gwsearch run
8872,1780248343.6857584,fc2098317d43af66664f0f1337a49fcd8e945f0f8e21c87ed1f6e9a771b53a8f,gwsearch run
8873,1780248913.9024248,fc2098317d43af66664f0f1337a49fcd8e945f0f8e21c87ed1f6e9a771b53a8f,gwsearch run
8874,1780249484.425646,fc2098317d43af66664f0f1337a49fcd8e945f0f8e21c87ed1f6e9a771b53a8f,gwsearch run
8875,1780250052.9048922,fc2098317d43af66664f0f1337a49fcd8e945f0f8e21c87ed1f6e9a771b53a8f,gwsearch run
8876,1780250624.4184241,fc2098317d43af66664f0f1337a49fcd8e945f0f8e21c87ed1f6e9a771b53a8f,gwsearch run
8877,1780251194.195587,fc2098317d43af66664f0f1337a49fcd8e945f0f8e21c87ed1f6e9a771b53a8f,gwsearch run
8878,1780251764.672791,fc2098317d43af66664f0f1337a49fcd8e945f0f8e21c87ed1f6e9a771b53a8f,gwsearch run
8879,1780252335.6625197,fc2098317d43af66664f0f1337a49fcd8e945f0f8e21c87ed1f6e9a771b53a8f,gwsearch run
8880,1780252903.4057682,fc2098317d43af66664f0f1337a49fcd8e945f0f8e21c87ed1f6e9a771b53a8f,gwsearch run
8881,1780253470.9273548,fc2098317d43af66664f0f1337a49fcd8e945f0f8e21c87ed1f6e9a771b53a8f,gwsearch run
8882,1780254040.4298227,fc2098317d43af66664f0f1337a49fcd8e945f0f8e21c87ed1f6e9a771b53a8f,gwsearch run
8883,1780254611.6681523,fc2098317d43af66664f0f1337a49fcd8e945f0f8e21c87ed1f6e9a771b53a8f,gwsearch run
8884,1780255180.188912,fc2098317d43af66664f0f1337a49fcd8e945f0f8e21c87ed1f6e9a771b53a8f,gwsearch run
8885,1780255748.904977,fc2098317d43af66664f0f1337a49fcd8e945f0f8e21c87ed1f6e9a771b53a8f,gwsearch run
8886,1780256318.6569612,fc2098317d43af66664f0f1337a49fcd8e945f0f8e21c87ed1f6e9a771b53a8f,gwsearch run
8887,1780256887.4347618,fc2098317d43af66664f0f1337a49fcd8e945f0f8e21c87ed1f6e9a771b53a8f,gwsearch run
8888,1780257457.9163563,fc2098317d43af66664f0f1337a49fcd8e945f0f8e21c87ed1f6e9a771b53a8f,gwsearch run
8889,1780258028.6617231,fc2098317d43af66664f0f1337a49fcd8e945f0f8e21c87ed1f6e9a771b53a8f,gwsearch run
8890,1780258597.1685624,fc2098317d43af66664f0f1337a49fcd8e945f0f8e21c87ed1f6e9a771b53a8f,gwsearch run
8891,1780259168.6537347,fc2098317d43af66664f0f1337a49fcd8e945f0f8e21c87ed1f6e9a771b53a8f,gwsearch run
8892,1780259738.1537387,fc2098317d43af66664f0f1337a49fcd8e945f0f8e21c87ed1f6e9a771b53a8f,gwsearch run
8893,1780260307.207333,fc2098317d43af66664f0f1337a49fcd8e945f0f8e21c87ed1f6e9a771b53a8f,gwsearch run
8894,1780260877.4262764,fc2098317d43af66664f0f1337a49fcd8e945f0f8e21c87ed1f6e9a771b53a8f,gwsearch run
8895,1780261445.67033,fc2098317d43af66664f0f1337a49fcd8e945f0f8e21c87ed1f6e9a771b53a8f,gwsearch run
8896,1780262016.1745632,fc2098317d43af66664f0f1337a49fcd8e945f0f8e21c87ed1f6e9a771b53a8f,gwsearch run
8897,1780262585.674127,fc2098317d43af66664f0f1337a49fcd8e945f0f8e21c87ed1f6e9a771b53a8f,gwsearch run
8898,1780263155.6629865,fc2098317d43af66664f0f1337a49fcd8e945f0f8e21c87ed1f6e9a771b53a8f,gwsearch run
8899,1780263724.4192383,fc2098317d43af66664f0f1337a49fcd8e945f0f8e21c87ed1f6e9a771b53a8f,gwsearch run
8900,1780264293.4203112,fc2098317d43af66664f0f1337a49fcd8e945f0f8e21c87ed1f6e9a771b53a8f,gwsearch run
8901,1780264866.412863,fc2098317d43af66664f0f1337a49fcd8e945f0f8e21c87ed1f6e9a771b53a8f,gwsearch run
8902,1780265433.6517107,fc2098317d43af66664f0f1337a49fcd8e945f0f8e21c87ed1f6e9a771b53a8f,gwsearch run
8903,1780266004.1856947,fc2098317d43af66664f0f1337a49fcd8e945f0f8e21c87ed1f6e9a771b53a8f,gwsearch run
8904,1780266574.6613142,fc2098317d43af66664f0f1337a49fcd8e945f0f8e21c87ed1f6e9a771b53a8f,gwsearch run
8905,1780267145.645017,fc2098317d43af66664f0f1337a49fcd8e945f0f8e21c87ed1f6e9a771b53a8f,gwsearch run
8906,1780267716.909269,fc2098317d43af66664f0f1337a49fcd8e945f0f8e21c87ed1f6e9a771b53a8f,gwsearch run
8907,1780268289.1597803,fc2098317d43af66664f0f1337a49fcd8e945f0f8e21c87ed1f6e9a771b53a8f,gwsearch run
8908,1780268859.9100754,fc2098317d43af66664f0f1337a49fcd8e945f0f8e21c87ed1f6e9a771b53a8f,gwsearch run
8909,1780269430.6584694,fc2098317d43af66664f0f1337a49fcd8e945f0f8e21c87ed1f6e9a771b53a8f,gwsearch run
8910,1780270000.9361987,fc2098317d43af66664f0f1337a49fcd8e945f0f8e21c87ed1f6e9a771b53a8f,gwsearch run
8911,1780270571.6802707,fc2098317d43af66664f0f1337a49fcd8e945f0f8e21c87ed1f6e9a771b53a8f,gwsearch run
8912,1780271140.418632,fc2098317d43af66664f0f1337a49fcd8e945f0f8e21c87ed1f6e9a771b53a8f,gwsearch run
8913,1780271710.168819,fc2098317d43af66664f0f1337a49fcd8e945f0f8e21c87ed1f6e9a771b53a8f,gwsearch run
8914,1780272278.9196556,fc2098317d43af66664f0f1337a49fcd8e945f0f8e21c87ed1f6e9a771b53a8f,gwsearch run
8915,1780272847.17203,fc2098317d43af66664f0f1337a49fcd8e945f0f8e21c87ed1f6e9a771b53a8f,gwsearch run
8916,1780273416.1784065,fc2098317d43af66664f0f1337a49fcd8e945f0f8e21c87ed1f6e9a771b53a8f,gwsearch run
8917,1780273985.919686,fc2098317d43af66664f0f1337a49fcd8e945f0f8e21c87ed1f6e9a771b53a8f,gwsearch run
8918,1780274556.4270449,fc2098317d43af66664f0f1337a49fcd8e945f0f8e21c87ed1f6e9a771b53a8f,gwsearch run
8919,1780275126.1771414,fc2098317d43af66664f0f1337a49fcd8e945f0f8e21c87ed1f6e9a771b53a8f,gwsearch run
8920,1780275696.4193404,fc2098317d43af66664f0f1337a49fcd8e945f0f8e21c87ed1f6e9a771b53a8f,gwsearch run
8921,1780276265.8873808,fc2098317d43af66664f0f1337a49fcd8e945f0f8e21c87ed1f6e9a771b53a8f,gwsearch run
8922,1780276834.1488416,fc2098317d43af66664f0f1337a49fcd8e945f0f8e21c87ed1f6e9a771b53a8f,gwsearch run
8923,1780277405.4104578,fc2098317d43af66664f0f1337a49fcd8e945f0f8e21c87ed1f6e9a771b53a8f,gwsearch run
8924,1780277975.4317012,fc2098317d43af66664f0f1337a49fcd8e945f0f8e21c87ed1f6e9a771b53a8f,gwsearch run
8925,1780278546.1732168,fc2098317d43af66664f0f1337a49fcd8e945f0f8e21c87ed1f6e9a771b53a8f,gwsearch run
8926,1780279117.8966582,fc2098317d43af66664f0f1337a49fcd8e945f0f8e21c87ed1f6e9a771b53a8f,gwsearch run
8927,1780279689.6926148,fc2098317d43af66664f0f1337a49fcd8e945f0f8e21c87ed1f6e9a771b53a8f,gwsearch run
8928,1780280260.6659274,fc2098317d43af66664f0f1337a49fcd8e945f0f8e21c87ed1f6e9a771b53a8f,gwsearch run
8929,1780280830.9002163,fc2098317d43af66664f0f1337a49fcd8e945f0f8e21c87ed1f6e9a771b53a8f,gwsearch run
8930,1780281400.9363403,fc2098317d43af66664f0f1337a49fcd8e945f0f8e21c87ed1f6e9a771b53a8f,gwsearch run
8931,1780281974.9414806,fc2098317d43af66664f0f1337a49fcd8e945f0f8e21c87ed1f6e9a771b53a8f,gwsearch run
8932,1780282544.9105227,fc2098317d43af66664f0f1337a49fcd8e945f0f8e21c87ed1f6e9a771b53a8f,gwsearch run
8933,1780283114.4141033,fc2098317d43af66664f0f1337a49fcd8e945f0f8e21c87ed1f6e9a771b53a8f,gwsearch run
8934,1780283685.155547,fc2098317d43af66664f0f1337a49fcd8e945f0f8e21c87ed1f6e9a771b53a8f,gwsearch run
8935,1780284254.9970834,fc2098317d43af66664f0f1337a49fcd8e945f0f8e21c87ed1f6e9a771b53a8f,gwsearch run
8936,1780284826.6655726,fc2098317d43af66664f0f1337a49fcd8e945f0f8e21c87ed1f6e9a771b53a8f,gwsearch run
8937,1780285396.170763,fc2098317d43af66664f0f1337a49fcd8e945f0f8e21c87ed1f6e9a771b53a8f,gwsearch run
8938,1780285967.9267075,fc2098317d43af66664f0f1337a49fcd8e945f0f8e21c87ed1f6e9a771b53a8f,gwsearch run
8939,1780286537.4425695,fc2098317d43af66664f0f1337a49fcd8e945f0f8e21c87ed1f6e9a771b53a8f,gwsearch run
8940,1780287107.4329894,fc2098317d43af66664f0f1337a49fcd8e945f0f8e21c87ed1f6e9a771b53a8f,gwsearch run
8941,1780287679.1695144,fc2098317d43af66664f0f1337a49fcd8e945f0f8e21c87ed1f6e9a771b53a8f,gwsearch run
8942,1780288248.150927,fc2098317d43af66664f0f1337a49fcd8e945f0f8e21c87ed1f6e9a771b53a8f,gwsearch run
8943,1780288819.6907842,fc2098317d43af66664f0f1337a49fcd8e945f0f8e21c87ed1f6e9a771b53a8f,gwsearch run
8944,1780289390.4100015,fc2098317d43af66664f0f1337a49fcd8e945f0f8e21c87ed1f6e9a771b53a8f,gwsearch run
8945,1780289961.1718879,fc2098317d43af66664f0f1337a49fcd8e945f0f8e21c87ed1f6e9a771b53a8f,gwsearch run
8946,1780290559.1981878,fc2098317d43af66664f0f1337a49fcd8e945f0f8e21c87ed1f6e9a771b53a8f,gwsearch run
8947,1780291128.6760726,fc2098317d43af66664f0f1337a49fcd8e945f0f8e21c87ed1f6e9a771b53a8f,gwsearch run
8948,1780291697.1690168,fc2098317d43af66664f0f1337a49fcd8e945f0f8e21c87ed1f6e9a771b53a8f,gwsearch run
8949,1780292268.4300056,fc2098317d43af66664f0f1337a49fcd8e945f0f8e21c87ed1f6e9a771b53a8f,gwsearch run
8950,1780292836.6754303,fc2098317d43af66664f0f1337a49fcd8e945f0f8e21c87ed1f6e9a771b53a8f,gwsearch run
8951,1780293406.9343991,fc2098317d43af66664f0f1337a49fcd8e945f0f8e21c87ed1f6e9a771b53a8f,gwsearch run
8952,1780293977.6832085,fc2098317d43af66664f0f1337a49fcd8e945f0f8e21c87ed1f6e9a771b53a8f,gwsearch run
8953,1780294549.9377403,fc2098317d43af66664f0f1337a49fcd8e945f0f8e21c87ed1f6e9a771b53a8f,gwsearch run
8954,1780295118.6789386,fc2098317d43af66664f0f1337a49fcd8e945f0f8e21c87ed1f6e9a771b53a8f,gwsearch run
8955,1780295687.92997,fc2098317d43af66664f0f1337a49fcd8e945f0f8e21c87ed1f6e9a771b53a8f,gwsearch run
8956,1780296256.9216065,fc2098317d43af66664f0f1337a49fcd8e945f0f8e21c87ed1f6e9a771b53a8f,gwsearch run
8957,1780296825.1633544,fc2098317d43af66664f0f1337a49fcd8e945f0f8e21c87ed1f6e9a771b53a8f,gwsearch run
8958,1780297394.4301732,fc2098317d43af66664f0f1337a49fcd8e945f0f8e21c87ed1f6e9a771b53a8f,gwsearch run
8959,1780297964.670706,fc2098317d43af66664f0f1337a49fcd8e945f0f8e21c87ed1f6e9a771b53a8f,gwsearch run
8960,1780298536.1741807,fc2098317d43af66664f0f1337a49fcd8e945f0f8e21c87ed1f6e9a771b53a8f,gwsearch run
8961,1780299104.9233449,fc2098317d43af66664f0f1337a49fcd8e945f0f8e21c87ed1f6e9a771b53a8f,gwsearch run
8962,1780299678.1690423,fc2098317d43af66664f0f1337a49fcd8e945f0f8e21c87ed1f6e9a771b53a8f,gwsearch run
8963,1780300247.9208562,fc2098317d43af66664f0f1337a49fcd8e945f0f8e21c87ed1f6e9a771b53a8f,gwsearch run
8964,1780300818.156093,fc2098317d43af66664f0f1337a49fcd8e945f0f8e21c87ed1f6e9a771b53a8f,gwsearch run
8965,1780301389.1739085,fc2098317d43af66664f0f1337a49fcd8e945f0f8e21c87ed1f6e9a771b53a8f,gwsearch run
8966,1780301959.921255,fc2098317d43af66664f0f1337a49fcd8e945f0f8e21c87ed1f6e9a771b53a8f,gwsearch run
8967,1780302537.9316432,fc2098317d43af66664f0f1337a49fcd8e945f0f8e21c87ed1f6e9a771b53a8f,gwsearch run
8968,1780303109.1581743,fc2098317d43af66664f0f1337a49fcd8e945f0f8e21c87ed1f6e9a771b53a8f,gwsearch run
8969,1780303681.1805882,fc2098317d43af66664f0f1337a49fcd8e945f0f8e21c87ed1f6e9a771b53a8f,gwsearch run
8970,1780304250.6799626,fc2098317d43af66664f0f1337a49fcd8e945f0f8e21c87ed1f6e9a771b53a8f,gwsearch run
8971,1780304818.6634603,fc2098317d43af66664f0f1337a49fcd8e945f0f8e21c87ed1f6e9a771b53a8f,gwsearch run
8972,1780305388.927338,fc2098317d43af66664f0f1337a49fcd8e945f0f8e21c87ed1f6e9a771b53a8f,gwsearch run
8973,1780305960.2024627,fc2098317d43af66664f0f1337a49fcd8e945f0f8e21c87ed1f6e9a771b53a8f,gwsearch run
8974,1780306531.4333613,fc2098317d43af66664f0f1337a49fcd8e945f0f8e21c87ed1f6e9a771b53a8f,gwsearch run
8975,1780307100.1970303,fc2098317d43af66664f0f1337a49fcd8e945f0f8e21c87ed1f6e9a771b53a8f,gwsearch run
8976,1780307670.6700647,fc2098317d43af66664f0f1337a49fcd8e945f0f8e21c87ed1f6e9a771b53a8f,gwsearch run
8977,1780308245.4234493,fc2098317d43af66664f0f1337a49fcd8e945f0f8e21c87ed1f6e9a771b53a8f,gwsearch run
8978,1780308815.9582257,fc2098317d43af66664f0f1337a49fcd8e945f0f8e21c87ed1f6e9a771b53a8f,gwsearch run
8979,1780309383.6850483,fc2098317d43af66664f0f1337a49fcd8e945f0f8e21c87ed1f6e9a771b53a8f,gwsearch run
8980,1780309951.6620765,fc2098317d43af66664f0f1337a49fcd8e945f0f8e21c87ed1f6e9a771b53a8f,gwsearch run
8981,1780310519.741052,fc2098317d43af66664f0f1337a49fcd8e945f0f8e21c87ed1f6e9a771b53a8f,gwsearch run
8982,1780311088.4231346,fc2098317d43af66664f0f1337a49fcd8e945f0f8e21c87ed1f6e9a771b53a8f,gwsearch run
8983,1780311655.649553,fc2098317d43af66664f0f1337a49fcd8e945f0f8e21c87ed1f6e9a771b53a8f,gwsearch run
8984,1780312223.667976,fc2098317d43af66664f0f1337a49fcd8e945f0f8e21c87ed1f6e9a771b53a8f,gwsearch run
8985,1780312793.9291873,fc2098317d43af66664f0f1337a49fcd8e945f0f8e21c87ed1f6e9a771b53a8f,gwsearch run
8986,1780313361.6572528,fc2098317d43af66664f0f1337a49fcd8e945f0f8e21c87ed1f6e9a771b53a8f,gwsearch run
8987,1780313928.6737652,fc2098317d43af66664f0f1337a49fcd8e945f0f8e21c87ed1f6e9a771b53a8f,gwsearch run
8988,1780314495.1600902,fc2098317d43af66664f0f1337a49fcd8e945f0f8e21c87ed1f6e9a771b53a8f,gwsearch run
8989,1780315062.936239,fc2098317d43af66664f0f1337a49fcd8e945f0f8e21c87ed1f6e9a771b53a8f,gwsearch run
8990,1780315630.9278636,fc2098317d43af66664f0f1337a49fcd8e945f0f8e21c87ed1f6e9a771b53a8f,gwsearch run
8991,1780316198.39629,fc2098317d43af66664f0f1337a49fcd8e945f0f8e21c87ed1f6e9a771b53a8f,gwsearch run
8992,1780316763.6675699,fc2098317d43af66664f0f1337a49fcd8e945f0f8e21c87ed1f6e9a771b53a8f,gwsearch run
8993,1780317330.6713707,fc2098317d43af66664f0f1337a49fcd8e945f0f8e21c87ed1f6e9a771b53a8f,gwsearch run
8994,1780317898.6749778,fc2098317d43af66664f0f1337a49fcd8e945f0f8e21c87ed1f6e9a771b53a8f,gwsearch run
8995,1780318467.6776068,fc2098317d43af66664f0f1337a49fcd8e945f0f8e21c87ed1f6e9a771b53a8f,gwsearch run
8996,1780319036.900495,fc2098317d43af66664f0f1337a49fcd8e945f0f8e21c87ed1f6e9a771b53a8f,gwsearch run
8997,1780319603.6788726,fc2098317d43af66664f0f1337a49fcd8e945f0f8e21c87ed1f6e9a771b53a8f,gwsearch run
8998,1780320171.6655252,fc2098317d43af66664f0f1337a49fcd8e945f0f8e21c87ed1f6e9a771b53a8f,gwsearch run
8999,1780320739.4285502,fc2098317d43af66664f0f1337a49fcd8e945f0f8e21c87ed1f6e9a771b53a8f,gwsearch run
9000,1780321308.1913798,fc2098317d43af66664f0f1337a49fcd8e945f0f8e21c87ed1f6e9a771b53a8f,gwsearch run
9001,1780321876.6733725,fc2098317d43af66664f0f1337a49fcd8e945f0f8e21c87ed1f6e9a771b53a8f,gwsearch run
9002,1780322442.4329565,fc2098317d43af66664f0f1337a49fcd8e945f0f8e21c87ed1f6e9a771b53a8f,gwsearch run
9003,1780323007.9331696,fc2098317d43af66664f0f1337a49fcd8e945f0f8e21c87ed1f6e9a771b53a8f,gwsearch run
9004,1780323573.9270096,fc2098317d43af66664f0f1337a49fcd8e945f0f8e21c87ed1f6e9a771b53a8f,gwsearch run
9005,1780324140.8883002,fc2098317d43af66664f0f1337a49fcd8e945f0f8e21c87ed1f6e9a771b53a8f,gwsearch run
9006,1780324708.4051714,fc2098317d43af66664f0f1337a49fcd8e945f0f8e21c87ed1f6e9a771b53a8f,gwsearch run
9007,1780325274.908871,fc2098317d43af66664f0f1337a49fcd8e945f0f8e21c87ed1f6e9a771b53a8f,gwsearch run
9008,1780325841.174529,fc2098317d43af66664f0f1337a49fcd8e945f0f8e21c87ed1f6e9a771b53a8f,gwsearch run
9009,1780326411.9042122,fc2098317d43af66664f0f1337a49fcd8e945f0f8e21c87ed1f6e9a771b53a8f,gwsearch run
9010,1780326979.9166899,fc2098317d43af66664f0f1337a49fcd8e945f0f8e21c87ed1f6e9a771b53a8f,gwsearch run
9011,1780327549.1558688,fc2098317d43af66664f0f1337a49fcd8e945f0f8e21c87ed1f6e9a771b53a8f,gwsearch run
9012,1780328115.6731982,fc2098317d43af66664f0f1337a49fcd8e945f0f8e21c87ed1f6e9a771b53a8f,gwsearch run
9013,1780328684.6592207,fc2098317d43af66664f0f1337a49fcd8e945f0f8e21c87ed1f6e9a771b53a8f,gwsearch run
9014,1780329252.9491963,fc2098317d43af66664f0f1337a49fcd8e945f0f8e21c87ed1f6e9a771b53a8f,gwsearch run
9015,1780329819.67346,fc2098317d43af66664f0f1337a49fcd8e945f0f8e21c87ed1f6e9a771b53a8f,gwsearch run
9016,1780330384.6614935,fc2098317d43af66664f0f1337a49fcd8e945f0f8e21c87ed1f6e9a771b53a8f,gwsearch run
9017,1780330951.9034646,fc2098317d43af66664f0f1337a49fcd8e945f0f8e21c87ed1f6e9a771b53a8f,gwsearch run
9018,1780331520.144973,fc2098317d43af66664f0f1337a49fcd8e945f0f8e21c87ed1f6e9a771b53a8f,gwsearch run
9019,1780332086.9425678,fc2098317d43af66664f0f1337a49fcd8e945f0f8e21c87ed1f6e9a771b53a8f,gwsearch run
9020,1780332654.188502,fc2098317d43af66664f0f1337a49fcd8e945f0f8e21c87ed1f6e9a771b53a8f,gwsearch run
9021,1780333222.1808238,fc2098317d43af66664f0f1337a49fcd8e945f0f8e21c87ed1f6e9a771b53a8f,gwsearch run
9022,1780333790.67711,fc2098317d43af66664f0f1337a49fcd8e945f0f8e21c87ed1f6e9a771b53a8f,gwsearch run
9023,1780334358.6751852,fc2098317d43af66664f0f1337a49fcd8e945f0f8e21c87ed1f6e9a771b53a8f,gwsearch run
9024,1780334926.1730592,fc2098317d43af66664f0f1337a49fcd8e945f0f8e21c87ed1f6e9a771b53a8f,gwsearch run
9025,1780335493.9356322,fc2098317d43af66664f0f1337a49fcd8e945f0f8e21c87ed1f6e9a771b53a8f,gwsearch run
9026,1780336061.666739,fc2098317d43af66664f0f1337a49fcd8e945f0f8e21c87ed1f6e9a771b53a8f,gwsearch run
9027,1780336630.4311352,fc2098317d43af66664f0f1337a49fcd8e945f0f8e21c87ed1f6e9a771b53a8f,gwsearch run
9028,1780337197.9029653,fc2098317d43af66664f0f1337a49fcd8e945f0f8e21c87ed1f6e9a771b53a8f,gwsearch run
9029,1780337766.1886606,fc2098317d43af66664f0f1337a49fcd8e945f0f8e21c87ed1f6e9a771b53a8f,gwsearch run
9030,1780338333.424112,fc2098317d43af66664f0f1337a49fcd8e945f0f8e21c87ed1f6e9a771b53a8f,gwsearch run
9031,1780338900.947393,fc2098317d43af66664f0f1337a49fcd8e945f0f8e21c87ed1f6e9a771b53a8f,gwsearch run
9032,1780339469.3988552,fc2098317d43af66664f0f1337a49fcd8e945f0f8e21c87ed1f6e9a771b53a8f,gwsearch run
9033,1780340037.9143631,fc2098317d43af66664f0f1337a49fcd8e945f0f8e21c87ed1f6e9a771b53a8f,gwsearch run
9034,1780340605.685141,fc2098317d43af66664f0f1337a49fcd8e945f0f8e21c87ed1f6e9a771b53a8f,gwsearch run
9035,1780341174.1563823,fc2098317d43af66664f0f1337a49fcd8e945f0f8e21c87ed1f6e9a771b53a8f,gwsearch run
9036,1780341745.9152117,fc2098317d43af66664f0f1337a49fcd8e945f0f8e21c87ed1f6e9a771b53a8f,gwsearch run
9037,1780342314.9224386,fc2098317d43af66664f0f1337a49fcd8e945f0f8e21c87ed1f6e9a771b53a8f,gwsearch run
9038,1780342885.1634784,fc2098317d43af66664f0f1337a49fcd8e945f0f8e21c87ed1f6e9a771b53a8f,gwsearch run
9039,1780343456.6741898,fc2098317d43af66664f0f1337a49fcd8e945f0f8e21c87ed1f6e9a771b53a8f,gwsearch run
9040,1780344024.6685414,fc2098317d43af66664f0f1337a49fcd8e945f0f8e21c87ed1f6e9a771b53a8f,gwsearch run
9041,1780344594.4210703,fc2098317d43af66664f0f1337a49fcd8e945f0f8e21c87ed1f6e9a771b53a8f,gwsearch run
9042,1780345161.8870232,fc2098317d43af66664f0f1337a49fcd8e945f0f8e21c87ed1f6e9a771b53a8f,gwsearch run
9043,1780345729.4380755,fc2098317d43af66664f0f1337a49fcd8e945f0f8e21c87ed1f6e9a771b53a8f,gwsearch run
9044,1780346296.675402,fc2098317d43af66664f0f1337a49fcd8e945f0f8e21c87ed1f6e9a771b53a8f,gwsearch run
9045,1780346864.164928,fc2098317d43af66664f0f1337a49fcd8e945f0f8e21c87ed1f6e9a771b53a8f,gwsearch run
9046,1780347430.6548038,fc2098317d43af66664f0f1337a49fcd8e945f0f8e21c87ed1f6e9a771b53a8f,gwsearch run
9047,1780347998.4384015,fc2098317d43af66664f0f1337a49fcd8e945f0f8e21c87ed1f6e9a771b53a8f,gwsearch run
9048,1780348566.9192297,fc2098317d43af66664f0f1337a49fcd8e945f0f8e21c87ed1f6e9a771b53a8f,gwsearch run
9049,1780349134.4299374,fc2098317d43af66664f0f1337a49fcd8e945f0f8e21c87ed1f6e9a771b53a8f,gwsearch run
9050,1780349702.9268873,fc2098317d43af66664f0f1337a49fcd8e945f0f8e21c87ed1f6e9a771b53a8f,gwsearch run
9051,1780350270.6621501,fc2098317d43af66664f0f1337a49fcd8e945f0f8e21c87ed1f6e9a771b53a8f,gwsearch run
9052,1780350839.1568189,fc2098317d43af66664f0f1337a49fcd8e945f0f8e21c87ed1f6e9a771b53a8f,gwsearch run
9053,1780351404.9165983,fc2098317d43af66664f0f1337a49fcd8e945f0f8e21c87ed1f6e9a771b53a8f,gwsearch run
9054,1780351972.932731,fc2098317d43af66664f0f1337a49fcd8e945f0f8e21c87ed1f6e9a771b53a8f,gwsearch run
9055,1780352541.4508858,fc2098317d43af66664f0f1337a49fcd8e945f0f8e21c87ed1f6e9a771b53a8f,gwsearch run
9056,1780353109.9103708,fc2098317d43af66664f0f1337a49fcd8e945f0f8e21c87ed1f6e9a771b53a8f,gwsearch run
